Creating device for graphics adapter 0 'NVIDIA GeForce GTX 1050 Ti' [vendorid 0x10DE]: 32.0.15.8180
- dota_addons\Survival\panorama\layout\custom_game\archive.xml
- dota_addons\survival\panorama\scripts\custom_game\archive.js
- dota_addons\survival\panorama\scripts\custom_game\daily_rewards.js
- dota_addons\survival\panorama\scripts\custom_game\reward_presentation.js
- dota_addons\survival\panorama\scripts\custom_game\treasure_history.js
- dota_addons\survival\panorama\scripts\custom_game\ui_layers.js
- dota_addons\survival\panorama\styles\custom_game\archive.css
- dota_addons\survival\panorama\styles\custom_game\archive_kit.css
  +- dota_addons\survival\panorama\images\custom_game\archive_kit\art_tiles\art_01_png.vtex
       Read 1 Input(s): 0ms
       Generated Mips and Output: 0ms
       Encoding 130x95x1 texture to DXT5 (Q=3): 2ms
  +- dota_addons\survival\panorama\images\custom_game\archive_kit\art_tiles\art_02_png.vtex
       Read 1 Input(s): 0ms
       Generated Mips and Output: 0ms
       Encoding 130x95x1 texture to DXT5 (Q=3): 2ms
  +- dota_addons\survival\panorama\images\custom_game\archive_kit\art_tiles\art_03_png.vtex
       Read 1 Input(s): 0ms
       Generated Mips and Output: 0ms
       Encoding 130x95x1 texture to DXT5 (Q=3): 2ms
  +- dota_addons\survival\panorama\images\custom_game\archive_kit\art_tiles\art_04_png.vtex
       Read 1 Input(s): 0ms
       Generated Mips and Output: 0ms
       Encoding 130x95x1 texture to DXT5 (Q=3): 2ms
  +- dota_addons\survival\panorama\images\custom_game\archive_kit\art_tiles\art_05_png.vtex
       Read 1 Input(s): 0ms
       Generated Mips and Output: 0ms
       Encoding 130x96x1 texture to DXT5 (Q=3): 2ms
  +- dota_addons\survival\panorama\images\custom_game\archive_kit\art_tiles\art_06_png.vtex
       Read 1 Input(s): 0ms
       Generated Mips and Output: 0ms
       Encoding 130x96x1 texture to DXT5 (Q=3): 2ms
  +- dota_addons\survival\panorama\images\custom_game\archive_kit\art_tiles\art_10_png.vtex
       Read 1 Input(s): 0ms
       Generated Mips and Output: 0ms
       Encoding 130x96x1 texture to DXT5 (Q=3): 2ms
  +- dota_addons\survival\panorama\images\custom_game\archive_kit\background_tiles\shell_body_png.vtex
       Read 1 Input(s): 11ms
       Ran Texture Processors: 6ms
       Generated Mips and Output: 6ms
  +- dota_addons\survival\panorama\images\custom_game\archive_kit\clean_slices\card_00_png.vtex
       Read 1 Input(s): 0ms
       Generated Mips and Output: 0ms
       Encoding 12x12x1 texture to BGRA8888 (Q=3): 0ms
  +- dota_addons\survival\panorama\images\custom_game\archive_kit\clean_slices\card_01_png.vtex
       Read 1 Input(s): 0ms
       Generated Mips and Output: 0ms
       Encoding 152x12x1 texture to BGRA8888 (Q=3): 0ms
  +- dota_addons\survival\panorama\images\custom_game\archive_kit\clean_slices\card_02_png.vtex
       Read 1 Input(s): 0ms
       Generated Mips and Output: 0ms
       Encoding 12x12x1 texture to BGRA8888 (Q=3): 0ms
  +- dota_addons\survival\panorama\images\custom_game\archive_kit\clean_slices\card_10_png.vtex
       Read 1 Input(s): 0ms
       Generated Mips and Output: 0ms
       Encoding 12x152x1 texture to BGRA8888 (Q=3): 0ms
  +- dota_addons\survival\panorama\images\custom_game\archive_kit\clean_slices\card_11_png.vtex
       Read 1 Input(s): 0ms
       Generated Mips and Output: 0ms
  +- dota_addons\survival\panorama\images\custom_game\archive_kit\clean_slices\card_12_png.vtex
       Read 1 Input(s): 0ms
       Generated Mips and Output: 0ms
       Encoding 12x152x1 texture to BGRA8888 (Q=3): 0ms
  +- dota_addons\survival\panorama\images\custom_game\archive_kit\clean_slices\card_20_png.vtex
       Read 1 Input(s): 0ms
       Generated Mips and Output: 0ms
       Encoding 12x12x1 texture to BGRA8888 (Q=3): 0ms
  +- dota_addons\survival\panorama\images\custom_game\archive_kit\clean_slices\card_21_png.vtex
       Read 1 Input(s): 0ms
       Generated Mips and Output: 0ms
       Encoding 152x12x1 texture to BGRA8888 (Q=3): 0ms
  +- dota_addons\survival\panorama\images\custom_game\archive_kit\clean_slices\card_22_png.vtex
       Read 1 Input(s): 0ms
       Generated Mips and Output: 0ms
       Encoding 12x12x1 texture to BGRA8888 (Q=3): 0ms
  +- dota_addons\survival\panorama\images\custom_game\archive_kit\icons_rgba\blessing_disabled_png.vtex
       Read 1 Input(s): 0ms
       Generated Mips and Output: 0ms
       Encoding 64x64x1 texture to BGRA8888 (Q=3): 0ms
  +- dota_addons\survival\panorama\images\custom_game\archive_kit\icons_rgba\blessing_hover_png.vtex
       Read 1 Input(s): 0ms
       Generated Mips and Output: 0ms
       Encoding 64x64x1 texture to BGRA8888 (Q=3): 0ms
  +- dota_addons\survival\panorama\images\custom_game\archive_kit\icons_rgba\blessing_normal_png.vtex
       Read 1 Input(s): 0ms
       Generated Mips and Output: 0ms
       Encoding 64x64x1 texture to BGRA8888 (Q=3): 0ms
  +- dota_addons\survival\panorama\images\custom_game\archive_kit\icons_rgba\blessing_selected_png.vtex
       Read 1 Input(s): 0ms
       Generated Mips and Output: 0ms
       Encoding 64x64x1 texture to BGRA8888 (Q=3): 0ms
  +- dota_addons\survival\panorama\images\custom_game\archive_kit\icons_rgba\book_disabled_png.vtex
       Read 1 Input(s): 0ms
       Generated Mips and Output: 0ms
       Encoding 64x64x1 texture to BGRA8888 (Q=3): 0ms
  +- dota_addons\survival\panorama\images\custom_game\archive_kit\icons_rgba\book_hover_png.vtex
       Read 1 Input(s): 0ms
       Generated Mips and Output: 0ms
       Encoding 64x64x1 texture to BGRA8888 (Q=3): 0ms
  +- dota_addons\survival\panorama\images\custom_game\archive_kit\icons_rgba\book_normal_png.vtex
       Read 1 Input(s): 0ms
       Generated Mips and Output: 0ms
       Encoding 64x64x1 texture to BGRA8888 (Q=3): 0ms
  +- dota_addons\survival\panorama\images\custom_game\archive_kit\icons_rgba\book_selected_png.vtex
       Read 1 Input(s): 0ms
       Generated Mips and Output: 0ms
       Encoding 64x64x1 texture to BGRA8888 (Q=3): 0ms
  +- dota_addons\survival\panorama\images\custom_game\archive_kit\icons_rgba\clear_disabled_png.vtex
       Read 1 Input(s): 0ms
       Generated Mips and Output: 0ms
       Encoding 64x64x1 texture to BGRA8888 (Q=3): 0ms
  +- dota_addons\survival\panorama\images\custom_game\archive_kit\icons_rgba\clear_hover_png.vtex
       Read 1 Input(s): 0ms
       Generated Mips and Output: 0ms
       Encoding 64x64x1 texture to BGRA8888 (Q=3): 0ms
  +- dota_addons\survival\panorama\images\custom_game\archive_kit\icons_rgba\clear_normal_png.vtex
       Read 1 Input(s): 0ms
       Generated Mips and Output: 0ms
       Encoding 64x64x1 texture to BGRA8888 (Q=3): 0ms
  +- dota_addons\survival\panorama\images\custom_game\archive_kit\icons_rgba\clear_selected_png.vtex
       Read 1 Input(s): 0ms
       Generated Mips and Output: 0ms
       Encoding 64x64x1 texture to BGRA8888 (Q=3): 0ms
  +- dota_addons\survival\panorama\images\custom_game\archive_kit\icons_rgba\close_disabled_png.vtex
       Read 1 Input(s): 0ms
       Generated Mips and Output: 0ms
       Encoding 64x64x1 texture to BGRA8888 (Q=3): 0ms
  +- dota_addons\survival\panorama\images\custom_game\archive_kit\icons_rgba\close_hover_png.vtex
       Read 1 Input(s): 0ms
       Generated Mips and Output: 0ms
       Encoding 64x64x1 texture to BGRA8888 (Q=3): 0ms
  +- dota_addons\survival\panorama\images\custom_game\archive_kit\icons_rgba\close_normal_png.vtex
       Read 1 Input(s): 0ms
       Generated Mips and Output: 0ms
       Encoding 64x64x1 texture to BGRA8888 (Q=3): 0ms
  +- dota_addons\survival\panorama\images\custom_game\archive_kit\icons_rgba\close_selected_png.vtex
       Read 1 Input(s): 0ms
       Generated Mips and Output: 0ms
       Encoding 64x64x1 texture to BGRA8888 (Q=3): 0ms
  +- dota_addons\survival\panorama\images\custom_game\archive_kit\icons_rgba\endless_disabled_png.vtex
       Read 1 Input(s): 0ms
       Generated Mips and Output: 0ms
       Encoding 64x64x1 texture to BGRA8888 (Q=3): 0ms
  +- dota_addons\survival\panorama\images\custom_game\archive_kit\icons_rgba\endless_hover_png.vtex
       Read 1 Input(s): 0ms
       Generated Mips and Output: 0ms
       Encoding 64x64x1 texture to BGRA8888 (Q=3): 0ms
  +- dota_addons\survival\panorama\images\custom_game\archive_kit\icons_rgba\endless_normal_png.vtex
       Read 1 Input(s): 0ms
       Generated Mips and Output: 0ms
       Encoding 64x64x1 texture to BGRA8888 (Q=3): 0ms
  +- dota_addons\survival\panorama\images\custom_game\archive_kit\icons_rgba\endless_selected_png.vtex
       Read 1 Input(s): 0ms
       Generated Mips and Output: 0ms
       Encoding 64x64x1 texture to BGRA8888 (Q=3): 0ms
  +- dota_addons\survival\panorama\images\custom_game\archive_kit\icons_rgba\ex_disabled_png.vtex
       Read 1 Input(s): 0ms
       Generated Mips and Output: 0ms
       Encoding 64x64x1 texture to BGRA8888 (Q=3): 0ms
  +- dota_addons\survival\panorama\images\custom_game\archive_kit\icons_rgba\ex_hover_png.vtex
       Read 1 Input(s): 0ms
       Generated Mips and Output: 0ms
       Encoding 64x64x1 texture to BGRA8888 (Q=3): 0ms
  +- dota_addons\survival\panorama\images\custom_game\archive_kit\icons_rgba\ex_normal_png.vtex
       Read 1 Input(s): 0ms
       Generated Mips and Output: 0ms
       Encoding 64x64x1 texture to BGRA8888 (Q=3): 0ms
  +- dota_addons\survival\panorama\images\custom_game\archive_kit\icons_rgba\ex_selected_png.vtex
       Read 1 Input(s): 0ms
       Generated Mips and Output: 0ms
       Encoding 64x64x1 texture to BGRA8888 (Q=3): 0ms
  +- dota_addons\survival\panorama\images\custom_game\archive_kit\icons_rgba\friends_disabled_png.vtex
       Read 1 Input(s): 0ms
       Generated Mips and Output: 0ms
       Encoding 64x64x1 texture to BGRA8888 (Q=3): 0ms
  +- dota_addons\survival\panorama\images\custom_game\archive_kit\icons_rgba\friends_hover_png.vtex
       Read 1 Input(s): 0ms
       Generated Mips and Output: 0ms
       Encoding 64x64x1 texture to BGRA8888 (Q=3): 0ms
  +- dota_addons\survival\panorama\images\custom_game\archive_kit\icons_rgba\friends_normal_png.vtex
       Read 1 Input(s): 0ms
       Generated Mips and Output: 0ms
       Encoding 64x64x1 texture to BGRA8888 (Q=3): 0ms
  +- dota_addons\survival\panorama\images\custom_game\archive_kit\icons_rgba\friends_selected_png.vtex
       Read 1 Input(s): 0ms
       Generated Mips and Output: 0ms
       Encoding 64x64x1 texture to BGRA8888 (Q=3): 0ms
  +- dota_addons\survival\panorama\images\custom_game\archive_kit\icons_rgba\hint_disabled_png.vtex
       Read 1 Input(s): 0ms
       Generated Mips and Output: 0ms
       Encoding 64x64x1 texture to BGRA8888 (Q=3): 0ms
  +- dota_addons\survival\panorama\images\custom_game\archive_kit\icons_rgba\hint_hover_png.vtex
       Read 1 Input(s): 0ms
       Generated Mips and Output: 0ms
       Encoding 64x64x1 texture to BGRA8888 (Q=3): 0ms
  +- dota_addons\survival\panorama\images\custom_game\archive_kit\icons_rgba\hint_normal_png.vtex
       Read 1 Input(s): 0ms
       Generated Mips and Output: 0ms
       Encoding 64x64x1 texture to BGRA8888 (Q=3): 0ms
  +- dota_addons\survival\panorama\images\custom_game\archive_kit\icons_rgba\hint_selected_png.vtex
       Read 1 Input(s): 0ms
       Generated Mips and Output: 0ms
       Encoding 64x64x1 texture to BGRA8888 (Q=3): 0ms
  +- dota_addons\survival\panorama\images\custom_game\archive_kit\icons_rgba\points_disabled_png.vtex
       Read 1 Input(s): 0ms
       Generated Mips and Output: 0ms
       Encoding 64x64x1 texture to BGRA8888 (Q=3): 0ms
  +- dota_addons\survival\panorama\images\custom_game\archive_kit\icons_rgba\points_hover_png.vtex
       Read 1 Input(s): 0ms
       Generated Mips and Output: 0ms
       Encoding 64x64x1 texture to BGRA8888 (Q=3): 0ms
  +- dota_addons\survival\panorama\images\custom_game\archive_kit\icons_rgba\points_normal_png.vtex
       Read 1 Input(s): 0ms
       Generated Mips and Output: 0ms
       Encoding 64x64x1 texture to BGRA8888 (Q=3): 0ms
  +- dota_addons\survival\panorama\images\custom_game\archive_kit\icons_rgba\points_selected_png.vtex
       Read 1 Input(s): 0ms
       Generated Mips and Output: 0ms
       Encoding 64x64x1 texture to BGRA8888 (Q=3): 0ms
  +- dota_addons\survival\panorama\images\custom_game\archive_kit\icons_rgba\spell_disabled_png.vtex
       Read 1 Input(s): 0ms
       Generated Mips and Output: 0ms
       Encoding 64x64x1 texture to BGRA8888 (Q=3): 0ms
  +- dota_addons\survival\panorama\images\custom_game\archive_kit\icons_rgba\spell_hover_png.vtex
       Read 1 Input(s): 0ms
       Generated Mips and Output: 0ms
       Encoding 64x64x1 texture to BGRA8888 (Q=3): 0ms
  +- dota_addons\survival\panorama\images\custom_game\archive_kit\icons_rgba\spell_normal_png.vtex
       Read 1 Input(s): 0ms
       Generated Mips and Output: 0ms
       Encoding 64x64x1 texture to BGRA8888 (Q=3): 0ms
  +- dota_addons\survival\panorama\images\custom_game\archive_kit\icons_rgba\spell_selected_png.vtex
       Read 1 Input(s): 0ms
       Generated Mips and Output: 0ms
       Encoding 64x64x1 texture to BGRA8888 (Q=3): 0ms
  +- dota_addons\survival\panorama\images\custom_game\archive_kit\icons_rgba\void_disabled_png.vtex
       Read 1 Input(s): 0ms
       Generated Mips and Output: 0ms
       Encoding 64x64x1 texture to BGRA8888 (Q=3): 0ms
  +- dota_addons\survival\panorama\images\custom_game\archive_kit\icons_rgba\void_hover_png.vtex
       Read 1 Input(s): 0ms
       Generated Mips and Output: 0ms
       Encoding 64x64x1 texture to BGRA8888 (Q=3): 0ms
  +- dota_addons\survival\panorama\images\custom_game\archive_kit\icons_rgba\void_normal_png.vtex
       Read 1 Input(s): 0ms
       Generated Mips and Output: 0ms
       Encoding 64x64x1 texture to BGRA8888 (Q=3): 0ms
  +- dota_addons\survival\panorama\images\custom_game\archive_kit\icons_rgba\void_selected_png.vtex
       Read 1 Input(s): 0ms
       Generated Mips and Output: 0ms
       Encoding 64x64x1 texture to BGRA8888 (Q=3): 0ms
  +- dota_addons\survival\panorama\images\custom_game\archive_kit\icons_rgba\weapon_disabled_png.vtex
       Read 1 Input(s): 0ms
       Generated Mips and Output: 0ms
       Encoding 64x64x1 texture to BGRA8888 (Q=3): 0ms
  +- dota_addons\survival\panorama\images\custom_game\archive_kit\icons_rgba\weapon_hover_png.vtex
       Read 1 Input(s): 0ms
       Generated Mips and Output: 0ms
       Encoding 64x64x1 texture to BGRA8888 (Q=3): 0ms
  +- dota_addons\survival\panorama\images\custom_game\archive_kit\icons_rgba\weapon_normal_png.vtex
       Read 1 Input(s): 0ms
       Generated Mips and Output: 0ms
       Encoding 64x64x1 texture to BGRA8888 (Q=3): 0ms
  +- dota_addons\survival\panorama\images\custom_game\archive_kit\icons_rgba\weapon_selected_png.vtex
       Read 1 Input(s): 0ms
       Generated Mips and Output: 0ms
       Encoding 64x64x1 texture to BGRA8888 (Q=3): 0ms
  +- dota_addons\survival\panorama\images\custom_game\archive_kit\reusable\badge_locked_png.vtex
       Read 1 Input(s): 0ms
       Generated Mips and Output: 0ms
       Encoding 140x44x1 texture to BGRA8888 (Q=3): 0ms
  +- dota_addons\survival\panorama\images\custom_game\archive_kit\reusable\badge_unlocked_png.vtex
       Read 1 Input(s): 0ms
       Generated Mips and Output: 0ms
       Encoding 140x44x1 texture to BGRA8888 (Q=3): 0ms
  +- dota_addons\survival\panorama\images\custom_game\archive_kit\reusable\button_hover_png.vtex
       Read 1 Input(s): 0ms
       Generated Mips and Output: 0ms
  +- dota_addons\survival\panorama\images\custom_game\archive_kit\reusable\button_normal_png.vtex
       Read 1 Input(s): 0ms
       Generated Mips and Output: 0ms
  +- dota_addons\survival\panorama\images\custom_game\archive_kit\reusable\button_pressed_png.vtex
       Read 1 Input(s): 0ms
       Generated Mips and Output: 0ms
  +- dota_addons\survival\panorama\images\custom_game\archive_kit\reusable\card_hover_png.vtex
       Read 1 Input(s): 0ms
       Generated Mips and Output: 0ms
  +- dota_addons\survival\panorama\images\custom_game\archive_kit\reusable\card_normal_png.vtex
       Read 1 Input(s): 0ms
       Generated Mips and Output: 0ms
  +- dota_addons\survival\panorama\images\custom_game\archive_kit\reusable\card_selected_png.vtex
       Read 1 Input(s): 0ms
       Generated Mips and Output: 0ms
  +- dota_addons\survival\panorama\images\custom_game\archive_kit\reusable\toggle_hover_png.vtex
       Read 1 Input(s): 0ms
       Generated Mips and Output: 0ms
  +- dota_addons\survival\panorama\images\custom_game\archive_kit\reusable\toggle_normal_png.vtex
       Read 1 Input(s): 0ms
       Generated Mips and Output: 0ms
  +- dota_addons\survival\panorama\images\custom_game\archive_kit\reusable\toggle_selected_png.vtex
       Read 1 Input(s): 0ms
       Generated Mips and Output: 0ms
- dota_addons\survival\panorama\styles\custom_game\daily_rewards.css

-----------------------------------------------------------------
 OK: 1 compiled, 0 failed, 0 skipped, 0m:00s
-----------------------------------------------------------------
Leaked KeyValues blocks: 162
Creating device for graphics adapter 0 'NVIDIA GeForce GTX 1050 Ti' [vendorid 0x10DE]: 32.0.15.8180
- dota_addons\Survival\panorama\scripts\custom_game\archive.js

-----------------------------------------------------------------
 OK: 1 compiled, 0 failed, 0 skipped, 0m:00s
-----------------------------------------------------------------
Leaked KeyValues blocks: 162
Creating device for graphics adapter 0 'NVIDIA GeForce GTX 1050 Ti' [vendorid 0x10DE]: 32.0.15.8180
- dota_addons\Survival\panorama\styles\custom_game\archive.css

-----------------------------------------------------------------
 OK: 1 compiled, 0 failed, 0 skipped, 0m:00s
-----------------------------------------------------------------
Leaked KeyValues blocks: 162
Creating device for graphics adapter 0 'NVIDIA GeForce GTX 1050 Ti' [vendorid 0x10DE]: 32.0.15.8180
- dota_addons\Survival\panorama\styles\custom_game\archive_difficulty.css

-----------------------------------------------------------------
 OK: 1 compiled, 0 failed, 0 skipped, 0m:00s
-----------------------------------------------------------------
Leaked KeyValues blocks: 162
Creating device for graphics adapter 0 'NVIDIA GeForce GTX 1050 Ti' [vendorid 0x10DE]: 32.0.15.8180
- dota_addons\Survival\panorama\scripts\custom_game\reward_presentation.js

-----------------------------------------------------------------
 OK: 1 compiled, 0 failed, 0 skipped, 0m:00s
-----------------------------------------------------------------
Leaked KeyValues blocks: 162
Creating device for graphics adapter 0 'NVIDIA GeForce GTX 1050 Ti' [vendorid 0x10DE]: 32.0.15.8180
- dota_addons\Survival\panorama\scripts\custom_game\lottery_ui.js

-----------------------------------------------------------------
 OK: 1 compiled, 0 failed, 0 skipped, 0m:00s
-----------------------------------------------------------------
Leaked KeyValues blocks: 162
Creating device for graphics adapter 0 'NVIDIA GeForce GTX 1050 Ti' [vendorid 0x10DE]: 32.0.15.8180
- dota_addons\Survival\panorama\scripts\custom_game\combat_stats.js

-----------------------------------------------------------------
 OK: 1 compiled, 0 failed, 0 skipped, 0m:00s
-----------------------------------------------------------------
Leaked KeyValues blocks: 162
Creating device for graphics adapter 0 'NVIDIA GeForce GTX 1050 Ti' [vendorid 0x10DE]: 32.0.15.8180
- dota_addons\Survival\panorama\scripts\custom_game\daily_rewards.js

-----------------------------------------------------------------
 OK: 1 compiled, 0 failed, 0 skipped, 0m:00s
-----------------------------------------------------------------
Leaked KeyValues blocks: 162
Creating device for graphics adapter 0 'NVIDIA GeForce GTX 1050 Ti' [vendorid 0x10DE]: 32.0.15.8180
- dota_addons\Survival\panorama\styles\custom_game\daily_rewards.css

-----------------------------------------------------------------
 OK: 1 compiled, 0 failed, 0 skipped, 0m:00s
-----------------------------------------------------------------
Leaked KeyValues blocks: 162
Creating device for graphics adapter 0 'NVIDIA GeForce GTX 1050 Ti' [vendorid 0x10DE]: 32.0.15.8180
- dota_addons\Survival\panorama\scripts\custom_game\treasure_history.js

-----------------------------------------------------------------
 OK: 1 compiled, 0 failed, 0 skipped, 0m:00s
-----------------------------------------------------------------
Leaked KeyValues blocks: 162
Creating device for graphics adapter 0 'NVIDIA GeForce GTX 1050 Ti' [vendorid 0x10DE]: 32.0.15.8180
- dota_addons\Survival\panorama\styles\custom_game\archive_kit.css
  +- dota_addons\survival\panorama\images\custom_game\archive_kit\art_tiles\art_01_png.vtex
       Read 1 Input(s): 0ms
       Generated Mips and Output: 0ms
       Encoding 130x95x1 texture to DXT5 (Q=3): 2ms
  +- dota_addons\survival\panorama\images\custom_game\archive_kit\art_tiles\art_02_png.vtex
       Read 1 Input(s): 0ms
       Generated Mips and Output: 0ms
       Encoding 130x95x1 texture to DXT5 (Q=3): 2ms
  +- dota_addons\survival\panorama\images\custom_game\archive_kit\art_tiles\art_03_png.vtex
       Read 1 Input(s): 0ms
       Generated Mips and Output: 0ms
       Encoding 130x95x1 texture to DXT5 (Q=3): 2ms
  +- dota_addons\survival\panorama\images\custom_game\archive_kit\art_tiles\art_04_png.vtex
       Read 1 Input(s): 0ms
       Generated Mips and Output: 0ms
       Encoding 130x95x1 texture to DXT5 (Q=3): 2ms
  +- dota_addons\survival\panorama\images\custom_game\archive_kit\art_tiles\art_05_png.vtex
       Read 1 Input(s): 0ms
       Generated Mips and Output: 0ms
       Encoding 130x96x1 texture to DXT5 (Q=3): 2ms
  +- dota_addons\survival\panorama\images\custom_game\archive_kit\art_tiles\art_06_png.vtex
       Read 1 Input(s): 0ms
       Generated Mips and Output: 0ms
       Encoding 130x96x1 texture to DXT5 (Q=3): 2ms
  +- dota_addons\survival\panorama\images\custom_game\archive_kit\art_tiles\art_10_png.vtex
       Read 1 Input(s): 0ms
       Generated Mips and Output: 0ms
       Encoding 130x96x1 texture to DXT5 (Q=3): 2ms
  +- dota_addons\survival\panorama\images\custom_game\archive_kit\background_tiles\shell_body_png.vtex
       Read 1 Input(s): 11ms
       Ran Texture Processors: 6ms
       Generated Mips and Output: 5ms
  +- dota_addons\survival\panorama\images\custom_game\archive_kit\clean_slices\card_00_png.vtex
       Read 1 Input(s): 0ms
       Generated Mips and Output: 0ms
       Encoding 12x12x1 texture to BGRA8888 (Q=3): 0ms
  +- dota_addons\survival\panorama\images\custom_game\archive_kit\clean_slices\card_01_png.vtex
       Read 1 Input(s): 0ms
       Generated Mips and Output: 0ms
       Encoding 152x12x1 texture to BGRA8888 (Q=3): 0ms
  +- dota_addons\survival\panorama\images\custom_game\archive_kit\clean_slices\card_02_png.vtex
       Read 1 Input(s): 0ms
       Generated Mips and Output: 0ms
       Encoding 12x12x1 texture to BGRA8888 (Q=3): 0ms
  +- dota_addons\survival\panorama\images\custom_game\archive_kit\clean_slices\card_10_png.vtex
       Read 1 Input(s): 0ms
       Generated Mips and Output: 0ms
       Encoding 12x152x1 texture to BGRA8888 (Q=3): 0ms
  +- dota_addons\survival\panorama\images\custom_game\archive_kit\clean_slices\card_11_png.vtex
       Read 1 Input(s): 0ms
       Generated Mips and Output: 0ms
  +- dota_addons\survival\panorama\images\custom_game\archive_kit\clean_slices\card_12_png.vtex
       Read 1 Input(s): 0ms
       Generated Mips and Output: 0ms
       Encoding 12x152x1 texture to BGRA8888 (Q=3): 0ms
  +- dota_addons\survival\panorama\images\custom_game\archive_kit\clean_slices\card_20_png.vtex
       Read 1 Input(s): 0ms
       Generated Mips and Output: 0ms
       Encoding 12x12x1 texture to BGRA8888 (Q=3): 0ms
  +- dota_addons\survival\panorama\images\custom_game\archive_kit\clean_slices\card_21_png.vtex
       Read 1 Input(s): 0ms
       Generated Mips and Output: 0ms
       Encoding 152x12x1 texture to BGRA8888 (Q=3): 0ms
  +- dota_addons\survival\panorama\images\custom_game\archive_kit\clean_slices\card_22_png.vtex
       Read 1 Input(s): 0ms
       Generated Mips and Output: 0ms
       Encoding 12x12x1 texture to BGRA8888 (Q=3): 0ms
  +- dota_addons\survival\panorama\images\custom_game\archive_kit\icons_rgba\blessing_disabled_png.vtex
       Read 1 Input(s): 0ms
       Generated Mips and Output: 0ms
       Encoding 64x64x1 texture to BGRA8888 (Q=3): 0ms
  +- dota_addons\survival\panorama\images\custom_game\archive_kit\icons_rgba\blessing_hover_png.vtex
       Read 1 Input(s): 0ms
       Generated Mips and Output: 0ms
       Encoding 64x64x1 texture to BGRA8888 (Q=3): 0ms
  +- dota_addons\survival\panorama\images\custom_game\archive_kit\icons_rgba\blessing_normal_png.vtex
       Read 1 Input(s): 0ms
       Generated Mips and Output: 0ms
       Encoding 64x64x1 texture to BGRA8888 (Q=3): 0ms
  +- dota_addons\survival\panorama\images\custom_game\archive_kit\icons_rgba\blessing_selected_png.vtex
       Read 1 Input(s): 0ms
       Generated Mips and Output: 0ms
       Encoding 64x64x1 texture to BGRA8888 (Q=3): 0ms
  +- dota_addons\survival\panorama\images\custom_game\archive_kit\icons_rgba\book_disabled_png.vtex
       Read 1 Input(s): 0ms
       Generated Mips and Output: 0ms
       Encoding 64x64x1 texture to BGRA8888 (Q=3): 0ms
  +- dota_addons\survival\panorama\images\custom_game\archive_kit\icons_rgba\book_hover_png.vtex
       Read 1 Input(s): 0ms
       Generated Mips and Output: 0ms
       Encoding 64x64x1 texture to BGRA8888 (Q=3): 0ms
  +- dota_addons\survival\panorama\images\custom_game\archive_kit\icons_rgba\book_normal_png.vtex
       Read 1 Input(s): 0ms
       Generated Mips and Output: 0ms
       Encoding 64x64x1 texture to BGRA8888 (Q=3): 0ms
  +- dota_addons\survival\panorama\images\custom_game\archive_kit\icons_rgba\book_selected_png.vtex
       Read 1 Input(s): 0ms
       Generated Mips and Output: 0ms
       Encoding 64x64x1 texture to BGRA8888 (Q=3): 0ms
  +- dota_addons\survival\panorama\images\custom_game\archive_kit\icons_rgba\clear_disabled_png.vtex
       Read 1 Input(s): 0ms
       Generated Mips and Output: 0ms
       Encoding 64x64x1 texture to BGRA8888 (Q=3): 0ms
  +- dota_addons\survival\panorama\images\custom_game\archive_kit\icons_rgba\clear_hover_png.vtex
       Read 1 Input(s): 0ms
       Generated Mips and Output: 0ms
       Encoding 64x64x1 texture to BGRA8888 (Q=3): 0ms
  +- dota_addons\survival\panorama\images\custom_game\archive_kit\icons_rgba\clear_normal_png.vtex
       Read 1 Input(s): 0ms
       Generated Mips and Output: 0ms
       Encoding 64x64x1 texture to BGRA8888 (Q=3): 0ms
  +- dota_addons\survival\panorama\images\custom_game\archive_kit\icons_rgba\clear_selected_png.vtex
       Read 1 Input(s): 0ms
       Generated Mips and Output: 0ms
       Encoding 64x64x1 texture to BGRA8888 (Q=3): 0ms
  +- dota_addons\survival\panorama\images\custom_game\archive_kit\icons_rgba\close_disabled_png.vtex
       Read 1 Input(s): 0ms
       Generated Mips and Output: 0ms
       Encoding 64x64x1 texture to BGRA8888 (Q=3): 0ms
  +- dota_addons\survival\panorama\images\custom_game\archive_kit\icons_rgba\close_hover_png.vtex
       Read 1 Input(s): 0ms
       Generated Mips and Output: 0ms
       Encoding 64x64x1 texture to BGRA8888 (Q=3): 0ms
  +- dota_addons\survival\panorama\images\custom_game\archive_kit\icons_rgba\close_normal_png.vtex
       Read 1 Input(s): 0ms
       Generated Mips and Output: 0ms
       Encoding 64x64x1 texture to BGRA8888 (Q=3): 0ms
  +- dota_addons\survival\panorama\images\custom_game\archive_kit\icons_rgba\close_selected_png.vtex
       Read 1 Input(s): 0ms
       Generated Mips and Output: 0ms
       Encoding 64x64x1 texture to BGRA8888 (Q=3): 0ms
  +- dota_addons\survival\panorama\images\custom_game\archive_kit\icons_rgba\endless_disabled_png.vtex
       Read 1 Input(s): 0ms
       Generated Mips and Output: 0ms
       Encoding 64x64x1 texture to BGRA8888 (Q=3): 0ms
  +- dota_addons\survival\panorama\images\custom_game\archive_kit\icons_rgba\endless_hover_png.vtex
       Read 1 Input(s): 0ms
       Generated Mips and Output: 0ms
       Encoding 64x64x1 texture to BGRA8888 (Q=3): 0ms
  +- dota_addons\survival\panorama\images\custom_game\archive_kit\icons_rgba\endless_normal_png.vtex
       Read 1 Input(s): 0ms
       Generated Mips and Output: 0ms
       Encoding 64x64x1 texture to BGRA8888 (Q=3): 0ms
  +- dota_addons\survival\panorama\images\custom_game\archive_kit\icons_rgba\endless_selected_png.vtex
       Read 1 Input(s): 0ms
       Generated Mips and Output: 0ms
       Encoding 64x64x1 texture to BGRA8888 (Q=3): 0ms
  +- dota_addons\survival\panorama\images\custom_game\archive_kit\icons_rgba\ex_disabled_png.vtex
       Read 1 Input(s): 0ms
       Generated Mips and Output: 0ms
       Encoding 64x64x1 texture to BGRA8888 (Q=3): 0ms
  +- dota_addons\survival\panorama\images\custom_game\archive_kit\icons_rgba\ex_hover_png.vtex
       Read 1 Input(s): 0ms
       Generated Mips and Output: 0ms
       Encoding 64x64x1 texture to BGRA8888 (Q=3): 0ms
  +- dota_addons\survival\panorama\images\custom_game\archive_kit\icons_rgba\ex_normal_png.vtex
       Read 1 Input(s): 0ms
       Generated Mips and Output: 0ms
       Encoding 64x64x1 texture to BGRA8888 (Q=3): 0ms
  +- dota_addons\survival\panorama\images\custom_game\archive_kit\icons_rgba\ex_selected_png.vtex
       Read 1 Input(s): 0ms
       Generated Mips and Output: 0ms
       Encoding 64x64x1 texture to BGRA8888 (Q=3): 0ms
  +- dota_addons\survival\panorama\images\custom_game\archive_kit\icons_rgba\friends_disabled_png.vtex
       Read 1 Input(s): 0ms
       Generated Mips and Output: 0ms
       Encoding 64x64x1 texture to BGRA8888 (Q=3): 0ms
  +- dota_addons\survival\panorama\images\custom_game\archive_kit\icons_rgba\friends_hover_png.vtex
       Read 1 Input(s): 0ms
       Generated Mips and Output: 0ms
       Encoding 64x64x1 texture to BGRA8888 (Q=3): 0ms
  +- dota_addons\survival\panorama\images\custom_game\archive_kit\icons_rgba\friends_normal_png.vtex
       Read 1 Input(s): 0ms
       Generated Mips and Output: 0ms
       Encoding 64x64x1 texture to BGRA8888 (Q=3): 0ms
  +- dota_addons\survival\panorama\images\custom_game\archive_kit\icons_rgba\friends_selected_png.vtex
       Read 1 Input(s): 0ms
       Generated Mips and Output: 0ms
       Encoding 64x64x1 texture to BGRA8888 (Q=3): 0ms
  +- dota_addons\survival\panorama\images\custom_game\archive_kit\icons_rgba\hint_disabled_png.vtex
       Read 1 Input(s): 0ms
       Generated Mips and Output: 0ms
       Encoding 64x64x1 texture to BGRA8888 (Q=3): 0ms
  +- dota_addons\survival\panorama\images\custom_game\archive_kit\icons_rgba\hint_hover_png.vtex
       Read 1 Input(s): 0ms
       Generated Mips and Output: 0ms
       Encoding 64x64x1 texture to BGRA8888 (Q=3): 0ms
  +- dota_addons\survival\panorama\images\custom_game\archive_kit\icons_rgba\hint_normal_png.vtex
       Read 1 Input(s): 0ms
       Generated Mips and Output: 0ms
       Encoding 64x64x1 texture to BGRA8888 (Q=3): 0ms
  +- dota_addons\survival\panorama\images\custom_game\archive_kit\icons_rgba\hint_selected_png.vtex
       Read 1 Input(s): 0ms
       Generated Mips and Output: 0ms
       Encoding 64x64x1 texture to BGRA8888 (Q=3): 0ms
  +- dota_addons\survival\panorama\images\custom_game\archive_kit\icons_rgba\points_disabled_png.vtex
       Read 1 Input(s): 0ms
       Generated Mips and Output: 0ms
       Encoding 64x64x1 texture to BGRA8888 (Q=3): 0ms
  +- dota_addons\survival\panorama\images\custom_game\archive_kit\icons_rgba\points_hover_png.vtex
       Read 1 Input(s): 0ms
       Generated Mips and Output: 0ms
       Encoding 64x64x1 texture to BGRA8888 (Q=3): 0ms
  +- dota_addons\survival\panorama\images\custom_game\archive_kit\icons_rgba\points_normal_png.vtex
       Read 1 Input(s): 0ms
       Generated Mips and Output: 0ms
       Encoding 64x64x1 texture to BGRA8888 (Q=3): 0ms
  +- dota_addons\survival\panorama\images\custom_game\archive_kit\icons_rgba\points_selected_png.vtex
       Read 1 Input(s): 0ms
       Generated Mips and Output: 0ms
       Encoding 64x64x1 texture to BGRA8888 (Q=3): 0ms
  +- dota_addons\survival\panorama\images\custom_game\archive_kit\icons_rgba\spell_disabled_png.vtex
       Read 1 Input(s): 0ms
       Generated Mips and Output: 0ms
       Encoding 64x64x1 texture to BGRA8888 (Q=3): 0ms
  +- dota_addons\survival\panorama\images\custom_game\archive_kit\icons_rgba\spell_hover_png.vtex
       Read 1 Input(s): 0ms
       Generated Mips and Output: 0ms
       Encoding 64x64x1 texture to BGRA8888 (Q=3): 0ms
  +- dota_addons\survival\panorama\images\custom_game\archive_kit\icons_rgba\spell_normal_png.vtex
       Read 1 Input(s): 0ms
       Generated Mips and Output: 0ms
       Encoding 64x64x1 texture to BGRA8888 (Q=3): 0ms
  +- dota_addons\survival\panorama\images\custom_game\archive_kit\icons_rgba\spell_selected_png.vtex
       Read 1 Input(s): 0ms
       Generated Mips and Output: 0ms
       Encoding 64x64x1 texture to BGRA8888 (Q=3): 0ms
  +- dota_addons\survival\panorama\images\custom_game\archive_kit\icons_rgba\void_disabled_png.vtex
       Read 1 Input(s): 0ms
       Generated Mips and Output: 0ms
       Encoding 64x64x1 texture to BGRA8888 (Q=3): 0ms
  +- dota_addons\survival\panorama\images\custom_game\archive_kit\icons_rgba\void_hover_png.vtex
       Read 1 Input(s): 0ms
       Generated Mips and Output: 0ms
       Encoding 64x64x1 texture to BGRA8888 (Q=3): 0ms
  +- dota_addons\survival\panorama\images\custom_game\archive_kit\icons_rgba\void_normal_png.vtex
       Read 1 Input(s): 0ms
       Generated Mips and Output: 0ms
       Encoding 64x64x1 texture to BGRA8888 (Q=3): 0ms
  +- dota_addons\survival\panorama\images\custom_game\archive_kit\icons_rgba\void_selected_png.vtex
       Read 1 Input(s): 0ms
       Generated Mips and Output: 0ms
       Encoding 64x64x1 texture to BGRA8888 (Q=3): 0ms
  +- dota_addons\survival\panorama\images\custom_game\archive_kit\icons_rgba\weapon_disabled_png.vtex
       Read 1 Input(s): 0ms
       Generated Mips and Output: 0ms
       Encoding 64x64x1 texture to BGRA8888 (Q=3): 0ms
  +- dota_addons\survival\panorama\images\custom_game\archive_kit\icons_rgba\weapon_hover_png.vtex
       Read 1 Input(s): 0ms
       Generated Mips and Output: 0ms
       Encoding 64x64x1 texture to BGRA8888 (Q=3): 0ms
  +- dota_addons\survival\panorama\images\custom_game\archive_kit\icons_rgba\weapon_normal_png.vtex
       Read 1 Input(s): 0ms
       Generated Mips and Output: 0ms
       Encoding 64x64x1 texture to BGRA8888 (Q=3): 0ms
  +- dota_addons\survival\panorama\images\custom_game\archive_kit\icons_rgba\weapon_selected_png.vtex
       Read 1 Input(s): 0ms
       Generated Mips and Output: 0ms
       Encoding 64x64x1 texture to BGRA8888 (Q=3): 0ms
  +- dota_addons\survival\panorama\images\custom_game\archive_kit\reusable\badge_locked_png.vtex
       Read 1 Input(s): 0ms
       Generated Mips and Output: 0ms
       Encoding 140x44x1 texture to BGRA8888 (Q=3): 0ms
  +- dota_addons\survival\panorama\images\custom_game\archive_kit\reusable\badge_unlocked_png.vtex
       Read 1 Input(s): 0ms
       Generated Mips and Output: 0ms
       Encoding 140x44x1 texture to BGRA8888 (Q=3): 0ms
  +- dota_addons\survival\panorama\images\custom_game\archive_kit\reusable\button_hover_png.vtex
       Read 1 Input(s): 0ms
       Generated Mips and Output: 0ms
  +- dota_addons\survival\panorama\images\custom_game\archive_kit\reusable\button_normal_png.vtex
       Read 1 Input(s): 0ms
       Generated Mips and Output: 0ms
  +- dota_addons\survival\panorama\images\custom_game\archive_kit\reusable\button_pressed_png.vtex
       Read 1 Input(s): 0ms
       Generated Mips and Output: 0ms
  +- dota_addons\survival\panorama\images\custom_game\archive_kit\reusable\card_hover_png.vtex
       Read 1 Input(s): 0ms
       Generated Mips and Output: 0ms
  +- dota_addons\survival\panorama\images\custom_game\archive_kit\reusable\card_normal_png.vtex
       Read 1 Input(s): 0ms
       Generated Mips and Output: 0ms
  +- dota_addons\survival\panorama\images\custom_game\archive_kit\reusable\card_selected_png.vtex
       Read 1 Input(s): 0ms
       Generated Mips and Output: 0ms
  +- dota_addons\survival\panorama\images\custom_game\archive_kit\reusable\toggle_hover_png.vtex
       Read 1 Input(s): 0ms
       Generated Mips and Output: 0ms
  +- dota_addons\survival\panorama\images\custom_game\archive_kit\reusable\toggle_normal_png.vtex
       Read 1 Input(s): 0ms
       Generated Mips and Output: 0ms
  +- dota_addons\survival\panorama\images\custom_game\archive_kit\reusable\toggle_selected_png.vtex
       Read 1 Input(s): 0ms
       Generated Mips and Output: 0ms

-----------------------------------------------------------------
 OK: 77 compiled, 0 failed, 0 skipped, 0m:00s
-----------------------------------------------------------------
Leaked KeyValues blocks: 162
Creating device for graphics adapter 0 'NVIDIA GeForce GTX 1050 Ti' [vendorid 0x10DE]: 32.0.15.8180
- dota_addons\Survival\panorama\scripts\custom_game\ui_layers.js

-----------------------------------------------------------------
 OK: 1 compiled, 0 failed, 0 skipped, 0m:00s
-----------------------------------------------------------------
Leaked KeyValues blocks: 162
Creating device for graphics adapter 0 'NVIDIA GeForce GTX 1050 Ti' [vendorid 0x10DE]: 32.0.15.8180
- dota_addons\Survival\panorama\layout\custom_game\custom_ui_manifest.xml
- dota_addons\survival\panorama\layout\custom_game\archive.xml
- dota_addons\survival\panorama\scripts\custom_game\archive.js
- dota_addons\survival\panorama\scripts\custom_game\daily_rewards.js
- dota_addons\survival\panorama\scripts\custom_game\reward_presentation.js
- dota_addons\survival\panorama\scripts\custom_game\treasure_history.js
- dota_addons\survival\panorama\scripts\custom_game\ui_layers.js
- dota_addons\survival\panorama\styles\custom_game\archive.css
- dota_addons\survival\panorama\styles\custom_game\archive_kit.css
  +- dota_addons\survival\panorama\images\custom_game\archive_kit\art_tiles\art_01_png.vtex
       Read 1 Input(s): 0ms
       Generated Mips and Output: 0ms
       Encoding 130x95x1 texture to DXT5 (Q=3): 2ms
  +- dota_addons\survival\panorama\images\custom_game\archive_kit\art_tiles\art_02_png.vtex
       Read 1 Input(s): 0ms
       Generated Mips and Output: 0ms
       Encoding 130x95x1 texture to DXT5 (Q=3): 2ms
  +- dota_addons\survival\panorama\images\custom_game\archive_kit\art_tiles\art_03_png.vtex
       Read 1 Input(s): 0ms
       Generated Mips and Output: 0ms
       Encoding 130x95x1 texture to DXT5 (Q=3): 2ms
  +- dota_addons\survival\panorama\images\custom_game\archive_kit\art_tiles\art_04_png.vtex
       Read 1 Input(s): 0ms
       Generated Mips and Output: 0ms
       Encoding 130x95x1 texture to DXT5 (Q=3): 2ms
  +- dota_addons\survival\panorama\images\custom_game\archive_kit\art_tiles\art_05_png.vtex
       Read 1 Input(s): 0ms
       Generated Mips and Output: 0ms
       Encoding 130x96x1 texture to DXT5 (Q=3): 2ms
  +- dota_addons\survival\panorama\images\custom_game\archive_kit\art_tiles\art_06_png.vtex
       Read 1 Input(s): 0ms
       Generated Mips and Output: 0ms
       Encoding 130x96x1 texture to DXT5 (Q=3): 2ms
  +- dota_addons\survival\panorama\images\custom_game\archive_kit\art_tiles\art_10_png.vtex
       Read 1 Input(s): 0ms
       Generated Mips and Output: 0ms
       Encoding 130x96x1 texture to DXT5 (Q=3): 2ms
  +- dota_addons\survival\panorama\images\custom_game\archive_kit\background_tiles\shell_body_png.vtex
       Read 1 Input(s): 10ms
       Ran Texture Processors: 6ms
       Generated Mips and Output: 5ms
  +- dota_addons\survival\panorama\images\custom_game\archive_kit\clean_slices\card_00_png.vtex
       Read 1 Input(s): 0ms
       Generated Mips and Output: 0ms
       Encoding 12x12x1 texture to BGRA8888 (Q=3): 0ms
  +- dota_addons\survival\panorama\images\custom_game\archive_kit\clean_slices\card_01_png.vtex
       Read 1 Input(s): 0ms
       Generated Mips and Output: 0ms
       Encoding 152x12x1 texture to BGRA8888 (Q=3): 0ms
  +- dota_addons\survival\panorama\images\custom_game\archive_kit\clean_slices\card_02_png.vtex
       Read 1 Input(s): 0ms
       Generated Mips and Output: 0ms
       Encoding 12x12x1 texture to BGRA8888 (Q=3): 0ms
  +- dota_addons\survival\panorama\images\custom_game\archive_kit\clean_slices\card_10_png.vtex
       Read 1 Input(s): 0ms
       Generated Mips and Output: 0ms
       Encoding 12x152x1 texture to BGRA8888 (Q=3): 0ms
  +- dota_addons\survival\panorama\images\custom_game\archive_kit\clean_slices\card_11_png.vtex
       Read 1 Input(s): 0ms
       Generated Mips and Output: 0ms
  +- dota_addons\survival\panorama\images\custom_game\archive_kit\clean_slices\card_12_png.vtex
       Read 1 Input(s): 0ms
       Generated Mips and Output: 0ms
       Encoding 12x152x1 texture to BGRA8888 (Q=3): 0ms
  +- dota_addons\survival\panorama\images\custom_game\archive_kit\clean_slices\card_20_png.vtex
       Read 1 Input(s): 0ms
       Generated Mips and Output: 0ms
       Encoding 12x12x1 texture to BGRA8888 (Q=3): 0ms
  +- dota_addons\survival\panorama\images\custom_game\archive_kit\clean_slices\card_21_png.vtex
       Read 1 Input(s): 0ms
       Generated Mips and Output: 0ms
       Encoding 152x12x1 texture to BGRA8888 (Q=3): 0ms
  +- dota_addons\survival\panorama\images\custom_game\archive_kit\clean_slices\card_22_png.vtex
       Read 1 Input(s): 0ms
       Generated Mips and Output: 0ms
       Encoding 12x12x1 texture to BGRA8888 (Q=3): 0ms
  +- dota_addons\survival\panorama\images\custom_game\archive_kit\icons_rgba\blessing_disabled_png.vtex
       Read 1 Input(s): 0ms
       Generated Mips and Output: 0ms
       Encoding 64x64x1 texture to BGRA8888 (Q=3): 0ms
  +- dota_addons\survival\panorama\images\custom_game\archive_kit\icons_rgba\blessing_hover_png.vtex
       Read 1 Input(s): 0ms
       Generated Mips and Output: 0ms
       Encoding 64x64x1 texture to BGRA8888 (Q=3): 0ms
  +- dota_addons\survival\panorama\images\custom_game\archive_kit\icons_rgba\blessing_normal_png.vtex
       Read 1 Input(s): 0ms
       Generated Mips and Output: 0ms
       Encoding 64x64x1 texture to BGRA8888 (Q=3): 0ms
  +- dota_addons\survival\panorama\images\custom_game\archive_kit\icons_rgba\blessing_selected_png.vtex
       Read 1 Input(s): 0ms
       Generated Mips and Output: 0ms
       Encoding 64x64x1 texture to BGRA8888 (Q=3): 0ms
  +- dota_addons\survival\panorama\images\custom_game\archive_kit\icons_rgba\book_disabled_png.vtex
       Read 1 Input(s): 0ms
       Generated Mips and Output: 0ms
       Encoding 64x64x1 texture to BGRA8888 (Q=3): 0ms
  +- dota_addons\survival\panorama\images\custom_game\archive_kit\icons_rgba\book_hover_png.vtex
       Read 1 Input(s): 0ms
       Generated Mips and Output: 0ms
       Encoding 64x64x1 texture to BGRA8888 (Q=3): 0ms
  +- dota_addons\survival\panorama\images\custom_game\archive_kit\icons_rgba\book_normal_png.vtex
       Read 1 Input(s): 0ms
       Generated Mips and Output: 0ms
       Encoding 64x64x1 texture to BGRA8888 (Q=3): 0ms
  +- dota_addons\survival\panorama\images\custom_game\archive_kit\icons_rgba\book_selected_png.vtex
       Read 1 Input(s): 0ms
       Generated Mips and Output: 0ms
       Encoding 64x64x1 texture to BGRA8888 (Q=3): 0ms
  +- dota_addons\survival\panorama\images\custom_game\archive_kit\icons_rgba\clear_disabled_png.vtex
       Read 1 Input(s): 0ms
       Generated Mips and Output: 0ms
       Encoding 64x64x1 texture to BGRA8888 (Q=3): 0ms
  +- dota_addons\survival\panorama\images\custom_game\archive_kit\icons_rgba\clear_hover_png.vtex
       Read 1 Input(s): 0ms
       Generated Mips and Output: 0ms
       Encoding 64x64x1 texture to BGRA8888 (Q=3): 0ms
  +- dota_addons\survival\panorama\images\custom_game\archive_kit\icons_rgba\clear_normal_png.vtex
       Read 1 Input(s): 0ms
       Generated Mips and Output: 0ms
       Encoding 64x64x1 texture to BGRA8888 (Q=3): 0ms
  +- dota_addons\survival\panorama\images\custom_game\archive_kit\icons_rgba\clear_selected_png.vtex
       Read 1 Input(s): 0ms
       Generated Mips and Output: 0ms
       Encoding 64x64x1 texture to BGRA8888 (Q=3): 0ms
  +- dota_addons\survival\panorama\images\custom_game\archive_kit\icons_rgba\close_disabled_png.vtex
       Read 1 Input(s): 0ms
       Generated Mips and Output: 0ms
       Encoding 64x64x1 texture to BGRA8888 (Q=3): 0ms
  +- dota_addons\survival\panorama\images\custom_game\archive_kit\icons_rgba\close_hover_png.vtex
       Read 1 Input(s): 0ms
       Generated Mips and Output: 0ms
       Encoding 64x64x1 texture to BGRA8888 (Q=3): 0ms
  +- dota_addons\survival\panorama\images\custom_game\archive_kit\icons_rgba\close_normal_png.vtex
       Read 1 Input(s): 0ms
       Generated Mips and Output: 0ms
       Encoding 64x64x1 texture to BGRA8888 (Q=3): 0ms
  +- dota_addons\survival\panorama\images\custom_game\archive_kit\icons_rgba\close_selected_png.vtex
       Read 1 Input(s): 0ms
       Generated Mips and Output: 0ms
       Encoding 64x64x1 texture to BGRA8888 (Q=3): 0ms
  +- dota_addons\survival\panorama\images\custom_game\archive_kit\icons_rgba\endless_disabled_png.vtex
       Read 1 Input(s): 0ms
       Generated Mips and Output: 0ms
       Encoding 64x64x1 texture to BGRA8888 (Q=3): 0ms
  +- dota_addons\survival\panorama\images\custom_game\archive_kit\icons_rgba\endless_hover_png.vtex
       Read 1 Input(s): 0ms
       Generated Mips and Output: 0ms
       Encoding 64x64x1 texture to BGRA8888 (Q=3): 0ms
  +- dota_addons\survival\panorama\images\custom_game\archive_kit\icons_rgba\endless_normal_png.vtex
       Read 1 Input(s): 0ms
       Generated Mips and Output: 0ms
       Encoding 64x64x1 texture to BGRA8888 (Q=3): 0ms
  +- dota_addons\survival\panorama\images\custom_game\archive_kit\icons_rgba\endless_selected_png.vtex
       Read 1 Input(s): 0ms
       Generated Mips and Output: 0ms
       Encoding 64x64x1 texture to BGRA8888 (Q=3): 0ms
  +- dota_addons\survival\panorama\images\custom_game\archive_kit\icons_rgba\ex_disabled_png.vtex
       Read 1 Input(s): 0ms
       Generated Mips and Output: 0ms
       Encoding 64x64x1 texture to BGRA8888 (Q=3): 0ms
  +- dota_addons\survival\panorama\images\custom_game\archive_kit\icons_rgba\ex_hover_png.vtex
       Read 1 Input(s): 0ms
       Generated Mips and Output: 0ms
       Encoding 64x64x1 texture to BGRA8888 (Q=3): 0ms
  +- dota_addons\survival\panorama\images\custom_game\archive_kit\icons_rgba\ex_normal_png.vtex
       Read 1 Input(s): 0ms
       Generated Mips and Output: 0ms
       Encoding 64x64x1 texture to BGRA8888 (Q=3): 0ms
  +- dota_addons\survival\panorama\images\custom_game\archive_kit\icons_rgba\ex_selected_png.vtex
       Read 1 Input(s): 0ms
       Generated Mips and Output: 0ms
       Encoding 64x64x1 texture to BGRA8888 (Q=3): 0ms
  +- dota_addons\survival\panorama\images\custom_game\archive_kit\icons_rgba\friends_disabled_png.vtex
       Read 1 Input(s): 0ms
       Generated Mips and Output: 0ms
       Encoding 64x64x1 texture to BGRA8888 (Q=3): 0ms
  +- dota_addons\survival\panorama\images\custom_game\archive_kit\icons_rgba\friends_hover_png.vtex
       Read 1 Input(s): 0ms
       Generated Mips and Output: 0ms
       Encoding 64x64x1 texture to BGRA8888 (Q=3): 0ms
  +- dota_addons\survival\panorama\images\custom_game\archive_kit\icons_rgba\friends_normal_png.vtex
       Read 1 Input(s): 0ms
       Generated Mips and Output: 0ms
       Encoding 64x64x1 texture to BGRA8888 (Q=3): 0ms
  +- dota_addons\survival\panorama\images\custom_game\archive_kit\icons_rgba\friends_selected_png.vtex
       Read 1 Input(s): 0ms
       Generated Mips and Output: 0ms
       Encoding 64x64x1 texture to BGRA8888 (Q=3): 0ms
  +- dota_addons\survival\panorama\images\custom_game\archive_kit\icons_rgba\hint_disabled_png.vtex
       Read 1 Input(s): 0ms
       Generated Mips and Output: 0ms
       Encoding 64x64x1 texture to BGRA8888 (Q=3): 0ms
  +- dota_addons\survival\panorama\images\custom_game\archive_kit\icons_rgba\hint_hover_png.vtex
       Read 1 Input(s): 0ms
       Generated Mips and Output: 0ms
       Encoding 64x64x1 texture to BGRA8888 (Q=3): 0ms
  +- dota_addons\survival\panorama\images\custom_game\archive_kit\icons_rgba\hint_normal_png.vtex
       Read 1 Input(s): 0ms
       Generated Mips and Output: 0ms
       Encoding 64x64x1 texture to BGRA8888 (Q=3): 0ms
  +- dota_addons\survival\panorama\images\custom_game\archive_kit\icons_rgba\hint_selected_png.vtex
       Read 1 Input(s): 0ms
       Generated Mips and Output: 0ms
       Encoding 64x64x1 texture to BGRA8888 (Q=3): 0ms
  +- dota_addons\survival\panorama\images\custom_game\archive_kit\icons_rgba\points_disabled_png.vtex
       Read 1 Input(s): 0ms
       Generated Mips and Output: 0ms
       Encoding 64x64x1 texture to BGRA8888 (Q=3): 0ms
  +- dota_addons\survival\panorama\images\custom_game\archive_kit\icons_rgba\points_hover_png.vtex
       Read 1 Input(s): 0ms
       Generated Mips and Output: 0ms
       Encoding 64x64x1 texture to BGRA8888 (Q=3): 0ms
  +- dota_addons\survival\panorama\images\custom_game\archive_kit\icons_rgba\points_normal_png.vtex
       Read 1 Input(s): 0ms
       Generated Mips and Output: 0ms
       Encoding 64x64x1 texture to BGRA8888 (Q=3): 0ms
  +- dota_addons\survival\panorama\images\custom_game\archive_kit\icons_rgba\points_selected_png.vtex
       Read 1 Input(s): 0ms
       Generated Mips and Output: 0ms
       Encoding 64x64x1 texture to BGRA8888 (Q=3): 0ms
  +- dota_addons\survival\panorama\images\custom_game\archive_kit\icons_rgba\spell_disabled_png.vtex
       Read 1 Input(s): 0ms
       Generated Mips and Output: 0ms
       Encoding 64x64x1 texture to BGRA8888 (Q=3): 0ms
  +- dota_addons\survival\panorama\images\custom_game\archive_kit\icons_rgba\spell_hover_png.vtex
       Read 1 Input(s): 0ms
       Generated Mips and Output: 0ms
       Encoding 64x64x1 texture to BGRA8888 (Q=3): 0ms
  +- dota_addons\survival\panorama\images\custom_game\archive_kit\icons_rgba\spell_normal_png.vtex
       Read 1 Input(s): 0ms
       Generated Mips and Output: 0ms
       Encoding 64x64x1 texture to BGRA8888 (Q=3): 0ms
  +- dota_addons\survival\panorama\images\custom_game\archive_kit\icons_rgba\spell_selected_png.vtex
       Read 1 Input(s): 0ms
       Generated Mips and Output: 0ms
       Encoding 64x64x1 texture to BGRA8888 (Q=3): 0ms
  +- dota_addons\survival\panorama\images\custom_game\archive_kit\icons_rgba\void_disabled_png.vtex
       Read 1 Input(s): 0ms
       Generated Mips and Output: 0ms
       Encoding 64x64x1 texture to BGRA8888 (Q=3): 0ms
  +- dota_addons\survival\panorama\images\custom_game\archive_kit\icons_rgba\void_hover_png.vtex
       Read 1 Input(s): 0ms
       Generated Mips and Output: 0ms
       Encoding 64x64x1 texture to BGRA8888 (Q=3): 0ms
  +- dota_addons\survival\panorama\images\custom_game\archive_kit\icons_rgba\void_normal_png.vtex
       Read 1 Input(s): 0ms
       Generated Mips and Output: 0ms
       Encoding 64x64x1 texture to BGRA8888 (Q=3): 0ms
  +- dota_addons\survival\panorama\images\custom_game\archive_kit\icons_rgba\void_selected_png.vtex
       Read 1 Input(s): 0ms
       Generated Mips and Output: 0ms
       Encoding 64x64x1 texture to BGRA8888 (Q=3): 0ms
  +- dota_addons\survival\panorama\images\custom_game\archive_kit\icons_rgba\weapon_disabled_png.vtex
       Read 1 Input(s): 0ms
       Generated Mips and Output: 0ms
       Encoding 64x64x1 texture to BGRA8888 (Q=3): 0ms
  +- dota_addons\survival\panorama\images\custom_game\archive_kit\icons_rgba\weapon_hover_png.vtex
       Read 1 Input(s): 0ms
       Generated Mips and Output: 0ms
       Encoding 64x64x1 texture to BGRA8888 (Q=3): 0ms
  +- dota_addons\survival\panorama\images\custom_game\archive_kit\icons_rgba\weapon_normal_png.vtex
       Read 1 Input(s): 0ms
       Generated Mips and Output: 0ms
       Encoding 64x64x1 texture to BGRA8888 (Q=3): 0ms
  +- dota_addons\survival\panorama\images\custom_game\archive_kit\icons_rgba\weapon_selected_png.vtex
       Read 1 Input(s): 0ms
       Generated Mips and Output: 0ms
       Encoding 64x64x1 texture to BGRA8888 (Q=3): 0ms
  +- dota_addons\survival\panorama\images\custom_game\archive_kit\reusable\badge_locked_png.vtex
       Read 1 Input(s): 0ms
       Generated Mips and Output: 0ms
       Encoding 140x44x1 texture to BGRA8888 (Q=3): 0ms
  +- dota_addons\survival\panorama\images\custom_game\archive_kit\reusable\badge_unlocked_png.vtex
       Read 1 Input(s): 0ms
       Generated Mips and Output: 0ms
       Encoding 140x44x1 texture to BGRA8888 (Q=3): 0ms
  +- dota_addons\survival\panorama\images\custom_game\archive_kit\reusable\button_hover_png.vtex
       Read 1 Input(s): 0ms
       Generated Mips and Output: 0ms
  +- dota_addons\survival\panorama\images\custom_game\archive_kit\reusable\button_normal_png.vtex
       Read 1 Input(s): 0ms
       Generated Mips and Output: 0ms
  +- dota_addons\survival\panorama\images\custom_game\archive_kit\reusable\button_pressed_png.vtex
       Read 1 Input(s): 0ms
       Generated Mips and Output: 0ms
  +- dota_addons\survival\panorama\images\custom_game\archive_kit\reusable\card_hover_png.vtex
       Read 1 Input(s): 0ms
       Generated Mips and Output: 0ms
  +- dota_addons\survival\panorama\images\custom_game\archive_kit\reusable\card_normal_png.vtex
       Read 1 Input(s): 0ms
       Generated Mips and Output: 0ms
  +- dota_addons\survival\panorama\images\custom_game\archive_kit\reusable\card_selected_png.vtex
       Read 1 Input(s): 0ms
       Generated Mips and Output: 0ms
  +- dota_addons\survival\panorama\images\custom_game\archive_kit\reusable\toggle_hover_png.vtex
       Read 1 Input(s): 0ms
       Generated Mips and Output: 0ms
  +- dota_addons\survival\panorama\images\custom_game\archive_kit\reusable\toggle_normal_png.vtex
       Read 1 Input(s): 0ms
       Generated Mips and Output: 0ms
  +- dota_addons\survival\panorama\images\custom_game\archive_kit\reusable\toggle_selected_png.vtex
       Read 1 Input(s): 0ms
       Generated Mips and Output: 0ms
- dota_addons\survival\panorama\styles\custom_game\daily_rewards.css
- dota_addons\survival\panorama\layout\custom_game\hero_skill_ui.xml
- dota_addons\survival\panorama\scripts\custom_game\hero_skill_ui.js
- dota_addons\survival\panorama\styles\custom_game\hero_skill_ui.css
- dota_addons\survival\panorama\layout\custom_game\rogue_reward_ui.xml
- dota_addons\survival\panorama\scripts\custom_game\rogue_reward_ui.js
- dota_addons\survival\panorama\styles\custom_game\rogue_reward_ui.css
- dota_addons\survival\panorama\layout\custom_game\survival_grid_placement.xml
- dota_addons\survival\panorama\scripts\custom_game\survival_grid_placement.js
- dota_addons\survival\panorama\styles\custom_game\survival_grid_placement.css
- dota_addons\survival\panorama\layout\custom_game\survival_hud.xml
- dota_addons\survival\panorama\scripts\custom_game\ability_tooltip.js
- dota_addons\survival\panorama\scripts\custom_game\attack_range_input.js
- dota_addons\survival\panorama\scripts\custom_game\building_move.js
- dota_addons\survival\panorama\scripts\custom_game\combat_stats.js
- dota_addons\survival\panorama\scripts\custom_game\game_info_panel.js
- dota_addons\survival\panorama\scripts\custom_game\gold_mine_income_numbers.js
- dota_addons\survival\panorama\scripts\custom_game\hero_world_health_bar.js
- dota_addons\survival\panorama\scripts\custom_game\hud_takeover.js
- dota_addons\survival\panorama\scripts\custom_game\inventory_tooltip.js
- dota_addons\survival\panorama\scripts\custom_game\lottery_ui.js
- dota_addons\survival\panorama\scripts\custom_game\portrait_camera_editor.js
- dota_addons\survival\panorama\scripts\custom_game\reward_presentation.js
- dota_addons\survival\panorama\scripts\custom_game\shop_debug.js
- dota_addons\survival\panorama\scripts\custom_game\shop_tooltip.js
- dota_addons\survival\panorama\scripts\custom_game\shop_ui.js
- dota_addons\survival\panorama\scripts\custom_game\survival_ui.js
- dota_addons\survival\panorama\scripts\custom_game\tooltip_position.js
- dota_addons\survival\panorama\scripts\custom_game\ui_bootstrap.js
- dota_addons\survival\panorama\scripts\custom_game\ui_layers.js
- dota_addons\survival\panorama\scripts\custom_game\weapon_growth_hud.js
- dota_addons\survival\panorama\styles\custom_game\ability_tooltip.css
- dota_addons\survival\panorama\styles\custom_game\archive_difficulty.css
- dota_addons\survival\panorama\styles\custom_game\combat_stats.css
- dota_addons\survival\panorama\styles\custom_game\game_info_panel.css
- dota_addons\survival\panorama\styles\custom_game\gold_mine_income_numbers.css
- dota_addons\survival\panorama\styles\custom_game\hero_world_health_bar.css
- dota_addons\survival\panorama\styles\custom_game\inventory_tooltip.css
- dota_addons\survival\panorama\styles\custom_game\lottery.css
- dota_addons\survival\panorama\styles\custom_game\lottery_celestial.css
- dota_addons\survival\panorama\images\custom_game\lottery_handoff\button_gold.svg
- dota_addons\survival\panorama\images\custom_game\lottery_handoff\button_ivory.svg
  +- dota_addons\survival\panorama\images\custom_game\lottery_handoff\button_reference_skin_png.vtex
       Read 1 Input(s): 0ms
       Generated Mips and Output: 0ms
       Encoding 425x57x1 texture to DXT5 (Q=3): 2ms
  +- dota_addons\survival\panorama\images\custom_game\lottery_handoff\card_back_png.vtex
       Read 1 Input(s): 24ms
       Ran Texture Processors: 7ms
       Generated Mips and Output: 11ms
       Encoding 1024x1536x1 texture to DXT5 (Q=3): 64ms
  +- dota_addons\survival\panorama\images\custom_game\lottery_handoff\card_front_png.vtex
       Read 1 Input(s): 21ms
       Ran Texture Processors: 8ms
       Generated Mips and Output: 4ms
  +- dota_addons\survival\panorama\images\custom_game\lottery_handoff\card_reference_skin_png.vtex
       Read 1 Input(s): 0ms
       Generated Mips and Output: 0ms
  +- dota_addons\survival\panorama\images\custom_game\lottery_handoff\close_reference_skin_png.vtex
       Read 1 Input(s): 0ms
       Generated Mips and Output: 0ms
       Encoding 40x40x1 texture to BGRA8888 (Q=3): 0ms
- dota_addons\survival\panorama\images\custom_game\lottery_handoff\icons\checkbox_off.svg
- dota_addons\survival\panorama\images\custom_game\lottery_handoff\icons\checkbox_on.svg
- dota_addons\survival\panorama\images\custom_game\lottery_handoff\icons\close.svg
  +- dota_addons\survival\panorama\images\custom_game\lottery_handoff\pool_compact_rgba_png.vtex
       Read 1 Input(s): 15ms
       Ran Texture Processors: 2ms
       Generated Mips and Output: 26ms
  +- dota_addons\survival\panorama\images\custom_game\lottery_handoff\pool_panel_png.vtex
       Read 1 Input(s): 25ms
       Ran Texture Processors: 7ms
       Generated Mips and Output: 4ms
  +- dota_addons\survival\panorama\images\custom_game\lottery_handoff\pool_reference_skin_png.vtex
       Read 1 Input(s): 5ms
       Generated Mips and Output: 2ms
  +- dota_addons\survival\panorama\images\custom_game\lottery_handoff\scene_clean_png.vtex
       Read 1 Input(s): 23ms
       Ran Texture Processors: 7ms
       Generated Mips and Output: 4ms
       Encoding 1672x941x1 texture to DXT5 (Q=3): 66ms
  +- dota_addons\survival\panorama\images\custom_game\lottery_handoff\slices\panel_b_png.vtex
       Read 1 Input(s): 0ms
       Generated Mips and Output: 0ms
       Encoding 981x32x1 texture to DXT5 (Q=3): 2ms
  +- dota_addons\survival\panorama\images\custom_game\lottery_handoff\slices\panel_bl_png.vtex
       Read 1 Input(s): 0ms
       Generated Mips and Output: 0ms
       Encoding 32x32x1 texture to BGRA8888 (Q=3): 0ms
  +- dota_addons\survival\panorama\images\custom_game\lottery_handoff\slices\panel_br_png.vtex
       Read 1 Input(s): 0ms
       Generated Mips and Output: 0ms
       Encoding 32x32x1 texture to BGRA8888 (Q=3): 0ms
  +- dota_addons\survival\panorama\images\custom_game\lottery_handoff\slices\panel_c_png.vtex
       Read 1 Input(s): 4ms
       Ran Texture Processors: 5ms
       Generated Mips and Output: 2ms
  +- dota_addons\survival\panorama\images\custom_game\lottery_handoff\slices\panel_l_png.vtex
       Read 1 Input(s): 0ms
       Generated Mips and Output: 0ms
  +- dota_addons\survival\panorama\images\custom_game\lottery_handoff\slices\panel_r_png.vtex
       Read 1 Input(s): 0ms
       Generated Mips and Output: 0ms
  +- dota_addons\survival\panorama\images\custom_game\lottery_handoff\slices\panel_t_png.vtex
       Read 1 Input(s): 0ms
       Generated Mips and Output: 0ms
       Encoding 981x32x1 texture to DXT5 (Q=3): 2ms
  +- dota_addons\survival\panorama\images\custom_game\lottery_handoff\slices\panel_tl_png.vtex
       Read 1 Input(s): 0ms
       Generated Mips and Output: 0ms
       Encoding 32x32x1 texture to BGRA8888 (Q=3): 0ms
  +- dota_addons\survival\panorama\images\custom_game\lottery_handoff\slices\panel_tr_png.vtex
       Read 1 Input(s): 0ms
       Generated Mips and Output: 0ms
       Encoding 32x32x1 texture to BGRA8888 (Q=3): 0ms
  +- dota_addons\survival\panorama\images\custom_game\lottery_handoff\tab_reference_skin_png.vtex
       Read 1 Input(s): 0ms
       Generated Mips and Output: 0ms
  +- dota_addons\survival\panorama\images\custom_game\lottery_handoff\tab_selected_rgba_png.vtex
       Read 1 Input(s): 1ms
       Generated Mips and Output: 0ms
  +- dota_addons\survival\panorama\images\custom_game\lottery_handoff\test_art\astrolabe-186x142_png.vtex
       Read 1 Input(s): 0ms
       Generated Mips and Output: 0ms
  +- dota_addons\survival\panorama\images\custom_game\lottery_handoff\test_art\astrolabe-372x284_png.vtex
       Read 1 Input(s): 1ms
       Generated Mips and Output: 0ms
  +- dota_addons\survival\panorama\images\custom_game\lottery_handoff\test_art\fan-186x142_png.vtex
       Read 1 Input(s): 0ms
       Generated Mips and Output: 0ms
       Encoding 186x142x1 texture to DXT5 (Q=3): 2ms
  +- dota_addons\survival\panorama\images\custom_game\lottery_handoff\test_art\fan-372x284_png.vtex
       Read 1 Input(s): 1ms
       Generated Mips and Output: 0ms
  +- dota_addons\survival\panorama\images\custom_game\lottery_handoff\test_art\potion-186x142_png.vtex
       Read 1 Input(s): 0ms
       Generated Mips and Output: 0ms
  +- dota_addons\survival\panorama\images\custom_game\lottery_handoff\test_art\potion-372x284_png.vtex
       Read 1 Input(s): 1ms
       Generated Mips and Output: 0ms
  +- dota_addons\survival\panorama\images\custom_game\lottery_handoff\v3\02_rgba_icons\currency_plus_disabled_png.vtex
       Read 1 Input(s): 0ms
       Generated Mips and Output: 0ms
       Encoding 38x49x1 texture to BGRA8888 (Q=3): 0ms
  +- dota_addons\survival\panorama\images\custom_game\lottery_handoff\v3\02_rgba_icons\currency_plus_hover_png.vtex
       Read 1 Input(s): 0ms
       Generated Mips and Output: 0ms
       Encoding 38x49x1 texture to BGRA8888 (Q=3): 0ms
  +- dota_addons\survival\panorama\images\custom_game\lottery_handoff\v3\02_rgba_icons\currency_plus_normal_png.vtex
       Read 1 Input(s): 0ms
       Generated Mips and Output: 0ms
       Encoding 38x49x1 texture to BGRA8888 (Q=3): 0ms
  +- dota_addons\survival\panorama\images\custom_game\lottery_handoff\v3\02_rgba_icons\currency_plus_pressed_png.vtex
       Read 1 Input(s): 0ms
       Generated Mips and Output: 0ms
       Encoding 38x49x1 texture to BGRA8888 (Q=3): 0ms
  +- dota_addons\survival\panorama\images\custom_game\lottery_handoff\v3\02_rgba_icons\history_icon_disabled_png.vtex
       Read 1 Input(s): 0ms
       Generated Mips and Output: 0ms
       Encoding 53x59x1 texture to BGRA8888 (Q=3): 0ms
  +- dota_addons\survival\panorama\images\custom_game\lottery_handoff\v3\02_rgba_icons\history_icon_hover_png.vtex
       Read 1 Input(s): 0ms
       Generated Mips and Output: 0ms
       Encoding 53x59x1 texture to BGRA8888 (Q=3): 0ms
  +- dota_addons\survival\panorama\images\custom_game\lottery_handoff\v3\02_rgba_icons\history_icon_normal_png.vtex
       Read 1 Input(s): 0ms
       Generated Mips and Output: 0ms
       Encoding 53x59x1 texture to BGRA8888 (Q=3): 0ms
  +- dota_addons\survival\panorama\images\custom_game\lottery_handoff\v3\02_rgba_icons\history_icon_pressed_png.vtex
       Read 1 Input(s): 0ms
       Generated Mips and Output: 0ms
       Encoding 53x59x1 texture to BGRA8888 (Q=3): 0ms
  +- dota_addons\survival\panorama\images\custom_game\lottery_handoff\v3\02_rgba_icons\modal_close_disabled_png.vtex
       Read 1 Input(s): 0ms
       Generated Mips and Output: 0ms
       Encoding 55x59x1 texture to BGRA8888 (Q=3): 0ms
  +- dota_addons\survival\panorama\images\custom_game\lottery_handoff\v3\02_rgba_icons\modal_close_hover_png.vtex
       Read 1 Input(s): 0ms
       Generated Mips and Output: 0ms
       Encoding 55x59x1 texture to BGRA8888 (Q=3): 0ms
  +- dota_addons\survival\panorama\images\custom_game\lottery_handoff\v3\02_rgba_icons\modal_close_normal_png.vtex
       Read 1 Input(s): 0ms
       Generated Mips and Output: 0ms
       Encoding 55x59x1 texture to BGRA8888 (Q=3): 0ms
  +- dota_addons\survival\panorama\images\custom_game\lottery_handoff\v3\02_rgba_icons\modal_close_pressed_png.vtex
       Read 1 Input(s): 0ms
       Generated Mips and Output: 0ms
       Encoding 55x59x1 texture to BGRA8888 (Q=3): 0ms
  +- dota_addons\survival\panorama\images\custom_game\lottery_handoff\v3\02_rgba_icons\pool_details_icon_disabled_png.vtex
       Read 1 Input(s): 0ms
       Generated Mips and Output: 0ms
       Encoding 48x55x1 texture to BGRA8888 (Q=3): 0ms
  +- dota_addons\survival\panorama\images\custom_game\lottery_handoff\v3\02_rgba_icons\pool_details_icon_hover_png.vtex
       Read 1 Input(s): 0ms
       Generated Mips and Output: 0ms
       Encoding 48x55x1 texture to BGRA8888 (Q=3): 0ms
  +- dota_addons\survival\panorama\images\custom_game\lottery_handoff\v3\02_rgba_icons\pool_details_icon_normal_png.vtex
       Read 1 Input(s): 0ms
       Generated Mips and Output: 0ms
       Encoding 48x55x1 texture to BGRA8888 (Q=3): 0ms
  +- dota_addons\survival\panorama\images\custom_game\lottery_handoff\v3\02_rgba_icons\pool_details_icon_pressed_png.vtex
       Read 1 Input(s): 0ms
       Generated Mips and Output: 0ms
       Encoding 48x55x1 texture to BGRA8888 (Q=3): 0ms
  +- dota_addons\survival\panorama\images\custom_game\lottery_handoff\v3\02_rgba_icons\screen_close_disabled_png.vtex
       Read 1 Input(s): 0ms
       Generated Mips and Output: 0ms
       Encoding 59x57x1 texture to BGRA8888 (Q=3): 0ms
  +- dota_addons\survival\panorama\images\custom_game\lottery_handoff\v3\02_rgba_icons\screen_close_hover_png.vtex
       Read 1 Input(s): 0ms
       Generated Mips and Output: 0ms
       Encoding 59x57x1 texture to BGRA8888 (Q=3): 0ms
  +- dota_addons\survival\panorama\images\custom_game\lottery_handoff\v3\02_rgba_icons\screen_close_normal_png.vtex
       Read 1 Input(s): 0ms
       Generated Mips and Output: 0ms
       Encoding 59x57x1 texture to BGRA8888 (Q=3): 0ms
  +- dota_addons\survival\panorama\images\custom_game\lottery_handoff\v3\02_rgba_icons\screen_close_pressed_png.vtex
       Read 1 Input(s): 0ms
       Generated Mips and Output: 0ms
       Encoding 59x57x1 texture to BGRA8888 (Q=3): 0ms
  +- dota_addons\survival\panorama\images\custom_game\lottery_handoff\v3\02_rgba_icons\skip_checkbox_disabled_png.vtex
       Read 1 Input(s): 0ms
       Generated Mips and Output: 0ms
       Encoding 49x49x1 texture to BGRA8888 (Q=3): 0ms
  +- dota_addons\survival\panorama\images\custom_game\lottery_handoff\v3\02_rgba_icons\skip_checkbox_hover_png.vtex
       Read 1 Input(s): 0ms
       Generated Mips and Output: 0ms
       Encoding 49x49x1 texture to BGRA8888 (Q=3): 0ms
  +- dota_addons\survival\panorama\images\custom_game\lottery_handoff\v3\02_rgba_icons\skip_checkbox_normal_png.vtex
       Read 1 Input(s): 0ms
       Generated Mips and Output: 0ms
       Encoding 49x49x1 texture to BGRA8888 (Q=3): 0ms
  +- dota_addons\survival\panorama\images\custom_game\lottery_handoff\v3\02_rgba_icons\skip_checkbox_pressed_png.vtex
       Read 1 Input(s): 0ms
       Generated Mips and Output: 0ms
       Encoding 49x49x1 texture to BGRA8888 (Q=3): 0ms
  +- dota_addons\survival\panorama\images\custom_game\lottery_handoff\v3\02_rgba_icons\title_ornament_left_normal_png.vtex
       Read 1 Input(s): 0ms
       Generated Mips and Output: 0ms
       Encoding 82x50x1 texture to BGRA8888 (Q=3): 0ms
  +- dota_addons\survival\panorama\images\custom_game\lottery_handoff\v3\02_rgba_icons\title_ornament_right_normal_png.vtex
       Read 1 Input(s): 0ms
       Generated Mips and Output: 0ms
       Encoding 83x50x1 texture to BGRA8888 (Q=3): 0ms
  +- dota_addons\survival\panorama\images\custom_game\lottery_handoff\v3\03_states\button_gold_disabled_png.vtex
       Read 1 Input(s): 0ms
       Generated Mips and Output: 0ms
  +- dota_addons\survival\panorama\images\custom_game\lottery_handoff\v3\03_states\button_gold_hover_png.vtex
       Read 1 Input(s): 0ms
       Generated Mips and Output: 0ms
  +- dota_addons\survival\panorama\images\custom_game\lottery_handoff\v3\03_states\button_gold_normal_png.vtex
       Read 1 Input(s): 0ms
       Generated Mips and Output: 0ms
  +- dota_addons\survival\panorama\images\custom_game\lottery_handoff\v3\03_states\button_gold_pressed_png.vtex
       Read 1 Input(s): 0ms
       Generated Mips and Output: 0ms
  +- dota_addons\survival\panorama\images\custom_game\lottery_handoff\v3\03_states\button_ivory_disabled_png.vtex
       Read 1 Input(s): 0ms
       Generated Mips and Output: 0ms
  +- dota_addons\survival\panorama\images\custom_game\lottery_handoff\v3\03_states\button_ivory_hover_png.vtex
       Read 1 Input(s): 0ms
       Generated Mips and Output: 0ms
  +- dota_addons\survival\panorama\images\custom_game\lottery_handoff\v3\03_states\button_ivory_normal_png.vtex
       Read 1 Input(s): 0ms
       Generated Mips and Output: 0ms
  +- dota_addons\survival\panorama\images\custom_game\lottery_handoff\v3\03_states\button_ivory_pressed_png.vtex
       Read 1 Input(s): 0ms
       Generated Mips and Output: 0ms
  +- dota_addons\survival\panorama\images\custom_game\lottery_handoff\v3\03_states\card_outline_disabled_png.vtex
       Read 1 Input(s): 0ms
       Generated Mips and Output: 0ms
  +- dota_addons\survival\panorama\images\custom_game\lottery_handoff\v3\03_states\card_outline_hover_png.vtex
       Read 1 Input(s): 0ms
       Generated Mips and Output: 0ms
  +- dota_addons\survival\panorama\images\custom_game\lottery_handoff\v3\03_states\card_outline_normal_png.vtex
       Read 1 Input(s): 0ms
       Generated Mips and Output: 0ms
  +- dota_addons\survival\panorama\images\custom_game\lottery_handoff\v3\03_states\card_outline_pressed_png.vtex
       Read 1 Input(s): 0ms
       Generated Mips and Output: 0ms
  +- dota_addons\survival\panorama\images\custom_game\lottery_handoff\v3\03_states\card_outline_selected_png.vtex
       Read 1 Input(s): 0ms
       Generated Mips and Output: 0ms
  +- dota_addons\survival\panorama\images\custom_game\lottery_handoff\v3\03_states\checkbox_checked_disabled_png.vtex
       Read 1 Input(s): 0ms
       Generated Mips and Output: 0ms
       Encoding 33x33x1 texture to BGRA8888 (Q=3): 0ms
  +- dota_addons\survival\panorama\images\custom_game\lottery_handoff\v3\03_states\checkbox_checked_hover_png.vtex
       Read 1 Input(s): 0ms
       Generated Mips and Output: 0ms
       Encoding 33x33x1 texture to BGRA8888 (Q=3): 0ms
  +- dota_addons\survival\panorama\images\custom_game\lottery_handoff\v3\03_states\checkbox_checked_normal_png.vtex
       Read 1 Input(s): 0ms
       Generated Mips and Output: 0ms
       Encoding 33x33x1 texture to BGRA8888 (Q=3): 0ms
  +- dota_addons\survival\panorama\images\custom_game\lottery_handoff\v3\03_states\checkbox_checked_pressed_png.vtex
       Read 1 Input(s): 0ms
       Generated Mips and Output: 0ms
       Encoding 33x33x1 texture to BGRA8888 (Q=3): 0ms
  +- dota_addons\survival\panorama\images\custom_game\lottery_handoff\v3\03_states\entry_hover_underline_png.vtex
       Read 1 Input(s): 0ms
       Generated Mips and Output: 0ms
       Encoding 155x8x1 texture to BGRA8888 (Q=3): 0ms
  +- dota_addons\survival\panorama\images\custom_game\lottery_handoff\v3\03_states\tab_hover_overlay_png.vtex
       Read 1 Input(s): 0ms
       Generated Mips and Output: 0ms
  +- dota_addons\survival\panorama\images\custom_game\lottery_handoff\v3\03_states\tab_selected_overlay_png.vtex
       Read 1 Input(s): 0ms
       Generated Mips and Output: 0ms
  +- dota_addons\survival\panorama\images\custom_game\lottery_handoff\v3\03_states\ticket_disabled_png.vtex
       Read 1 Input(s): 0ms
       Generated Mips and Output: 0ms
       Encoding 48x48x1 texture to BGRA8888 (Q=3): 0ms
  +- dota_addons\survival\panorama\images\custom_game\lottery_handoff\v3\03_states\ticket_hover_png.vtex
       Read 1 Input(s): 0ms
       Generated Mips and Output: 0ms
       Encoding 48x48x1 texture to BGRA8888 (Q=3): 0ms
  +- dota_addons\survival\panorama\images\custom_game\lottery_handoff\v3\03_states\ticket_normal_png.vtex
       Read 1 Input(s): 0ms
       Generated Mips and Output: 0ms
       Encoding 48x48x1 texture to BGRA8888 (Q=3): 0ms
  +- dota_addons\survival\panorama\images\custom_game\lottery_handoff\v3\03_states\ticket_pressed_png.vtex
       Read 1 Input(s): 0ms
       Generated Mips and Output: 0ms
       Encoding 48x48x1 texture to BGRA8888 (Q=3): 0ms
  +- dota_addons\survival\panorama\images\custom_game\lottery_handoff\v3\04_slices\body_texture_sample_png.vtex
       Read 1 Input(s): 0ms
       Generated Mips and Output: 0ms
       Encoding 128x32x1 texture to DXT5 (Q=3): 0ms
  +- dota_addons\survival\panorama\images\custom_game\lottery_handoff\v3\04_slices\card_border_bl_png.vtex
       Read 1 Input(s): 0ms
       Generated Mips and Output: 0ms
       Encoding 12x12x1 texture to DXT5 (Q=3): 0ms
  +- dota_addons\survival\panorama\images\custom_game\lottery_handoff\v3\04_slices\card_border_bottom_png.vtex
       Read 1 Input(s): 0ms
       Generated Mips and Output: 0ms
       Encoding 143x12x1 texture to DXT5 (Q=3): 0ms
  +- dota_addons\survival\panorama\images\custom_game\lottery_handoff\v3\04_slices\card_border_br_png.vtex
       Read 1 Input(s): 0ms
       Generated Mips and Output: 0ms
       Encoding 12x12x1 texture to DXT5 (Q=3): 0ms
  +- dota_addons\survival\panorama\images\custom_game\lottery_handoff\v3\04_slices\card_border_left_png.vtex
       Read 1 Input(s): 0ms
       Generated Mips and Output: 0ms
       Encoding 12x133x1 texture to DXT5 (Q=3): 1ms
  +- dota_addons\survival\panorama\images\custom_game\lottery_handoff\v3\04_slices\card_border_right_png.vtex
       Read 1 Input(s): 0ms
       Generated Mips and Output: 0ms
       Encoding 12x133x1 texture to DXT5 (Q=3): 2ms
  +- dota_addons\survival\panorama\images\custom_game\lottery_handoff\v3\04_slices\card_border_tl_png.vtex
       Read 1 Input(s): 0ms
       Generated Mips and Output: 0ms
       Encoding 12x12x1 texture to DXT5 (Q=3): 0ms
  +- dota_addons\survival\panorama\images\custom_game\lottery_handoff\v3\04_slices\card_border_top_png.vtex
       Read 1 Input(s): 0ms
       Generated Mips and Output: 0ms
       Encoding 143x12x1 texture to DXT5 (Q=3): 0ms
  +- dota_addons\survival\panorama\images\custom_game\lottery_handoff\v3\04_slices\card_border_tr_png.vtex
       Read 1 Input(s): 0ms
       Generated Mips and Output: 0ms
       Encoding 12x12x1 texture to DXT5 (Q=3): 0ms
- dota_addons\survival\panorama\styles\custom_game\shop.css
- dota_addons\survival\panorama\styles\custom_game\survival_hud.css
- dota_addons\survival\panorama\styles\custom_game\survival_hud_native.css
  +- dota_addons\survival\panorama\images\custom_game\survival_native\ability_bg_png.vtex
       Read 1 Input(s): 1ms
       Generated Mips and Output: 0ms
  +- dota_addons\survival\panorama\images\custom_game\survival_native\ability_inset_shadow_png.vtex
       Read 1 Input(s): 0ms
       Generated Mips and Output: 0ms
       Encoding 8x194x1 texture to BGRA8888 (Q=3): 0ms
  +- dota_addons\survival\panorama\images\custom_game\survival_native\inventory_item_well_png.vtex
       Read 1 Input(s): 0ms
       Generated Mips and Output: 0ms
       Encoding 76x57x1 texture to BGRA8888 (Q=3): 0ms
  +- dota_addons\survival\panorama\images\custom_game\survival_native\inventory_panel_png.vtex
       Read 1 Input(s): 0ms
       Generated Mips and Output: 0ms
       Encoding 206x112x1 texture to DXT5 (Q=3): 2ms
- dota_addons\survival\panorama\styles\custom_game\weapon_growth_hud.css
- dota_addons\survival\panorama\images\custom_game\lottery_handoff\icons\announcement.svg
- dota_addons\survival\panorama\images\custom_game\lottery_handoff\icons\check.svg
- dota_addons\survival\panorama\images\custom_game\lottery_handoff\icons\chevron.svg
- dota_addons\survival\panorama\images\custom_game\lottery_handoff\icons\gift.svg
- dota_addons\survival\panorama\images\custom_game\lottery_handoff\icons\info.svg
- dota_addons\survival\panorama\images\custom_game\lottery_handoff\icons\refresh.svg
  +- dota_addons\survival\panorama\images\custom_game\st2_darkfantasy\icons\st2_icon_gold_png.vtex
       Read 1 Input(s): 0ms
       Generated Mips and Output: 0ms
  +- dota_addons\survival\panorama\images\custom_game\st2_darkfantasy\icons\st2_icon_wood_png.vtex
       Read 1 Input(s): 0ms
       Generated Mips and Output: 0ms
  +- dota_addons\survival\panorama\images\custom_game\survival_native\icon_agility_png.vtex
       Read 1 Input(s): 0ms
       Generated Mips and Output: 0ms
       Encoding 24x24x1 texture to BGRA8888 (Q=3): 0ms
  +- dota_addons\survival\panorama\images\custom_game\survival_native\icon_armor_png.vtex
       Read 1 Input(s): 0ms
       Generated Mips and Output: 0ms
       Encoding 32x32x1 texture to BGRA8888 (Q=3): 0ms
  +- dota_addons\survival\panorama\images\custom_game\survival_native\icon_attack_speed_png.vtex
       Read 1 Input(s): 0ms
       Generated Mips and Output: 0ms
       Encoding 32x32x1 texture to BGRA8888 (Q=3): 0ms
  +- dota_addons\survival\panorama\images\custom_game\survival_native\icon_damage_png.vtex
       Read 1 Input(s): 0ms
       Generated Mips and Output: 0ms
       Encoding 32x32x1 texture to BGRA8888 (Q=3): 0ms
  +- dota_addons\survival\panorama\images\custom_game\survival_native\icon_intelligence_png.vtex
       Read 1 Input(s): 0ms
       Generated Mips and Output: 0ms
       Encoding 24x24x1 texture to BGRA8888 (Q=3): 0ms
  +- dota_addons\survival\panorama\images\custom_game\survival_native\icon_strength_png.vtex
       Read 1 Input(s): 0ms
       Generated Mips and Output: 0ms
       Encoding 24x24x1 texture to BGRA8888 (Q=3): 0ms

-----------------------------------------------------------------
 OK: 1 compiled, 0 failed, 0 skipped, 0m:01s
-----------------------------------------------------------------
Leaked KeyValues blocks: 162
Creating device for graphics adapter 0 'NVIDIA GeForce GTX 1050 Ti' [vendorid 0x10DE]: 32.0.15.8180
- dota_addons\Survival\panorama\layout\custom_game\survival_hud.xml
- dota_addons\survival\panorama\scripts\custom_game\ability_tooltip.js
- dota_addons\survival\panorama\scripts\custom_game\attack_range_input.js
- dota_addons\survival\panorama\scripts\custom_game\building_move.js
- dota_addons\survival\panorama\scripts\custom_game\combat_stats.js
- dota_addons\survival\panorama\scripts\custom_game\game_info_panel.js
- dota_addons\survival\panorama\scripts\custom_game\gold_mine_income_numbers.js
- dota_addons\survival\panorama\scripts\custom_game\hero_world_health_bar.js
- dota_addons\survival\panorama\scripts\custom_game\hud_takeover.js
- dota_addons\survival\panorama\scripts\custom_game\inventory_tooltip.js
- dota_addons\survival\panorama\scripts\custom_game\lottery_ui.js
- dota_addons\survival\panorama\scripts\custom_game\portrait_camera_editor.js
- dota_addons\survival\panorama\scripts\custom_game\reward_presentation.js
- dota_addons\survival\panorama\scripts\custom_game\shop_debug.js
- dota_addons\survival\panorama\scripts\custom_game\shop_tooltip.js
- dota_addons\survival\panorama\scripts\custom_game\shop_ui.js
- dota_addons\survival\panorama\scripts\custom_game\survival_ui.js
- dota_addons\survival\panorama\scripts\custom_game\tooltip_position.js
- dota_addons\survival\panorama\scripts\custom_game\ui_bootstrap.js
- dota_addons\survival\panorama\scripts\custom_game\ui_layers.js
- dota_addons\survival\panorama\scripts\custom_game\weapon_growth_hud.js
- dota_addons\survival\panorama\styles\custom_game\ability_tooltip.css
- dota_addons\survival\panorama\styles\custom_game\archive_difficulty.css
- dota_addons\survival\panorama\styles\custom_game\combat_stats.css
- dota_addons\survival\panorama\styles\custom_game\game_info_panel.css
- dota_addons\survival\panorama\styles\custom_game\gold_mine_income_numbers.css
- dota_addons\survival\panorama\styles\custom_game\hero_world_health_bar.css
- dota_addons\survival\panorama\styles\custom_game\inventory_tooltip.css
- dota_addons\survival\panorama\styles\custom_game\lottery.css
- dota_addons\survival\panorama\styles\custom_game\lottery_celestial.css
- dota_addons\survival\panorama\images\custom_game\lottery_handoff\button_gold.svg
- dota_addons\survival\panorama\images\custom_game\lottery_handoff\button_ivory.svg
  +- dota_addons\survival\panorama\images\custom_game\lottery_handoff\button_reference_skin_png.vtex
       Read 1 Input(s): 0ms
       Generated Mips and Output: 0ms
       Encoding 425x57x1 texture to DXT5 (Q=3): 2ms
  +- dota_addons\survival\panorama\images\custom_game\lottery_handoff\card_back_png.vtex
       Read 1 Input(s): 25ms
       Ran Texture Processors: 8ms
       Generated Mips and Output: 12ms
       Encoding 1024x1536x1 texture to DXT5 (Q=3): 58ms
  +- dota_addons\survival\panorama\images\custom_game\lottery_handoff\card_front_png.vtex
       Read 1 Input(s): 21ms
       Ran Texture Processors: 7ms
       Generated Mips and Output: 4ms
  +- dota_addons\survival\panorama\images\custom_game\lottery_handoff\card_reference_skin_png.vtex
       Read 1 Input(s): 0ms
       Generated Mips and Output: 0ms
  +- dota_addons\survival\panorama\images\custom_game\lottery_handoff\close_reference_skin_png.vtex
       Read 1 Input(s): 0ms
       Generated Mips and Output: 0ms
       Encoding 40x40x1 texture to BGRA8888 (Q=3): 0ms
- dota_addons\survival\panorama\images\custom_game\lottery_handoff\icons\checkbox_off.svg
- dota_addons\survival\panorama\images\custom_game\lottery_handoff\icons\checkbox_on.svg
- dota_addons\survival\panorama\images\custom_game\lottery_handoff\icons\close.svg
  +- dota_addons\survival\panorama\images\custom_game\lottery_handoff\pool_compact_rgba_png.vtex
       Read 1 Input(s): 17ms
       Ran Texture Processors: 2ms
       Generated Mips and Output: 19ms
  +- dota_addons\survival\panorama\images\custom_game\lottery_handoff\pool_panel_png.vtex
       Read 1 Input(s): 22ms
       Ran Texture Processors: 7ms
       Generated Mips and Output: 4ms
  +- dota_addons\survival\panorama\images\custom_game\lottery_handoff\pool_reference_skin_png.vtex
       Read 1 Input(s): 5ms
       Generated Mips and Output: 2ms
  +- dota_addons\survival\panorama\images\custom_game\lottery_handoff\scene_clean_png.vtex
       Read 1 Input(s): 24ms
       Ran Texture Processors: 8ms
       Generated Mips and Output: 4ms
       Encoding 1672x941x1 texture to DXT5 (Q=3): 65ms
  +- dota_addons\survival\panorama\images\custom_game\lottery_handoff\slices\panel_b_png.vtex
       Read 1 Input(s): 0ms
       Generated Mips and Output: 0ms
       Encoding 981x32x1 texture to DXT5 (Q=3): 2ms
  +- dota_addons\survival\panorama\images\custom_game\lottery_handoff\slices\panel_bl_png.vtex
       Read 1 Input(s): 0ms
       Generated Mips and Output: 0ms
       Encoding 32x32x1 texture to BGRA8888 (Q=3): 0ms
  +- dota_addons\survival\panorama\images\custom_game\lottery_handoff\slices\panel_br_png.vtex
       Read 1 Input(s): 0ms
       Generated Mips and Output: 0ms
       Encoding 32x32x1 texture to BGRA8888 (Q=3): 0ms
  +- dota_addons\survival\panorama\images\custom_game\lottery_handoff\slices\panel_c_png.vtex
       Read 1 Input(s): 4ms
       Ran Texture Processors: 5ms
       Generated Mips and Output: 2ms
  +- dota_addons\survival\panorama\images\custom_game\lottery_handoff\slices\panel_l_png.vtex
       Read 1 Input(s): 0ms
       Generated Mips and Output: 0ms
  +- dota_addons\survival\panorama\images\custom_game\lottery_handoff\slices\panel_r_png.vtex
       Read 1 Input(s): 0ms
       Generated Mips and Output: 0ms
  +- dota_addons\survival\panorama\images\custom_game\lottery_handoff\slices\panel_t_png.vtex
       Read 1 Input(s): 0ms
       Generated Mips and Output: 0ms
       Encoding 981x32x1 texture to DXT5 (Q=3): 2ms
  +- dota_addons\survival\panorama\images\custom_game\lottery_handoff\slices\panel_tl_png.vtex
       Read 1 Input(s): 0ms
       Generated Mips and Output: 0ms
       Encoding 32x32x1 texture to BGRA8888 (Q=3): 0ms
  +- dota_addons\survival\panorama\images\custom_game\lottery_handoff\slices\panel_tr_png.vtex
       Read 1 Input(s): 0ms
       Generated Mips and Output: 0ms
       Encoding 32x32x1 texture to BGRA8888 (Q=3): 0ms
  +- dota_addons\survival\panorama\images\custom_game\lottery_handoff\tab_reference_skin_png.vtex
       Read 1 Input(s): 0ms
       Generated Mips and Output: 0ms
  +- dota_addons\survival\panorama\images\custom_game\lottery_handoff\tab_selected_rgba_png.vtex
       Read 1 Input(s): 1ms
       Generated Mips and Output: 0ms
  +- dota_addons\survival\panorama\images\custom_game\lottery_handoff\test_art\astrolabe-186x142_png.vtex
       Read 1 Input(s): 0ms
       Generated Mips and Output: 0ms
  +- dota_addons\survival\panorama\images\custom_game\lottery_handoff\test_art\astrolabe-372x284_png.vtex
       Read 1 Input(s): 1ms
       Generated Mips and Output: 0ms
  +- dota_addons\survival\panorama\images\custom_game\lottery_handoff\test_art\fan-186x142_png.vtex
       Read 1 Input(s): 0ms
       Generated Mips and Output: 0ms
       Encoding 186x142x1 texture to DXT5 (Q=3): 2ms
  +- dota_addons\survival\panorama\images\custom_game\lottery_handoff\test_art\fan-372x284_png.vtex
       Read 1 Input(s): 1ms
       Generated Mips and Output: 0ms
  +- dota_addons\survival\panorama\images\custom_game\lottery_handoff\test_art\potion-186x142_png.vtex
       Read 1 Input(s): 0ms
       Generated Mips and Output: 0ms
  +- dota_addons\survival\panorama\images\custom_game\lottery_handoff\test_art\potion-372x284_png.vtex
       Read 1 Input(s): 1ms
       Generated Mips and Output: 0ms
  +- dota_addons\survival\panorama\images\custom_game\lottery_handoff\v3\02_rgba_icons\currency_plus_disabled_png.vtex
       Read 1 Input(s): 0ms
       Generated Mips and Output: 0ms
       Encoding 38x49x1 texture to BGRA8888 (Q=3): 0ms
  +- dota_addons\survival\panorama\images\custom_game\lottery_handoff\v3\02_rgba_icons\currency_plus_hover_png.vtex
       Read 1 Input(s): 0ms
       Generated Mips and Output: 0ms
       Encoding 38x49x1 texture to BGRA8888 (Q=3): 0ms
  +- dota_addons\survival\panorama\images\custom_game\lottery_handoff\v3\02_rgba_icons\currency_plus_normal_png.vtex
       Read 1 Input(s): 0ms
       Generated Mips and Output: 0ms
       Encoding 38x49x1 texture to BGRA8888 (Q=3): 0ms
  +- dota_addons\survival\panorama\images\custom_game\lottery_handoff\v3\02_rgba_icons\currency_plus_pressed_png.vtex
       Read 1 Input(s): 0ms
       Generated Mips and Output: 0ms
       Encoding 38x49x1 texture to BGRA8888 (Q=3): 0ms
  +- dota_addons\survival\panorama\images\custom_game\lottery_handoff\v3\02_rgba_icons\history_icon_disabled_png.vtex
       Read 1 Input(s): 0ms
       Generated Mips and Output: 0ms
       Encoding 53x59x1 texture to BGRA8888 (Q=3): 0ms
  +- dota_addons\survival\panorama\images\custom_game\lottery_handoff\v3\02_rgba_icons\history_icon_hover_png.vtex
       Read 1 Input(s): 0ms
       Generated Mips and Output: 0ms
       Encoding 53x59x1 texture to BGRA8888 (Q=3): 0ms
  +- dota_addons\survival\panorama\images\custom_game\lottery_handoff\v3\02_rgba_icons\history_icon_normal_png.vtex
       Read 1 Input(s): 0ms
       Generated Mips and Output: 0ms
       Encoding 53x59x1 texture to BGRA8888 (Q=3): 0ms
  +- dota_addons\survival\panorama\images\custom_game\lottery_handoff\v3\02_rgba_icons\history_icon_pressed_png.vtex
       Read 1 Input(s): 0ms
       Generated Mips and Output: 0ms
       Encoding 53x59x1 texture to BGRA8888 (Q=3): 0ms
  +- dota_addons\survival\panorama\images\custom_game\lottery_handoff\v3\02_rgba_icons\modal_close_disabled_png.vtex
       Read 1 Input(s): 0ms
       Generated Mips and Output: 0ms
       Encoding 55x59x1 texture to BGRA8888 (Q=3): 0ms
  +- dota_addons\survival\panorama\images\custom_game\lottery_handoff\v3\02_rgba_icons\modal_close_hover_png.vtex
       Read 1 Input(s): 0ms
       Generated Mips and Output: 0ms
       Encoding 55x59x1 texture to BGRA8888 (Q=3): 0ms
  +- dota_addons\survival\panorama\images\custom_game\lottery_handoff\v3\02_rgba_icons\modal_close_normal_png.vtex
       Read 1 Input(s): 0ms
       Generated Mips and Output: 0ms
       Encoding 55x59x1 texture to BGRA8888 (Q=3): 0ms
  +- dota_addons\survival\panorama\images\custom_game\lottery_handoff\v3\02_rgba_icons\modal_close_pressed_png.vtex
       Read 1 Input(s): 0ms
       Generated Mips and Output: 0ms
       Encoding 55x59x1 texture to BGRA8888 (Q=3): 0ms
  +- dota_addons\survival\panorama\images\custom_game\lottery_handoff\v3\02_rgba_icons\pool_details_icon_disabled_png.vtex
       Read 1 Input(s): 0ms
       Generated Mips and Output: 0ms
       Encoding 48x55x1 texture to BGRA8888 (Q=3): 0ms
  +- dota_addons\survival\panorama\images\custom_game\lottery_handoff\v3\02_rgba_icons\pool_details_icon_hover_png.vtex
       Read 1 Input(s): 0ms
       Generated Mips and Output: 0ms
       Encoding 48x55x1 texture to BGRA8888 (Q=3): 0ms
  +- dota_addons\survival\panorama\images\custom_game\lottery_handoff\v3\02_rgba_icons\pool_details_icon_normal_png.vtex
       Read 1 Input(s): 0ms
       Generated Mips and Output: 0ms
       Encoding 48x55x1 texture to BGRA8888 (Q=3): 0ms
  +- dota_addons\survival\panorama\images\custom_game\lottery_handoff\v3\02_rgba_icons\pool_details_icon_pressed_png.vtex
       Read 1 Input(s): 0ms
       Generated Mips and Output: 0ms
       Encoding 48x55x1 texture to BGRA8888 (Q=3): 0ms
  +- dota_addons\survival\panorama\images\custom_game\lottery_handoff\v3\02_rgba_icons\screen_close_disabled_png.vtex
       Read 1 Input(s): 0ms
       Generated Mips and Output: 0ms
       Encoding 59x57x1 texture to BGRA8888 (Q=3): 0ms
  +- dota_addons\survival\panorama\images\custom_game\lottery_handoff\v3\02_rgba_icons\screen_close_hover_png.vtex
       Read 1 Input(s): 0ms
       Generated Mips and Output: 0ms
       Encoding 59x57x1 texture to BGRA8888 (Q=3): 0ms
  +- dota_addons\survival\panorama\images\custom_game\lottery_handoff\v3\02_rgba_icons\screen_close_normal_png.vtex
       Read 1 Input(s): 0ms
       Generated Mips and Output: 0ms
       Encoding 59x57x1 texture to BGRA8888 (Q=3): 0ms
  +- dota_addons\survival\panorama\images\custom_game\lottery_handoff\v3\02_rgba_icons\screen_close_pressed_png.vtex
       Read 1 Input(s): 0ms
       Generated Mips and Output: 0ms
       Encoding 59x57x1 texture to BGRA8888 (Q=3): 0ms
  +- dota_addons\survival\panorama\images\custom_game\lottery_handoff\v3\02_rgba_icons\skip_checkbox_disabled_png.vtex
       Read 1 Input(s): 0ms
       Generated Mips and Output: 0ms
       Encoding 49x49x1 texture to BGRA8888 (Q=3): 0ms
  +- dota_addons\survival\panorama\images\custom_game\lottery_handoff\v3\02_rgba_icons\skip_checkbox_hover_png.vtex
       Read 1 Input(s): 0ms
       Generated Mips and Output: 0ms
       Encoding 49x49x1 texture to BGRA8888 (Q=3): 0ms
  +- dota_addons\survival\panorama\images\custom_game\lottery_handoff\v3\02_rgba_icons\skip_checkbox_normal_png.vtex
       Read 1 Input(s): 0ms
       Generated Mips and Output: 0ms
       Encoding 49x49x1 texture to BGRA8888 (Q=3): 0ms
  +- dota_addons\survival\panorama\images\custom_game\lottery_handoff\v3\02_rgba_icons\skip_checkbox_pressed_png.vtex
       Read 1 Input(s): 0ms
       Generated Mips and Output: 0ms
       Encoding 49x49x1 texture to BGRA8888 (Q=3): 0ms
  +- dota_addons\survival\panorama\images\custom_game\lottery_handoff\v3\02_rgba_icons\title_ornament_left_normal_png.vtex
       Read 1 Input(s): 0ms
       Generated Mips and Output: 0ms
       Encoding 82x50x1 texture to BGRA8888 (Q=3): 0ms
  +- dota_addons\survival\panorama\images\custom_game\lottery_handoff\v3\02_rgba_icons\title_ornament_right_normal_png.vtex
       Read 1 Input(s): 0ms
       Generated Mips and Output: 0ms
       Encoding 83x50x1 texture to BGRA8888 (Q=3): 0ms
  +- dota_addons\survival\panorama\images\custom_game\lottery_handoff\v3\03_states\button_gold_disabled_png.vtex
       Read 1 Input(s): 0ms
       Generated Mips and Output: 0ms
  +- dota_addons\survival\panorama\images\custom_game\lottery_handoff\v3\03_states\button_gold_hover_png.vtex
       Read 1 Input(s): 0ms
       Generated Mips and Output: 0ms
  +- dota_addons\survival\panorama\images\custom_game\lottery_handoff\v3\03_states\button_gold_normal_png.vtex
       Read 1 Input(s): 0ms
       Generated Mips and Output: 0ms
  +- dota_addons\survival\panorama\images\custom_game\lottery_handoff\v3\03_states\button_gold_pressed_png.vtex
       Read 1 Input(s): 0ms
       Generated Mips and Output: 0ms
  +- dota_addons\survival\panorama\images\custom_game\lottery_handoff\v3\03_states\button_ivory_disabled_png.vtex
       Read 1 Input(s): 0ms
       Generated Mips and Output: 0ms
  +- dota_addons\survival\panorama\images\custom_game\lottery_handoff\v3\03_states\button_ivory_hover_png.vtex
       Read 1 Input(s): 0ms
       Generated Mips and Output: 0ms
  +- dota_addons\survival\panorama\images\custom_game\lottery_handoff\v3\03_states\button_ivory_normal_png.vtex
       Read 1 Input(s): 0ms
       Generated Mips and Output: 0ms
  +- dota_addons\survival\panorama\images\custom_game\lottery_handoff\v3\03_states\button_ivory_pressed_png.vtex
       Read 1 Input(s): 0ms
       Generated Mips and Output: 0ms
  +- dota_addons\survival\panorama\images\custom_game\lottery_handoff\v3\03_states\card_outline_disabled_png.vtex
       Read 1 Input(s): 0ms
       Generated Mips and Output: 0ms
  +- dota_addons\survival\panorama\images\custom_game\lottery_handoff\v3\03_states\card_outline_hover_png.vtex
       Read 1 Input(s): 0ms
       Generated Mips and Output: 0ms
  +- dota_addons\survival\panorama\images\custom_game\lottery_handoff\v3\03_states\card_outline_normal_png.vtex
       Read 1 Input(s): 0ms
       Generated Mips and Output: 0ms
  +- dota_addons\survival\panorama\images\custom_game\lottery_handoff\v3\03_states\card_outline_pressed_png.vtex
       Read 1 Input(s): 0ms
       Generated Mips and Output: 0ms
  +- dota_addons\survival\panorama\images\custom_game\lottery_handoff\v3\03_states\card_outline_selected_png.vtex
       Read 1 Input(s): 0ms
       Generated Mips and Output: 0ms
  +- dota_addons\survival\panorama\images\custom_game\lottery_handoff\v3\03_states\checkbox_checked_disabled_png.vtex
       Read 1 Input(s): 0ms
       Generated Mips and Output: 0ms
       Encoding 33x33x1 texture to BGRA8888 (Q=3): 0ms
  +- dota_addons\survival\panorama\images\custom_game\lottery_handoff\v3\03_states\checkbox_checked_hover_png.vtex
       Read 1 Input(s): 0ms
       Generated Mips and Output: 0ms
       Encoding 33x33x1 texture to BGRA8888 (Q=3): 0ms
  +- dota_addons\survival\panorama\images\custom_game\lottery_handoff\v3\03_states\checkbox_checked_normal_png.vtex
       Read 1 Input(s): 0ms
       Generated Mips and Output: 0ms
       Encoding 33x33x1 texture to BGRA8888 (Q=3): 0ms
  +- dota_addons\survival\panorama\images\custom_game\lottery_handoff\v3\03_states\checkbox_checked_pressed_png.vtex
       Read 1 Input(s): 0ms
       Generated Mips and Output: 0ms
       Encoding 33x33x1 texture to BGRA8888 (Q=3): 0ms
  +- dota_addons\survival\panorama\images\custom_game\lottery_handoff\v3\03_states\entry_hover_underline_png.vtex
       Read 1 Input(s): 0ms
       Generated Mips and Output: 0ms
       Encoding 155x8x1 texture to BGRA8888 (Q=3): 0ms
  +- dota_addons\survival\panorama\images\custom_game\lottery_handoff\v3\03_states\tab_hover_overlay_png.vtex
       Read 1 Input(s): 0ms
       Generated Mips and Output: 0ms
  +- dota_addons\survival\panorama\images\custom_game\lottery_handoff\v3\03_states\tab_selected_overlay_png.vtex
       Read 1 Input(s): 0ms
       Generated Mips and Output: 0ms
  +- dota_addons\survival\panorama\images\custom_game\lottery_handoff\v3\03_states\ticket_disabled_png.vtex
       Read 1 Input(s): 0ms
       Generated Mips and Output: 0ms
       Encoding 48x48x1 texture to BGRA8888 (Q=3): 0ms
  +- dota_addons\survival\panorama\images\custom_game\lottery_handoff\v3\03_states\ticket_hover_png.vtex
       Read 1 Input(s): 0ms
       Generated Mips and Output: 0ms
       Encoding 48x48x1 texture to BGRA8888 (Q=3): 0ms
  +- dota_addons\survival\panorama\images\custom_game\lottery_handoff\v3\03_states\ticket_normal_png.vtex
       Read 1 Input(s): 0ms
       Generated Mips and Output: 0ms
       Encoding 48x48x1 texture to BGRA8888 (Q=3): 0ms
  +- dota_addons\survival\panorama\images\custom_game\lottery_handoff\v3\03_states\ticket_pressed_png.vtex
       Read 1 Input(s): 0ms
       Generated Mips and Output: 0ms
       Encoding 48x48x1 texture to BGRA8888 (Q=3): 0ms
  +- dota_addons\survival\panorama\images\custom_game\lottery_handoff\v3\04_slices\body_texture_sample_png.vtex
       Read 1 Input(s): 0ms
       Generated Mips and Output: 0ms
       Encoding 128x32x1 texture to DXT5 (Q=3): 1ms
  +- dota_addons\survival\panorama\images\custom_game\lottery_handoff\v3\04_slices\card_border_bl_png.vtex
       Read 1 Input(s): 0ms
       Generated Mips and Output: 0ms
       Encoding 12x12x1 texture to DXT5 (Q=3): 0ms
  +- dota_addons\survival\panorama\images\custom_game\lottery_handoff\v3\04_slices\card_border_bottom_png.vtex
       Read 1 Input(s): 0ms
       Generated Mips and Output: 0ms
       Encoding 143x12x1 texture to DXT5 (Q=3): 0ms
  +- dota_addons\survival\panorama\images\custom_game\lottery_handoff\v3\04_slices\card_border_br_png.vtex
       Read 1 Input(s): 0ms
       Generated Mips and Output: 0ms
       Encoding 12x12x1 texture to DXT5 (Q=3): 0ms
  +- dota_addons\survival\panorama\images\custom_game\lottery_handoff\v3\04_slices\card_border_left_png.vtex
       Read 1 Input(s): 0ms
       Generated Mips and Output: 0ms
       Encoding 12x133x1 texture to DXT5 (Q=3): 1ms
  +- dota_addons\survival\panorama\images\custom_game\lottery_handoff\v3\04_slices\card_border_right_png.vtex
       Read 1 Input(s): 0ms
       Generated Mips and Output: 0ms
       Encoding 12x133x1 texture to DXT5 (Q=3): 1ms
  +- dota_addons\survival\panorama\images\custom_game\lottery_handoff\v3\04_slices\card_border_tl_png.vtex
       Read 1 Input(s): 0ms
       Generated Mips and Output: 0ms
       Encoding 12x12x1 texture to DXT5 (Q=3): 0ms
  +- dota_addons\survival\panorama\images\custom_game\lottery_handoff\v3\04_slices\card_border_top_png.vtex
       Read 1 Input(s): 0ms
       Generated Mips and Output: 0ms
       Encoding 143x12x1 texture to DXT5 (Q=3): 0ms
  +- dota_addons\survival\panorama\images\custom_game\lottery_handoff\v3\04_slices\card_border_tr_png.vtex
       Read 1 Input(s): 0ms
       Generated Mips and Output: 0ms
       Encoding 12x12x1 texture to DXT5 (Q=3): 0ms
- dota_addons\survival\panorama\styles\custom_game\shop.css
- dota_addons\survival\panorama\styles\custom_game\survival_hud.css
- dota_addons\survival\panorama\styles\custom_game\survival_hud_native.css
  +- dota_addons\survival\panorama\images\custom_game\survival_native\ability_bg_png.vtex
       Read 1 Input(s): 1ms
       Generated Mips and Output: 0ms
  +- dota_addons\survival\panorama\images\custom_game\survival_native\ability_inset_shadow_png.vtex
       Read 1 Input(s): 0ms
       Generated Mips and Output: 0ms
       Encoding 8x194x1 texture to BGRA8888 (Q=3): 0ms
  +- dota_addons\survival\panorama\images\custom_game\survival_native\inventory_item_well_png.vtex
       Read 1 Input(s): 0ms
       Generated Mips and Output: 0ms
       Encoding 76x57x1 texture to BGRA8888 (Q=3): 0ms
  +- dota_addons\survival\panorama\images\custom_game\survival_native\inventory_panel_png.vtex
       Read 1 Input(s): 0ms
       Generated Mips and Output: 0ms
       Encoding 206x112x1 texture to DXT5 (Q=3): 2ms
- dota_addons\survival\panorama\styles\custom_game\weapon_growth_hud.css
- dota_addons\survival\panorama\images\custom_game\lottery_handoff\icons\announcement.svg
- dota_addons\survival\panorama\images\custom_game\lottery_handoff\icons\check.svg
- dota_addons\survival\panorama\images\custom_game\lottery_handoff\icons\chevron.svg
- dota_addons\survival\panorama\images\custom_game\lottery_handoff\icons\gift.svg
- dota_addons\survival\panorama\images\custom_game\lottery_handoff\icons\info.svg
- dota_addons\survival\panorama\images\custom_game\lottery_handoff\icons\refresh.svg
  +- dota_addons\survival\panorama\images\custom_game\st2_darkfantasy\icons\st2_icon_gold_png.vtex
       Read 1 Input(s): 0ms
       Generated Mips and Output: 0ms
  +- dota_addons\survival\panorama\images\custom_game\st2_darkfantasy\icons\st2_icon_wood_png.vtex
       Read 1 Input(s): 0ms
       Generated Mips and Output: 0ms
  +- dota_addons\survival\panorama\images\custom_game\survival_native\icon_agility_png.vtex
       Read 1 Input(s): 0ms
       Generated Mips and Output: 0ms
       Encoding 24x24x1 texture to BGRA8888 (Q=3): 0ms
  +- dota_addons\survival\panorama\images\custom_game\survival_native\icon_armor_png.vtex
       Read 1 Input(s): 0ms
       Generated Mips and Output: 0ms
       Encoding 32x32x1 texture to BGRA8888 (Q=3): 0ms
  +- dota_addons\survival\panorama\images\custom_game\survival_native\icon_attack_speed_png.vtex
       Read 1 Input(s): 0ms
       Generated Mips and Output: 0ms
       Encoding 32x32x1 texture to BGRA8888 (Q=3): 0ms
  +- dota_addons\survival\panorama\images\custom_game\survival_native\icon_damage_png.vtex
       Read 1 Input(s): 0ms
       Generated Mips and Output: 0ms
       Encoding 32x32x1 texture to BGRA8888 (Q=3): 0ms
  +- dota_addons\survival\panorama\images\custom_game\survival_native\icon_intelligence_png.vtex
       Read 1 Input(s): 0ms
       Generated Mips and Output: 0ms
       Encoding 24x24x1 texture to BGRA8888 (Q=3): 0ms
  +- dota_addons\survival\panorama\images\custom_game\survival_native\icon_strength_png.vtex
       Read 1 Input(s): 0ms
       Generated Mips and Output: 0ms
       Encoding 24x24x1 texture to BGRA8888 (Q=3): 0ms

-----------------------------------------------------------------
 OK: 9 compiled, 0 failed, 0 skipped, 0m:01s
-----------------------------------------------------------------
Leaked KeyValues blocks: 162
ARCHIVE_PANORAMA_DEPLOY_PASS
