sounds/swordsound.vsnd_c	28257
sounds/littlesuccess.vsnd_c	69522
sounds/littlefail.vsnd_c	49472
sounds/intro.vsnd_c	5474748
sounds/fragments_loop.vsnd_c	219384
sounds/fenghuangcry.vsnd_c	41439
sounds/fenghuangbgm.vsnd_c	4687972
sounds/ding2.vsnd_c	50160
sounds/ding.vsnd_c	37018
sounds/deadsound.vsnd_c	142869
sounds/bigsuccess.vsnd_c	200136
sounds/bigfail.vsnd_c	110536
sounds/altar_destruction.vsnd_c	1547792
soundevents/custom_sounds.vsndevts_c	751
scripts/vscripts/items/raid_1_34/11. 	526
scripts/vscripts/items/pet/11. 	8342
scripts/vscripts/util/playerutil.lua	8172
scripts/vscripts/util/huobi.lua	2065
scripts/vscripts/util/helperfunc.lua	18144
scripts/vscripts/util/filter.lua	8204
scripts/vscripts/util/constants.lua	2081
scripts/vscripts/util/boss.lua	37357
scripts/vscripts/triggers/teleport.lua	48765
scripts/vscripts/triggers/fire_trap_trigger.lua	2531
scripts/vscripts/triggers/basictrigger.lua	5509
scripts/vscripts/modifiers/huanjing_modifier/modifier_layer_enhance.lua	10895
scripts/vscripts/modifiers/huanjing_modifier/modifier_huanjing_options.lua	46284
scripts/vscripts/modifiers/huanjing_modifier/modifier_huanjing_helper.lua	1657
scripts/vscripts/modifiers/huanjing_modifier/modifier_2.lua	915
scripts/vscripts/modifiers/attributes/modifier_tallentbuff.lua	210
scripts/vscripts/modifiers/attributes/modifier_tallent.lua	2719
scripts/vscripts/modifiers/attributes/modifier_rai.lua	1182
scripts/vscripts/modifiers/attributes/modifier_pvp.lua	1951
scripts/vscripts/modifiers/attributes/modifier_persistentbuff.lua	2656
scripts/vscripts/modifiers/attributes/modifier_persistent.lua	1712
scripts/vscripts/modifiers/attributes/modifier_manacost_rdc.lua	822
scripts/vscripts/modifiers/attributes/modifier_luckbuff.lua	71
scripts/vscripts/modifiers/attributes/modifier_luck.lua	4639
scripts/vscripts/modifiers/attributes/modifier_fashu_baoshang.lua	540
scripts/vscripts/modifiers/attributes/modifier_fashang.lua	477
scripts/vscripts/modifiers/attributes/modifier_fachuan.lua	477
scripts/vscripts/modifiers/attributes/modifier_fabao.lua	463
scripts/vscripts/modifiers/attributes/modifier_chuanjia.lua	1531
scripts/vscripts/modifiers/attributes/modifier_channel_time_red.lua	832
scripts/vscripts/modifiers/purge.lua	107
scripts/vscripts/modifiers/modifier_venom.lua	917
scripts/vscripts/modifiers/modifier_truegold.lua	516
scripts/vscripts/modifiers/modifier_texiao.lua	108717
scripts/vscripts/modifiers/modifier_soul.lua	21463
scripts/vscripts/modifiers/modifier_random_scale.lua	434
scripts/vscripts/modifiers/modifier_outofgame.lua	1189
scripts/vscripts/modifiers/modifier_minimap.lua	359
scripts/vscripts/modifiers/modifier_mingzhong.lua	2008
scripts/vscripts/modifiers/modifier_manarecover.lua	0
scripts/vscripts/modifiers/modifier_fast_buff_bianyi.lua	984
scripts/vscripts/modifiers/modifier_evasion_buff.lua	916
scripts/vscripts/modifiers/modifier_difficulty.lua	1086
scripts/vscripts/modifiers/modifier_boss_shields.lua	8390
scripts/vscripts/modifiers/modifier_bossnandu.lua	1457
scripts/vscripts/modifiers/modifier_bianyi.lua	1217
scripts/vscripts/modifiers/modifier_attacksound.lua	1430
scripts/vscripts/modifiers/modifier_ability_cast_warning.lua	4056
scripts/vscripts/modifiers/generic_modifiers.lua	91675
scripts/vscripts/modifiers/11.lua	14481
scripts/vscripts/items/zhuanshu/item_shoe_zhuanshu_sandra_1.lua	9077
scripts/vscripts/items/zhuanshu/item_jew_zhuanshu_emma_xiangnang.lua	9738
scripts/vscripts/items/treebossitem/item_wp_xinyangzhiyuan.lua	9569
scripts/vscripts/items/treebossitem/item_wp_lunhuisuyuanzhanren.lua	11891
scripts/vscripts/items/treebossitem/item_wp_linglangshengquan.lua	8502
scripts/vscripts/items/treebossitem/item_wp_fenhenjinji.lua	8202
scripts/vscripts/items/treebossitem/item_shoe_chonggaotanxianpifeng.lua	8101
scripts/vscripts/items/treebossitem/item_jew_youlingzhitong.lua	11691
scripts/vscripts/items/treebossitem/item_jew_shenchengdaogao.lua	10815
scripts/vscripts/items/treebossitem/item_armor_chaoxibiyou.lua	11612
scripts/vscripts/items/tishen/tishen.lua	1857
scripts/vscripts/items/thunder_item/item_wp_qing_thunder_soul.lua	21120
scripts/vscripts/items/thunder_item/item_thunder_sword_soul.lua	2180
scripts/vscripts/items/thunder_item/item_cailiao_thunderegg.lua	2856
scripts/vscripts/items/rune/rune.lua	47717
scripts/vscripts/items/raid_1_5/item_wp_qing_thunder_staff.lua	29733
scripts/vscripts/items/raid_1_5/item_wp_qing_thunder_hammer.lua	29099
scripts/vscripts/items/raid_1_5/item_wp_qing_thunder_dagger.lua	32282
scripts/vscripts/items/raid_1_5/item_shoe_zhuanshu_arven_1.lua	9803
scripts/vscripts/items/raid_1_5/item_shoe_taitanzugeng.lua	11627
scripts/vscripts/items/raid_1_5/item_shoe_qinwangzhenzhandoupeng.lua	15456
scripts/vscripts/items/raid_1_5/item_jew_zhuanshu_kyra_1.lua	14804
scripts/vscripts/items/raid_1_5/item_helm_shenyuanningwang.lua	9372
scripts/vscripts/items/raid_1_5/item_armor_moludaofengxiongjia.lua	14934
scripts/vscripts/items/raid_1_34/item_wp_thundersword.lua	11501
scripts/vscripts/items/raid_1_34/item_wp_thunderstaff.lua	15414
scripts/vscripts/items/raid_1_34/item_wp_thunderhammer.lua	12632
scripts/vscripts/items/raid_1_34/item_shoe_zhuanshu_lauren_1.lua	13248
scripts/vscripts/items/raid_1_34/item_shoe_daxingluopifeng.lua	12516
scripts/vscripts/items/raid_1_34/item_jew_zhuanshu_caden_1.lua	11287
scripts/vscripts/items/raid_1_34/item_jew_dafuhuojiezhi.lua	10939
scripts/vscripts/items/raid_1_34/item_helm_damengyantoukui.lua	12817
scripts/vscripts/items/raid_1_34/item_armor_dafabaoyifu.lua	14921
scripts/vscripts/items/raid_1/item_shoe_jiasuxiezi.lua	10500
scripts/vscripts/items/raid_1/item_shoe_jianshangyaodai.lua	9232
scripts/vscripts/items/raid_1/item_jew_xianweishe.lua	10715
scripts/vscripts/items/raid_1/item_jew_quanshuxing.lua	9200
scripts/vscripts/items/raid_1/item_jew_dafuhuojiezhi.lua	9276
scripts/vscripts/items/raid_1/item_armor_pojiayifu.lua	11274
scripts/vscripts/items/raid_1/item_armor_huixueyifu.lua	10061
scripts/vscripts/items/pet/pet_spell.lua	5260
scripts/vscripts/items/pet/pet_modifier.lua	44173
scripts/vscripts/items/newbie_chest/item_wp_hunter_1.lua	9542
scripts/vscripts/items/newbie_chest/item_helm_jiangongji_1.lua	11012
scripts/vscripts/items/newbie_chest/item_bottle_wine_1.lua	3666
scripts/vscripts/items/newbie_chest/item_armor_xunshoushi_2.lua	11887
scripts/vscripts/items/newbie_chest/item_armor_xunshoushi_1.lua	11161
scripts/vscripts/items/newbie/item_shoe_newbieshoe.lua	0
scripts/vscripts/items/newbie/item_helm_newbiehelm.lua	0
scripts/vscripts/items/funitem/open_newbie_chest.lua	7095
scripts/vscripts/items/funitem/item_wp_jinchanzi.lua	0
scripts/vscripts/items/funitem/item_texiao_test.lua	8646
scripts/vscripts/items/funitem/item_consum_huanjing_box.lua	1502
scripts/vscripts/items/funitem/item_consum_buchangbox.lua	2494
scripts/vscripts/items/funitem/item_consum_1007.lua	2403
scripts/vscripts/items/funitem/item_backpack_small1.lua	973
scripts/vscripts/items/funitem/item_backpack_mid2.lua	951
scripts/vscripts/items/funitem/item_backpack_mid1.lua	951
scripts/vscripts/items/funitem/add_texiao_item.lua	303
scripts/vscripts/items/funitem/add_huobi_items.lua	437
scripts/vscripts/items/fenghuangitem/item_wp_rongyanzhishi.lua	8686
scripts/vscripts/items/fenghuangitem/item_wp_qing_baiyuejiao.lua	10857
scripts/vscripts/items/fenghuangitem/item_wp_qianchengzhefubao.lua	7653
scripts/vscripts/items/fenghuangitem/item_shoe_xuwuzhisha.lua	9152
scripts/vscripts/items/fenghuangitem/item_shoe_dafengzhicheng.lua	20451
scripts/vscripts/items/fenghuangitem/item_jew_shigushouzhuo.lua	9265
scripts/vscripts/items/fenghuangitem/item_jew_mabijiezhi.lua	9263
scripts/vscripts/items/fenghuangitem/item_helm_siwangfoujue.lua	10004
scripts/vscripts/items/fenghuangitem/item_helm_jianjiatou.lua	10537
scripts/vscripts/items/fenghuangitem/item_helm_chongfengtou.lua	11200
scripts/vscripts/items/fenghuangitem/item_armor_shanbiyi.lua	10100
scripts/vscripts/items/fenghuangitem/item_armor_qing_yedenglou.lua	24687
scripts/vscripts/items/fenghuangitem/item_armor_fuleizedegugao.lua	18826
scripts/vscripts/items/faxi/item_wp_xixue_chaofuhe_1.lua	11951
scripts/vscripts/items/faxi/item_wp_sanxiang_3.lua	11394
scripts/vscripts/items/faxi/item_wp_sanxiang_2.lua	11394
scripts/vscripts/items/faxi/item_wp_sanxiang_1.lua	11394
scripts/vscripts/items/faxi/item_wp_faxi_xixue_3.lua	9588
scripts/vscripts/items/faxi/item_wp_faxi_xixue_2.lua	9590
scripts/vscripts/items/faxi/item_wp_faxi_xixue_1.lua	9590
scripts/vscripts/items/faxi/item_shoe_magic_crit_3.lua	10282
scripts/vscripts/items/faxi/item_shoe_magic_crit_2.lua	10282
scripts/vscripts/items/faxi/item_shoe_magic_crit_1.lua	10282
scripts/vscripts/items/faxi/item_jew_mana_recover_3.lua	8732
scripts/vscripts/items/faxi/item_jew_mana_recover_2.lua	8720
scripts/vscripts/items/faxi/item_jew_mana_recover_1.lua	8734
scripts/vscripts/items/faxi/item_helm_telescope_2.lua	9107
scripts/vscripts/items/faxi/item_helm_telescope_1.lua	8882
scripts/vscripts/items/faxi/item_helm_magic_attr_4.lua	8655
scripts/vscripts/items/faxi/item_helm_magic_attr_3.lua	8655
scripts/vscripts/items/faxi/item_helm_magic_attr_2.lua	8655
scripts/vscripts/items/faxi/item_helm_magic_attr_1.lua	8667
scripts/vscripts/items/faxi/item_helm_cast_range_2.lua	7517
scripts/vscripts/items/faxi/item_helm_cast_range_1.lua	7517
scripts/vscripts/items/faxi/item_armor_high_int_4.lua	7646
scripts/vscripts/items/faxi/item_armor_high_int_3.lua	7646
scripts/vscripts/items/faxi/item_armor_high_int_2.lua	7646
scripts/vscripts/items/faxi/item_armor_high_int_1.lua	7648
scripts/vscripts/items/faxi/item_armor_cast_rdc_3.lua	7711
scripts/vscripts/items/faxi/item_armor_cast_rdc_2.lua	7712
scripts/vscripts/items/faxi/item_armor_cast_rdc_1.lua	7712
scripts/vscripts/items/bottle/item_bottle_zhuoshaoyaoji.lua	0
scripts/vscripts/items/bottle/item_bottle_wolfblood.lua	0
scripts/vscripts/items/bottle/item_bottle_newbiehp.lua	4491
scripts/vscripts/items/bottle/item_bottle_doubledrop.lua	3827
scripts/vscripts/items/bottle/item_bottle_deermeat.lua	0
scripts/vscripts/items/bottle/item_bottle_baolv.lua	2082
scripts/vscripts/items/axebossitem/item_wp_tuanjiexinbiao.lua	19811
scripts/vscripts/items/axebossitem/item_wp_miwujinpozhifeng.lua	11778
scripts/vscripts/items/axebossitem/item_wp_jiandingchengchi.lua	11875
scripts/vscripts/items/axebossitem/item_shoe_shixuejushoubufa.lua	12312
scripts/vscripts/items/axebossitem/item_shoe_kuangliemaan.lua	9060
scripts/vscripts/items/axebossitem/item_jew_dilonghuxi.lua	12722
scripts/vscripts/items/axebossitem/item_helm_qinruzhefenlu.lua	8718
scripts/vscripts/items/axebossitem/item_armor_tupadeyacibibao.lua	11264
scripts/vscripts/items/axebossitem/item_armor_gaojieshouhu.lua	14958
scripts/vscripts/items/zhudonghuixue.lua	718
scripts/vscripts/items/yidaoliu.lua	446
scripts/vscripts/items/xingluo.lua	1750
scripts/vscripts/items/shiguang.lua	902
scripts/vscripts/items/selfcengshu.lua	1372
scripts/vscripts/items/poison.lua	419
scripts/vscripts/items/lingdongzhichan.lua	423
scripts/vscripts/items/linealproj.lua	3133
scripts/vscripts/items/jushou.lua	3321
scripts/vscripts/items/jiumingjia.lua	956
scripts/vscripts/items/jianjia.lua	417
scripts/vscripts/items/item_wp_zlpzhishou.lua	5890
scripts/vscripts/items/item_tatluck.lua	1421
scripts/vscripts/items/item_shoe_rongyantuijinqi.lua	4151
scripts/vscripts/items/item_lava_caller.lua	4857
scripts/vscripts/items/item_jew_shenlingbaoshi.lua	9952
scripts/vscripts/items/item_jew_shanfeng.lua	9578
scripts/vscripts/items/item_jew_milinbaoshi.lua	9664
scripts/vscripts/items/item_initial_equip_lottery.lua	1236
scripts/vscripts/items/item_consum_hunneng.lua	482
scripts/vscripts/items/item_box_zixuan_1.lua	2283
scripts/vscripts/items/item_attributes.lua	7047
scripts/vscripts/items/huicheng.lua	1271
scripts/vscripts/items/groupshield.lua	3543
scripts/vscripts/items/function_item.lua	9999
scripts/vscripts/items/fenghuang.lua	1529
scripts/vscripts/items/fanshangjia.lua	2861
scripts/vscripts/items/dubo.lua	672
scripts/vscripts/items/diejiabuff.lua	2837
scripts/vscripts/items/consumeable.lua	438
scripts/vscripts/items/chancedamage.lua	1055
scripts/vscripts/items/bianda.lua	394
scripts/vscripts/items/beidonggongsu.lua	2263
scripts/vscripts/items/attrbuff.lua	1009
scripts/vscripts/items/aoeheal.lua	3624
scripts/vscripts/heroes/sandra/ultimatelaser.lua	10067
scripts/vscripts/heroes/sandra/modifier_fuyoupao.lua	7092
scripts/vscripts/heroes/sandra/modifier_flame_torment.lua	6669
scripts/vscripts/heroes/sandra/modifier_energy_stack.lua	2791
scripts/vscripts/heroes/sandra/modifier_attack_passive.lua	5071
scripts/vscripts/heroes/sandra/lava_cannon.lua	3683
scripts/vscripts/heroes/sandra/flametorment.lua	1532
scripts/vscripts/heroes/sandra/exultimatelaser.lua	7672
scripts/vscripts/heroes/sandra/dimensionalstrike.lua	9247
scripts/vscripts/heroes/sandra/deathsniper.lua	10077
scripts/vscripts/heroes/sandra/belluccitallent.lua	2199
scripts/vscripts/heroes/naima/naima.lua	69868
scripts/vscripts/heroes/modifier/modifier_slow_debuff.lua	1010
scripts/vscripts/heroes/modifier/modifier_skin_texiao.lua	0
scripts/vscripts/heroes/modifier/modifier_fast_buff.lua	1023
scripts/vscripts/heroes/modifier/modifier_fast_aura.lua	1247
scripts/vscripts/heroes/modifier/modifier_custom_knockback.lua	5345
scripts/vscripts/heroes/modifier/modifier_burn.lua	1015
scripts/vscripts/heroes/modifier/modifier_bleed.lua	928
scripts/vscripts/heroes/mage/mage.lua	45677
scripts/vscripts/heroes/lauren/wolfinstinct.lua	1795
scripts/vscripts/heroes/lauren/twine.lua	1469
scripts/vscripts/heroes/lauren/parry.lua	1181
scripts/vscripts/heroes/lauren/modifier_twine.lua	1490
scripts/vscripts/heroes/lauren/modifier_rush.lua	5002
scripts/vscripts/heroes/lauren/modifier_parry.lua	5124
scripts/vscripts/heroes/lauren/modifier_move.lua	2638
scripts/vscripts/heroes/lauren/modifier_lunge_slashes.lua	4275
scripts/vscripts/heroes/lauren/modifier_lunge_explosion.lua	2413
scripts/vscripts/heroes/lauren/modifier_lunge_dash.lua	3945
scripts/vscripts/heroes/lauren/modifier_lunge_damage.lua	910
scripts/vscripts/heroes/lauren/modifier_lunge_buff.lua	480
scripts/vscripts/heroes/lauren/modifier_group_bleed.lua	1571
scripts/vscripts/heroes/lauren/modifier_effect_counter.lua	1237
scripts/vscripts/heroes/lauren/modifier_effect.lua	1421
scripts/vscripts/heroes/lauren/lunge.lua	2204
scripts/vscripts/heroes/lauren/effect_lauren.lua	504
scripts/vscripts/heroes/lauren/dogged_warcry.lua	4904
scripts/vscripts/heroes/lauren/counter_allez.lua	744
scripts/vscripts/heroes/lauren/bloodcryknockback.lua	1901
scripts/vscripts/heroes/lauren/bloodcrydrag.lua	1801
scripts/vscripts/heroes/lauren/bloodcry.lua	1627
scripts/vscripts/heroes/lauren/backjump.lua	2426
scripts/vscripts/heroes/lauren/allez.lua	5768
scripts/vscripts/heroes/lanquan/warcry.lua	8007
scripts/vscripts/heroes/lanquan/warbanner_regen.lua	1743
scripts/vscripts/heroes/lanquan/warbanner_reduce.lua	1645
scripts/vscripts/heroes/lanquan/warbanner_damage.lua	1759
scripts/vscripts/heroes/lanquan/powerthrowing.lua	17700
scripts/vscripts/heroes/lanquan/modifier_aura_regen.lua	2352
scripts/vscripts/heroes/lanquan/modifier_aura_red.lua	2334
scripts/vscripts/heroes/lanquan/modifier_aura_damage.lua	2372
scripts/vscripts/heroes/lanquan/garciapride.lua	3802
scripts/vscripts/heroes/lanquan/frenzyfist.lua	8438
scripts/vscripts/heroes/lanquan/flag_status.lua	319
scripts/vscripts/heroes/lanquan/flag_info.lua	1144
scripts/vscripts/heroes/lanquan/crush.lua	9008
scripts/vscripts/heroes/caden/shield.lua	50131
scripts/vscripts/heroes/arven/stingdash.lua	2254
scripts/vscripts/heroes/arven/olmedomercy.lua	279
scripts/vscripts/heroes/arven/modifier_twine.lua	2162
scripts/vscripts/heroes/arven/modifier_lunge_slashes.lua	3774
scripts/vscripts/heroes/arven/modifier_lunge_dash.lua	3707
scripts/vscripts/heroes/arven/modifier_lunge_damage.lua	648
scripts/vscripts/heroes/arven/modifier_judgement_debuff.lua	3226
scripts/vscripts/heroes/arven/modifier_evasion_aura.lua	1298
scripts/vscripts/heroes/arven/lightrose.lua	4182
scripts/vscripts/heroes/arven/leafevade.lua	1674
scripts/vscripts/heroes/arven/heavenlyexecution.lua	9524
scripts/vscripts/heroes/arven/cirrusroot.lua	2011
scripts/vscripts/helper/playerutil.lua	8172
scripts/vscripts/helper/helperfunc.lua	4613
scripts/vscripts/boss/trigger_skill/trap_chainboss.lua	2591
scripts/vscripts/boss/treeboss/treeboss_ai.lua	19760
scripts/vscripts/boss/treeboss/treeboss.lua	35025
scripts/vscripts/boss/treeboss/summon_ai.lua	6606
scripts/vscripts/boss/treeboss/modifier_treeboss_nandu.lua	62
scripts/vscripts/boss/texiao/texiao_ai.lua	598
scripts/vscripts/boss/spiderboss/spiderrush.lua	1456
scripts/vscripts/boss/spiderboss/modifier_poisonpath.lua	1136
scripts/vscripts/boss/spiderboss/modifier_firepath.lua	5330
scripts/vscripts/boss/spiderboss/modifier_acidspray_thinker.lua	2132
scripts/vscripts/boss/spiderboss/acidspray.lua	535
scripts/vscripts/boss/raid_1/raid_boss_5_yanmo_ai.lua	2109
scripts/vscripts/boss/raid_1/raid_boss_5_creep_ai.lua	13341
scripts/vscripts/boss/raid_1/raid_boss_5_ai.lua	25298
scripts/vscripts/boss/raid_1/raid_boss_5.lua	64803
scripts/vscripts/boss/raid_1/raid_boss_4_ai.lua	21981
scripts/vscripts/boss/raid_1/raid_boss_4.lua	37825
scripts/vscripts/boss/raid_1/raid_boss_3_soul_ai.lua	3618
scripts/vscripts/boss/raid_1/raid_boss_3_bat_ai.lua	1025
scripts/vscripts/boss/raid_1/raid_boss_3_ai.lua	21510
scripts/vscripts/boss/raid_1/raid_boss_3.lua	43261
scripts/vscripts/boss/raid_1/raid_boss_2_ai.lua	30618
scripts/vscripts/boss/raid_1/raid_boss_2.lua	30744
scripts/vscripts/boss/raid_1/raid_boss_1_ai.lua	21208
scripts/vscripts/boss/raid_1/raid_boss_1.lua	20106
scripts/vscripts/boss/raid_1/kongmo_ai.lua	7275
scripts/vscripts/boss/raid_1/creep_fangshou_ai.lua	5732
scripts/vscripts/boss/raid_1/creep_3.lua	7956
scripts/vscripts/boss/raid_1/creep_2_ai.lua	15432
scripts/vscripts/boss/raid_1/creep_2.lua	8647
scripts/vscripts/boss/raid_1/creep_1_ai.lua	13277
scripts/vscripts/boss/raid_1/creep_110_1_ai.lua	17256
scripts/vscripts/boss/raid_1/creep_1.lua	5849
scripts/vscripts/boss/hunterwiper/wolfinstinct.lua	4380
scripts/vscripts/boss/hunterwiper/modifier_rush.lua	4999
scripts/vscripts/boss/hunterwiper/modifier_move.lua	3180
scripts/vscripts/boss/hunterwiper/modifier_group_bleed.lua	1571
scripts/vscripts/boss/hunterwiper/bloodcryknockback.lua	1901
scripts/vscripts/boss/hunterwiper/bloodcrydrag.lua	1804
scripts/vscripts/boss/hunterwiper/bloodcry.lua	1630
scripts/vscripts/boss/hunterwiper/bloodclaw.lua	889
scripts/vscripts/boss/hunterwiper/backjump.lua	2426
scripts/vscripts/boss/huanjing_ai/huanjing_xiaoguai_ai.lua	10402
scripts/vscripts/boss/huanjing_ai/huanjing_jingying_ai.lua	18810
scripts/vscripts/boss/huanjing_ai/huanjing_boss_ai.lua	23840
scripts/vscripts/boss/fenghuang/xiaofenghuang_ai.lua	15678
scripts/vscripts/boss/fenghuang/fenghuang_ai.lua	24110
scripts/vscripts/boss/fenghuang/fenghuang.lua	40089
scripts/vscripts/boss/axeboss/modifier_custodian_nandu.lua	64
scripts/vscripts/boss/axeboss/kanmenren_ai.lua	34224
scripts/vscripts/boss/axeboss/custodian.lua	62848
scripts/vscripts/boss/xiaoguai_ai.lua	14667
scripts/vscripts/boss/test_ai.lua	11767
scripts/vscripts/boss/spiderboss_ai.lua	8751
scripts/vscripts/boss/muzhuang_ai.lua	7631
scripts/vscripts/boss/jingying_ai.lua	20995
scripts/vscripts/boss/hunterwiper_ai.lua	8751
scripts/vscripts/boss/gebulin_ai.lua	12443
scripts/vscripts/boss/ai_core.lua	6313
scripts/vscripts/yuzairu.lua	2320
scripts/vscripts/shuaguai.lua	7783
scripts/vscripts/drop_item.lua	1032
scripts/vscripts/backpack.lua	79310
scripts/vscripts/addon_game_mode.lua	356178
scripts/vscripts/util/texiao.kv	5199
scripts/kv/zhuanshu.kv	102
scripts/kv/texiao.kv	3563
scripts/kv/spawn.kv	22127
scripts/kv/skill_pool.kv	0
scripts/kv/random_skill_backup.kv	9174
scripts/kv/random_skill.kv	10824
scripts/kv/random_buff.kv	0
scripts/kv/pet.kv	4170
scripts/kv/model.kv	1242
scripts/kv/item_drops.kv	120534
scripts/kv/item_class.kv	115858
scripts/kv/item_class - 副本.kv	70705
scripts/kv/item_all_test.kv	79085
scripts/kv/item_all.kv	104340
scripts/kv/huanjing_unit.kv	7887
scripts/kv/hecheng.kv	39048
scripts/kv/econ_items.kv	3854
scripts/kv/custom_shop.kv	6189
scripts/kv/addon_schinese.kv	5727
resource/word_filter_cache_1.dat	933662
resource/flash3/images/spellicons/desktop.ini	19322
resource/flash3/images/spellicons/custom/emma/desktop.ini	730
resource/flash3/images/spellicons/custom/boss/desktop.ini	652
resource/flash3/images/items/desktop.ini	938
resource/flash3/images/items/consume/desktop.ini	19322
resource/flash3/images/spellicons/custom/shield/w.png	28106
resource/flash3/images/spellicons/custom/shield/r.png	34462
resource/flash3/images/spellicons/custom/shield/q.png	28119
resource/flash3/images/spellicons/custom/shield/f.png	31068
resource/flash3/images/spellicons/custom/shield/e3.png	26879
resource/flash3/images/spellicons/custom/shield/e2.png	29081
resource/flash3/images/spellicons/custom/shield/e.png	26805
resource/flash3/images/spellicons/custom/shield/d.png	29533
resource/flash3/images/spellicons/custom/sandra/7.png	34718
resource/flash3/images/spellicons/custom/sandra/6.png	21571
resource/flash3/images/spellicons/custom/sandra/5.png	30795
resource/flash3/images/spellicons/custom/sandra/4.png	26813
resource/flash3/images/spellicons/custom/sandra/3.png	30742
resource/flash3/images/spellicons/custom/sandra/2.png	26719
resource/flash3/images/spellicons/custom/sandra/1.png	22924
resource/flash3/images/spellicons/custom/mage/6.png	28553
resource/flash3/images/spellicons/custom/mage/5.png	29335
resource/flash3/images/spellicons/custom/mage/4.png	28422
resource/flash3/images/spellicons/custom/mage/3.png	31258
resource/flash3/images/spellicons/custom/mage/2.png	33888
resource/flash3/images/spellicons/custom/mage/1.png	28727
resource/flash3/images/spellicons/custom/lauren/9.png	18909
resource/flash3/images/spellicons/custom/lauren/8.png	27676
resource/flash3/images/spellicons/custom/lauren/7.png	26308
resource/flash3/images/spellicons/custom/lauren/6.png	26200
resource/flash3/images/spellicons/custom/lauren/5.png	26264
resource/flash3/images/spellicons/custom/lauren/4.png	27574
resource/flash3/images/spellicons/custom/lauren/3.png	27182
resource/flash3/images/spellicons/custom/lauren/2.png	25449
resource/flash3/images/spellicons/custom/lauren/1.png	24520
resource/flash3/images/spellicons/custom/emma/zeus_arc_lightning_immortal.png	35308
resource/flash3/images/spellicons/custom/emma/wisp_tether_alt.png	25928
resource/flash3/images/spellicons/custom/emma/warlock_golem_permanent_immolation.png	37177
resource/flash3/images/spellicons/custom/emma/phantom_lancer_phantom_edge.png	32659
resource/flash3/images/spellicons/custom/emma/omniknight_purification.png	28797
resource/flash3/images/spellicons/custom/emma/monkey_king_spring.png	31575
resource/flash3/images/spellicons/custom/emma/mirana_starfall.png	32445
resource/flash3/images/spellicons/custom/emma/lina_lightstrike_array_gold.png	29325
resource/flash3/images/spellicons/custom/emma/earthshaker_aftershock_alt2.png	29054
resource/flash3/images/spellicons/custom/emma/earthshaker_aftershock.png	30644
resource/flash3/images/spellicons/custom/emma/centaur_stampede.png	30244
resource/flash3/images/spellicons/custom/emma/antimage_blink_gold.png	30951
resource/flash3/images/spellicons/custom/emma/6.png	30387
resource/flash3/images/spellicons/custom/emma/5.png	24738
resource/flash3/images/spellicons/custom/emma/4.png	32712
resource/flash3/images/spellicons/custom/emma/3.png	20536
resource/flash3/images/spellicons/custom/emma/2.png	28081
resource/flash3/images/spellicons/custom/emma/1.png	24980
resource/flash3/images/spellicons/custom/boss/treant_living_armor.png	33560
resource/flash3/images/spellicons/custom/boss/pudge_meat_hook_arcana.png	29838
resource/flash3/images/spellicons/custom/boss/pudge_flesh_heap.png	31014
resource/flash3/images/spellicons/custom/boss/obsidian_destroyer_sanity_eclipse.png	32061
resource/flash3/images/spellicons/custom/boss/lycan_summon_wolves.png	30384
resource/flash3/images/spellicons/custom/boss/lycan_howl.png	27205
resource/flash3/images/spellicons/custom/boss/leshrac_split_earth.png	30747
resource/flash3/images/spellicons/custom/boss/juggernaut_blade_fury_immortal_gold.png	28587
resource/flash3/images/spellicons/custom/boss/juggernaut_blade_fury_immortal.png	27363
resource/flash3/images/spellicons/custom/boss/earthshaker_fissure.png	31122
resource/flash3/images/spellicons/custom/boss/centaur_stampede.png	30244
resource/flash3/images/spellicons/custom/arven/7.png	33564
resource/flash3/images/spellicons/custom/arven/6.png	29097
resource/flash3/images/spellicons/custom/arven/5.png	27369
resource/flash3/images/spellicons/custom/arven/4.png	31032
resource/flash3/images/spellicons/custom/arven/3.png	31380
resource/flash3/images/spellicons/custom/arven/2.png	34879
resource/flash3/images/spellicons/custom/arven/1.png	31410
resource/flash3/images/spellicons/zeus_arc_lightning_immortal.png	35308
resource/flash3/images/spellicons/witch_doctor_paralyzing_cask_immortal.png	37648
resource/flash3/images/spellicons/witch_doctor_paralyzing_cask.png	33134
resource/flash3/images/spellicons/witch_doctor_maledict_immortal.png	39162
resource/flash3/images/spellicons/witch_doctor_death_ward.png	38416
resource/flash3/images/spellicons/wisp_tether_alt.png	25928
resource/flash3/images/spellicons/wisp_spirits_out_alt.png	28394
resource/flash3/images/spellicons/wisp_spirits_in_alt.png	23693
resource/flash3/images/spellicons/wisp_spirits_alt.png	29843
resource/flash3/images/spellicons/wisp_relocate_alt.png	33805
resource/flash3/images/spellicons/wisp_overcharge_alt.png	31414
resource/flash3/images/spellicons/winter_wyvern_cold_embrace.png	29486
resource/flash3/images/spellicons/windrunner_powershot.png	27722
resource/flash3/images/spellicons/weaver_shukuchi.png	26837
resource/flash3/images/spellicons/weaver_geminate_attack_gold.png	29965
resource/flash3/images/spellicons/weaver_geminate_attack.png	29862
resource/flash3/images/spellicons/warlock_shadow_word.png	31655
resource/flash3/images/spellicons/warlock_rain_of_chaos.png	38357
resource/flash3/images/spellicons/warlock_golem_permanent_immolation.png	37177
resource/flash3/images/spellicons/warlock_golem_flaming_fists.png	35117
resource/flash3/images/spellicons/wailing_inferno_rain_of_chaos.png	32585
resource/flash3/images/spellicons/viper_poison_attack_crimson.png	27446
resource/flash3/images/spellicons/viper_poison_attack.png	28796
resource/flash3/images/spellicons/viper_nethertoxin_immortal.png	32351
resource/flash3/images/spellicons/vengefulspirit_wave_of_terror.png	28029
resource/flash3/images/spellicons/vengefulspirit_nether_swap.png	32370
resource/flash3/images/spellicons/vengefulspirit_magic_missile_immortal_crimson.png	28297
resource/flash3/images/spellicons/vengefulspirit_magic_missile_immortal.png	28509
resource/flash3/images/spellicons/vengefulspirit_magic_missile.png	31356
resource/flash3/images/spellicons/vengefulspirit_command_aura.png	35087
resource/flash3/images/spellicons/undying_decay.png	29638
resource/flash3/images/spellicons/tusk_walrus_punch.png	30015
resource/flash3/images/spellicons/tusk_walrus_kick.png	22954
resource/flash3/images/spellicons/tusk_snowball.png	24699
resource/flash3/images/spellicons/tusk_launch_snowball.png	24699
resource/flash3/images/spellicons/tusk_ice_shards.png	34563
resource/flash3/images/spellicons/tusk_frozen_sigil.png	29242
resource/flash3/images/spellicons/troll_warlord_berserkers_rage_active.png	39891
resource/flash3/images/spellicons/troll_warlord_berserkers_rage.png	37915
resource/flash3/images/spellicons/treant_overgrowth.png	30283
resource/flash3/images/spellicons/treant_natures_guise.png	33899
resource/flash3/images/spellicons/treant_living_armor_crimson.png	33981
resource/flash3/images/spellicons/treant_living_armor.png	33560
resource/flash3/images/spellicons/treant_leech_seed.png	28887
resource/flash3/images/spellicons/treant_eyes_in_the_forest.png	35502
resource/flash3/images/spellicons/tinker_march_of_the_machines_1.png	29152
resource/flash3/images/spellicons/tidehunter_gush_gold.png	36924
resource/flash3/images/spellicons/tidehunter_gush.png	35521
resource/flash3/images/spellicons/terrorblade_sunder_immortal.png	36898
resource/flash3/images/spellicons/terrorblade_reflection_alt1.png	35805
resource/flash3/images/spellicons/terrorblade_conjure_image.png	31756
resource/flash3/images/spellicons/templar_assassin_psi_blades.png	31723
resource/flash3/images/spellicons/templar_assassin_meld.png	28720
resource/flash3/images/spellicons/sylph_brambles.png	31420
resource/flash3/images/spellicons/sven_warcry.png	30461
resource/flash3/images/spellicons/sven_storm_bolt.png	29089
resource/flash3/images/spellicons/sven_great_cleave.png	31305
resource/flash3/images/spellicons/sven_gods_strength.png	28580
resource/flash3/images/spellicons/storm_spirit_ball_lightning_orchid_retro.png	31103
resource/flash3/images/spellicons/spirit_breaker_greater_bash_immortal.png	33141
resource/flash3/images/spellicons/spectre_spectral_dagger.png	34704
resource/flash3/images/spellicons/spectre_crimson_spectral_dagger.png	34445
resource/flash3/images/spellicons/slark_pounce.png	29844
resource/flash3/images/spellicons/slardar_slithereen_crush.png	31396
resource/flash3/images/spellicons/slardar_gold_slithereen_crush.png	32201
resource/flash3/images/spellicons/skywrath_mage_mystic_flare.png	30568
resource/flash3/images/spellicons/skywrath_mage_concussive_shot.png	30947
resource/flash3/images/spellicons/skywrath_mage_arcane_bolt.png	30456
resource/flash3/images/spellicons/skywrath_mage_ancient_seal.png	32126
resource/flash3/images/spellicons/skeleton_king_vampiric_aura.png	29471
resource/flash3/images/spellicons/skeleton_king_reincarnation.png	28093
resource/flash3/images/spellicons/skeleton_king_mortal_strike_immortal_crimson.png	33793
resource/flash3/images/spellicons/skeleton_king_mortal_strike_immortal.png	36039
resource/flash3/images/spellicons/skeleton_king_mortal_strike.png	23796
resource/flash3/images/spellicons/skeleton_king_hellfire_blast.png	27460
resource/flash3/images/spellicons/silencer_last_word.png	33738
resource/flash3/images/spellicons/silencer_global_silence.png	33201
resource/flash3/images/spellicons/silencer_glaives_of_wisdom_immortal.png	26700
resource/flash3/images/spellicons/silencer_glaives_of_wisdom.png	29635
resource/flash3/images/spellicons/silencer_curse_of_the_silent.png	27956
resource/flash3/images/spellicons/shredder_timber_chain.png	35990
resource/flash3/images/spellicons/shredder_chakram_immortal_gold.png	36125
resource/flash3/images/spellicons/shredder_chakram_immortal_2_gold.png	35722
resource/flash3/images/spellicons/shredder_chakram_immortal_2.png	40480
resource/flash3/images/spellicons/shredder_chakram_immortal.png	36958
resource/flash3/images/spellicons/shadow_demon_shadow_poison_release_gold.png	30551
resource/flash3/images/spellicons/shadow_demon_shadow_poison_release.png	29252
resource/flash3/images/spellicons/shadow_demon_shadow_poison_gold.png	29384
resource/flash3/images/spellicons/shadow_demon_shadow_poison.png	28978
resource/flash3/images/spellicons/seasonal_ti9_shovel.png	22399
resource/flash3/images/spellicons/seasonal_ti9_monkey.png	22230
resource/flash3/images/spellicons/seasonal_ti9_instruments.png	21712
resource/flash3/images/spellicons/seasonal_ti9_banner_2.png	27150
resource/flash3/images/spellicons/seasonal_ti9_banner.png	18510
resource/flash3/images/spellicons/seasonal_throw_snowball.png	16874
resource/flash3/images/spellicons/seasonal_summon_ti9_balloon.png	19966
resource/flash3/images/spellicons/seasonal_summon_snowman.png	20142
resource/flash3/images/spellicons/seasonal_summon_dragon.png	26677
resource/flash3/images/spellicons/seasonal_summon_cny_tree.png	26980
resource/flash3/images/spellicons/seasonal_summon_cny_balloon.png	18666
resource/flash3/images/spellicons/seasonal_firecrackers.png	28221
resource/flash3/images/spellicons/seasonal_festive_firework.png	17989
resource/flash3/images/spellicons/seasonal_decorate_tree.png	20859
resource/flash3/images/spellicons/sandking_caustic_finale.png	25592
resource/flash3/images/spellicons/rubick_telekinesis_land_arcana.png	23983
resource/flash3/images/spellicons/rubick_telekinesis_land.png	27597
resource/flash3/images/spellicons/rubick_telekinesis_gold.png	28011
resource/flash3/images/spellicons/rubick_telekinesis_arcana.png	24193
resource/flash3/images/spellicons/rubick_telekinesis.png	26769
resource/flash3/images/spellicons/rubick_spell_steal_arcana.png	31868
resource/flash3/images/spellicons/rubick_spell_steal.png	30100
resource/flash3/images/spellicons/rubick_null_field.png	30187
resource/flash3/images/spellicons/rubick_fade_bolt_immortal.png	29779
resource/flash3/images/spellicons/rubick_fade_bolt_arcana.png	35168
resource/flash3/images/spellicons/rubick_fade_bolt.png	30113
resource/flash3/images/spellicons/rubick_arcane_supremacy_arcana.png	35841
resource/flash3/images/spellicons/riki_smoke_screen_immortal_gold.png	32048
resource/flash3/images/spellicons/riki_smoke_screen_immortal_crimson.png	30678
resource/flash3/images/spellicons/riki_smoke_screen_immortal.png	30830
resource/flash3/images/spellicons/riki_smoke_screen.png	28141
resource/flash3/images/spellicons/riki_permanent_invisibility.png	26734
resource/flash3/images/spellicons/riki_gold_blink_strike.png	27119
resource/flash3/images/spellicons/riki_blink_strike.png	27325
resource/flash3/images/spellicons/riki_backstab.png	28622
resource/flash3/images/spellicons/razor_plasma_field.png	30111
resource/flash3/images/spellicons/queenofpain_shadow_strike_immortal.png	32491
resource/flash3/images/spellicons/queenofpain_shadow_strike_gold_immortal.png	31052
resource/flash3/images/spellicons/pugna_nether_blast_immortal.png	31986
resource/flash3/images/spellicons/pudge_rot_arcana_style1.png	32909
resource/flash3/images/spellicons/pudge_rot_arcana.png	32245
resource/flash3/images/spellicons/pudge_rot_alt2.png	31426
resource/flash3/images/spellicons/pudge_rot_alt.png	29594
resource/flash3/images/spellicons/pudge_rot.png	28233
resource/flash3/images/spellicons/pudge_meat_hook_arcana_style1.png	32001
resource/flash3/images/spellicons/pudge_meat_hook_arcana.png	29838
resource/flash3/images/spellicons/pudge_meat_hook.png	31499
resource/flash3/images/spellicons/pudge_flesh_heap_arcana_style1.png	31687
resource/flash3/images/spellicons/pudge_flesh_heap_arcana.png	30904
resource/flash3/images/spellicons/pudge_flesh_heap.png	31014
resource/flash3/images/spellicons/pudge_dismember_arcana_style1.png	34746
resource/flash3/images/spellicons/pudge_dismember_arcana.png	33348
resource/flash3/images/spellicons/pudge_dismember.png	27618
resource/flash3/images/spellicons/phoenix_sun_ray.png	27884
resource/flash3/images/spellicons/phantom_lancer_spirit_lance.png	34432
resource/flash3/images/spellicons/phantom_lancer_phantom_edge.png	32659
resource/flash3/images/spellicons/phantom_assassin_stifling_dagger_immortal.png	32270
resource/flash3/images/spellicons/phantom_assassin_stifling_dagger.png	32427
resource/flash3/images/spellicons/phantom_assassin_phantom_strike.png	30746
resource/flash3/images/spellicons/phantom_assassin_coup_de_grace.png	34690
resource/flash3/images/spellicons/phantom_assassin_blur.png	26526
resource/flash3/images/spellicons/pangolier_shield_crash_immortal.png	35180
resource/flash3/images/spellicons/oracle_fortunes_end.png	31942
resource/flash3/images/spellicons/omniknight_repel_immortal.png	33438
resource/flash3/images/spellicons/omniknight_purification.png	28797
resource/flash3/images/spellicons/ogre_magi_unrefined_fireblast.png	33707
resource/flash3/images/spellicons/ogre_magi_multicast.png	37780
resource/flash3/images/spellicons/ogre_magi_ignite.png	35207
resource/flash3/images/spellicons/ogre_magi_fireblast.png	33877
resource/flash3/images/spellicons/ogre_magi_bloodlust.png	34163
resource/flash3/images/spellicons/obsidian_destroyer_sanity_eclipse_immortal.png	31424
resource/flash3/images/spellicons/obsidian_destroyer_sanity_eclipse.png	32061
resource/flash3/images/spellicons/obsidian_destroyer_gold_astral_imprisonment.png	33204
resource/flash3/images/spellicons/obsidian_destroyer_essence_aura.png	33423
resource/flash3/images/spellicons/obsidian_destroyer_astral_imprisonment.png	33956
resource/flash3/images/spellicons/obsidian_destroyer_arcane_orb.png	30781
resource/flash3/images/spellicons/nyx_assassin_impale.png	30689
resource/flash3/images/spellicons/necrophos_sullen_gold_death_pulse.png	30518
resource/flash3/images/spellicons/necrophos_death_pulse.png	29870
resource/flash3/images/spellicons/necrolyte_sadist.png	34384
resource/flash3/images/spellicons/necrolyte_reapers_scythe.png	30373
resource/flash3/images/spellicons/necrolyte_heartstopper_aura.png	31582
resource/flash3/images/spellicons/necrolyte_death_pulse.png	30221
resource/flash3/images/spellicons/morphling_waveform.png	29529
resource/flash3/images/spellicons/monkey_king_tree_jump.png	31111
resource/flash3/images/spellicons/monkey_king_spring.png	31575
resource/flash3/images/spellicons/mirana_starfall.png	32445
resource/flash3/images/spellicons/meepo_poof.png	31713
resource/flash3/images/spellicons/medusa_stone_gaze.png	31267
resource/flash3/images/spellicons/medusa_split_shot.png	31369
resource/flash3/images/spellicons/medusa_mystic_snake.png	33410
resource/flash3/images/spellicons/medusa_mana_shield.png	26419
resource/flash3/images/spellicons/magnataur_skewer.png	33931
resource/flash3/images/spellicons/magnataur_shockwave.png	28293
resource/flash3/images/spellicons/magnataur_reverse_polarity.png	34375
resource/flash3/images/spellicons/magnataur_empower.png	32616
resource/flash3/images/spellicons/lycan_summon_wolves.png	30384
resource/flash3/images/spellicons/lycan_shapeshift.png	30611
resource/flash3/images/spellicons/lycan_howl.png	27205
resource/flash3/images/spellicons/lycan_feral_impulse.png	27665
resource/flash3/images/spellicons/luna_moon_glaive_immortal_gold.png	24393
resource/flash3/images/spellicons/luna_moon_glaive_immortal.png	26313
resource/flash3/images/spellicons/luna_moon_glaive.png	23952
resource/flash3/images/spellicons/luna_lunar_blessing.png	22503
resource/flash3/images/spellicons/luna_lucent_beam.png	23927
resource/flash3/images/spellicons/luna_eclipse.png	29965
resource/flash3/images/spellicons/lone_druid_spirit_bear_entangle_immortal.png	31266
resource/flash3/images/spellicons/lion_mana_drain.png	31183
resource/flash3/images/spellicons/lion_impale_immortal.png	36397
resource/flash3/images/spellicons/lion_finger_of_death_immortal.png	32541
resource/flash3/images/spellicons/lina_light_strike_array.png	30728
resource/flash3/images/spellicons/lina_lightstrike_array_gold.png	29325
resource/flash3/images/spellicons/lina_laguna_blade.png	26799
resource/flash3/images/spellicons/life_stealer_rage.png	26073
resource/flash3/images/spellicons/life_stealer_open_wounds.png	26539
resource/flash3/images/spellicons/life_stealer_infest.png	22161
resource/flash3/images/spellicons/life_stealer_feast.png	22026
resource/flash3/images/spellicons/life_stealer_consume.png	25477
resource/flash3/images/spellicons/lich_frost_nova.png	27835
resource/flash3/images/spellicons/lich_chain_frost_immortal.png	33789
resource/flash3/images/spellicons/leshrac_split_earth_immortal_retro.png	32837
resource/flash3/images/spellicons/leshrac_split_earth.png	30747
resource/flash3/images/spellicons/legion_commander_press_the_attack.png	29696
resource/flash3/images/spellicons/legion_commander_overwhelming_odds.png	27925
resource/flash3/images/spellicons/kunkka_torrent_immortal_retro.png	36641
resource/flash3/images/spellicons/keeper_of_the_light_illuminate_end_alt.png	27903
resource/flash3/images/spellicons/keeper_of_the_light_illuminate_alt.png	27536
resource/flash3/images/spellicons/juggernaut_omni_slash.png	34960
resource/flash3/images/spellicons/juggernaut_healing_ward.png	29860
resource/flash3/images/spellicons/juggernaut_blade_fury_immortal_gold.png	28587
resource/flash3/images/spellicons/juggernaut_blade_fury_immortal_crimson.png	30490
resource/flash3/images/spellicons/juggernaut_blade_fury_immortal.png	27363
resource/flash3/images/spellicons/juggernaut_blade_fury.png	28082
resource/flash3/images/spellicons/juggernaut_blade_dance.png	23419
resource/flash3/images/spellicons/jakiro_ice_path.png	28761
resource/flash3/images/spellicons/jakiro_dual_breath.png	31361
resource/flash3/images/spellicons/invoker_wex.png	28456
resource/flash3/images/spellicons/invoker_tornado.png	27942
resource/flash3/images/spellicons/invoker_sun_strike.png	26256
resource/flash3/images/spellicons/invoker_quas.png	27917
resource/flash3/images/spellicons/invoker_forge_spirit.png	40545
resource/flash3/images/spellicons/invoker_exort.png	28553
resource/flash3/images/spellicons/invoker_deafening_blast.png	28353
resource/flash3/images/spellicons/invoker_alacrity.png	30599
resource/flash3/images/spellicons/huskar_inner_vitality_immortal.png	35904
resource/flash3/images/spellicons/high_five.png	17298
resource/flash3/images/spellicons/grimstroke_dark_artistry_immortal.png	33280
resource/flash3/images/spellicons/furion_sufferwood_sapling_tp.png	31896
resource/flash3/images/spellicons/frostivus2018_throw_snowball.png	18384
resource/flash3/images/spellicons/frostivus2018_summon_snowman.png	20367
resource/flash3/images/spellicons/frostivus2018_festive_firework.png	18473
resource/flash3/images/spellicons/frostivus2018_decorate_tree.png	23578
resource/flash3/images/spellicons/faceless_void_time_walk_1.png	34492
resource/flash3/images/spellicons/faceless_void_time_dilation_crimson.png	34506
resource/flash3/images/spellicons/faceless_void_time_dilation.png	36153
resource/flash3/images/spellicons/faceless_void_chronosphere.png	31248
resource/flash3/images/spellicons/enigma_black_hole_worldchasm.png	32465
resource/flash3/images/spellicons/enchantress_impetus.png	36399
resource/flash3/images/spellicons/ember_spirit_flame_guard_immortal.png	31618
resource/flash3/images/spellicons/elder_titan_echo_stomp_spirit_alt.png	32148
resource/flash3/images/spellicons/elder_titan_echo_stomp_alt.png	34855
resource/flash3/images/spellicons/earth_spirit_rolling_boulder.png	32477
resource/flash3/images/spellicons/earthshaker_fissure_alt2.png	30400
resource/flash3/images/spellicons/earthshaker_fissure.png	31122
resource/flash3/images/spellicons/earthshaker_enchant_totem_alt2.png	32399
resource/flash3/images/spellicons/earthshaker_enchant_totem.png	34801
resource/flash3/images/spellicons/earthshaker_echo_slam_alt2.png	33236
resource/flash3/images/spellicons/earthshaker_echo_slam.png	34210
resource/flash3/images/spellicons/earthshaker_aftershock_alt2.png	29054
resource/flash3/images/spellicons/earthshaker_aftershock.png	30644
resource/flash3/images/spellicons/drow_ranger_wave_of_silence.png	29879
resource/flash3/images/spellicons/drow_ranger_trueshot.png	31543
resource/flash3/images/spellicons/drow_ranger_marksmanship.png	34071
resource/flash3/images/spellicons/drow_ranger_frost_arrows.png	28256
resource/flash3/images/spellicons/dragon_knight_elder_dragon_form.png	27587
resource/flash3/images/spellicons/dragon_knight_dragon_tail.png	28558
resource/flash3/images/spellicons/dragon_knight_dragon_blood.png	26513
resource/flash3/images/spellicons/dragon_knight_breathe_fire.png	26958
resource/flash3/images/spellicons/doom_bringer_devour_immortal.png	32913
resource/flash3/images/spellicons/disruptor_thunder_strike_immortal.png	32108
resource/flash3/images/spellicons/disruptor_kinetic_field.png	32246
resource/flash3/images/spellicons/death_prophet_exorcism.png	31507
resource/flash3/images/spellicons/dazzle_shallow_grave.png	24311
resource/flash3/images/spellicons/dazzle_shadow_wave_immortal.png	31952
resource/flash3/images/spellicons/dark_seer_ion_shell_immortal_gold.png	31400
resource/flash3/images/spellicons/dark_seer_ion_shell_immortal.png	30954
resource/flash3/images/spellicons/darkclaw_acolyte_poison_touch.png	27247
resource/flash3/images/spellicons/clockwerk_rocket_flare.png	29268
resource/flash3/images/spellicons/chaos_knight_reality_rift_alt2.png	34662
resource/flash3/images/spellicons/chaos_knight_reality_rift_alt.png	30947
resource/flash3/images/spellicons/centaur_stampede.png	30244
resource/flash3/images/spellicons/centaur_return.png	31297
resource/flash3/images/spellicons/centaur_hoof_stomp.png	32937
resource/flash3/images/spellicons/centaur_double_edge.png	36520
resource/flash3/images/spellicons/broodmother_spin_web.png	41226
resource/flash3/images/spellicons/broodmother_spawn_spiderlings.png	38981
resource/flash3/images/spellicons/broodmother_insatiable_hunger.png	40356
resource/flash3/images/spellicons/broodmother_incapacitating_bite.png	36379
resource/flash3/images/spellicons/bristleback_quill_spray.png	27147
resource/flash3/images/spellicons/bounty_hunter_track.png	26336
resource/flash3/images/spellicons/bloodseeker_thirst_alt.png	30516
resource/flash3/images/spellicons/bloodseeker_bloodrage.png	24902
resource/flash3/images/spellicons/beastmaster_primal_roar.png	29057
resource/flash3/images/spellicons/batrider_firefly_immortal.png	34284
resource/flash3/images/spellicons/bane_nightmare_end.png	33116
resource/flash3/images/spellicons/bane_nightmare.png	31140
resource/flash3/images/spellicons/axe_battle_hunger.png	29660
resource/flash3/images/spellicons/atomicraythrusters_rocket_barrage.png	34990
resource/flash3/images/spellicons/atomicraythrusters_golden_rocket_barrage.png	34571
resource/flash3/images/spellicons/arven5.png	27369
resource/flash3/images/spellicons/arven4.png	31032
resource/flash3/images/spellicons/arven3.png	31380
resource/flash3/images/spellicons/arven2.png	34879
resource/flash3/images/spellicons/arven1.png	31410
resource/flash3/images/spellicons/armadillo_swashbuckle.png	28924
resource/flash3/images/spellicons/antimage_mana_void.png	33421
resource/flash3/images/spellicons/antimage_mana_break.png	37220
resource/flash3/images/spellicons/antimage_blink_gold.png	30951
resource/flash3/images/spellicons/antimage_blink.png	30364
resource/flash3/images/spellicons/ancient_apparition_ice_vortex_immortal.png	30784
resource/flash3/images/spellicons/ancient_apparition_ice_blast_release.png	30936
resource/flash3/images/spellicons/ancient_apparition_ice_blast.png	30936
resource/flash3/images/spellicons/alchemist_goblins_greed.png	31309
resource/flash3/images/spellicons/abyssal_underlord_pit_of_malice_immortal_crimson.png	28388
resource/flash3/images/spellicons/abyssal_underlord_pit_of_malice_immortal.png	31424
resource/flash3/images/spellicons/abaddon_frostmourne.png	35698
resource/flash3/images/spellicons/abaddon_death_coil.png	31314
resource/flash3/images/spellicons/abaddon_borrowed_time.png	29881
resource/flash3/images/spellicons/abaddon_aphotic_shield.png	31060
resource/flash3/images/spellicons/7.png	33564
resource/flash3/images/spellicons/6.png	29097
resource/flash3/images/items/weapon/item_wp_qing_baiyuejiao.png	13057
resource/flash3/images/items/weapon/item_wp_jinchanzi2.png	12367
resource/flash3/images/items/weapon/item_wp_jinchanzi.png	9965
resource/flash3/images/items/weapon/item_wp_hunter_1.png	11242
resource/flash3/images/items/weapon/item_wp_465.png	15417
resource/flash3/images/items/weapon/item_wp_464.png	10190
resource/flash3/images/items/weapon/item_wp_463.png	13092
resource/flash3/images/items/weapon/item_wp_462.png	15059
resource/flash3/images/items/weapon/item_wp_461.png	13324
resource/flash3/images/items/weapon/item_wp_460.png	11339
resource/flash3/images/items/weapon/item_wp_459.png	15478
resource/flash3/images/items/weapon/item_wp_458.png	14938
resource/flash3/images/items/weapon/item_wp_457.png	14418
resource/flash3/images/items/weapon/item_wp_456.png	14086
resource/flash3/images/items/weapon/item_wp_455.png	11186
resource/flash3/images/items/weapon/item_wp_454.png	11070
resource/flash3/images/items/weapon/item_wp_453.png	13746
resource/flash3/images/items/weapon/item_wp_452.png	15175
resource/flash3/images/items/weapon/item_wp_451.png	11464
resource/flash3/images/items/weapon/item_wp_409.png	6705
resource/flash3/images/items/weapon/item_wp_408.png	13467
resource/flash3/images/items/weapon/item_wp_407.png	13491
resource/flash3/images/items/weapon/item_wp_406.png	9876
resource/flash3/images/items/weapon/item_wp_405.png	10000
resource/flash3/images/items/weapon/item_wp_404.png	12779
resource/flash3/images/items/weapon/item_wp_403.png	11848
resource/flash3/images/items/weapon/item_wp_402.png	13242
resource/flash3/images/items/weapon/item_wp_401.png	12370
resource/flash3/images/items/weapon/item_wp_311.png	12462
resource/flash3/images/items/weapon/item_wp_310.png	10282
resource/flash3/images/items/weapon/item_wp_309.png	11053
resource/flash3/images/items/weapon/item_wp_308.png	13394
resource/flash3/images/items/weapon/item_wp_307.png	13716
resource/flash3/images/items/weapon/item_wp_306.png	15963
resource/flash3/images/items/weapon/item_wp_305.png	11123
resource/flash3/images/items/weapon/item_wp_304.png	10042
resource/flash3/images/items/weapon/item_wp_303.png	11123
resource/flash3/images/items/weapon/item_wp_302.png	11322
resource/flash3/images/items/weapon/item_wp_301.png	11223
resource/flash3/images/items/weapon/item_wp_208.png	12613
resource/flash3/images/items/weapon/item_wp_207.png	10316
resource/flash3/images/items/weapon/item_wp_206.png	9608
resource/flash3/images/items/weapon/item_wp_205.png	11364
resource/flash3/images/items/weapon/item_wp_204.png	10050
resource/flash3/images/items/weapon/item_wp_203.png	9406
resource/flash3/images/items/weapon/item_wp_202.png	9548
resource/flash3/images/items/weapon/item_wp_201.png	9544
resource/flash3/images/items/weapon/item_wp_102.png	11364
resource/flash3/images/items/weapon/item_wp_101.png	12933
resource/flash3/images/items/weapon/item_thunder_soul.png	15388
resource/flash3/images/items/weapon/item_armor_qing_yedenglou.png	12357
resource/flash3/images/items/weapon/dao1 (2).png	15480
resource/flash3/images/items/weapon/dao (2).png	15708
resource/flash3/images/items/vip/wear_dust3.png	14298
resource/flash3/images/items/vip/wear_dust2.png	12466
resource/flash3/images/items/vip/wear_dust1.png	11540
resource/flash3/images/items/vip/quanshi.png	10089
resource/flash3/images/items/vip/nvqiang.png	11095
resource/flash3/images/items/vip/nvjian.png	11297
resource/flash3/images/items/vip/luoli.png	12289
resource/flash3/images/items/vip/jianshi.png	13418
resource/flash3/images/items/vip/gem3.png	16993
resource/flash3/images/items/vip/gem2.png	14635
resource/flash3/images/items/vip/gem1.png	12076
resource/flash3/images/items/vip/fashi.png	10012
resource/flash3/images/items/vip/daibi3.png	16451
resource/flash3/images/items/vip/daibi2.png	13278
resource/flash3/images/items/vip/cyanoil3.png	15146
resource/flash3/images/items/vip/cyanoil2.png	13233
resource/flash3/images/items/vip/cyanoil1.png	10244
resource/flash3/images/items/vip/crystal1.png	10122
resource/flash3/images/items/vip/chest2.png	15175
resource/flash3/images/items/vip/chest1.png	14343
resource/flash3/images/items/vip/bind_daibi3.png	17188
resource/flash3/images/items/vip/bind_daibi2.png	13142
resource/flash3/images/items/vip/bind_daibi1.png	10652
resource/flash3/images/items/treeboss/item_wp_xinyangzhiyuan.png	12867
resource/flash3/images/items/treeboss/item_wp_lunhuisuyuanzhanren.png	10182
resource/flash3/images/items/treeboss/item_wp_linglangshengquan.png	11180
resource/flash3/images/items/treeboss/item_wp_fenhenjinji.png	10338
resource/flash3/images/items/treeboss/item_shoe_chonggaotanxianpifeng.png	12202
resource/flash3/images/items/treeboss/item_jew_youlingzhitong.png	12161
resource/flash3/images/items/treeboss/item_jew_shenchengdaogao.png	12304
resource/flash3/images/items/treeboss/item_cailiao_yuangushibei.png	6418
resource/flash3/images/items/treeboss/item_cailiao_wushuganguo.png	7423
resource/flash3/images/items/treeboss/item_cailiao_shujingleizhu.png	6292
resource/flash3/images/items/treeboss/item_cailiao_qiyiduxun.png	7348
resource/flash3/images/items/treeboss/item_cailiao_jinsibaimu.png	8590
resource/flash3/images/items/treeboss/item_armor_chaoxibiyou.png	12222
resource/flash3/images/items/tishen/wuyi.png	13524
resource/flash3/images/items/tishen/shawang.png	15594
resource/flash3/images/items/tishen/langwang.png	15480
resource/flash3/images/items/tishen/guichan.png	14276
resource/flash3/images/items/tishen/dayu.png	15470
resource/flash3/images/items/texiao_big/item_texiao_foot_ssr_1_stars.png	67437
resource/flash3/images/items/texiao_big/item_texiao_foot_ssr_1_lava.png	89456
resource/flash3/images/items/texiao_big/item_texiao_foot_ssr_1_hallow.png	68436
resource/flash3/images/items/texiao_big/item_texiao_foot_ssr_1_golddragon.png	91781
resource/flash3/images/items/texiao_big/item_texiao_foot_0sr_1_tacle.png	55784
resource/flash3/images/items/texiao_big/item_texiao_foot_0sr_1_sakurafoot.png	60291
resource/flash3/images/items/texiao_big/item_texiao_foot_0sr_1_rune_path.png	60905
resource/flash3/images/items/texiao_big/item_texiao_foot_0sr_1_fire_stomp.png	68162
resource/flash3/images/items/texiao_big/item_texiao_foot_0sr_1_firefoot.png	66477
resource/flash3/images/items/texiao_big/item_texiao_foot_0sr_1_bat_path.png	81757
resource/flash3/images/items/texiao_big/item_texiao_foot_00r_1_webfoot.png	52758
resource/flash3/images/items/texiao_big/item_texiao_foot_00r_1_starfoot.png	48716
resource/flash3/images/items/texiao_big/item_texiao_foot_00r_1_purplefoot.png	51618
resource/flash3/images/items/texiao_big/item_texiao_foot_00r_1_notefoot.png	53775
resource/flash3/images/items/texiao_big/item_texiao_foot_00r_1_feathergold.png	48420
resource/flash3/images/items/texiao_big/item_texiao_foot_00r_1_blood_stomp.png	78161
resource/flash3/images/items/texiao_big/item_texiao_foot_00r_1_beast_path.png	51801
resource/flash3/images/items/texiao_big/item_texiao_foot_00n_1_snow_path.png	43112
resource/flash3/images/items/texiao_big/item_texiao_foot_00n_1_blood_foot.png	37827
resource/flash3/images/items/texiao_big/item_texiao_body_ssr_1_wind.png	108832
resource/flash3/images/items/texiao_big/item_texiao_body_ssr_1_lotus.png	96880
resource/flash3/images/items/texiao_big/item_texiao_body_ssr_1_ice_storm.png	90360
resource/flash3/images/items/texiao_big/item_texiao_body_ssr_1_ice_crystal.png	95578
resource/flash3/images/items/texiao_big/item_texiao_body_ssr_1_goldenwind.png	106118
resource/flash3/images/items/texiao_big/item_texiao_body_ssr_1_goldearmy.png	100063
resource/flash3/images/items/texiao_big/item_texiao_body_0sr_1_starstail.png	91588
resource/flash3/images/items/texiao_big/item_texiao_body_0sr_1_megadust.png	84601
resource/flash3/images/items/texiao_big/item_texiao_body_0sr_1_fire_shield.png	100975
resource/flash3/images/items/texiao_big/item_texiao_body_0sr_1_chase_sun.png	108539
resource/flash3/images/items/texiao_big/item_texiao_body_0sr_1_butterfly.png	82942
resource/flash3/images/items/texiao_big/item_texiao_body_0sr_1_bees.png	79267
resource/flash3/images/items/texiao_big/item_texiao_body_00r_1_snow.png	73037
resource/flash3/images/items/texiao_big/item_texiao_body_00r_1_runerim.png	96895
resource/flash3/images/items/texiao_big/item_texiao_body_00r_1_goldangel.png	74624
resource/flash3/images/items/texiao_big/item_texiao_body_00r_1_fireshield.png	83692
resource/flash3/images/items/texiao_big/item_texiao_body_00r_1_firedust.png	97509
resource/flash3/images/items/texiao_big/item_texiao_body_00r_1_bodyglow.png	81310
resource/flash3/images/items/texiao_big/item_texiao_body_00r_1_bodyburn.png	84680
resource/flash3/images/items/texiao_big/item_texiao_body_00r_1_blue_shadow.png	100712
resource/flash3/images/items/texiao_big/item_texiao_body_00r_1_blue_rim.png	104101
resource/flash3/images/items/texiao_big/item_texiao_body_00n_1_yellowaura.png	94979
resource/flash3/images/items/texiao_big/item_texiao_body_00n_1_steam.png	76345
resource/flash3/images/items/texiao_big/item_texiao_body_00n_1_stars.png	71421
resource/flash3/images/items/texiao_big/item_texiao_body_00n_1_sarkura.png	77422
resource/flash3/images/items/texiao_big/item_texiao_body_00n_1_pinkstar.png	71270
resource/flash3/images/items/texiao_big/item_texiao_body_00n_1_pinkglow.png	69682
resource/flash3/images/items/texiao_big/item_texiao_body_00n_1_orinagestar.png	69637
resource/flash3/images/items/texiao_big/item_texiao_body_00n_1_fog.png	73682
resource/flash3/images/items/texiao_big/item_texiao_body_00n_1_flower_rim.png	99056
resource/flash3/images/items/texiao_big/item_texiao_body_00n_1_electric.png	74730
resource/flash3/images/items/texiao_big/item_texiao_body_00n_1_burnrim.png	97221
resource/flash3/images/items/texiao_big/item_texiao_back_ssr_1_six_gold_wing.png	90970
resource/flash3/images/items/texiao_big/item_texiao_back_ssr_1_poison_wings.png	90604
resource/flash3/images/items/texiao_big/item_texiao_back_ssr_1_ghost_tail.png	86716
resource/flash3/images/items/texiao_big/item_texiao_back_ssr_1_cyan_wings.png	89118
resource/flash3/images/items/texiao_big/item_texiao_back_ssr_1_blood_wings.png	90088
resource/flash3/images/items/texiao_big/item_texiao_back_0sr_1_secrect.png	85959
resource/flash3/images/items/texiao_big/item_texiao_back_0sr_1_rune_ring.png	91626
resource/flash3/images/items/texiao_big/item_texiao_back_0sr_1_green_run.png	87666
resource/flash3/images/items/texiao_big/item_texiao_back_0sr_1_demon_tail.png	85641
resource/flash3/images/items/texiao_big/item_texiao_back_0sr_1_cyan_tail.png	84471
resource/flash3/images/items/texiao_big/item_texiao_back_0sr_1_cloud_tail.png	79965
resource/flash3/images/items/texiao/item_texiao_foot_ssr_1_stars.png	26897
resource/flash3/images/items/texiao/item_texiao_foot_ssr_1_lava.png	27602
resource/flash3/images/items/texiao/item_texiao_foot_ssr_1_hallow.png	26037
resource/flash3/images/items/texiao/item_texiao_foot_ssr_1_golddragon.png	28846
resource/flash3/images/items/texiao/item_texiao_foot_0sr_1_tacle.png	24468
resource/flash3/images/items/texiao/item_texiao_foot_0sr_1_sakurafoot.png	25531
resource/flash3/images/items/texiao/item_texiao_foot_0sr_1_rune_path.png	25567
resource/flash3/images/items/texiao/item_texiao_foot_0sr_1_fire_stomp.png	25643
resource/flash3/images/items/texiao/item_texiao_foot_0sr_1_firefoot.png	26051
resource/flash3/images/items/texiao/item_texiao_foot_0sr_1_bat_path.png	26867
resource/flash3/images/items/texiao/item_texiao_foot_00r_1_webfoot.png	24805
resource/flash3/images/items/texiao/item_texiao_foot_00r_1_starfoot.png	23964
resource/flash3/images/items/texiao/item_texiao_foot_00r_1_purplefoot.png	24363
resource/flash3/images/items/texiao/item_texiao_foot_00r_1_notefoot.png	25237
resource/flash3/images/items/texiao/item_texiao_foot_00r_1_feathergold.png	24240
resource/flash3/images/items/texiao/item_texiao_foot_00r_1_blood_stomp.png	26514
resource/flash3/images/items/texiao/item_texiao_foot_00r_1_beast_path.png	24645
resource/flash3/images/items/texiao/item_texiao_foot_00n_1_snow_path.png	23401
resource/flash3/images/items/texiao/item_texiao_foot_00n_1_blood_foot.png	22702
resource/flash3/images/items/texiao/item_texiao_body_ssr_1_wind.png	29744
resource/flash3/images/items/texiao/item_texiao_body_ssr_1_lotus.png	29291
resource/flash3/images/items/texiao/item_texiao_body_ssr_1_ice_storm.png	28455
resource/flash3/images/items/texiao/item_texiao_body_ssr_1_ice_crystal.png	28626
resource/flash3/images/items/texiao/item_texiao_body_ssr_1_goldenwind.png	29638
resource/flash3/images/items/texiao/item_texiao_body_ssr_1_goldearmy.png	28847
resource/flash3/images/items/texiao/item_texiao_body_0sr_1_starstail.png	28780
resource/flash3/images/items/texiao/item_texiao_body_0sr_1_megadust.png	28258
resource/flash3/images/items/texiao/item_texiao_body_0sr_1_fire_shield.png	28603
resource/flash3/images/items/texiao/item_texiao_body_0sr_1_chase_sun.png	29415
resource/flash3/images/items/texiao/item_texiao_body_0sr_1_butterfly.png	27864
resource/flash3/images/items/texiao/item_texiao_body_0sr_1_bees.png	27671
resource/flash3/images/items/texiao/item_texiao_body_00r_1_snow.png	27267
resource/flash3/images/items/texiao/item_texiao_body_00r_1_runerim.png	28512
resource/flash3/images/items/texiao/item_texiao_body_00r_1_goldangel.png	27498
resource/flash3/images/items/texiao/item_texiao_body_00r_1_fireshield.png	28268
resource/flash3/images/items/texiao/item_texiao_body_00r_1_firedust.png	28796
resource/flash3/images/items/texiao/item_texiao_body_00r_1_bodyglow.png	27668
resource/flash3/images/items/texiao/item_texiao_body_00r_1_bodyburn.png	27671
resource/flash3/images/items/texiao/item_texiao_body_00r_1_blue_shadow.png	29082
resource/flash3/images/items/texiao/item_texiao_body_00r_1_blue_rim.png	29427
resource/flash3/images/items/texiao/item_texiao_body_00n_1_yellowaura.png	27990
resource/flash3/images/items/texiao/item_texiao_body_00n_1_steam.png	27442
resource/flash3/images/items/texiao/item_texiao_body_00n_1_stars.png	26832
resource/flash3/images/items/texiao/item_texiao_body_00n_1_sarkura.png	27690
resource/flash3/images/items/texiao/item_texiao_body_00n_1_pinkstar.png	26958
resource/flash3/images/items/texiao/item_texiao_body_00n_1_pinkglow.png	26223
resource/flash3/images/items/texiao/item_texiao_body_00n_1_orinagestar.png	26498
resource/flash3/images/items/texiao/item_texiao_body_00n_1_fog.png	26891
resource/flash3/images/items/texiao/item_texiao_body_00n_1_flower_rim.png	29024
resource/flash3/images/items/texiao/item_texiao_body_00n_1_electric.png	27337
resource/flash3/images/items/texiao/item_texiao_body_00n_1_burnrim.png	28182
resource/flash3/images/items/texiao/item_texiao_back_ssr_1_six_gold_wing.png	28784
resource/flash3/images/items/texiao/item_texiao_back_ssr_1_poison_wings.png	28099
resource/flash3/images/items/texiao/item_texiao_back_ssr_1_ghost_tail.png	28123
resource/flash3/images/items/texiao/item_texiao_back_ssr_1_cyan_wings.png	28489
resource/flash3/images/items/texiao/item_texiao_back_ssr_1_blood_wings.png	28367
resource/flash3/images/items/texiao/item_texiao_back_0sr_1_secrect.png	27944
resource/flash3/images/items/texiao/item_texiao_back_0sr_1_rune_ring.png	28131
resource/flash3/images/items/texiao/item_texiao_back_0sr_1_green_run.png	28105
resource/flash3/images/items/texiao/item_texiao_back_0sr_1_demon_tail.png	28011
resource/flash3/images/items/texiao/item_texiao_back_0sr_1_cyan_tail.png	28031
resource/flash3/images/items/texiao/item_texiao_back_0sr_1_cloud_tail.png	27619
resource/flash3/images/items/texiao/item_texiao_back_00r_1_blood_tail.png	14444
resource/flash3/images/items/skin/quanshitouxiang.png	17066
resource/flash3/images/items/skin/quanshi.png	10089
resource/flash3/images/items/skin/nvqiang.png	11095
resource/flash3/images/items/skin/nvjian.png	11297
resource/flash3/images/items/skin/nama.png	18610
resource/flash3/images/items/skin/luoli.png	12289
resource/flash3/images/items/skin/jianshi.png	13418
resource/flash3/images/items/skin/fashi.png	10012
resource/flash3/images/items/skin/2.png	17350
resource/flash3/images/items/skin/1.png	17130
resource/flash3/images/items/shoe/item_shoe_xingluopifeng.png	14449
resource/flash3/images/items/shoe/item_shoe_xingchengzhuiluopishi.png	15072
resource/flash3/images/items/shoe/item_shoe_wujutanxianpifeng.png	13997
resource/flash3/images/items/shoe/item_shoe_tanxianzhepifeng.png	13755
resource/flash3/images/items/shoe/item_shoe_rongyantuijinqi.png	13962
resource/flash3/images/items/shoe/item_shoe_newbieshoe.png	11232
resource/flash3/images/items/shoe/item_shoe_linglujiangsheng.png	15188
resource/flash3/images/items/shoe/item_shoe_lingdongzhichan.png	14147
resource/flash3/images/items/shoe/item_shoe_jushouzhian.png	16041
resource/flash3/images/items/shoe/item_shoe_jushoushoe.png	14238
resource/flash3/images/items/shoe/item_shoe_hualimaotan.png	15088
resource/flash3/images/items/shoe/item_shoe_fenghuang.png	15245
resource/flash3/images/items/shoe/item_shoe_chirezhiwei.png	14995
resource/flash3/images/items/shoe/item_shoe_baonuchangxue.png	10878
resource/flash3/images/items/rune/item_rune_tpn_tal_4x.png	4794
resource/flash3/images/items/rune/item_rune_tpn_tal_3x.png	3719
resource/flash3/images/items/rune/item_rune_tpn_tal_2x.png	3707
resource/flash3/images/items/rune/item_rune_tpn_tal_1x.png	3565
resource/flash3/images/items/rune/item_rune_tpn_per_4x.png	4728
resource/flash3/images/items/rune/item_rune_tpn_per_3x.png	3698
resource/flash3/images/items/rune/item_rune_tpn_per_2x.png	3677
resource/flash3/images/items/rune/item_rune_tpn_per_1x.png	3597
resource/flash3/images/items/rune/item_rune_tpn_luk_4x.png	4697
resource/flash3/images/items/rune/item_rune_tpn_luk_3x.png	3682
resource/flash3/images/items/rune/item_rune_tpn_luk_2x.png	3651
resource/flash3/images/items/rune/item_rune_tpn_luk_1x.png	3534
resource/flash3/images/items/rune/item_rune_tbl_xix_4x.png	4868
resource/flash3/images/items/rune/item_rune_tbl_xix_3x.png	3802
resource/flash3/images/items/rune/item_rune_tbl_xix_2x.png	3790
resource/flash3/images/items/rune/item_rune_tbl_xix_1x.png	3680
resource/flash3/images/items/rune/item_rune_tbl_drc_4x.png	4952
resource/flash3/images/items/rune/item_rune_tbl_drc_3x.png	3818
resource/flash3/images/items/rune/item_rune_tbl_drc_2x.png	3809
resource/flash3/images/items/rune/item_rune_tbl_drc_1x.png	3710
resource/flash3/images/items/rune/item_rune_omd_msp_4x.png	4831
resource/flash3/images/items/rune/item_rune_omd_msp_3x.png	3741
resource/flash3/images/items/rune/item_rune_omd_msp_2x.png	3738
resource/flash3/images/items/rune/item_rune_omd_msp_1x.png	3625
resource/flash3/images/items/rune/item_rune_omd_all_4x.png	4726
resource/flash3/images/items/rune/item_rune_omd_all_3x.png	3659
resource/flash3/images/items/rune/item_rune_omd_all_2x.png	3658
resource/flash3/images/items/rune/item_rune_omd_all_1x.png	3569
resource/flash3/images/items/rune/item_rune_ljh_hpp_4x.png	4680
resource/flash3/images/items/rune/item_rune_ljh_hpp_3x.png	3700
resource/flash3/images/items/rune/item_rune_ljh_hpp_2x.png	3703
resource/flash3/images/items/rune/item_rune_ljh_hpp_1x.png	3619
resource/flash3/images/items/rune/item_rune_ljh_csr_4x.png	4790
resource/flash3/images/items/rune/item_rune_ljh_csr_3x.png	3754
resource/flash3/images/items/rune/item_rune_ljh_csr_2x.png	3765
resource/flash3/images/items/rune/item_rune_ljh_csr_1x.png	3647
resource/flash3/images/items/rune/item_rune_jxy_rst_4x.png	4685
resource/flash3/images/items/rune/item_rune_jxy_rst_3x.png	4569
resource/flash3/images/items/rune/item_rune_jxy_rst_2x.png	4532
resource/flash3/images/items/rune/item_rune_jxy_rst_1x.png	4416
resource/flash3/images/items/rune/item_rune_jxy_rai_4x.png	4716
resource/flash3/images/items/rune/item_rune_jxy_rai_3x.png	4646
resource/flash3/images/items/rune/item_rune_jxy_rai_2x.png	4617
resource/flash3/images/items/rune/item_rune_jxy_rai_1x.png	4512
resource/flash3/images/items/rune/item_rune_blq_cdr_4x.png	4869
resource/flash3/images/items/rune/item_rune_blq_cdr_3x.png	3795
resource/flash3/images/items/rune/item_rune_blq_cdr_2x.png	3774
resource/flash3/images/items/rune/item_rune_blq_cdr_1x.png	3651
resource/flash3/images/items/rune/item_rune_blq_atr_4x.png	4828
resource/flash3/images/items/rune/item_rune_blq_atr_3x.png	3805
resource/flash3/images/items/rune/item_rune_blq_atr_2x.png	3789
resource/flash3/images/items/rune/item_rune_blq_atr_1x.png	3675
resource/flash3/images/items/raid_1/米尔的鲁莽之锤.png	14762
resource/flash3/images/items/raid_1/item_wp_thundersword.png	15867
resource/flash3/images/items/raid_1/item_wp_thunderstaff.png	5669
resource/flash3/images/items/raid_1/item_wp_thunderhammer.png	5921
resource/flash3/images/items/raid_1/item_wp_qing_thunder_staff2.png	5984
resource/flash3/images/items/raid_1/item_wp_qing_thunder_staff.png	6202
resource/flash3/images/items/raid_1/item_wp_qing_thunder_hammer2.png	6248
resource/flash3/images/items/raid_1/item_wp_qing_thunder_hammer.png	6318
resource/flash3/images/items/raid_1/item_wp_qing_thunder_dagger.png	6158
resource/flash3/images/items/raid_1/item_wp_danaibang.png	12063
resource/flash3/images/items/raid_1/item_shoe_zhuanshu_sandra_1.png	13623
resource/flash3/images/items/raid_1/item_shoe_zhuanshu_lauren_1.png	5962
resource/flash3/images/items/raid_1/item_shoe_zhuanshu_arven_1.png	6045
resource/flash3/images/items/raid_1/item_shoe_taitanzugeng.png	12560
resource/flash3/images/items/raid_1/item_shoe_qinwangzhenzhandoupeng.png	5626
resource/flash3/images/items/raid_1/item_shoe_jiasuxiezi.png	11750
resource/flash3/images/items/raid_1/item_shoe_jianshangyaodai.png	11707
resource/flash3/images/items/raid_1/item_shoe_daxingluopifeng.png	5525
resource/flash3/images/items/raid_1/item_jew_zhuanshu_kyra_1.png	5515
resource/flash3/images/items/raid_1/item_jew_zhuanshu_emma_xiangnang.png	12467
resource/flash3/images/items/raid_1/item_jew_zhuanshu_caden_1.png	5837
resource/flash3/images/items/raid_1/item_jew_xianweishe.png	12488
resource/flash3/images/items/raid_1/item_jew_quanshuxing.png	12832
resource/flash3/images/items/raid_1/item_jew_dafuhuojiezhi.png	5721
resource/flash3/images/items/raid_1/item_helm_shenyuanningwang.png	12748
resource/flash3/images/items/raid_1/item_helm_momiantou.png	12288
resource/flash3/images/items/raid_1/item_helm_damengyantoukui.png	5734
resource/flash3/images/items/raid_1/item_helm_beiluqi.png	13570
resource/flash3/images/items/raid_1/item_helm_baojitoukui.png	12748
resource/flash3/images/items/raid_1/item_cailiao_yijigulian.png	3941
resource/flash3/images/items/raid_1/item_cailiao_xuefubaoyi.png	3612
resource/flash3/images/items/raid_1/item_cailiao_xuecanchouduan.png	5862
resource/flash3/images/items/raid_1/item_cailiao_wolixizhijing.png	5173
resource/flash3/images/items/raid_1/item_cailiao_thunderstaff.png	15211
resource/flash3/images/items/raid_1/item_cailiao_thunderhammer.png	15380
resource/flash3/images/items/raid_1/item_cailiao_thunderegg.png	6188
resource/flash3/images/items/raid_1/item_cailiao_thunderdagger.png	15418
resource/flash3/images/items/raid_1/item_cailiao_shoulingcanpian.png	5030
resource/flash3/images/items/raid_1/item_cailiao_shixiangguilizhua.png	4185
resource/flash3/images/items/raid_1/item_cailiao_shishenfangji.png	3832
resource/flash3/images/items/raid_1/item_cailiao_raid_boss_2_3.png	10754
resource/flash3/images/items/raid_1/item_cailiao_raid_boss_2_2.png	7075
resource/flash3/images/items/raid_1/item_cailiao_raid_boss_2_1.png	9178
resource/flash3/images/items/raid_1/item_cailiao_raid_boss_1_3.png	9439
resource/flash3/images/items/raid_1/item_cailiao_raid_boss_1_2.png	7718
resource/flash3/images/items/raid_1/item_cailiao_raid_boss_1_1.png	7000
resource/flash3/images/items/raid_1/item_cailiao_longyanxiangshui.png	9831
resource/flash3/images/items/raid_1/item_cailiao_lingnengjinghu.png	3778
resource/flash3/images/items/raid_1/item_cailiao_langwangneidan.png	8504
resource/flash3/images/items/raid_1/item_cailiao_huangquanmingdeng.png	5614
resource/flash3/images/items/raid_1/item_cailiao_diyubaodian.png	5007
resource/flash3/images/items/raid_1/item_cailiao_diankuangzhixue.png	3160
resource/flash3/images/items/raid_1/item_armor_pojiayifu.png	13755
resource/flash3/images/items/raid_1/item_armor_moludaofengxiongjia.png	6033
resource/flash3/images/items/raid_1/item_armor_huixueyifu.png	13211
resource/flash3/images/items/raid_1/item_armor_dafabaoyifu.png	5709
resource/flash3/images/items/raid_1/5.png	4120
resource/flash3/images/items/raid_1/4.png	4821
resource/flash3/images/items/raid_1/3.png	4522
resource/flash3/images/items/raid_1/2(2).png	4328
resource/flash3/images/items/raid_1/1(2).png	5351
resource/flash3/images/items/pet/item_pet_r4v3_tree.png	15509
resource/flash3/images/items/pet/item_pet_r4v3_tiger.png	14570
resource/flash3/images/items/pet/item_pet_r4v3_spirit.png	13051
resource/flash3/images/items/pet/item_pet_r4v3_guard.png	14863
resource/flash3/images/items/pet/item_pet_r4v3_firebird.png	9957
resource/flash3/images/items/pet/item_pet_r4v3_dragon.png	11100
resource/flash3/images/items/pet/item_pet_r4v3_demon.png	13178
resource/flash3/images/items/pet/item_pet_r4v3_bug.png	12109
resource/flash3/images/items/pet/item_pet_r4v2_tree.png	14126
resource/flash3/images/items/pet/item_pet_r4v2_tiger.png	14294
resource/flash3/images/items/pet/item_pet_r4v2_spirit.png	15154
resource/flash3/images/items/pet/item_pet_r4v2_guard.png	13125
resource/flash3/images/items/pet/item_pet_r4v2_firebird.png	13186
resource/flash3/images/items/pet/item_pet_r4v2_dragon.png	12904
resource/flash3/images/items/pet/item_pet_r4v2_demon.png	13050
resource/flash3/images/items/pet/item_pet_r4v2_bug.png	12047
resource/flash3/images/items/pet/item_pet_r4v1_tree.png	12958
resource/flash3/images/items/pet/item_pet_r4v1_tiger.png	12826
resource/flash3/images/items/pet/item_pet_r4v1_spirit.png	13365
resource/flash3/images/items/pet/item_pet_r4v1_guard.png	15048
resource/flash3/images/items/pet/item_pet_r4v1_firebird.png	12733
resource/flash3/images/items/pet/item_pet_r4v1_dragon.png	12306
resource/flash3/images/items/pet/item_pet_r4v1_demon.png	12499
resource/flash3/images/items/pet/item_pet_r4v1_bug.png	11344
resource/flash3/images/items/pet/item_pet_r3v3_owl.png	13402
resource/flash3/images/items/pet/item_pet_r3v2_owl.png	14458
resource/flash3/images/items/pet/item_pet_r3v1_owl.png	13354
resource/flash3/images/items/pet/item_pet_r3v1_bloodseeker.png	13258
resource/flash3/images/items/pet/item_pet_r2v3_rhino.png	11928
resource/flash3/images/items/pet/item_pet_r2v3_miner.png	13167
resource/flash3/images/items/pet/item_pet_r2v3_bear.png	12897
resource/flash3/images/items/pet/item_pet_r2v2_rhino.png	13192
resource/flash3/images/items/pet/item_pet_r2v2_miner.png	12834
resource/flash3/images/items/pet/item_pet_r2v2_bear.png	13449
resource/flash3/images/items/pet/item_pet_r2v1_rhino.png	12237
resource/flash3/images/items/pet/item_pet_r2v1_miner.png	15251
resource/flash3/images/items/pet/item_pet_r2v1_bear.png	13765
resource/flash3/images/items/pet/item_pet_r1v3_wolf.png	12961
resource/flash3/images/items/pet/item_pet_r1v3_spider.png	13472
resource/flash3/images/items/pet/item_pet_r1v3_deer.png	11203
resource/flash3/images/items/pet/item_pet_r1v2_wolf.png	12683
resource/flash3/images/items/pet/item_pet_r1v2_spider.png	12565
resource/flash3/images/items/pet/item_pet_r1v2_deer.png	11597
resource/flash3/images/items/pet/item_pet_r1v1_wolf.png	11506
resource/flash3/images/items/pet/item_pet_r1v1_spider.png	14773
resource/flash3/images/items/pet/item_pet_r1v1_deer.png	11914
resource/flash3/images/items/pet/1.png	13125
resource/flash3/images/items/jew/item_jew_zhuorezhiyu.png	15245
resource/flash3/images/items/jew/item_jew_xueshiyiwu.png	14661
resource/flash3/images/items/jew/item_jew_xiongdihuizhizheng.png	15380
resource/flash3/images/items/jew/item_jew_wumingshengbei.png	8570
resource/flash3/images/items/jew/item_jew_tianpingjiezhi.png	14425
resource/flash3/images/items/jew/item_jew_shiyuezhihuan.png	14223
resource/flash3/images/items/jew/item_jew_shiguangjiezhi.png	14103
resource/flash3/images/items/jew/item_jew_shenlingbaoshi.png	14630
resource/flash3/images/items/jew/item_jew_shanfeng.png	13561
resource/flash3/images/items/jew/item_jew_ruoshuijinghua.png	14021
resource/flash3/images/items/jew/item_jew_qianchengfeiye.png	15747
resource/flash3/images/items/jew/item_jew_newbiebook.png	11427
resource/flash3/images/items/jew/item_jew_milinbaoshi.png	13776
resource/flash3/images/items/jew/item_jew_meijiubei.png	14245
resource/flash3/images/items/jew/item_jew_mabijiezhi.png	11409
resource/flash3/images/items/jew/item_jew_linhuo.png	12695
resource/flash3/images/items/jew/item_jew_jilejiejing.png	10024
resource/flash3/images/items/jew/item_jew_hundunzhijing.png	13032
resource/flash3/images/items/jew/item_jew_guimeilingdang.png	10510
resource/flash3/images/items/jew/item_jew_dadizhixin.png	12784
resource/flash3/images/items/jew/item_jew_bintao.png	14237
resource/flash3/images/items/jew/item_jew_anguanglingdang.png	12604
resource/flash3/images/items/jew/item_jew_101.png	11911
resource/flash3/images/items/helm/item_helm_zhaohuantoukui1.png	13484
resource/flash3/images/items/helm/item_helm_newbiehelm.png	10904
resource/flash3/images/items/helm/item_helm_langpimao.png	9557
resource/flash3/images/items/helm/item_helm_jiangongji_1.png	12098
resource/flash3/images/items/helm/item_helm_457.png	13871
resource/flash3/images/items/helm/item_helm_456.png	14644
resource/flash3/images/items/helm/item_helm_455.png	14627
resource/flash3/images/items/helm/item_helm_405.png	14235
resource/flash3/images/items/helm/item_helm_402.png	14461
resource/flash3/images/items/helm/item_helm_401.png	14879
resource/flash3/images/items/helm/item_helm_367.png	14500
resource/flash3/images/items/helm/item_helm_357.png	14203
resource/flash3/images/items/helm/item_helm_306.png	14216
resource/flash3/images/items/helm/item_helm_305.png	14259
resource/flash3/images/items/helm/item_helm_302.png	13475
resource/flash3/images/items/helm/item_helm_267.png	14980
resource/flash3/images/items/helm/item_helm_205.png	13484
resource/flash3/images/items/helm/item_helm_201.png	14205
resource/flash3/images/items/helm/item_helm_167.png	13175
resource/flash3/images/items/helm/item_helm_101.png	14965
resource/flash3/images/items/funitem/item_consum_newbie_6.png	26865
resource/flash3/images/items/funitem/item_consum_newbie_5.png	32917
resource/flash3/images/items/funitem/item_consum_newbie_4.png	25904
resource/flash3/images/items/funitem/item_consum_newbie_3.png	25962
resource/flash3/images/items/funitem/item_consum_newbie_2.png	26018
resource/flash3/images/items/funitem/item_consum_newbie_1.png	27444
resource/flash3/images/items/funitem/item_backpack_small1.png	13046
resource/flash3/images/items/funitem/item_backpack_mid1.png	13495
resource/flash3/images/items/fenghuang/item_wp_rongyanzhishi.png	15417
resource/flash3/images/items/fenghuang/item_wp_qing_baiyuejiao.png	13057
resource/flash3/images/items/fenghuang/item_wp_qianchengzhefubao.png	11043
resource/flash3/images/items/fenghuang/item_shoe_xuwuzhisha.png	16421
resource/flash3/images/items/fenghuang/item_shoe_dafengzhicheng.png	12224
resource/flash3/images/items/fenghuang/item_jew_shigushouzhuo.png	14375
resource/flash3/images/items/fenghuang/item_jew_mabijiezhi.png	11409
resource/flash3/images/items/fenghuang/item_helm_siwangfoujue.png	13201
resource/flash3/images/items/fenghuang/item_helm_jianshangtou.png	11366
resource/flash3/images/items/fenghuang/item_helm_chongfengtou.png	11945
resource/flash3/images/items/fenghuang/item_armor_shanbiyi.png	16486
resource/flash3/images/items/fenghuang/item_armor_qing_yedenglou.png	12357
resource/flash3/images/items/fenghuang/item_armor_fuleizedegugao.png	12019
resource/flash3/images/items/faxi/item_wp_xixue_chaofuhe_1.png	11348
resource/flash3/images/items/faxi/item_wp_sanxiang_3.png	10581
resource/flash3/images/items/faxi/item_wp_sanxiang_2.png	10480
resource/flash3/images/items/faxi/item_wp_sanxiang_1.png	10920
resource/flash3/images/items/faxi/item_wp_faxi_xixue_3.png	11536
resource/flash3/images/items/faxi/item_wp_faxi_xixue_2.png	11193
resource/flash3/images/items/faxi/item_wp_faxi_xixue_1.png	8752
resource/flash3/images/items/faxi/item_wp_faxi_xixue.png	12063
resource/flash3/images/items/faxi/item_wp_cast_rdc_3.png	14099
resource/flash3/images/items/faxi/item_wp_cast_rdc_2.png	12324
resource/flash3/images/items/faxi/item_wp_cast_rdc_1.png	8032
resource/flash3/images/items/faxi/item_shoe_magic_crit_3.png	11980
resource/flash3/images/items/faxi/item_shoe_magic_crit_2.png	11280
resource/flash3/images/items/faxi/item_shoe_magic_crit_1.png	9529
resource/flash3/images/items/faxi/item_jew_mana_recover_3.png	13053
resource/flash3/images/items/faxi/item_jew_mana_recover_2.png	12286
resource/flash3/images/items/faxi/item_jew_mana_recover_1.png	7990
resource/flash3/images/items/faxi/item_helm_telescope_2.png	14771
resource/flash3/images/items/faxi/item_helm_telescope_1.png	12781
resource/flash3/images/items/faxi/item_helm_magic_attr_4.png	12379
resource/flash3/images/items/faxi/item_helm_magic_attr_3.png	12552
resource/flash3/images/items/faxi/item_helm_magic_attr_2.png	10707
resource/flash3/images/items/faxi/item_helm_magic_attr_1.png	10048
resource/flash3/images/items/faxi/item_helm_cast_range_2.png	10674
resource/flash3/images/items/faxi/item_helm_cast_range_1.png	10187
resource/flash3/images/items/faxi/item_armor_high_int_4.png	11626
resource/flash3/images/items/faxi/item_armor_high_int_3.png	13096
resource/flash3/images/items/faxi/item_armor_high_int_2.png	13859
resource/flash3/images/items/faxi/item_armor_high_int_1.png	11659
resource/flash3/images/items/faxi/item_armor_cast_rdc_3.png	13079
resource/flash3/images/items/faxi/item_armor_cast_rdc_2.png	11988
resource/flash3/images/items/faxi/item_armor_cast_rdc_1.png	13436
resource/flash3/images/items/faxi/9a.png	12560
resource/flash3/images/items/faxi/9.png	12488
resource/flash3/images/items/faxi/8a.png	11921
resource/flash3/images/items/faxi/8.png	13026
resource/flash3/images/items/faxi/7a.png	10354
resource/flash3/images/items/faxi/6a.png	11202
resource/flash3/images/items/faxi/5a.png	12096
resource/flash3/images/items/faxi/4a.png	8859
resource/flash3/images/items/faxi/10.png	8739
resource/flash3/images/items/consume/zeus_arc_lightning_immortal.png	35308
resource/flash3/images/items/consume/witch_doctor_paralyzing_cask_immortal.png	37648
resource/flash3/images/items/consume/witch_doctor_paralyzing_cask.png	33134
resource/flash3/images/items/consume/witch_doctor_maledict_immortal.png	39162
resource/flash3/images/items/consume/witch_doctor_death_ward.png	38416
resource/flash3/images/items/consume/wisp_tether_alt.png	25928
resource/flash3/images/items/consume/wisp_spirits_out_alt.png	28394
resource/flash3/images/items/consume/wisp_spirits_in_alt.png	23693
resource/flash3/images/items/consume/wisp_spirits_alt.png	29843
resource/flash3/images/items/consume/wisp_relocate_alt.png	33805
resource/flash3/images/items/consume/wisp_overcharge_alt.png	31414
resource/flash3/images/items/consume/winter_wyvern_cold_embrace.png	29486
resource/flash3/images/items/consume/windrunner_powershot.png	27722
resource/flash3/images/items/consume/weaver_shukuchi.png	26837
resource/flash3/images/items/consume/weaver_geminate_attack_gold.png	29965
resource/flash3/images/items/consume/weaver_geminate_attack.png	29862
resource/flash3/images/items/consume/warlock_shadow_word.png	31655
resource/flash3/images/items/consume/warlock_rain_of_chaos.png	38357
resource/flash3/images/items/consume/warlock_golem_permanent_immolation.png	37177
resource/flash3/images/items/consume/warlock_golem_flaming_fists.png	35117
resource/flash3/images/items/consume/wailing_inferno_rain_of_chaos.png	32585
resource/flash3/images/items/consume/viper_poison_attack_crimson.png	27446
resource/flash3/images/items/consume/viper_poison_attack.png	28796
resource/flash3/images/items/consume/viper_nethertoxin_immortal.png	32351
resource/flash3/images/items/consume/vengefulspirit_wave_of_terror.png	28029
resource/flash3/images/items/consume/vengefulspirit_nether_swap.png	32370
resource/flash3/images/items/consume/vengefulspirit_magic_missile_immortal_crimson.png	28297
resource/flash3/images/items/consume/vengefulspirit_magic_missile_immortal.png	28509
resource/flash3/images/items/consume/vengefulspirit_magic_missile.png	31356
resource/flash3/images/items/consume/vengefulspirit_command_aura.png	35087
resource/flash3/images/items/consume/undying_decay.png	29638
resource/flash3/images/items/consume/tusk_walrus_punch.png	30015
resource/flash3/images/items/consume/tusk_walrus_kick.png	22954
resource/flash3/images/items/consume/tusk_snowball.png	24699
resource/flash3/images/items/consume/tusk_launch_snowball.png	24699
resource/flash3/images/items/consume/tusk_ice_shards.png	34563
resource/flash3/images/items/consume/tusk_frozen_sigil.png	29242
resource/flash3/images/items/consume/troll_warlord_berserkers_rage_active.png	39891
resource/flash3/images/items/consume/troll_warlord_berserkers_rage.png	37915
resource/flash3/images/items/consume/treant_overgrowth.png	30283
resource/flash3/images/items/consume/treant_natures_guise.png	33899
resource/flash3/images/items/consume/treant_living_armor_crimson.png	33981
resource/flash3/images/items/consume/treant_living_armor.png	33560
resource/flash3/images/items/consume/treant_leech_seed.png	28887
resource/flash3/images/items/consume/treant_eyes_in_the_forest.png	35502
resource/flash3/images/items/consume/tinker_march_of_the_machines_1.png	29152
resource/flash3/images/items/consume/tidehunter_gush_gold.png	36924
resource/flash3/images/items/consume/tidehunter_gush.png	35521
resource/flash3/images/items/consume/terrorblade_sunder_immortal.png	36898
resource/flash3/images/items/consume/templar_assassin_psi_blades.png	31723
resource/flash3/images/items/consume/templar_assassin_meld.png	28720
resource/flash3/images/items/consume/sylph_brambles.png	31420
resource/flash3/images/items/consume/sven_warcry.png	30461
resource/flash3/images/items/consume/sven_storm_bolt.png	29089
resource/flash3/images/items/consume/sven_great_cleave.png	31305
resource/flash3/images/items/consume/sven_gods_strength.png	28580
resource/flash3/images/items/consume/storm_spirit_ball_lightning_orchid_retro.png	31103
resource/flash3/images/items/consume/spirit_breaker_greater_bash_immortal.png	33141
resource/flash3/images/items/consume/spectre_spectral_dagger.png	34704
resource/flash3/images/items/consume/spectre_crimson_spectral_dagger.png	34445
resource/flash3/images/items/consume/slark_pounce.png	29844
resource/flash3/images/items/consume/slardar_slithereen_crush.png	31396
resource/flash3/images/items/consume/slardar_gold_slithereen_crush.png	32201
resource/flash3/images/items/consume/skywrath_mage_mystic_flare.png	30568
resource/flash3/images/items/consume/skywrath_mage_concussive_shot.png	30947
resource/flash3/images/items/consume/skywrath_mage_arcane_bolt.png	30456
resource/flash3/images/items/consume/skywrath_mage_ancient_seal.png	32126
resource/flash3/images/items/consume/skeleton_king_vampiric_aura.png	29471
resource/flash3/images/items/consume/skeleton_king_reincarnation.png	28093
resource/flash3/images/items/consume/skeleton_king_mortal_strike_immortal_crimson.png	33793
resource/flash3/images/items/consume/skeleton_king_mortal_strike_immortal.png	36039
resource/flash3/images/items/consume/skeleton_king_mortal_strike.png	23796
resource/flash3/images/items/consume/skeleton_king_hellfire_blast.png	27460
resource/flash3/images/items/consume/silencer_last_word.png	33738
resource/flash3/images/items/consume/silencer_global_silence.png	33201
resource/flash3/images/items/consume/silencer_glaives_of_wisdom_immortal.png	26700
resource/flash3/images/items/consume/silencer_glaives_of_wisdom.png	29635
resource/flash3/images/items/consume/silencer_curse_of_the_silent.png	27956
resource/flash3/images/items/consume/shredder_timber_chain.png	35990
resource/flash3/images/items/consume/shredder_chakram_immortal_gold.png	36125
resource/flash3/images/items/consume/shredder_chakram_immortal_2_gold.png	35722
resource/flash3/images/items/consume/shredder_chakram_immortal_2.png	40480
resource/flash3/images/items/consume/shredder_chakram_immortal.png	36958
resource/flash3/images/items/consume/shadow_demon_shadow_poison_release_gold.png	30551
resource/flash3/images/items/consume/shadow_demon_shadow_poison_release.png	29252
resource/flash3/images/items/consume/shadow_demon_shadow_poison_gold.png	29384
resource/flash3/images/items/consume/shadow_demon_shadow_poison.png	28978
resource/flash3/images/items/consume/seasonal_ti9_shovel.png	22399
resource/flash3/images/items/consume/seasonal_ti9_monkey.png	22230
resource/flash3/images/items/consume/seasonal_ti9_instruments.png	21712
resource/flash3/images/items/consume/seasonal_ti9_banner_2.png	27150
resource/flash3/images/items/consume/seasonal_ti9_banner.png	18510
resource/flash3/images/items/consume/seasonal_throw_snowball.png	16874
resource/flash3/images/items/consume/seasonal_summon_ti9_balloon.png	19966
resource/flash3/images/items/consume/seasonal_summon_snowman.png	20142
resource/flash3/images/items/consume/seasonal_summon_dragon.png	26677
resource/flash3/images/items/consume/seasonal_summon_cny_tree.png	26980
resource/flash3/images/items/consume/seasonal_summon_cny_balloon.png	18666
resource/flash3/images/items/consume/seasonal_firecrackers.png	28221
resource/flash3/images/items/consume/seasonal_festive_firework.png	17989
resource/flash3/images/items/consume/seasonal_decorate_tree.png	20859
resource/flash3/images/items/consume/sandking_caustic_finale.png	25592
resource/flash3/images/items/consume/rubick_telekinesis_land_arcana.png	23983
resource/flash3/images/items/consume/rubick_telekinesis_land.png	27597
resource/flash3/images/items/consume/rubick_telekinesis_gold.png	28011
resource/flash3/images/items/consume/rubick_telekinesis_arcana.png	24193
resource/flash3/images/items/consume/rubick_telekinesis.png	26769
resource/flash3/images/items/consume/rubick_spell_steal_arcana.png	31868
resource/flash3/images/items/consume/rubick_spell_steal.png	30100
resource/flash3/images/items/consume/rubick_null_field.png	30187
resource/flash3/images/items/consume/rubick_fade_bolt_immortal.png	29779
resource/flash3/images/items/consume/rubick_fade_bolt_arcana.png	35168
resource/flash3/images/items/consume/rubick_fade_bolt.png	30113
resource/flash3/images/items/consume/rubick_arcane_supremacy_arcana.png	35841
resource/flash3/images/items/consume/riki_smoke_screen_immortal_gold.png	32048
resource/flash3/images/items/consume/riki_smoke_screen_immortal_crimson.png	30678
resource/flash3/images/items/consume/riki_smoke_screen_immortal.png	30830
resource/flash3/images/items/consume/riki_smoke_screen.png	28141
resource/flash3/images/items/consume/riki_permanent_invisibility.png	26734
resource/flash3/images/items/consume/riki_gold_blink_strike.png	27119
resource/flash3/images/items/consume/riki_blink_strike.png	27325
resource/flash3/images/items/consume/riki_backstab.png	28622
resource/flash3/images/items/consume/razor_plasma_field.png	30111
resource/flash3/images/items/consume/queenofpain_shadow_strike_immortal.png	32491
resource/flash3/images/items/consume/queenofpain_shadow_strike_gold_immortal.png	31052
resource/flash3/images/items/consume/pugna_nether_blast_immortal.png	31986
resource/flash3/images/items/consume/pudge_rot_arcana_style1.png	32909
resource/flash3/images/items/consume/pudge_rot_arcana.png	32245
resource/flash3/images/items/consume/pudge_rot_alt2.png	31426
resource/flash3/images/items/consume/pudge_rot_alt.png	29594
resource/flash3/images/items/consume/pudge_rot.png	28233
resource/flash3/images/items/consume/pudge_meat_hook_arcana_style1.png	32001
resource/flash3/images/items/consume/pudge_meat_hook_arcana.png	29838
resource/flash3/images/items/consume/pudge_meat_hook.png	31499
resource/flash3/images/items/consume/pudge_flesh_heap_arcana_style1.png	31687
resource/flash3/images/items/consume/pudge_flesh_heap_arcana.png	30904
resource/flash3/images/items/consume/pudge_flesh_heap.png	31014
resource/flash3/images/items/consume/pudge_dismember_arcana_style1.png	34746
resource/flash3/images/items/consume/pudge_dismember_arcana.png	33348
resource/flash3/images/items/consume/pudge_dismember.png	27618
resource/flash3/images/items/consume/phoenix_sun_ray.png	27884
resource/flash3/images/items/consume/phantom_lancer_spirit_lance.png	34432
resource/flash3/images/items/consume/phantom_lancer_phantom_edge.png	32659
resource/flash3/images/items/consume/phantom_assassin_stifling_dagger_immortal.png	32270
resource/flash3/images/items/consume/phantom_assassin_stifling_dagger.png	32427
resource/flash3/images/items/consume/phantom_assassin_phantom_strike.png	30746
resource/flash3/images/items/consume/phantom_assassin_coup_de_grace.png	34690
resource/flash3/images/items/consume/phantom_assassin_blur.png	26526
resource/flash3/images/items/consume/pangolier_shield_crash_immortal.png	35180
resource/flash3/images/items/consume/oracle_fortunes_end.png	31942
resource/flash3/images/items/consume/omniknight_repel_immortal.png	33438
resource/flash3/images/items/consume/omniknight_purification.png	28797
resource/flash3/images/items/consume/ogre_magi_unrefined_fireblast.png	33707
resource/flash3/images/items/consume/ogre_magi_multicast.png	37780
resource/flash3/images/items/consume/ogre_magi_ignite.png	35207
resource/flash3/images/items/consume/ogre_magi_fireblast.png	33877
resource/flash3/images/items/consume/ogre_magi_bloodlust.png	34163
resource/flash3/images/items/consume/obsidian_destroyer_sanity_eclipse_immortal.png	31424
resource/flash3/images/items/consume/obsidian_destroyer_sanity_eclipse.png	32061
resource/flash3/images/items/consume/obsidian_destroyer_gold_astral_imprisonment.png	33204
resource/flash3/images/items/consume/obsidian_destroyer_essence_aura.png	33423
resource/flash3/images/items/consume/obsidian_destroyer_astral_imprisonment.png	33956
resource/flash3/images/items/consume/obsidian_destroyer_arcane_orb.png	30781
resource/flash3/images/items/consume/nyx_assassin_impale.png	30689
resource/flash3/images/items/consume/necrophos_sullen_gold_death_pulse.png	30518
resource/flash3/images/items/consume/necrophos_death_pulse.png	29870
resource/flash3/images/items/consume/necrolyte_sadist.png	34384
resource/flash3/images/items/consume/necrolyte_reapers_scythe.png	30373
resource/flash3/images/items/consume/necrolyte_heartstopper_aura.png	31582
resource/flash3/images/items/consume/necrolyte_death_pulse.png	30221
resource/flash3/images/items/consume/morphling_waveform.png	29529
resource/flash3/images/items/consume/monkey_king_tree_jump.png	31111
resource/flash3/images/items/consume/monkey_king_spring.png	31575
resource/flash3/images/items/consume/mirana_starfall.png	32445
resource/flash3/images/items/consume/meepo_poof.png	31713
resource/flash3/images/items/consume/medusa_stone_gaze.png	31267
resource/flash3/images/items/consume/medusa_split_shot.png	31369
resource/flash3/images/items/consume/medusa_mystic_snake.png	33410
resource/flash3/images/items/consume/medusa_mana_shield.png	26419
resource/flash3/images/items/consume/magnataur_skewer.png	33931
resource/flash3/images/items/consume/magnataur_shockwave.png	28293
resource/flash3/images/items/consume/magnataur_reverse_polarity.png	34375
resource/flash3/images/items/consume/magnataur_empower.png	32616
resource/flash3/images/items/consume/lycan_summon_wolves.png	30384
resource/flash3/images/items/consume/lycan_shapeshift.png	30611
resource/flash3/images/items/consume/lycan_howl.png	27205
resource/flash3/images/items/consume/lycan_feral_impulse.png	27665
resource/flash3/images/items/consume/luna_moon_glaive_immortal_gold.png	24393
resource/flash3/images/items/consume/luna_moon_glaive_immortal.png	26313
resource/flash3/images/items/consume/luna_moon_glaive.png	23952
resource/flash3/images/items/consume/luna_lunar_blessing.png	22503
resource/flash3/images/items/consume/luna_lucent_beam.png	23927
resource/flash3/images/items/consume/luna_eclipse.png	29965
resource/flash3/images/items/consume/lone_druid_spirit_bear_entangle_immortal.png	31266
resource/flash3/images/items/consume/lion_mana_drain.png	31183
resource/flash3/images/items/consume/lion_impale_immortal.png	36397
resource/flash3/images/items/consume/lion_finger_of_death_immortal.png	32541
resource/flash3/images/items/consume/lina_light_strike_array.png	30728
resource/flash3/images/items/consume/lina_lightstrike_array_gold.png	29325
resource/flash3/images/items/consume/lina_laguna_blade.png	26799
resource/flash3/images/items/consume/life_stealer_rage.png	26073
resource/flash3/images/items/consume/life_stealer_open_wounds.png	26539
resource/flash3/images/items/consume/life_stealer_infest.png	22161
resource/flash3/images/items/consume/life_stealer_feast.png	22026
resource/flash3/images/items/consume/life_stealer_consume.png	25477
resource/flash3/images/items/consume/lich_frost_nova.png	27835
resource/flash3/images/items/consume/lich_chain_frost_immortal.png	33789
resource/flash3/images/items/consume/leshrac_split_earth_immortal_retro.png	32837
resource/flash3/images/items/consume/leshrac_split_earth.png	30747
resource/flash3/images/items/consume/legion_commander_press_the_attack.png	29696
resource/flash3/images/items/consume/legion_commander_overwhelming_odds.png	27925
resource/flash3/images/items/consume/kunkka_torrent_immortal_retro.png	36641
resource/flash3/images/items/consume/keeper_of_the_light_illuminate_end_alt.png	27903
resource/flash3/images/items/consume/keeper_of_the_light_illuminate_alt.png	27536
resource/flash3/images/items/consume/juggernaut_omni_slash.png	34960
resource/flash3/images/items/consume/juggernaut_healing_ward.png	29860
resource/flash3/images/items/consume/juggernaut_blade_fury_immortal_gold.png	28587
resource/flash3/images/items/consume/juggernaut_blade_fury_immortal_crimson.png	30490
resource/flash3/images/items/consume/juggernaut_blade_fury_immortal.png	27363
resource/flash3/images/items/consume/juggernaut_blade_fury.png	28082
resource/flash3/images/items/consume/juggernaut_blade_dance.png	23419
resource/flash3/images/items/consume/jakiro_ice_path.png	28761
resource/flash3/images/items/consume/jakiro_dual_breath.png	31361
resource/flash3/images/items/consume/invoker_wex.png	28456
resource/flash3/images/items/consume/invoker_tornado.png	27942
resource/flash3/images/items/consume/invoker_sun_strike.png	26256
resource/flash3/images/items/consume/invoker_quas.png	27917
resource/flash3/images/items/consume/invoker_forge_spirit.png	40545
resource/flash3/images/items/consume/invoker_exort.png	28553
resource/flash3/images/items/consume/invoker_deafening_blast.png	28353
resource/flash3/images/items/consume/invoker_alacrity.png	30599
resource/flash3/images/items/consume/huskar_inner_vitality_immortal.png	35904
resource/flash3/images/items/consume/high_five.png	17298
resource/flash3/images/items/consume/grimstroke_dark_artistry_immortal.png	33280
resource/flash3/images/items/consume/furion_sufferwood_sapling_tp.png	31896
resource/flash3/images/items/consume/frostivus2018_throw_snowball.png	18384
resource/flash3/images/items/consume/frostivus2018_summon_snowman.png	20367
resource/flash3/images/items/consume/frostivus2018_festive_firework.png	18473
resource/flash3/images/items/consume/frostivus2018_decorate_tree.png	23578
resource/flash3/images/items/consume/faceless_void_time_walk_1.png	34492
resource/flash3/images/items/consume/faceless_void_time_dilation_crimson.png	34506
resource/flash3/images/items/consume/faceless_void_time_dilation.png	36153
resource/flash3/images/items/consume/faceless_void_chronosphere.png	31248
resource/flash3/images/items/consume/enigma_black_hole_worldchasm.png	32465
resource/flash3/images/items/consume/enchantress_impetus.png	36399
resource/flash3/images/items/consume/ember_spirit_flame_guard_immortal.png	31618
resource/flash3/images/items/consume/elder_titan_echo_stomp_spirit_alt.png	32148
resource/flash3/images/items/consume/elder_titan_echo_stomp_alt.png	34855
resource/flash3/images/items/consume/earth_spirit_rolling_boulder.png	32477
resource/flash3/images/items/consume/earthshaker_fissure_alt2.png	30400
resource/flash3/images/items/consume/earthshaker_fissure.png	31122
resource/flash3/images/items/consume/earthshaker_enchant_totem_alt2.png	32399
resource/flash3/images/items/consume/earthshaker_enchant_totem.png	34801
resource/flash3/images/items/consume/earthshaker_echo_slam_alt2.png	33236
resource/flash3/images/items/consume/earthshaker_echo_slam.png	34210
resource/flash3/images/items/consume/earthshaker_aftershock_alt2.png	29054
resource/flash3/images/items/consume/earthshaker_aftershock.png	30644
resource/flash3/images/items/consume/drow_ranger_wave_of_silence.png	29879
resource/flash3/images/items/consume/drow_ranger_trueshot.png	31543
resource/flash3/images/items/consume/drow_ranger_marksmanship.png	34071
resource/flash3/images/items/consume/drow_ranger_frost_arrows.png	28256
resource/flash3/images/items/consume/dragon_knight_elder_dragon_form.png	27587
resource/flash3/images/items/consume/dragon_knight_dragon_tail.png	28558
resource/flash3/images/items/consume/dragon_knight_dragon_blood.png	26513
resource/flash3/images/items/consume/dragon_knight_breathe_fire.png	26958
resource/flash3/images/items/consume/doom_bringer_devour_immortal.png	32913
resource/flash3/images/items/consume/disruptor_thunder_strike_immortal.png	32108
resource/flash3/images/items/consume/disruptor_kinetic_field.png	32246
resource/flash3/images/items/consume/death_prophet_exorcism.png	31507
resource/flash3/images/items/consume/dazzle_shallow_grave.png	24311
resource/flash3/images/items/consume/dazzle_shadow_wave_immortal.png	31952
resource/flash3/images/items/consume/dark_seer_ion_shell_immortal_gold.png	31400
resource/flash3/images/items/consume/dark_seer_ion_shell_immortal.png	30954
resource/flash3/images/items/consume/darkclaw_acolyte_poison_touch.png	27247
resource/flash3/images/items/consume/clockwerk_rocket_flare.png	29268
resource/flash3/images/items/consume/chaos_knight_reality_rift_alt2.png	34662
resource/flash3/images/items/consume/chaos_knight_reality_rift_alt.png	30947
resource/flash3/images/items/consume/centaur_stampede.png	30244
resource/flash3/images/items/consume/centaur_return.png	31297
resource/flash3/images/items/consume/centaur_hoof_stomp.png	32937
resource/flash3/images/items/consume/centaur_double_edge.png	36520
resource/flash3/images/items/consume/broodmother_spin_web.png	41226
resource/flash3/images/items/consume/broodmother_spawn_spiderlings.png	38981
resource/flash3/images/items/consume/broodmother_insatiable_hunger.png	40356
resource/flash3/images/items/consume/broodmother_incapacitating_bite.png	36379
resource/flash3/images/items/consume/bristleback_quill_spray.png	27147
resource/flash3/images/items/consume/bounty_hunter_track.png	26336
resource/flash3/images/items/consume/bloodseeker_thirst_alt.png	30516
resource/flash3/images/items/consume/bloodseeker_bloodrage.png	24902
resource/flash3/images/items/consume/beastmaster_primal_roar.png	29057
resource/flash3/images/items/consume/batrider_firefly_immortal.png	34284
resource/flash3/images/items/consume/bane_nightmare_end.png	33116
resource/flash3/images/items/consume/bane_nightmare.png	31140
resource/flash3/images/items/consume/axe_battle_hunger.png	29660
resource/flash3/images/items/consume/atomicraythrusters_rocket_barrage.png	34990
resource/flash3/images/items/consume/atomicraythrusters_golden_rocket_barrage.png	34571
resource/flash3/images/items/consume/armadillo_swashbuckle.png	28924
resource/flash3/images/items/consume/antimage_mana_void.png	33421
resource/flash3/images/items/consume/antimage_mana_break.png	37220
resource/flash3/images/items/consume/antimage_blink_gold.png	30951
resource/flash3/images/items/consume/antimage_blink.png	30364
resource/flash3/images/items/consume/ancient_apparition_ice_vortex_immortal.png	30784
resource/flash3/images/items/consume/ancient_apparition_ice_blast_release.png	30936
resource/flash3/images/items/consume/ancient_apparition_ice_blast.png	30936
resource/flash3/images/items/consume/alchemist_goblins_greed.png	31309
resource/flash3/images/items/consume/abyssal_underlord_pit_of_malice_immortal_crimson.png	28388
resource/flash3/images/items/consume/abyssal_underlord_pit_of_malice_immortal.png	31424
resource/flash3/images/items/consume/abaddon_frostmourne.png	35698
resource/flash3/images/items/consume/abaddon_death_coil.png	31314
resource/flash3/images/items/consume/abaddon_borrowed_time.png	29881
resource/flash3/images/items/consume/abaddon_aphotic_shield.png	31060
resource/flash3/images/items/cailiao/item_cailiao__xuesun_quanqulizhua.png	6680
resource/flash3/images/items/cailiao/item_cailiao__shitushou_shenmijiaohuan.png	5768
resource/flash3/images/items/cailiao/item_cailiao__shitushou_podizhijiao.png	7967
resource/flash3/images/items/cailiao/item_cailiao__shitushou_jiantiexiae.png	7716
resource/flash3/images/items/cailiao/item_cailiao__shenmisaman_ziranshengdian.png	7040
resource/flash3/images/items/cailiao/item_cailiao__shenmisaman_heianyipian.png	8512
resource/flash3/images/items/cailiao/item_cailiao__shenmisaman_fubaizhiya.png	8002
resource/flash3/images/items/cailiao/item_cailiao__shenmisaman_baishigujiao.png	6675
resource/flash3/images/items/cailiao/item_cailiao__sanrenzu_zuoezhinan.png	7574
resource/flash3/images/items/cailiao/item_cailiao__sanrenzu_wucaizhihei.png	6221
resource/flash3/images/items/cailiao/item_cailiao__sanrenzu_jinglingtoulu.png	9159
resource/flash3/images/items/cailiao/item_cailiao__sanrenzu_jieyijiubei.png	10863
resource/flash3/images/items/cailiao/item_cailiao__nulifanzi_hejintiezhen.png	7526
resource/flash3/images/items/cailiao/item_cailiao__mianxiongbien_yongshicankui.png	8672
resource/flash3/images/items/cailiao/item_cailiao__mianxiongbien_shuangdongzhiya.png	7541
resource/flash3/images/items/cailiao/item_cailiao__mianxiongbien_duanshuzhizhang.png	9347
resource/flash3/images/items/cailiao/item_cailiao__mianxiongbien_dongriruanpi.png	8077
resource/flash3/images/items/cailiao/item_cailiao__mianxiongbien_bingdiaoqiangwei.png	9044
resource/flash3/images/items/cailiao/item_cailiao__linghunlu_youlanzhirong.png	7412
resource/flash3/images/items/cailiao/item_cailiao__linghunlu_shouxinyueguang.png	6288
resource/flash3/images/items/cailiao/item_cailiao__huoniao_rongyanlingpian.png	7815
resource/flash3/images/items/cailiao/item_cailiao__huoniao_huozhilaoyu.png	8995
resource/flash3/images/items/cailiao/item_cailiao__huoniao_huoniaobeiming.png	8957
resource/flash3/images/items/cailiao/item_cailiao__huoniao_chirezhiguan.png	8891
resource/flash3/images/items/cailiao/item_cailiao__hunterwiper_yongqilangzhua.png	10477
resource/flash3/images/items/cailiao/item_cailiao__hunterwiper_yinselangzong.png	8260
resource/flash3/images/items/cailiao/item_cailiao__goutouren_chihouzhijing.png	7972
resource/flash3/images/items/cailiao/item_cailiao__falao_shuangzhilaolong.png	7578
resource/flash3/images/items/cailiao/item_cailiao__falao_shengjieyumao.png	5773
resource/flash3/images/items/cailiao/item_cailiao__falao_pingzhuangjiaxiao.png	6874
resource/flash3/images/items/cailiao/item_cailiao__falao_guhuoyinji.png	6351
resource/flash3/images/items/cailiao/item_cailiao__falao_bingzhijiasuo.png	8828
resource/flash3/images/items/cailiao/item_cailiao__daomuzei_suijiqiandai.png	7141
resource/flash3/images/items/cailiao/item_cailiao__daomujiangong_dixuepibian.png	6448
resource/flash3/images/items/cailiao/item_cailiao__daomujiangong_cierhaojiao.png	6759
resource/flash3/images/items/cailiao/item_cailiao__bigwolf_jianyinlangzong.png	10431
resource/flash3/images/items/cailiao/item_cailiao__bigwolf_dabingu.png	6801
resource/flash3/images/items/cailiao/item_cailiao__bigspider_tangshoudunang.png	7746
resource/flash3/images/items/cailiao/item_cailiao__bigdeer_chunjingzhilei.png	7052
resource/flash3/images/items/cailiao/item_cailiao__baimuxiong_songlinhupo.png	6979
resource/flash3/images/items/cailiao/item_cailiao_zombie_3.png	7068
resource/flash3/images/items/cailiao/item_cailiao_zombie_2.png	6731
resource/flash3/images/items/cailiao/item_cailiao_zombie_1.png	8507
resource/flash3/images/items/cailiao/item_cailiao_zijinkuangshi.png	7414
resource/flash3/images/items/cailiao/item_cailiao_xunshoushijiamian.png	10361
resource/flash3/images/items/cailiao/item_cailiao_xuemo_2.png	9605
resource/flash3/images/items/cailiao/item_cailiao_xuemo_1.png	7778
resource/flash3/images/items/cailiao/item_cailiao_xiaohei_2.png	6538
resource/flash3/images/items/cailiao/item_cailiao_xiaohei_1.png	6803
resource/flash3/images/items/cailiao/item_cailiao_woodelf_1.png	7442
resource/flash3/images/items/cailiao/item_cailiao_treant_1.png	7732
resource/flash3/images/items/cailiao/item_cailiao_tiny_2.png	7248
resource/flash3/images/items/cailiao/item_cailiao_tiny_1.png	7070
resource/flash3/images/items/cailiao/item_cailiao_shenmizhuzaotuzhi.png	6899
resource/flash3/images/items/cailiao/item_cailiao_nongsuodeaihao.png	8223
resource/flash3/images/items/cailiao/item_cailiao_huangzuzhixue.png	7837
resource/flash3/images/items/cailiao/item_cailiao_ghost_2.png	7473
resource/flash3/images/items/cailiao/item_cailiao_ghost_1.png	11253
resource/flash3/images/items/cailiao/item_cailiao_fuleizejianhui.png	6760
resource/flash3/images/items/cailiao/item_cailiao_beiluqihuoyao.png	5578
resource/flash3/images/items/bottle/item_bottle_zhuoshaoyaoji.png	11145
resource/flash3/images/items/bottle/item_bottle_xunlingping.png	9831
resource/flash3/images/items/bottle/item_bottle_wine_1.png	13407
resource/flash3/images/items/bottle/item_bottle_honey.png	11702
resource/flash3/images/items/bottle/item_bottle_enegydrink.png	10130
resource/flash3/images/items/bottle/item_bottle_diankuangyaoji.png	9178
resource/flash3/images/items/bottle/9.png	11907
resource/flash3/images/items/axeboss/item_wp_tuanjiexinbiao.png	11840
resource/flash3/images/items/axeboss/item_wp_miwujinpozhifeng.png	10662
resource/flash3/images/items/axeboss/item_wp_jiandingchengchi.png	12102
resource/flash3/images/items/axeboss/item_shoe_shixuejushoubufa.png	12152
resource/flash3/images/items/axeboss/item_shoe_kuangliemaan.png	13707
resource/flash3/images/items/axeboss/item_jew_dilonghuxi.png	11013
resource/flash3/images/items/axeboss/item_helm_qinruzhefenlu.png	11826
resource/flash3/images/items/axeboss/item_helm_gaojieshouhu.png	12288
resource/flash3/images/items/axeboss/item_cailiao_shiyuejinbi.png	7739
resource/flash3/images/items/axeboss/item_cailiao_huiguanghuangyan.png	7429
resource/flash3/images/items/axeboss/item_cailiao_chengjiexueren.png	6458
resource/flash3/images/items/axeboss/item_cailiao_changmingzhizhu.png	5775
resource/flash3/images/items/axeboss/item_cailiao_baokumiyao.png	6918
resource/flash3/images/items/axeboss/item_armor_tupadeyacibibao.png	13558
resource/flash3/images/items/axeboss/item_armor_gaojieshouhu.png	12736
resource/flash3/images/items/armor/item_armor_xunshoushi_2.png	14320
resource/flash3/images/items/armor/item_armor_xunshoushi_1.png	14498
resource/flash3/images/items/armor/item_armor_kunshouzhipao.png	15123
resource/flash3/images/items/armor/item_armor_kuileishidediyu.png	15259
resource/flash3/images/items/armor/item_armor_470.png	14270
resource/flash3/images/items/armor/item_armor_460.png	16224
resource/flash3/images/items/armor/item_armor_455.png	16001
resource/flash3/images/items/armor/item_armor_410.png	14863
resource/flash3/images/items/armor/item_armor_403.png	15641
resource/flash3/images/items/armor/item_armor_402.png	14687
resource/flash3/images/items/armor/item_armor_401.png	16433
resource/flash3/images/items/armor/item_armor_310.png	11719
resource/flash3/images/items/armor/item_armor_305.png	15268
resource/flash3/images/items/armor/item_armor_301.png	14317
resource/flash3/images/items/armor/item_armor_210.png	9130
resource/flash3/images/items/armor/item_armor_103.png	10161
resource/flash3/images/items/armor/item_armor_101.png	5750
resource/flash3/images/items/领袖之证.png	11880
resource/flash3/images/items/银色狼鬃.png	8260
resource/flash3/images/items/狼骨法杖.png	9222
resource/flash3/images/items/湖之猎人.png	9551
resource/flash3/images/items/残破猎枪.png	9142
resource/flash3/images/items/染血的猎甲.png	11545
resource/flash3/images/items/坚硬狼鬃.png	10386
resource/flash3/images/items/勇气狼爪.png	7773
resource/flash3/images/items/利爪拳刃.png	11318
resource/flash3/images/items/wp_deerbonehammer.png	8627
resource/flash3/images/items/wp_bladeofvenom.png	9294
resource/flash3/images/items/summon_bigdeer.png	7992
resource/flash3/images/items/spiderleg.png	9338
resource/flash3/images/items/smallcrystal.png	32728
resource/flash3/images/items/shoe_lightleathershoe.png	10236
resource/flash3/images/items/shoe_lakekeepershoe.png	10505
resource/flash3/images/items/roshan_halloween_candy.png	26380
resource/flash3/images/items/peifang.png	11027
resource/flash3/images/items/mithrilspiderrobe.png	13356
resource/flash3/images/items/mirana_starfall.png	32445
resource/flash3/images/items/middlecrystal.png	31331
resource/flash3/images/items/luna_eclipse.png	29965
resource/flash3/images/items/lina_laguna_blade.png	26799
resource/flash3/images/items/jew_toxicessence.png	9520
resource/flash3/images/items/jew_tattallent.png	10084
resource/flash3/images/items/jew_tatpersis.png	12494
resource/flash3/images/items/jew_tatluck.png	10971
resource/flash3/images/items/jew_deertear.png	8631
resource/flash3/images/items/item_helm_langpimao.png	9557
resource/flash3/images/items/initial_equip_lottery.png	13266
resource/flash3/images/items/helm_spiderpoison.png	10127
resource/flash3/images/items/helm_deerhornhelm.png	9828
resource/flash3/images/items/helm_bigspiderhelm.png	9601
resource/flash3/images/items/econ_shop.png	126469
resource/flash3/images/items/consum_deermeet.png	11145
resource/flash3/images/items/chen_penitence.png	25724
resource/flash3/images/items/chaos_knight_chaos_strike.png	28306
resource/flash3/images/items/cailiao_luxuryleather.png	10083
resource/flash3/images/items/cailiao_bigspiderteeth.png	7511
resource/flash3/images/items/bigcrystal.png	30196
resource/flash3/images/items/armor_thickrobe.png	12462
resource/flash3/images/items/armor_spidershell.png	10638
resource/flash3/images/items/armor_spiderrobe.png	11593
resource/flash3/images/items/anniu9.png	22152
resource/flash3/images/items/anniu8.png	19186
resource/flash3/images/items/anniu4.png	21208
resource/flash3/images/items/anniu11.png	22289
resource/flash3/images/items/anniu10.png	18830
resource/flash3/images/items/alchemist_goblins_greed.png	22662
particles/portrait/screen_stun_indicator_b.vpcf	2099
particles/portrait/screen_arcane_drop_g.vpcf	3009
particles/portrait/screen_arcane_drop_d.vpcf	2924
particles/portrait/screen_arcane_drop_c.vpcf	2258
particles/portrait/screen_arcane_drop_b.vpcf	3863
particles/portrait/lihui_b.vpcf	1844
particles/portrait/lihui.vpcf	4612
particles/_tatitems2_fx/teleport_end_volume_magic_small.vpcf_c	2216
particles/_tatitems2_fx/teleport_end_volume_magic.vpcf_c	2505
particles/_tatitems2_fx/teleport_end_volume_core.vpcf_c	2045
particles/_tatitems2_fx/teleport_end_streak.vpcf_c	1844
particles/_tatitems2_fx/teleport_end_spiral.vpcf_c	1970
particles/_tatitems2_fx/teleport_end_plasma.vpcf_c	2180
particles/_tatitems2_fx/teleport_end_n.vpcf_c	2082
particles/_tatitems2_fx/teleport_end_m.vpcf_c	1645
particles/_tatitems2_fx/teleport_end_l_glow.vpcf_c	1935
particles/_tatitems2_fx/teleport_end_l.vpcf_c	2036
particles/_tatitems2_fx/teleport_end_image_glow.vpcf_c	1893
particles/_tatitems2_fx/teleport_end_image_color2.vpcf_c	1901
particles/_tatitems2_fx/teleport_end_image_color.vpcf_c	2054
particles/_tatitems2_fx/teleport_end_image.vpcf_c	894
particles/_tatitems2_fx/teleport_end_i.vpcf_c	2073
particles/_tatitems2_fx/teleport_end_ground_glow.vpcf_c	1679
particles/_tatitems2_fx/teleport_end_ground_flash.vpcf_c	2088
particles/_tatitems2_fx/teleport_end_ground_drop.vpcf_c	1767
particles/_tatitems2_fx/teleport_end_flash.vpcf_c	1845
particles/_tatitems2_fx/teleport_end_e.vpcf_c	1828
particles/_tatitems2_fx/teleport_end_dust_bits.vpcf_c	2097
particles/_tatitems2_fx/teleport_end_dust.vpcf_c	1797
particles/_tatitems2_fx/teleport_end_counter.vpcf_c	1615
particles/_tatitems2_fx/teleport_end_b.vpcf_c	1812
particles/_tatecon/events/ti10/teleport/teleport_ti10_core_start_playercolor.vpcf_c	3148
particles/_tatecon/events/ti10/teleport/teleport_ti10_core_end_h.vpcf_c	2083
particles/_tatecon/events/ti10/teleport/teleport_end_ti10_twinkle.vpcf_c	2450
particles/_tatecon/events/ti10/teleport/teleport_end_ti10_magic.vpcf_c	2800
particles/_tatecon/events/ti10/teleport/teleport_end_ti10_ground_light.vpcf_c	1698
particles/_tatecon/events/ti10/teleport/teleport_end_ti10_ground.vpcf_c	1518
particles/_tatecon/events/ti10/teleport/teleport_end_ti10_core.vpcf_c	2747
particles/_tatecon/events/ti10/teleport/teleport_end_ti10.vpcf_c	1574
particles/_darkunits/heroes/hero_wisp/wisp_tether_i.vpcf_c	1881
particles/_darkunits/heroes/hero_wisp/wisp_tether_h.vpcf_c	1680
particles/_darkunits/heroes/hero_wisp/wisp_tether_g.vpcf_c	1907
particles/_darkunits/heroes/hero_wisp/wisp_tether_end.vpcf_c	1663
particles/_darkecon/items/wisp/wisp_tether_ti7_scrolling_trail.vpcf_c	1926
particles/_darkecon/items/wisp/wisp_tether_ti7_scrolling.vpcf_c	2008
particles/_darkecon/items/wisp/wisp_tether_ti7_rope_thick.vpcf_c	1926
particles/_darkecon/items/wisp/wisp_tether_ti7_rope.vpcf_c	2323
particles/_darkecon/items/wisp/wisp_tether_ti7_hearts.vpcf_c	2149
particles/_darkecon/items/wisp/wisp_tether_ti7_glow.vpcf_c	2132
particles/_darkecon/items/wisp/wisp_tether_ti7_ember.vpcf_c	1899
particles/_darkecon/items/wisp/wisp_tether_ti7_elec.vpcf_c	1877
particles/_darkecon/items/wisp/wisp_tether_ti7.vpcf_c	1258
particles/_2_customunits/heroes/hero_wisp/wisp_tether_i.vpcf_c	2249
particles/_2_customunits/heroes/hero_wisp/wisp_tether_h.vpcf_c	2245
particles/_2_customunits/heroes/hero_wisp/wisp_tether_g.vpcf_c	2286
particles/_2_customunits/heroes/hero_wisp/wisp_tether_end.vpcf_c	2042
particles/_2_customecon/items/wisp/wisp_tether_ti7_scrolling_trail.vpcf_c	1914
particles/_2_customecon/items/wisp/wisp_tether_ti7_scrolling.vpcf_c	1968
particles/_2_customecon/items/wisp/wisp_tether_ti7_rope_thick.vpcf_c	1924
particles/_2_customecon/items/wisp/wisp_tether_ti7_rope.vpcf_c	2510
particles/_2_customecon/items/wisp/wisp_tether_ti7_hearts.vpcf_c	2162
particles/_2_customecon/items/wisp/wisp_tether_ti7_glow.vpcf_c	2145
particles/_2_customecon/items/wisp/wisp_tether_ti7_ember.vpcf_c	1898
particles/_2_customecon/items/wisp/wisp_tether_ti7_elec.vpcf_c	1866
particles/_2_customecon/items/wisp/wisp_tether_ti7.vpcf_c	1400
particles/_2units/heroes/hero_wisp/wisp_tether_i.vpcf_c	1681
particles/_2units/heroes/hero_wisp/wisp_tether_h.vpcf_c	1680
particles/_2units/heroes/hero_wisp/wisp_tether_g.vpcf_c	1699
particles/_2units/heroes/hero_wisp/wisp_tether_end.vpcf_c	1443
particles/_2units/heroes/hero_phantom_assassin/phantom_assassin_crit_impact_spurt_lv.vpcf_c	1837
particles/_2units/heroes/hero_phantom_assassin/phantom_assassin_crit_impact_spurt.vpcf_c	2045
particles/_2units/heroes/hero_phantom_assassin/phantom_assassin_crit_impact_sparks_lv.vpcf_c	2171
particles/_2units/heroes/hero_phantom_assassin/phantom_assassin_crit_impact_mist_lv.vpcf_c	1914
particles/_2units/heroes/hero_phantom_assassin/phantom_assassin_crit_impact_mist.vpcf_c	2115
particles/_2units/heroes/hero_phantom_assassin/phantom_assassin_crit_impact_mechanical_sparks.vpcf_c	2096
particles/_2units/heroes/hero_phantom_assassin/phantom_assassin_crit_impact_mechanical_burst_c.vpcf_c	1735
particles/_2units/heroes/hero_phantom_assassin/phantom_assassin_crit_impact_mechanical_burst.vpcf_c	2019
particles/_2units/heroes/hero_phantom_assassin/phantom_assassin_crit_impact_lv.vpcf_c	3242
particles/_2units/heroes/hero_phantom_assassin/phantom_assassin_crit_impact_drops_b_lv.vpcf_c	2023
particles/_2units/heroes/hero_phantom_assassin/phantom_assassin_crit_impact_drops_b.vpcf_c	2275
particles/_2units/heroes/hero_phantom_assassin/phantom_assassin_crit_impact_drips_b_lv.vpcf_c	2050
particles/_2units/heroes/hero_phantom_assassin/phantom_assassin_crit_impact_drips_b.vpcf_c	2322
particles/_2units/heroes/hero_phantom_assassin/phantom_assassin_crit_impact_burst_e_lv.vpcf_c	1828
particles/_2units/heroes/hero_phantom_assassin/phantom_assassin_crit_impact_burst_e.vpcf_c	1823
particles/_2units/heroes/hero_phantom_assassin/phantom_assassin_crit_impact_burst_d_lv.vpcf_c	2130
particles/_2units/heroes/hero_phantom_assassin/phantom_assassin_crit_impact_burst_d.vpcf_c	2115
particles/_2units/heroes/hero_phantom_assassin/phantom_assassin_crit_impact_burst_c.vpcf_c	1737
particles/_2units/heroes/hero_phantom_assassin/phantom_assassin_crit_impact_burst_b_lv.vpcf_c	2015
particles/_2units/heroes/hero_phantom_assassin/phantom_assassin_crit_impact_burst_b.vpcf_c	2244
particles/_2units/heroes/hero_phantom_assassin/phantom_assassin_crit_impact_bloodstain_lv.vpcf_c	1867
particles/_2units/heroes/hero_phantom_assassin/phantom_assassin_crit_impact_bloodstain.vpcf_c	2076
particles/_2units/heroes/hero_phantom_assassin/phantom_assassin_crit_impact_blobs_lv.vpcf_c	1998
particles/_2units/heroes/hero_phantom_assassin/phantom_assassin_crit_impact_blobs.vpcf_c	2212
particles/_2units/heroes/hero_phantom_assassin/phantom_assassin_crit_impact_arterial_lv.vpcf_c	2245
particles/_2units/heroes/hero_phantom_assassin/phantom_assassin_crit_impact_arterial_2_lv.vpcf_c	2198
particles/_2units/heroes/hero_phantom_assassin/phantom_assassin_crit_impact_arterial_2.vpcf_c	2543
particles/_2units/heroes/hero_phantom_assassin/phantom_assassin_crit_impact_arterial.vpcf_c	2464
particles/_2units/heroes/hero_phantom_assassin/phantom_assassin_crit_impact.vpcf_c	3049
particles/_2units/heroes/hero_omniknight/omniknight_purification_light_b.vpcf_c	1476
particles/_2units/heroes/hero_omniknight/omniknight_purification_light.vpcf_c	1208
particles/_2units/heroes/hero_omniknight/omniknight_purification_g.vpcf_c	1447
particles/_2econ/items/wisp/wisp_tether_ti7_scrolling_trail.vpcf_c	1923
particles/_2econ/items/wisp/wisp_tether_ti7_scrolling.vpcf_c	1952
particles/_2econ/items/wisp/wisp_tether_ti7_rope_thick.vpcf_c	1924
particles/_2econ/items/wisp/wisp_tether_ti7_rope.vpcf_c	2054
particles/_2econ/items/wisp/wisp_tether_ti7_hearts.vpcf_c	2162
particles/_2econ/items/wisp/wisp_tether_ti7_glow.vpcf_c	2129
particles/_2econ/items/wisp/wisp_tether_ti7_ember.vpcf_c	1904
particles/_2econ/items/wisp/wisp_tether_ti7_elec.vpcf_c	1850
particles/_2econ/items/wisp/wisp_tether_ti7.vpcf_c	1604
particles/_2econ/items/phantom_assassin/phantom_assassin_arcana_elder_smith/phantom_assassin_crit_arcana_swoop_r.vpcf_c	2159
particles/_2econ/items/phantom_assassin/phantom_assassin_arcana_elder_smith/phantom_assassin_crit_arcana_swoop_d.vpcf_c	2588
particles/_2econ/items/phantom_assassin/phantom_assassin_arcana_elder_smith/phantom_assassin_crit_arcana_swoop_c_child.vpcf_c	1858
particles/_2econ/items/phantom_assassin/phantom_assassin_arcana_elder_smith/phantom_assassin_crit_arcana_swoop_c.vpcf_c	3199
particles/_2econ/items/phantom_assassin/phantom_assassin_arcana_elder_smith/phantom_assassin_crit_arcana_swoop_b.vpcf_c	2091
particles/_2econ/items/phantom_assassin/phantom_assassin_arcana_elder_smith/phantom_assassin_crit_arcana_swoop_a.vpcf_c	2070
particles/_2econ/items/phantom_assassin/phantom_assassin_arcana_elder_smith/phantom_assassin_crit_arcana_swoop.vpcf_c	1330
particles/_2econ/items/phantom_assassin/phantom_assassin_arcana_elder_smith/phantom_assassin_crit_arcana_model_slash_b.vpcf_c	2852
particles/_2econ/items/phantom_assassin/phantom_assassin_arcana_elder_smith/phantom_assassin_crit_arcana_model_slash_a.vpcf_c	2300
particles/_2econ/items/phantom_assassin/phantom_assassin_arcana_elder_smith/phantom_assassin_crit_arcana_model_particles.vpcf_c	1874
particles/_2econ/items/phantom_assassin/phantom_assassin_arcana_elder_smith/phantom_assassin_crit_arcana_impact_model.vpcf_c	2465
particles/_2econ/items/omniknight/hammer_ti6_immortal/omniknight_pu_ti6_heal_hammers.vpcf_c	2251
particles/_2econ/items/omniknight/hammer_ti6_immortal/omniknight_pur_ti6_immortal_ring_glow.vpcf_c	1710
particles/_2econ/items/omniknight/hammer_ti6_immortal/omniknight_pur_ti6_immortal_helmet.vpcf_c	2056
particles/_2econ/items/omniknight/hammer_ti6_immortal/omniknight_pur_ti6_immortal_hampart_b.vpcf_c	2500
particles/_2econ/items/omniknight/hammer_ti6_immortal/omniknight_pur_ti6_immortal_hampart.vpcf_c	2212
particles/_2econ/items/omniknight/hammer_ti6_immortal/omniknight_pur_ti6_immortal_beam_glow.vpcf_c	1826
particles/_2econ/items/omniknight/hammer_ti6_immortal/omniknight_pur_ti6_immortal_beamsource.vpcf_c	1337
particles/_2econ/items/omniknight/hammer_ti6_immortal/omniknight_pur_ti6_immortal_beams.vpcf_c	2208
particles/_2econ/items/omniknight/hammer_ti6_immortal/omniknight_purification_ti6_immortal.vpcf_c	2806
particles/wings/wings_l_c.vpcf_c	1162
particles/wings/wings_l_b.vpcf_c	2112
particles/wings/wings_l_a.vpcf_c	2134
particles/wings/wings_9.vpcf_c	1782
particles/wings/wings_8.vpcf_c	1823
particles/wings/wings_7.vpcf_c	1824
particles/wings/wings_6.vpcf_c	1708
particles/wings/wings_5.vpcf_c	1830
particles/wings/wings_4.vpcf_c	1820
particles/wings/wings_3.vpcf_c	1847
particles/wings/wings_2_r_a.vpcf_c	2117
particles/wings/wings_2_l_a.vpcf_c	2139
particles/wings/wings_2_c.vpcf_c	1182
particles/wings/wings_2.vpcf_c	1844
particles/wings/wings_1_r_a.vpcf_c	2098
particles/wings/wings_1_l_a.vpcf_c	2132
particles/wings/wings_1_c.vpcf_c	1182
particles/wings/wings_1.vpcf_c	1838
particles/wings/wings.vpcf_c	1787
particles/void/faceless_void_time_lock_bash_warp.vpcf_c	1727
particles/void/faceless_void_time_lock_bash_model.vpcf_c	2743
particles/void/faceless_void_time_lock_bash_hit.vpcf_c	1683
particles/void/faceless_void_time_lock_bash_glow.vpcf_c	1531
particles/void/faceless_void_time_lock_bash.vpcf_c	1180
particles/units/waveblaster/wave_blast_wave.vpcf_c	1979
particles/units/waveblaster/wave_blast_pulse.vpcf_c	1816
particles/units/waveblaster/wave_blast_graphic.vpcf_c	1801
particles/units/waveblaster/wave_blast_glow_end.vpcf_c	1473
particles/units/waveblaster/wave_blast_glow.vpcf_c	2128
particles/units/waveblaster/wave_blast_flow.vpcf_c	2055
particles/units/waveblaster/wave_blast_edge.vpcf_c	2272
particles/units/waveblaster/wave_blast_dust_b.vpcf_c	1849
particles/units/waveblaster/wave_blast_dust.vpcf_c	1817
particles/units/waveblaster/wave_blast_body.vpcf_c	1805
particles/units/waveblaster/wave_blast.vpcf_c	2496
particles/units/unit_greevil/loot_greevil_tgt_end_rings_2.vpcf_c	1891
particles/units/heroes/hero__2kunkka/kunkka_spell_torrent_bubbles_b.vpcf_c	2607
particles/units/heroes/hero__2kunkka/kunkka_spell_torrent_bubbles.vpcf_c	2027
particles/units/heroes/hero__2bloodseeker/kunkka_spell_torrent_bubbles_2.vpcf_c	2029
particles/units/heroes/hero_witch_doctor/witch_doctor_paralyzing_cask_aoe_damage_b.vpcf_c	1935
particles/units/heroes/hero_witch_doctor/witch_doctor_paralyzing_cask_aoe_damage_a.vpcf_c	2265
particles/units/heroes/hero_witch_doctor/witch_doctor_paralyzing_cask_aoe_damage.vpcf_c	1080
particles/units/heroes/hero_witch_doctor/witch_doctor_maledict_aoe_damage_b.vpcf_c	1935
particles/units/heroes/hero_witch_doctor/witch_doctor_maledict_aoe_damage_a.vpcf_c	2663
particles/units/heroes/hero_witch_doctor/witch_doctor_maledict_aoe_damage.vpcf_c	1041
particles/units/heroes/hero_winter_wyvern/wyvern_splinter_blast_heal_trail_frost.vpcf_c	2192
particles/units/heroes/hero_winter_wyvern/wyvern_splinter_blast_heal_trail_flek.vpcf_c	2272
particles/units/heroes/hero_winter_wyvern/wyvern_splinter_blast_heal_ring.vpcf_c	2021
particles/units/heroes/hero_winter_wyvern/wyvern_splinter_blast_heal_main_flash.vpcf_c	1883
particles/units/heroes/hero_winter_wyvern/wyvern_splinter_blast_heal_main_flare.vpcf_c	2022
particles/units/heroes/hero_winter_wyvern/wyvern_splinter_blast_heal_main_core.vpcf_c	1885
particles/units/heroes/hero_winter_wyvern/wyvern_splinter_blast_heal_main.vpcf_c	2382
particles/units/heroes/hero_winter_wyvern/wyvern_splinter_blast_heal_icon.vpcf_c	1799
particles/units/heroes/hero_winter_wyvern/wyvern_splinter_blast_heal_explosion_trail.vpcf_c	1961
particles/units/heroes/hero_winter_wyvern/wyvern_splinter_blast_heal_explosion_smoke.vpcf_c	1710
particles/units/heroes/hero_winter_wyvern/wyvern_splinter_blast_heal_explosion_flare.vpcf_c	1664
particles/units/heroes/hero_winter_wyvern/wyvern_splinter_blast_heal_explosion.vpcf_c	2406
particles/units/heroes/hero_winter_wyvern/wyvern_splinter_blast_heal.vpcf_c	2381
particles/units/heroes/hero_weaver/weaver_shukuchi_trail_d.vpcf_c	2731
particles/units/heroes/hero_weaver/weaver_shukuchi_trail_c.vpcf_c	2488
particles/units/heroes/hero_weaver/weaver_shukuchi_trail_b.vpcf_c	2941
particles/units/heroes/hero_weaver/weaver_shukuchi_trail_a.vpcf_c	2238
particles/units/heroes/hero_weaver/weaver_shukuchi_trail.vpcf_c	2696
particles/units/heroes/hero_viper/viper_corrosive_flying_start_fallback_mid.vpcf_c	1855
particles/units/heroes/hero_viper/viper_corrosive_flying_start_fallback_low.vpcf_c	1880
particles/units/heroes/hero_viper/viper_corrosive_flying_start.vpcf_c	2019
particles/units/heroes/hero_viper/viper_corrosive_flying_h_fallback_low.vpcf_c	1304
particles/units/heroes/hero_viper/viper_corrosive_flying_h.vpcf_c	1446
particles/units/heroes/hero_viper/viper_corrosive_flying_g.vpcf_c	1673
particles/units/heroes/hero_viper/viper_corrosive_flying_flame_fallback_low.vpcf_c	2010
particles/units/heroes/hero_viper/viper_corrosive_flying_flame.vpcf_c	2176
particles/units/heroes/hero_viper/viper_corrosive_flying_fallback_mid.vpcf_c	2433
particles/units/heroes/hero_viper/viper_corrosive_flying_fallback_low.vpcf_c	2244
particles/units/heroes/hero_viper/viper_corrosive_flying_f.vpcf_c	2162
particles/units/heroes/hero_viper/viper_corrosive_flying_e.vpcf_c	2164
particles/units/heroes/hero_viper/viper_corrosive_flying_d.vpcf_c	2149
particles/units/heroes/hero_viper/viper_corrosive_flying_c.vpcf_c	1896
particles/units/heroes/hero_viper/viper_corrosive_flying.vpcf_c	2663
particles/units/heroes/hero_vengeful/vengeful_wave_of_4_terror_white.vpcf_c	2366
particles/units/heroes/hero_vengeful/vengeful_wave_of_4_terror_j.vpcf_c	2307
particles/units/heroes/hero_vengeful/vengeful_wave_of_4_terror_i.vpcf_c	2519
particles/units/heroes/hero_vengeful/vengeful_wave_of_4_terror_h.vpcf_c	2462
particles/units/heroes/hero_vengeful/vengeful_wave_of_4_terror_glow_c.vpcf_c	3068
particles/units/heroes/hero_vengeful/vengeful_wave_of_4_terror_glowsoft.vpcf_c	2922
particles/units/heroes/hero_vengeful/vengeful_wave_of_4_terror_g.vpcf_c	2312
particles/units/heroes/hero_vengeful/vengeful_wave_of_4_terror_f.vpcf_c	3378
particles/units/heroes/hero_vengeful/vengeful_wave_of_4_terror_e.vpcf_c	3323
particles/units/heroes/hero_vengeful/vengeful_wave_of_4_terror_blackb.vpcf_c	3189
particles/units/heroes/hero_vengeful/vengeful_wave_of_4_terror_black.vpcf_c	3413
particles/units/heroes/hero_vengeful/vengeful_wave_of_4_terror.vpcf_c	4745
particles/units/heroes/hero_vengeful/vengeful_wave_of_4f_terror_smoke_swrl.vpcf_c	2682
particles/units/heroes/hero_vengeful/vengeful_wave_of_4f_terror_head_glow.vpcf_c	3051
particles/units/heroes/hero_vengeful/vengeful_wave_of_3_terror_white.vpcf_c	2342
particles/units/heroes/hero_vengeful/vengeful_wave_of_3_terror_j.vpcf_c	2084
particles/units/heroes/hero_vengeful/vengeful_wave_of_3_terror_i.vpcf_c	2309
particles/units/heroes/hero_vengeful/vengeful_wave_of_3_terror_h.vpcf_c	2248
particles/units/heroes/hero_vengeful/vengeful_wave_of_3_terror_glow_c.vpcf_c	1962
particles/units/heroes/hero_vengeful/vengeful_wave_of_3_terror_glowsoft.vpcf_c	1704
particles/units/heroes/hero_vengeful/vengeful_wave_of_3_terror_g.vpcf_c	2288
particles/units/heroes/hero_vengeful/vengeful_wave_of_3_terror_f.vpcf_c	2292
particles/units/heroes/hero_vengeful/vengeful_wave_of_3_terror_e.vpcf_c	2226
particles/units/heroes/hero_vengeful/vengeful_wave_of_3_terror_blackb.vpcf_c	2323
particles/units/heroes/hero_vengeful/vengeful_wave_of_3_terror_black.vpcf_c	2326
particles/units/heroes/hero_vengeful/vengeful_wave_of_3_terror.vpcf_c	4570
particles/units/heroes/hero_vengeful/vengeful_wave_of_3f_terror_smoke_swrl.vpcf_c	1811
particles/units/heroes/hero_vengeful/vengeful_wave_of_3f_terror_head_glow.vpcf_c	1894
particles/units/heroes/hero_vengeful/vengeful_wave_of_2_terror_white.vpcf_c	2342
particles/units/heroes/hero_vengeful/vengeful_wave_of_2_terror_j.vpcf_c	2283
particles/units/heroes/hero_vengeful/vengeful_wave_of_2_terror_i.vpcf_c	2495
particles/units/heroes/hero_vengeful/vengeful_wave_of_2_terror_h.vpcf_c	2438
particles/units/heroes/hero_vengeful/vengeful_wave_of_2_terror_glow_c.vpcf_c	2802
particles/units/heroes/hero_vengeful/vengeful_wave_of_2_terror_glowsoft.vpcf_c	2614
particles/units/heroes/hero_vengeful/vengeful_wave_of_2_terror_g.vpcf_c	2288
particles/units/heroes/hero_vengeful/vengeful_wave_of_2_terror_f.vpcf_c	3119
particles/units/heroes/hero_vengeful/vengeful_wave_of_2_terror_e.vpcf_c	3063
particles/units/heroes/hero_vengeful/vengeful_wave_of_2_terror_blackb.vpcf_c	3165
particles/units/heroes/hero_vengeful/vengeful_wave_of_2_terror_black.vpcf_c	3148
particles/units/heroes/hero_vengeful/vengeful_wave_of_2_terror.vpcf_c	4171
particles/units/heroes/hero_vengeful/vengeful_wave_of_2f_terror_smoke_swrl.vpcf_c	2658
particles/units/heroes/hero_vengeful/vengeful_wave_of_2f_terror_head_glow.vpcf_c	2772
particles/units/heroes/hero_tusk/tusk_walruspunch_txt__2ult.vpcf_c	2294
particles/units/heroes/hero_tusk/tusk_walruspunch_txt__2hit_mist.vpcf_c	1805
particles/units/heroes/hero_tusk/tusk_walruspunch_txt__2hit_flek.vpcf_c	1824
particles/units/heroes/hero_tusk/tusk_walruspunch_txt__2hit.vpcf_c	1996
particles/units/heroes/hero_tusk/tusk_walruspunch_txt__2glow.vpcf_c	1705
particles/units/heroes/hero_tusk/tusk_snowball_end_damage_c.vpcf_c	2238
particles/units/heroes/hero_tusk/tusk_snowball_end_damage_b.vpcf_c	1931
particles/units/heroes/hero_tusk/tusk_snowball_end_damage_a.vpcf_c	2294
particles/units/heroes/hero_tusk/tusk_snowball_end_damage.vpcf_c	1079
particles/units/heroes/hero_tusk/tusk_ice_shards_explode_c.vpcf_c	2204
particles/units/heroes/hero_tusk/tusk_ice_shards_explode_b.vpcf_c	1931
particles/units/heroes/hero_tusk/tusk_ice_shards_explode.vpcf_c	984
particles/units/heroes/hero_troll_warlord/troll_warlord_berserk_buff_holy_c.vpcf_c	1961
particles/units/heroes/hero_troll_warlord/troll_warlord_berserk_buff_holy_b.vpcf_c	2139
particles/units/heroes/hero_troll_warlord/troll_warlord_berserk_buff_holy.vpcf_c	2486
particles/units/heroes/hero_tinker/_4tinker_laser_h.vpcf_c	1805
particles/units/heroes/hero_tinker/_4tinker_laser_g.vpcf_c	2155
particles/units/heroes/hero_tinker/_4tinker_laser_f.vpcf_c	1662
particles/units/heroes/hero_tinker/_4tinker_laser_e.vpcf_c	2200
particles/units/heroes/hero_tinker/_4tinker_laser_d.vpcf_c	1779
particles/units/heroes/hero_tinker/_4tinker_laser_c.vpcf_c	1696
particles/units/heroes/hero_tinker/_4tinker_laser_b_2.vpcf_c	2767
particles/units/heroes/hero_tinker/_4tinker_laser_b.vpcf_c	2760
particles/units/heroes/hero_tinker/_4tinker_laser.vpcf_c	3934
particles/units/heroes/hero_tinker/_4laser_cutter_sparks_k.vpcf_c	1964
particles/units/heroes/hero_tinker/_4laser_cutter_sparks_i.vpcf_c	1848
particles/units/heroes/hero_tinker/_4laser_cutter_sparks_h.vpcf_c	1861
particles/units/heroes/hero_tinker/_4laser_cutter_sparks_g.vpcf_c	1850
particles/units/heroes/hero_tinker/_4laser_cutter_sparks_f.vpcf_c	1840
particles/units/heroes/hero_tinker/_4laser_cutter_sparks_e.vpcf_c	1963
particles/units/heroes/hero_tinker/_4laser_cutter_sparks_d.vpcf_c	1901
particles/units/heroes/hero_tinker/_4laser_cutter_sparks_c.vpcf_c	1668
particles/units/heroes/hero_tinker/_4laser_cutter_sparks_b.vpcf_c	1929
particles/units/heroes/hero_tinker/_4laser_cutter_sparks.vpcf_c	2999
particles/units/heroes/hero_tinker/_3tinker_laser_h.vpcf_c	1560
particles/units/heroes/hero_tinker/_3tinker_laser_g.vpcf_c	1932
particles/units/heroes/hero_tinker/_3tinker_laser_f.vpcf_c	1638
particles/units/heroes/hero_tinker/_3tinker_laser_e.vpcf_c	2785
particles/units/heroes/hero_tinker/_3tinker_laser_d.vpcf_c	1577
particles/units/heroes/hero_tinker/_3tinker_laser_c.vpcf_c	1511
particles/units/heroes/hero_tinker/_3tinker_laser_b.vpcf_c	1777
particles/units/heroes/hero_tinker/_3tinker_laser.vpcf_c	2526
particles/units/heroes/hero_tinker/_3laser_cutter_sparks_k.vpcf_c	1940
particles/units/heroes/hero_tinker/_3laser_cutter_sparks_j.vpcf_c	1871
particles/units/heroes/hero_tinker/_3laser_cutter_sparks_i.vpcf_c	1824
particles/units/heroes/hero_tinker/_3laser_cutter_sparks_h.vpcf_c	1837
particles/units/heroes/hero_tinker/_3laser_cutter_sparks_g.vpcf_c	1826
particles/units/heroes/hero_tinker/_3laser_cutter_sparks_f.vpcf_c	1816
particles/units/heroes/hero_tinker/_3laser_cutter_sparks_e.vpcf_c	1939
particles/units/heroes/hero_tinker/_3laser_cutter_sparks_d.vpcf_c	1877
particles/units/heroes/hero_tinker/_3laser_cutter_sparks_c.vpcf_c	1644
particles/units/heroes/hero_tinker/_3laser_cutter_sparks_b.vpcf_c	1905
particles/units/heroes/hero_tinker/_3laser_cutter_sparks.vpcf_c	2801
particles/units/heroes/hero_tinker/_2tinker_laser_h.vpcf_c	1781
particles/units/heroes/hero_tinker/_2tinker_laser_g.vpcf_c	2108
particles/units/heroes/hero_tinker/_2tinker_laser_f.vpcf_c	1638
particles/units/heroes/hero_tinker/_2tinker_laser_e.vpcf_c	2176
particles/units/heroes/hero_tinker/_2tinker_laser_d.vpcf_c	1755
particles/units/heroes/hero_tinker/_2tinker_laser_c.vpcf_c	1672
particles/units/heroes/hero_tinker/_2tinker_laser_b.vpcf_c	2462
particles/units/heroes/hero_tinker/_2tinker_laser.vpcf_c	3110
particles/units/heroes/hero_tinker/_2laser_cutter_sparks_k.vpcf_c	1940
particles/units/heroes/hero_tinker/_2laser_cutter_sparks_j.vpcf_c	2022
particles/units/heroes/hero_tinker/_2laser_cutter_sparks_i.vpcf_c	1824
particles/units/heroes/hero_tinker/_2laser_cutter_sparks_h.vpcf_c	1837
particles/units/heroes/hero_tinker/_2laser_cutter_sparks_g.vpcf_c	1826
particles/units/heroes/hero_tinker/_2laser_cutter_sparks_f.vpcf_c	1816
particles/units/heroes/hero_tinker/_2laser_cutter_sparks_e.vpcf_c	1939
particles/units/heroes/hero_tinker/_2laser_cutter_sparks_d.vpcf_c	1877
particles/units/heroes/hero_tinker/_2laser_cutter_sparks_c.vpcf_c	1644
particles/units/heroes/hero_tinker/_2laser_cutter_sparks_b.vpcf_c	1905
particles/units/heroes/hero_tinker/_2laser_cutter_sparks.vpcf_c	2975
particles/units/heroes/hero_templar_assassin/templar_assassin_refraction_mage_start_sphere.vpcf_c	1688
particles/units/heroes/hero_templar_assassin/templar_assassin_refraction_mage_start_arcs.vpcf_c	1754
particles/units/heroes/hero_templar_assassin/templar_assassin_refraction_mage_start.vpcf_c	2058
particles/units/heroes/hero_templar_assassin/templar_assassin_refraction_mage_sphere_flash.vpcf_c	1467
particles/units/heroes/hero_templar_assassin/templar_assassin_refraction_mage_sphere_edge.vpcf_c	1470
particles/units/heroes/hero_templar_assassin/templar_assassin_refraction_mage_ring_steam.vpcf_c	2041
particles/units/heroes/hero_templar_assassin/templar_assassin_refraction_mage_ring_flek.vpcf_c	1973
particles/units/heroes/hero_templar_assassin/templar_assassin_refraction_mage_ring_dust.vpcf_c	2110
particles/units/heroes/hero_templar_assassin/templar_assassin_refraction_mage_form_flash.vpcf_c	1765
particles/units/heroes/hero_templar_assassin/templar_assassin_refraction_mage_form.vpcf_c	1727
particles/units/heroes/hero_templar_assassin/templar_assassin_refraction_mage_break.vpcf_c	1626
particles/units/heroes/hero_templar_assassin/templar_assassin_refraction_mage_arc_pnt.vpcf_c	1157
particles/units/heroes/hero_templar_assassin/templar_assassin_refraction_mage_arcsb.vpcf_c	1764
particles/units/heroes/hero_templar_assassin/templar_assassin_refraction_mage_arcs.vpcf_c	1728
particles/units/heroes/hero_templar_assassin/templar_assassin_refraction_mage.vpcf_c	3315
particles/units/heroes/hero_templar_assassin/templar_assassin_base_attack_2_trail_b.vpcf_c	1897
particles/units/heroes/hero_templar_assassin/templar_assassin_base_attack_2_trail.vpcf_c	2704
particles/units/heroes/hero_templar_assassin/templar_assassin_base_attack_2_start_sparks.vpcf_c	2187
particles/units/heroes/hero_templar_assassin/templar_assassin_base_attack_2_start.vpcf_c	1538
particles/units/heroes/hero_templar_assassin/templar_assassin_base_attack_2_shard.vpcf_c	1983
particles/units/heroes/hero_templar_assassin/templar_assassin_base_attack_2_launch.vpcf_c	1845
particles/units/heroes/hero_templar_assassin/templar_assassin_base_attack_2_glow.vpcf_c	1649
particles/units/heroes/hero_templar_assassin/templar_assassin_base_attack_2_explosion_warp.vpcf_c	1686
particles/units/heroes/hero_templar_assassin/templar_assassin_base_attack_2_explosion_flash.vpcf_c	1688
particles/units/heroes/hero_templar_assassin/templar_assassin_base_attack_2_explosion.vpcf_c	2109
particles/units/heroes/hero_templar_assassin/templar_assassin_base_attack_2.vpcf_c	2859
particles/units/heroes/hero_sven/sven_s_2torm_bolt_projectile_trail_c.vpcf_c	1920
particles/units/heroes/hero_sven/sven_s_2torm_bolt_projectile_trail_b.vpcf_c	1627
particles/units/heroes/hero_sven/sven_s_2torm_bolt_projectile_trail.vpcf_c	1808
particles/units/heroes/hero_sven/sven_s_2torm_bolt_projectile_glow_c.vpcf_c	1451
particles/units/heroes/hero_sven/sven_s_2torm_bolt_projectile_glow_b.vpcf_c	1510
particles/units/heroes/hero_sven/sven_s_2torm_bolt_projectile_glow.vpcf_c	1636
particles/units/heroes/hero_sven/sven_s_2torm_bolt_projectile_explosion_wave.vpcf_c	1943
particles/units/heroes/hero_sven/sven_s_2torm_bolt_projectile_explosion_trailsb.vpcf_c	1548
particles/units/heroes/hero_sven/sven_s_2torm_bolt_projectile_explosion_trail.vpcf_c	1663
particles/units/heroes/hero_sven/sven_s_2torm_bolt_projectile_explosion_flash_b.vpcf_c	1943
particles/units/heroes/hero_sven/sven_s_2torm_bolt_projectile_explosion_flash.vpcf_c	1582
particles/units/heroes/hero_sven/sven_s_2torm_bolt_projectile_explosion.vpcf_c	2292
particles/units/heroes/hero_sven/sven_s_2pell_storm_bolt_projectile_lightning_b.vpcf_c	1677
particles/units/heroes/hero_sven/sven_s_2pell_storm_bolt_projectile_lightning.vpcf_c	1783
particles/units/heroes/hero_sven/sven_s_2pell_storm_bolt_gauntlet.vpcf_c	1891
particles/units/heroes/hero_sven/sven_s_2pell_storm_bolt.vpcf_c	2564
particles/units/heroes/hero_sven/sven_s_2pell_stormbolt_explosion_light.vpcf_c	1499
particles/units/heroes/hero_stormspirit/stormspirit_overload_discharge_mage_f.vpcf_c	2012
particles/units/heroes/hero_stormspirit/stormspirit_overload_discharge_mage_e.vpcf_c	2303
particles/units/heroes/hero_stormspirit/stormspirit_overload_discharge_mage_d.vpcf_c	1638
particles/units/heroes/hero_stormspirit/stormspirit_overload_discharge_mage_c.vpcf_c	1435
particles/units/heroes/hero_stormspirit/stormspirit_overload_discharge_mage_b.vpcf_c	1836
particles/units/heroes/hero_stormspirit/stormspirit_overload_discharge_mage.vpcf_c	3021
particles/units/heroes/hero_spirit_breaker/spirit_breaker_shieldfootprints.vpcf_c	1871
particles/units/heroes/hero_spirit_breaker/spirit_breaker_shieldcharge_wave_e.vpcf_c	1737
particles/units/heroes/hero_spirit_breaker/spirit_breaker_shieldcharge_wave_d.vpcf_c	1798
particles/units/heroes/hero_spirit_breaker/spirit_breaker_shieldcharge_wave_c.vpcf_c	2032
particles/units/heroes/hero_spirit_breaker/spirit_breaker_shieldcharge_wave.vpcf_c	2515
particles/units/heroes/hero_spirit_breaker/spirit_breaker_shieldcharge_smoke.vpcf_c	2102
particles/units/heroes/hero_spirit_breaker/spirit_breaker_shieldcharge_mist.vpcf_c	2278
particles/units/heroes/hero_spirit_breaker/spirit_breaker_shieldcharge_glow.vpcf_c	1888
particles/units/heroes/hero_spirit_breaker/spirit_breaker_shieldcharge_foot_glow.vpcf_c	1723
particles/units/heroes/hero_spirit_breaker/spirit_breaker_shieldcharge_dust.vpcf_c	2149
particles/units/heroes/hero_spirit_breaker/spirit_breaker_shieldcharge.vpcf_c	3114
particles/units/heroes/hero_snapfire/snapfire_lil_shredder_bounce_l.vpcf_c	1656
particles/units/heroes/hero_snapfire/snapfire_lil_shredder_bounce_k0.vpcf_c	1864
particles/units/heroes/hero_snapfire/snapfire_lil_shredder_bounce_k.vpcf_c	1925
particles/units/heroes/hero_snapfire/snapfire_lil_shredder_bounce_j0.vpcf_c	1957
particles/units/heroes/hero_snapfire/snapfire_lil_shredder_bounce_j.vpcf_c	2205
particles/units/heroes/hero_snapfire/snapfire_lil_shredder_bounce_h.vpcf_c	1698
particles/units/heroes/hero_snapfire/snapfire_lil_shredder_bounce_g.vpcf_c	1825
particles/units/heroes/hero_snapfire/snapfire_lil_shredder_bounce_f.vpcf_c	2157
particles/units/heroes/hero_snapfire/snapfire_lil_shredder_bounce_d.vpcf_c	1798
particles/units/heroes/hero_snapfire/snapfire_lil_shredder_bounce_c.vpcf_c	1795
particles/units/heroes/hero_snapfire/snapfire_lil_shredder_bounce_b.vpcf_c	1677
particles/units/heroes/hero_snapfire/snapfire_lil_shredder_bounce.vpcf_c	3034
particles/units/heroes/hero_snapfire/scepter_snapfire_lizard_blobs_arced_model.vpcf_c	2368
particles/units/heroes/hero_snapfire/hero_snapfire_shells_buff_friendly_f.vpcf_c	2726
particles/units/heroes/hero_snapfire/hero_snapfire_shells_buff_friendly_e0.vpcf_c	2551
particles/units/heroes/hero_snapfire/hero_snapfire_shells_buff_friendly_e.vpcf_c	2442
particles/units/heroes/hero_snapfire/hero_snapfire_shells_buff_friendly_d.vpcf_c	1783
particles/units/heroes/hero_snapfire/hero_snapfire_shells_buff_friendly_c0.vpcf_c	2527
particles/units/heroes/hero_snapfire/hero_snapfire_shells_buff_friendly_c.vpcf_c	2468
particles/units/heroes/hero_snapfire/hero_snapfire_shells_buff_friendly_b.vpcf_c	2123
particles/units/heroes/hero_snapfire/hero_snapfire_shells_buff_friendly_a.vpcf_c	2227
particles/units/heroes/hero_snapfire/hero_snapfire_shells_buff_friendly.vpcf_c	1603
particles/units/heroes/hero_snapfire/aghsfort_split_impact_sphere.vpcf_c	1791
particles/units/heroes/hero_snapfire/aghsfort_split_impact_sparks.vpcf_c	2162
particles/units/heroes/hero_snapfire/aghsfort_split_impact_rays.vpcf_c	1833
particles/units/heroes/hero_snapfire/aghsfort_split_impact_parenttrails.vpcf_c	2518
particles/units/heroes/hero_snapfire/aghsfort_split_impact_glow.vpcf_c	1948
particles/units/heroes/hero_snapfire/aghsfort_split_impact_emissive.vpcf_c	1869
particles/units/heroes/hero_snapfire/aghsfort_split_impact.vpcf_c	2968
particles/units/heroes/hero_snapfire/aghsfort_split_burst.vpcf_c	1985
particles/units/heroes/hero_skywrath_mage/skywrath_mage_mystic_flare__2warp_b.vpcf_c	1602
particles/units/heroes/hero_skywrath_mage/skywrath_mage_mystic_flare__2warp.vpcf_c	1587
particles/units/heroes/hero_skywrath_mage/skywrath_mage_mystic_flare__2sparks.vpcf_c	2049
particles/units/heroes/hero_skywrath_mage/skywrath_mage_mystic_flare__2hotspot.vpcf_c	1633
particles/units/heroes/hero_skywrath_mage/skywrath_mage_mystic_flare__2halo.vpcf_c	1811
particles/units/heroes/hero_skywrath_mage/skywrath_mage_mystic_flare__2burst.vpcf_c	1920
particles/units/heroes/hero_skywrath_mage/skywrath_mage_mystic_flare__2beam_b.vpcf_c	1852
particles/units/heroes/hero_skywrath_mage/skywrath_mage_mystic_flare__2beam.vpcf_c	2481
particles/units/heroes/hero_skywrath_mage/skywrath_mage_mystic_flare__2ambient_k.vpcf_c	2433
particles/units/heroes/hero_skywrath_mage/skywrath_mage_mystic_flare__2ambient_j.vpcf_c	2055
particles/units/heroes/hero_skywrath_mage/skywrath_mage_mystic_flare__2ambient_i.vpcf_c	1677
particles/units/heroes/hero_skywrath_mage/skywrath_mage_mystic_flare__2ambient_hit.vpcf_c	2505
particles/units/heroes/hero_skywrath_mage/skywrath_mage_mystic_flare__2ambient_h.vpcf_c	1573
particles/units/heroes/hero_skywrath_mage/skywrath_mage_mystic_flare__2ambient_g.vpcf_c	1538
particles/units/heroes/hero_skywrath_mage/skywrath_mage_mystic_flare__2ambient_f.vpcf_c	1923
particles/units/heroes/hero_skywrath_mage/skywrath_mage_mystic_flare__2ambient_e.vpcf_c	1614
particles/units/heroes/hero_skywrath_mage/skywrath_mage_mystic_flare__2ambient_d.vpcf_c	1444
particles/units/heroes/hero_skywrath_mage/skywrath_mage_mystic_flare__2ambient_c.vpcf_c	1874
particles/units/heroes/hero_skywrath_mage/skywrath_mage_mystic_flare__2ambient_b.vpcf_c	1699
particles/units/heroes/hero_skywrath_mage/skywrath_mage_mystic_flare__2ambient_a.vpcf_c	2195
particles/units/heroes/hero_skywrath_mage/skywrath_mage_mystic_flare__2ambient.vpcf_c	1953
particles/units/heroes/hero_pudge/pudge_meathook_2_hook.vpcf_c	2359
particles/units/heroes/hero_pudge/pudge_meathook_2_chain.vpcf_c	2664
particles/units/heroes/hero_pudge/pudge_meathook_2_blur_b.vpcf_c	1969
particles/units/heroes/hero_pudge/pudge_meathook_2_blur.vpcf_c	2149
particles/units/heroes/hero_pudge/pudge_meathook_2.vpcf_c	1908
particles/units/heroes/hero_phoenix/phoenix_sunray_2_tgt_sphere.vpcf_c	2078
particles/units/heroes/hero_phoenix/phoenix_sunray_2_tgt_ring_core.vpcf_c	1785
particles/units/heroes/hero_phoenix/phoenix_sunray_2_tgt_ring.vpcf_c	1771
particles/units/heroes/hero_phoenix/phoenix_sunray_2_tgt_lava_ring.vpcf_c	1839
particles/units/heroes/hero_phoenix/phoenix_sunray_2_tgt_fire.vpcf_c	1911
particles/units/heroes/hero_phoenix/phoenix_sunray_2_tgt_ember.vpcf_c	2242
particles/units/heroes/hero_phoenix/phoenix_sunray_2_tgt.vpcf_c	1280
particles/units/heroes/hero_phoenix/phoenix_sunray_2_ripple.vpcf_c	1647
particles/units/heroes/hero_phoenix/phoenix_sunray_2_mane.vpcf_c	2003
particles/units/heroes/hero_phoenix/phoenix_sunray_2_ground.vpcf_c	1911
particles/units/heroes/hero_phoenix/phoenix_sunray_2_flare.vpcf_c	1842
particles/units/heroes/hero_phoenix/phoenix_sunray_2_energy.vpcf_c	1343
particles/units/heroes/hero_phoenix/phoenix_sunray_2_debug.vpcf_c	1193
particles/units/heroes/hero_phoenix/phoenix_sunray_2_char.vpcf_c	1805
particles/units/heroes/hero_phoenix/phoenix_sunray_2_bird_trail.vpcf_c	1981
particles/units/heroes/hero_phoenix/phoenix_sunray_2_beam_wave.vpcf_c	1466
particles/units/heroes/hero_phoenix/phoenix_sunray_2_beam_fire.vpcf_c	2099
particles/units/heroes/hero_phoenix/phoenix_sunray_2_beam_core.vpcf_c	1701
particles/units/heroes/hero_phoenix/phoenix_sunray_2_beam.vpcf_c	2030
particles/units/heroes/hero_phoenix/phoenix_sunray_2.vpcf_c	2626
particles/units/heroes/hero_pangolier/pangolier_tailthump_2_shockwave.vpcf_c	1815
particles/units/heroes/hero_pangolier/pangolier_tailthump_2_ring.vpcf_c	1823
particles/units/heroes/hero_pangolier/pangolier_tailthump_2_dist.vpcf_c	1784
particles/units/heroes/hero_pangolier/pangolier_tailthump_2_decal.vpcf_c	1678
particles/units/heroes/hero_pangolier/pangolier_tailthump_2_debris.vpcf_c	2356
particles/units/heroes/hero_pangolier/pangolier_tailthump_2.vpcf_c	2823
particles/units/heroes/hero_oracle/oracle_fortune_aoe_2_proj.vpcf_c	1483
particles/units/heroes/hero_oracle/oracle_fortune_aoe_2_hit_ring.vpcf_c	1631
particles/units/heroes/hero_oracle/oracle_fortune_aoe_2_ground_proj.vpcf_c	1788
particles/units/heroes/hero_oracle/oracle_fortune_aoe_2_ground.vpcf_c	1813
particles/units/heroes/hero_oracle/oracle_fortune_aoe_2_ember.vpcf_c	2029
particles/units/heroes/hero_oracle/oracle_fortune_aoe_2_dust_hit.vpcf_c	2043
particles/units/heroes/hero_oracle/oracle_fortune_aoe_2_cracks.vpcf_c	1996
particles/units/heroes/hero_oracle/oracle_fortune_aoe_2.vpcf_c	2990
particles/units/heroes/hero_omniknight/omniknight_purification_2_light_b.vpcf_c	1476
particles/units/heroes/hero_omniknight/omniknight_purification_2_light.vpcf_c	1208
particles/units/heroes/hero_omniknight/omniknight_purification_2_i.vpcf_c	1682
particles/units/heroes/hero_omniknight/omniknight_purification_2_h.vpcf_c	2018
particles/units/heroes/hero_omniknight/omniknight_purification_2_g.vpcf_c	1447
particles/units/heroes/hero_omniknight/omniknight_purification_2_e_glow.vpcf_c	1825
particles/units/heroes/hero_omniknight/omniknight_purification_2_e.vpcf_c	1986
particles/units/heroes/hero_omniknight/omniknight_purification_2_d_glow.vpcf_c	1797
particles/units/heroes/hero_omniknight/omniknight_purification_2_d.vpcf_c	1951
particles/units/heroes/hero_omniknight/omniknight_purification_2_c.vpcf_c	1556
particles/units/heroes/hero_omniknight/omniknight_purification_2_b.vpcf_c	2454
particles/units/heroes/hero_omniknight/omniknight_purification_2.vpcf_c	2853
particles/units/heroes/hero_omniknight/omniknight_guardian_angel__2wings.vpcf_c	3059
particles/units/heroes/hero_omniknight/omniknight_guardian_angel__2omni.vpcf_c	2092
particles/units/heroes/hero_omniknight/omniknight_guardian_angel__2buff_start_wings.vpcf_c	2120
particles/units/heroes/hero_omniknight/omniknight_guardian_angel__2buff_n.vpcf_c	1913
particles/units/heroes/hero_omniknight/omniknight_guardian_angel__2buff_m.vpcf_c	1878
particles/units/heroes/hero_omniknight/omniknight_guardian_angel__2buff_l.vpcf_c	1375
particles/units/heroes/hero_omniknight/omniknight_guardian_angel__2buff_k.vpcf_c	1761
particles/units/heroes/hero_omniknight/omniknight_guardian_angel__2buff_j.vpcf_c	2083
particles/units/heroes/hero_omniknight/omniknight_guardian_angel__2buff_i.vpcf_c	1717
particles/units/heroes/hero_omniknight/omniknight_guardian_angel__2buff_h.vpcf_c	1653
particles/units/heroes/hero_omniknight/omniknight_guardian_angel__2buff_f.vpcf_c	1941
particles/units/heroes/hero_omniknight/omniknight_guardian_angel__2buff_e.vpcf_c	2193
particles/units/heroes/hero_omniknight/omniknight_guardian_angel__2buff_d.vpcf_c	2159
particles/units/heroes/hero_omniknight/omniknight_guardian_angel__2buff_b.vpcf_c	1667
particles/units/heroes/hero_omniknight/omniknight_guardian_angel__2ally.vpcf_c	3301
particles/units/heroes/hero_omniknight/omniknight_guardian_angel_wings_tnt.vpcf_c	1928
particles/units/heroes/hero_omniknight/omniknight_guardian_angel_wings_2.vpcf_c	1953
particles/units/heroes/hero_nyx_assassin/nyx_assassin_impale_spikes.vpcf_c	2355
particles/units/heroes/hero_nyx_assassin/nyx_assassin_impale.vpcf_c	3011
particles/units/heroes/hero_nyx_assassin/nyx_assassin_burrow_2_rocks.vpcf_c	1966
particles/units/heroes/hero_nyx_assassin/nyx_assassin_burrow_2_dustcloud_linger.vpcf_c	1770
particles/units/heroes/hero_nyx_assassin/nyx_assassin_burrow_2_dustcloud.vpcf_c	2100
particles/units/heroes/hero_nyx_assassin/nyx_assassin_burrow_2_debris1.vpcf_c	2036
particles/units/heroes/hero_nyx_assassin/nyx_assassin_burrow_2.vpcf_c	2465
particles/units/heroes/hero_necrolyte/necrolyte_scythe_darktrailb.vpcf_c	2311
particles/units/heroes/hero_necrolyte/necrolyte_scythe_darktraila.vpcf_c	2247
particles/units/heroes/hero_necrolyte/necrolyte_scythe_darkswirl_burst.vpcf_c	1967
particles/units/heroes/hero_necrolyte/necrolyte_scythe_darkstart.vpcf_c	2074
particles/units/heroes/hero_necrolyte/necrolyte_scythe_darkspiral.vpcf_c	2090
particles/units/heroes/hero_necrolyte/necrolyte_scythe_darksparks.vpcf_c	1996
particles/units/heroes/hero_necrolyte/necrolyte_scythe_darkrope.vpcf_c	2056
particles/units/heroes/hero_necrolyte/necrolyte_scythe_darkmodel_static.vpcf_c	1905
particles/units/heroes/hero_necrolyte/necrolyte_scythe_darkmodel.vpcf_c	2539
particles/units/heroes/hero_necrolyte/necrolyte_scythe_darkflare.vpcf_c	2142
particles/units/heroes/hero_necrolyte/necrolyte_scythe_darke.vpcf_c	1852
particles/units/heroes/hero_necrolyte/necrolyte_scythe_darkb.vpcf_c	2006
particles/units/heroes/hero_monkey_king/monkey_king_attack_01_near_blur_cud_2_detail.vpcf_c	2571
particles/units/heroes/hero_monkey_king/monkey_king_attack_01_near_blur_cud_2.vpcf_c	2496
particles/units/heroes/hero_medusa/medusa_mana_shield_water_spiral02.vpcf_c	1884
particles/units/heroes/hero_medusa/medusa_mana_shield_water_shell.vpcf_c	1830
particles/units/heroes/hero_medusa/medusa_mana_shield_water_oval_highlight2.vpcf_c	1908
particles/units/heroes/hero_medusa/medusa_mana_shield_water_oval_highlight.vpcf_c	1817
particles/units/heroes/hero_medusa/medusa_mana_shield_water_oval2.vpcf_c	1878
particles/units/heroes/hero_medusa/medusa_mana_shield_water_oval.vpcf_c	1745
particles/units/heroes/hero_medusa/medusa_mana_shield_water_end.vpcf_c	1491
particles/units/heroes/hero_medusa/medusa_mana_shield_water_cast.vpcf_c	1513
particles/units/heroes/hero_medusa/medusa_mana_shield_water.vpcf_c	1771
particles/units/heroes/hero_medusa/medusa_mana_shield_physical_oval_highlight2.vpcf_c	1746
particles/units/heroes/hero_medusa/medusa_mana_shield_physical_oval_highlight.vpcf_c	1872
particles/units/heroes/hero_medusa/medusa_mana_shield_physical_oval2.vpcf_c	1901
particles/units/heroes/hero_medusa/medusa_mana_shield_physical_end.vpcf_c	1332
particles/units/heroes/hero_medusa/medusa_mana_shield_physical_cast.vpcf_c	1355
particles/units/heroes/hero_medusa/medusa_mana_shield_physical.vpcf_c	1067
particles/units/heroes/hero_medusa/medusa_mana_shield_magicshield_spiral02.vpcf_c	1747
particles/units/heroes/hero_medusa/medusa_mana_shield_magicshield_shell.vpcf_c	1839
particles/units/heroes/hero_medusa/medusa_mana_shield_magicshield_oval_highlight2.vpcf_c	1746
particles/units/heroes/hero_medusa/medusa_mana_shield_magicshield_oval_highlight.vpcf_c	1900
particles/units/heroes/hero_medusa/medusa_mana_shield_magicshield_oval2.vpcf_c	1854
particles/units/heroes/hero_medusa/medusa_mana_shield_magicshield_oval.vpcf_c	1745
particles/units/heroes/hero_medusa/medusa_mana_shield_magicshield_end.vpcf_c	1332
particles/units/heroes/hero_medusa/medusa_mana_shield_magicshield_cast.vpcf_c	1355
particles/units/heroes/hero_medusa/medusa_mana_shield_magicshield.vpcf_c	1514
particles/units/heroes/hero_medusa/medusa_mana_shield_holy_spiral02.vpcf_c	1884
particles/units/heroes/hero_medusa/medusa_mana_shield_holy_shell.vpcf_c	1830
particles/units/heroes/hero_medusa/medusa_mana_shield_holy_oval_highlight2.vpcf_c	1908
particles/units/heroes/hero_medusa/medusa_mana_shield_holy_oval_highlight.vpcf_c	2227
particles/units/heroes/hero_medusa/medusa_mana_shield_holy_oval2.vpcf_c	2313
particles/units/heroes/hero_medusa/medusa_mana_shield_holy_oval.vpcf_c	2159
particles/units/heroes/hero_medusa/medusa_mana_shield_holy_end.vpcf_c	1491
particles/units/heroes/hero_medusa/medusa_mana_shield_holy_cast.vpcf_c	1513
particles/units/heroes/hero_medusa/medusa_mana_shield_holy.vpcf_c	1770
particles/units/heroes/hero_medusa/medusa_mana_shield_fanshang_oval_highlight2.vpcf_c	1746
particles/units/heroes/hero_medusa/medusa_mana_shield_fanshang_oval_highlight.vpcf_c	1843
particles/units/heroes/hero_medusa/medusa_mana_shield_fanshang_oval2.vpcf_c	1870
particles/units/heroes/hero_medusa/medusa_mana_shield_fanshang_end.vpcf_c	1332
particles/units/heroes/hero_medusa/medusa_mana_shield_fanshang_cast.vpcf_c	1355
particles/units/heroes/hero_medusa/medusa_mana_shield_fanshang.vpcf_c	1499
particles/units/heroes/hero_mars/mars_ti9_immortal_crimson_spear_2_trail_b.vpcf_c	2660
particles/units/heroes/hero_mars/mars_ti9_immortal_crimson_spear_2_trail.vpcf_c	2620
particles/units/heroes/hero_mars/mars_ti9_immortal_crimson_spear_2_sparks.vpcf_c	2327
particles/units/heroes/hero_mars/mars_ti9_immortal_crimson_spear_2_outline.vpcf_c	3697
particles/units/heroes/hero_mars/mars_ti9_immortal_crimson_spear_2_light.vpcf_c	1621
particles/units/heroes/hero_mars/mars_ti9_immortal_crimson_spear_2_flash.vpcf_c	2080
particles/units/heroes/hero_mars/mars_ti9_immortal_crimson_spear_2_end_soot.vpcf_c	2568
particles/units/heroes/hero_mars/mars_ti9_immortal_crimson_spear_2_end_smoke.vpcf_c	2717
particles/units/heroes/hero_mars/mars_ti9_immortal_crimson_spear_2_end_light.vpcf_c	2364
particles/units/heroes/hero_mars/mars_ti9_immortal_crimson_spear_2_end_flek.vpcf_c	2628
particles/units/heroes/hero_mars/mars_ti9_immortal_crimson_spear_2_end_flash.vpcf_c	2598
particles/units/heroes/hero_mars/mars_ti9_immortal_crimson_spear_2_end_embers.vpcf_c	2564
particles/units/heroes/hero_mars/mars_ti9_immortal_crimson_spear_2_end_elec.vpcf_c	2868
particles/units/heroes/hero_mars/mars_ti9_immortal_crimson_spear_2_end_burst.vpcf_c	2816
particles/units/heroes/hero_mars/mars_ti9_immortal_crimson_spear_2_end.vpcf_c	1857
particles/units/heroes/hero_mars/mars_ti9_immortal_crimson_spear_2_embers.vpcf_c	2674
particles/units/heroes/hero_mars/mars_ti9_immortal_crimson_spear_2_elec.vpcf_c	2699
particles/units/heroes/hero_mars/mars_ti9_immortal_crimson_spear_2_edge_b.vpcf_c	3477
particles/units/heroes/hero_mars/mars_ti9_immortal_crimson_spear_2_edge.vpcf_c	3287
particles/units/heroes/hero_mars/mars_ti9_immortal_crimson_spear_2.vpcf_c	3094
particles/units/heroes/hero_mars/mars_spear_burning_trail_g.vpcf_c	2486
particles/units/heroes/hero_mars/mars_spear_burning_trail_f.vpcf_c	2227
particles/units/heroes/hero_mars/mars_spear_burning_trail_d.vpcf_c	2238
particles/units/heroes/hero_mars/mars_spear_burning_trail_b.vpcf_c	2660
particles/units/heroes/hero_mars/mars_spear_burning_trail.vpcf_c	2699
particles/units/heroes/hero_mars/mars_spear_2_sparks.vpcf_c	2337
particles/units/heroes/hero_mars/mars_spear_2_soot.vpcf_c	2394
particles/units/heroes/hero_mars/mars_spear_2_smoke_model.vpcf_c	3059
particles/units/heroes/hero_mars/mars_spear_2_smoke_bloom.vpcf_c	2196
particles/units/heroes/hero_mars/mars_spear_2_outline.vpcf_c	3376
particles/units/heroes/hero_mars/mars_spear_2_light.vpcf_c	1584
particles/units/heroes/hero_mars/mars_spear_2_fire.vpcf_c	2803
particles/units/heroes/hero_mars/mars_spear_2_end_sparks.vpcf_c	2651
particles/units/heroes/hero_mars/mars_spear_2_end_soot.vpcf_c	2498
particles/units/heroes/hero_mars/mars_spear_2_end.vpcf_c	1111
particles/units/heroes/hero_mars/mars_spear_2.vpcf_c	2414
particles/units/heroes/hero_mars/mars_shield_of_mars_shield_sparks_c.vpcf_c	2778
particles/units/heroes/hero_mars/mars_shield_of_mars_shield_sparks_b.vpcf_c	1957
particles/units/heroes/hero_mars/mars_shield_of_mars_shield_sparks.vpcf_c	2862
particles/units/heroes/hero_mars/mars_shield_of_mars_shield_model.vpcf_c	2336
particles/units/heroes/hero_mars/mars_shield_of_mars_shield.vpcf_c	1234
particles/units/heroes/hero_mars/mars_shield_of_mars_holy_sparks_c.vpcf_c	2110
particles/units/heroes/hero_mars/mars_shield_of_mars_holy_sparks_b.vpcf_c	1957
particles/units/heroes/hero_mars/mars_shield_of_mars_holy_sparks.vpcf_c	2601
particles/units/heroes/hero_mars/mars_shield_of_mars_holy_model.vpcf_c	2141
particles/units/heroes/hero_mars/mars_shield_of_mars_holy.vpcf_c	1249
particles/units/heroes/hero_mars/mars_shield_of_mars_dash_sparks_c.vpcf_c	2778
particles/units/heroes/hero_mars/mars_shield_of_mars_dash_sparks_b.vpcf_c	1957
particles/units/heroes/hero_mars/mars_shield_of_mars_dash_sparks.vpcf_c	2867
particles/units/heroes/hero_mars/mars_shield_of_mars_dash_model.vpcf_c	2336
particles/units/heroes/hero_mars/mars_shield_of_mars_dash.vpcf_c	1224
particles/units/heroes/hero_mars/mars_shield_bash__2model.vpcf_c	2771
particles/units/heroes/hero_mars/mars_shield_bash__2edge.vpcf_c	2014
particles/units/heroes/hero_mars/mars_shield_bash_full_circle_sparks.vpcf_c	2934
particles/units/heroes/hero_mars/mars_shield_bash_full_circle_smoke_2.vpcf_c	2591
particles/units/heroes/hero_mars/mars_shield_bash_full_circle_smoke.vpcf_c	2592
particles/units/heroes/hero_mars/mars_shield_bash_full_circle_rope_2.vpcf_c	2337
particles/units/heroes/hero_mars/mars_shield_bash_full_circle_rope.vpcf_c	2338
particles/units/heroes/hero_mars/mars_shield_bash_full_circle_rocks.vpcf_c	2402
particles/units/heroes/hero_mars/mars_shield_bash_full_circle_model.vpcf_c	2798
particles/units/heroes/hero_mars/mars_shield_bash_full_circle_front_2.vpcf_c	2614
particles/units/heroes/hero_mars/mars_shield_bash_full_circle_front.vpcf_c	2615
particles/units/heroes/hero_mars/mars_shield_bash_full_circle_edge.vpcf_c	2030
particles/units/heroes/hero_mars/mars_shield_bash_full_circle_decal_projected_2.vpcf_c	1791
particles/units/heroes/hero_mars/mars_shield_bash_full_circle_decal_projected.vpcf_c	1792
particles/units/heroes/hero_mars/mars_shield_bash_full_circle_debris.vpcf_c	2525
particles/units/heroes/hero_mars/mars_shield_bash_full_circle.vpcf_c	2295
particles/units/heroes/hero_mars/mars_shield_bash_crit_2_strike.vpcf_c	3020
particles/units/heroes/hero_mars/mars_shield_bash_crit_2_sparks.vpcf_c	2706
particles/units/heroes/hero_mars/mars_shield_bash_crit_2_smoke.vpcf_c	2842
particles/units/heroes/hero_mars/mars_shield_bash_crit_2.vpcf_c	1141
particles/units/heroes/hero_mars/mars_bulwark_spear_overhead_point.vpcf_c	1451
particles/units/heroes/hero_mars/mars_bulwark_spear_overhead.vpcf_c	2433
particles/units/heroes/hero_mars/mars_arena_of_blood_impact_ring_2.vpcf_c	2043
particles/units/heroes/hero_magnataur/magnataur_shockwave_2_sparks.vpcf_c	2003
particles/units/heroes/hero_magnataur/magnataur_shockwave_2_light.vpcf_c	1448
particles/units/heroes/hero_magnataur/magnataur_shockwave_2_glow.vpcf_c	2277
particles/units/heroes/hero_magnataur/magnataur_shockwave_2_cracks_warp.vpcf_c	1463
particles/units/heroes/hero_magnataur/magnataur_shockwave_2_cracks_glow.vpcf_c	2028
particles/units/heroes/hero_magnataur/magnataur_shockwave_2_cracks_center.vpcf_c	1601
particles/units/heroes/hero_magnataur/magnataur_shockwave_2_cracks_background.vpcf_c	1596
particles/units/heroes/hero_magnataur/magnataur_shockwave_2.vpcf_c	2933
particles/units/heroes/hero_magnataur/magnataur_reverse_polarity_polarity_l.vpcf_c	1435
particles/units/heroes/hero_magnataur/magnataur_reverse_polarity_polarity_k.vpcf_c	1720
particles/units/heroes/hero_magnataur/magnataur_reverse_polarity_polarity_j.vpcf_c	2732
particles/units/heroes/hero_magnataur/magnataur_reverse_polarity_polarity_i.vpcf_c	1703
particles/units/heroes/hero_magnataur/magnataur_reverse_polarity_polarity_h.vpcf_c	1774
particles/units/heroes/hero_magnataur/magnataur_reverse_polarity_polarity_g.vpcf_c	1820
particles/units/heroes/hero_magnataur/magnataur_reverse_polarity_polarity_f.vpcf_c	1438
particles/units/heroes/hero_magnataur/magnataur_reverse_polarity_polarity_e.vpcf_c	2250
particles/units/heroes/hero_magnataur/magnataur_reverse_polarity_polarity_d.vpcf_c	2403
particles/units/heroes/hero_magnataur/magnataur_reverse_polarity_polarity_c.vpcf_c	1672
particles/units/heroes/hero_magnataur/magnataur_reverse_polarity_polarity_b.vpcf_c	1800
particles/units/heroes/hero_magnataur/magnataur_reverse_polarity_polarity_a.vpcf_c	1624
particles/units/heroes/hero_magnataur/magnataur_reverse_polarity_polarity.vpcf_c	2557
particles/units/heroes/hero_magnataur/magnataur_empower_holy_c.vpcf_c	1641
particles/units/heroes/hero_magnataur/magnataur_empower_holy_b.vpcf_c	1548
particles/units/heroes/hero_magnataur/magnataur_empower_holy_a.vpcf_c	1886
particles/units/heroes/hero_magnataur/magnataur_empower_holy.vpcf_c	2237
particles/units/heroes/hero_lina/lina_spell_dragon_slave_2_wing_b.vpcf_c	2048
particles/units/heroes/hero_lina/lina_spell_dragon_slave_2_wing_a.vpcf_c	2029
particles/units/heroes/hero_lina/lina_spell_dragon_slave_2_fire_glow.vpcf_c	2383
particles/units/heroes/hero_lina/lina_spell_dragon_slave_2_fire_char.vpcf_c	1738
particles/units/heroes/hero_lina/lina_spell_dragon_slave_2_fire.vpcf_c	2404
particles/units/heroes/hero_lina/lina_spell_dragon_slave_2_destruction_sparkles.vpcf_c	1749
particles/units/heroes/hero_lina/lina_spell_dragon_slave_2_creation.vpcf_c	1919
particles/units/heroes/hero_lina/lina_spell_dragon_slave_2_breath_glow.vpcf_c	2355
particles/units/heroes/hero_lina/lina_spell_dragon_slave_2_breath.vpcf_c	2500
particles/units/heroes/hero_lina/lina_spell_dragon_slave_2.vpcf_c	2594
particles/units/heroes/hero_lich/lich_chain_frost_mage_trail.vpcf_c	1780
particles/units/heroes/hero_lich/lich_chain_frost_mage_mist.vpcf_c	1926
particles/units/heroes/hero_lich/lich_chain_frost_mage_light.vpcf_c	1730
particles/units/heroes/hero_lich/lich_chain_frost_mage_launch_b.vpcf_c	1716
particles/units/heroes/hero_lich/lich_chain_frost_mage_launch.vpcf_c	2145
particles/units/heroes/hero_lich/lich_chain_frost_mage_g.vpcf_c	1938
particles/units/heroes/hero_lich/lich_chain_frost_mage_flakes.vpcf_c	2113
particles/units/heroes/hero_lich/lich_chain_frost_mage_f.vpcf_c	1880
particles/units/heroes/hero_lich/lich_chain_frost_mage_explode_d.vpcf_c	1915
particles/units/heroes/hero_lich/lich_chain_frost_mage_explode_c.vpcf_c	1680
particles/units/heroes/hero_lich/lich_chain_frost_mage_explode_beam.vpcf_c	1758
particles/units/heroes/hero_lich/lich_chain_frost_mage_explode_b.vpcf_c	1977
particles/units/heroes/hero_lich/lich_chain_frost_mage_explode.vpcf_c	2500
particles/units/heroes/hero_lich/lich_chain_frost_mage_e.vpcf_c	2174
particles/units/heroes/hero_lich/lich_chain_frost_mage_c.vpcf_c	1894
particles/units/heroes/hero_lich/lich_chain_frost_mage.vpcf_c	3402
particles/units/heroes/hero_kunkka/kunkka_spell_torrent__2wave_c.vpcf_c	1829
particles/units/heroes/hero_kunkka/kunkka_spell_torrent__2wave_b.vpcf_c	1640
particles/units/heroes/hero_kunkka/kunkka_spell_torrent__2wave.vpcf_c	2836
particles/units/heroes/hero_kunkka/kunkka_spell_torrent__2splash_water9b.vpcf_c	2867
particles/units/heroes/hero_kunkka/kunkka_spell_torrent__2splash_water9.vpcf_c	2197
particles/units/heroes/hero_kunkka/kunkka_spell_torrent__2splash_water8.vpcf_c	1801
particles/units/heroes/hero_kunkka/kunkka_spell_torrent__2splash_water7.vpcf_c	1999
particles/units/heroes/hero_kunkka/kunkka_spell_torrent__2splash_water6.vpcf_c	1785
particles/units/heroes/hero_kunkka/kunkka_spell_torrent__2splash_water5.vpcf_c	1827
particles/units/heroes/hero_kunkka/kunkka_spell_torrent__2splash_water4c.vpcf_c	2202
particles/units/heroes/hero_kunkka/kunkka_spell_torrent__2splash_water4b.vpcf_c	2216
particles/units/heroes/hero_kunkka/kunkka_spell_torrent__2splash_water4.vpcf_c	2316
particles/units/heroes/hero_kunkka/kunkka_spell_torrent__2splash_water3c.vpcf_c	2896
particles/units/heroes/hero_kunkka/kunkka_spell_torrent__2splash_water3b.vpcf_c	1842
particles/units/heroes/hero_kunkka/kunkka_spell_torrent__2splash_water3.vpcf_c	3064
particles/units/heroes/hero_kunkka/kunkka_spell_torrent__2splash_water2_light.vpcf_c	2115
particles/units/heroes/hero_kunkka/kunkka_spell_torrent__2splash_water2.vpcf_c	2303
particles/units/heroes/hero_kunkka/kunkka_spell_torrent__2splash_water11.vpcf_c	2427
particles/units/heroes/hero_kunkka/kunkka_spell_torrent__2splash_water.vpcf_c	2512
particles/units/heroes/hero_kunkka/kunkka_spell_torrent__2splash_group_c.vpcf_c	917
particles/units/heroes/hero_kunkka/kunkka_spell_torrent__2splash_group_b.vpcf_c	1314
particles/units/heroes/hero_kunkka/kunkka_spell_torrent__2splash_group_a.vpcf_c	1288
particles/units/heroes/hero_kunkka/kunkka_spell_torrent__2splash_b.vpcf_c	2094
particles/units/heroes/hero_kunkka/kunkka_spell_torrent__2splash.vpcf_c	1600
particles/units/heroes/hero_kunkka/kunkka_spell_torrent__2pool.vpcf_c	2457
particles/units/heroes/hero_invoker/invoker_chaos_meteor__2land_flash.vpcf_c	1764
particles/units/heroes/hero_invoker/invoker_chaos_meteor__2land_beam.vpcf_c	1865
particles/units/heroes/hero_invoker/invoker_chaos_meteor__2fly_streak.vpcf_c	2120
particles/units/heroes/hero_invoker/invoker_chaos_meteor__2fly_sparks.vpcf_c	2101
particles/units/heroes/hero_invoker/invoker_chaos_meteor__2fly_smoke_b.vpcf_c	2123
particles/units/heroes/hero_invoker/invoker_chaos_meteor__2fly_smoke.vpcf_c	1941
particles/units/heroes/hero_invoker/invoker_chaos_meteor__2fly_light.vpcf_c	1301
particles/units/heroes/hero_invoker/invoker_chaos_meteor__2fly_lens.vpcf_c	1833
particles/units/heroes/hero_invoker/invoker_chaos_meteor__2fly_haze.vpcf_c	2057
particles/units/heroes/hero_invoker/invoker_chaos_meteor__2fly_glow_ob.vpcf_c	1751
particles/units/heroes/hero_invoker/invoker_chaos_meteor__2fly_glow.vpcf_c	2095
particles/units/heroes/hero_invoker/invoker_chaos_meteor__2fly_fire.vpcf_c	2450
particles/units/heroes/hero_invoker/invoker_chaos_meteor__2fly2.vpcf_c	3814
particles/units/heroes/hero_invoker/invoker_chaos_meteor_mageland_flash.vpcf_c	1764
particles/units/heroes/hero_invoker/invoker_chaos_meteor_mageland_beam.vpcf_c	1865
particles/units/heroes/hero_invoker/invoker_chaos_meteor_magefly_streak.vpcf_c	2136
particles/units/heroes/hero_invoker/invoker_chaos_meteor_magefly_sparks.vpcf_c	2117
particles/units/heroes/hero_invoker/invoker_chaos_meteor_magefly_smoke_b.vpcf_c	2123
particles/units/heroes/hero_invoker/invoker_chaos_meteor_magefly_smoke.vpcf_c	1957
particles/units/heroes/hero_invoker/invoker_chaos_meteor_magefly_light.vpcf_c	1301
particles/units/heroes/hero_invoker/invoker_chaos_meteor_magefly_lens.vpcf_c	1833
particles/units/heroes/hero_invoker/invoker_chaos_meteor_magefly_haze.vpcf_c	2057
particles/units/heroes/hero_invoker/invoker_chaos_meteor_magefly_glow_ob.vpcf_c	1751
particles/units/heroes/hero_invoker/invoker_chaos_meteor_magefly_glow.vpcf_c	2095
particles/units/heroes/hero_invoker/invoker_chaos_meteor_magefly_fire.vpcf_c	2450
particles/units/heroes/hero_invoker/invoker_chaos_meteor_magefly2.vpcf_c	3301
particles/units/heroes/hero_huskar/huskar_base_2_attack_trail.vpcf_c	2127
particles/units/heroes/hero_huskar/huskar_base_2_attack_spearimpact.vpcf_c	1743
particles/units/heroes/hero_huskar/huskar_base_2_attack_speardisappear.vpcf_c	2651
particles/units/heroes/hero_huskar/huskar_base_2_attack.vpcf_c	3067
particles/units/heroes/hero_huskar/huskar_base_2attackimpact.vpcf_c	1504
particles/units/heroes/hero_gyrocopter/gyro_calldown__2sparks.vpcf_c	2079
particles/units/heroes/hero_gyrocopter/gyro_calldown__2smoke.vpcf_c	2896
particles/units/heroes/hero_gyrocopter/gyro_calldown__2second.vpcf_c	2910
particles/units/heroes/hero_gyrocopter/gyro_calldown__2model.vpcf_c	2826
particles/units/heroes/hero_gyrocopter/gyro_calldown__2launch.vpcf_c	1995
particles/units/heroes/hero_gyrocopter/gyro_calldown__2flame.vpcf_c	2082
particles/units/heroes/hero_gyrocopter/gyro_calldown__2explosion_sphere_b.vpcf_c	2169
particles/units/heroes/hero_gyrocopter/gyro_calldown__2explosion_sphere.vpcf_c	2184
particles/units/heroes/hero_gyrocopter/gyro_calldown__2explosion_sparks.vpcf_c	1986
particles/units/heroes/hero_gyrocopter/gyro_calldown__2explosion_smoke.vpcf_c	2046
particles/units/heroes/hero_gyrocopter/gyro_calldown__2explosion_second.vpcf_c	2806
particles/units/heroes/hero_gyrocopter/gyro_calldown__2explosion_flash_light.vpcf_c	1383
particles/units/heroes/hero_gyrocopter/gyro_calldown__2explosion_flash_g.vpcf_c	1968
particles/units/heroes/hero_gyrocopter/gyro_calldown__2explosion_flash_f.vpcf_c	1570
particles/units/heroes/hero_gyrocopter/gyro_calldown__2explosion_flash_e.vpcf_c	1617
particles/units/heroes/hero_gyrocopter/gyro_calldown__2explosion_flash_d.vpcf_c	1636
particles/units/heroes/hero_gyrocopter/gyro_calldown__2explosion_flash_core.vpcf_c	1544
particles/units/heroes/hero_gyrocopter/gyro_calldown__2explosion_flash_b.vpcf_c	1812
particles/units/heroes/hero_gyrocopter/gyro_calldown__2explosion_flash.vpcf_c	1559
particles/units/heroes/hero_gyrocopter/gyro_calldown__2explosion_flameouts.vpcf_c	2266
particles/units/heroes/hero_faceless_void/_2faceless_void_chronosphere_warp_b.vpcf_c	1742
particles/units/heroes/hero_faceless_void/_2faceless_void_chronosphere_warp.vpcf_c	1729
particles/units/heroes/hero_faceless_void/_2faceless_void_chronosphere_sphere_ripple.vpcf_c	2025
particles/units/heroes/hero_faceless_void/_2faceless_void_chronosphere_sphere.vpcf_c	1929
particles/units/heroes/hero_faceless_void/_2faceless_void_chronosphere_rings_b.vpcf_c	1921
particles/units/heroes/hero_faceless_void/_2faceless_void_chronosphere_rings.vpcf_c	2155
particles/units/heroes/hero_faceless_void/_2faceless_void_chronosphere_rim_ripple_b.vpcf_c	2426
particles/units/heroes/hero_faceless_void/_2faceless_void_chronosphere_rim_ripple.vpcf_c	2587
particles/units/heroes/hero_faceless_void/_2faceless_void_chronosphere_light.vpcf_c	1758
particles/units/heroes/hero_faceless_void/_2faceless_void_chronosphere_glow_3.vpcf_c	1373
particles/units/heroes/hero_faceless_void/_2faceless_void_chronosphere_glow_2.vpcf_c	1611
particles/units/heroes/hero_faceless_void/_2faceless_void_chronosphere_glow.vpcf_c	1571
particles/units/heroes/hero_faceless_void/_2faceless_void_chronosphere_fleks.vpcf_c	2185
particles/units/heroes/hero_faceless_void/_2faceless_void_chronosphere_flash.vpcf_c	1805
particles/units/heroes/hero_faceless_void/_2faceless_void_chronosphere_dust.vpcf_c	2183
particles/units/heroes/hero_faceless_void/_2faceless_void_chronosphere.vpcf_c	3322
particles/units/heroes/hero_faceless_void/_2chronosphere_new_surface_lightning_guide_sub.vpcf_c	1659
particles/units/heroes/hero_faceless_void/_2chronosphere_new_surface_lightning_guide.vpcf_c	1973
particles/units/heroes/hero_faceless_void/_2chronosphere_new_surface_lightning.vpcf_c	1992
particles/units/heroes/hero_faceless_void/_2chronosphere_new_surface_c.vpcf_c	1808
particles/units/heroes/hero_faceless_void/_2chronosphere_new_surface_b.vpcf_c	2063
particles/units/heroes/hero_faceless_void/_2chronosphere_new_surface_a.vpcf_c	2078
particles/units/heroes/hero_faceless_void/faceless_void_time_lock_bash_shieldmodel.vpcf_c	2789
particles/units/heroes/hero_faceless_void/faceless_void_time_lock_bash_shieldarc_core.vpcf_c	2236
particles/units/heroes/hero_faceless_void/faceless_void_time_lock_bash_shieldarc.vpcf_c	2231
particles/units/heroes/hero_faceless_void/faceless_void_time_lock_bash_2_warp.vpcf_c	1760
particles/units/heroes/hero_faceless_void/faceless_void_time_lock_bash_2_model.vpcf_c	3040
particles/units/heroes/hero_faceless_void/faceless_void_time_lock_bash_2_hit.vpcf_c	1739
particles/units/heroes/hero_faceless_void/faceless_void_time_lock_bash_2_glow.vpcf_c	1568
particles/units/heroes/hero_faceless_void/faceless_void_time_lock_bash_2_arc_core.vpcf_c	2585
particles/units/heroes/hero_faceless_void/faceless_void_time_lock_bash_2_arc.vpcf_c	2178
particles/units/heroes/hero_faceless_void/faceless_void_time_lock_bash_2.vpcf_c	1347
particles/units/heroes/hero_enigma/enigma_blackhole_mage_o.vpcf_c	2130
particles/units/heroes/hero_enigma/enigma_blackhole_mage_n.vpcf_c	1884
particles/units/heroes/hero_enigma/enigma_blackhole_mage_m.vpcf_c	1490
particles/units/heroes/hero_enigma/enigma_blackhole_mage_light.vpcf_c	1563
particles/units/heroes/hero_enigma/enigma_blackhole_mage_l.vpcf_c	1932
particles/units/heroes/hero_enigma/enigma_blackhole_mage_k.vpcf_c	1562
particles/units/heroes/hero_enigma/enigma_blackhole_mage_j.vpcf_c	1938
particles/units/heroes/hero_enigma/enigma_blackhole_mage_i.vpcf_c	2018
particles/units/heroes/hero_enigma/enigma_blackhole_mage_h.vpcf_c	1574
particles/units/heroes/hero_enigma/enigma_blackhole_mage_g.vpcf_c	1708
particles/units/heroes/hero_enigma/enigma_blackhole_mage_fallback_mid.vpcf_c	3109
particles/units/heroes/hero_enigma/enigma_blackhole_mage_fallback_low.vpcf_c	2417
particles/units/heroes/hero_enigma/enigma_blackhole_mage_f.vpcf_c	1644
particles/units/heroes/hero_enigma/enigma_blackhole_mage_e.vpcf_c	1912
particles/units/heroes/hero_enigma/enigma_blackhole_mage_d.vpcf_c	1931
particles/units/heroes/hero_enigma/enigma_blackhole_mage_common_o.vpcf_c	2130
particles/units/heroes/hero_enigma/enigma_blackhole_mage_common_n.vpcf_c	1884
particles/units/heroes/hero_enigma/enigma_blackhole_mage_common_m.vpcf_c	1506
particles/units/heroes/hero_enigma/enigma_blackhole_mage_common_light.vpcf_c	1579
particles/units/heroes/hero_enigma/enigma_blackhole_mage_common_l.vpcf_c	1932
particles/units/heroes/hero_enigma/enigma_blackhole_mage_common_k.vpcf_c	1578
particles/units/heroes/hero_enigma/enigma_blackhole_mage_common_j.vpcf_c	1938
particles/units/heroes/hero_enigma/enigma_blackhole_mage_common_i.vpcf_c	2018
particles/units/heroes/hero_enigma/enigma_blackhole_mage_common_h.vpcf_c	1574
particles/units/heroes/hero_enigma/enigma_blackhole_mage_common_g.vpcf_c	1724
particles/units/heroes/hero_enigma/enigma_blackhole_mage_common_fallback_mid.vpcf_c	3212
particles/units/heroes/hero_enigma/enigma_blackhole_mage_common_fallback_low.vpcf_c	2489
particles/units/heroes/hero_enigma/enigma_blackhole_mage_common_f.vpcf_c	1644
particles/units/heroes/hero_enigma/enigma_blackhole_mage_common_e.vpcf_c	1912
particles/units/heroes/hero_enigma/enigma_blackhole_mage_common_d.vpcf_c	1931
particles/units/heroes/hero_enigma/enigma_blackhole_mage_common_c.vpcf_c	1926
particles/units/heroes/hero_enigma/enigma_blackhole_mage_common_b.vpcf_c	1604
particles/units/heroes/hero_enigma/enigma_blackhole_mage_common.vpcf_c	3719
particles/units/heroes/hero_enigma/enigma_blackhole_mage_c.vpcf_c	1926
particles/units/heroes/hero_enigma/enigma_blackhole_mage_b.vpcf_c	1588
particles/units/heroes/hero_enigma/enigma_blackhole_mage.vpcf_c	3584
particles/units/heroes/hero_disruptor/disruptor_glimpse_hit_on_arrival_d.vpcf_c	1983
particles/units/heroes/hero_disruptor/disruptor_glimpse_hit_on_arrival_c.vpcf_c	2313
particles/units/heroes/hero_disruptor/disruptor_glimpse_hit_on_arrival_b.vpcf_c	2120
particles/units/heroes/hero_disruptor/disruptor_glimpse_hit_on_arrival.vpcf_c	1161
particles/units/heroes/hero_dark_willow/dark_willow_shadow_realm_mage_wisp_pnt.vpcf_c	2285
particles/units/heroes/hero_dark_willow/dark_willow_shadow_realm_mage_wisp_endcap_ember.vpcf_c	1946
particles/units/heroes/hero_dark_willow/dark_willow_shadow_realm_mage_wisp_endcap.vpcf_c	2185
particles/units/heroes/hero_dark_willow/dark_willow_shadow_realm_mage_wisp.vpcf_c	1900
particles/units/heroes/hero_dark_willow/dark_willow_shadow_realm_mage_under_light.vpcf_c	1966
particles/units/heroes/hero_dark_willow/dark_willow_shadow_realm_mage_start_smoke.vpcf_c	1961
particles/units/heroes/hero_dark_willow/dark_willow_shadow_realm_mage_start_flash.vpcf_c	1896
particles/units/heroes/hero_dark_willow/dark_willow_shadow_realm_mage_start_ember.vpcf_c	2631
particles/units/heroes/hero_dark_willow/dark_willow_shadow_realm_mage_smoke.vpcf_c	2019
particles/units/heroes/hero_dark_willow/dark_willow_shadow_realm_mage_light.vpcf_c	1780
particles/units/heroes/hero_dark_willow/dark_willow_shadow_realm_mage_ground_soft.vpcf_c	1947
particles/units/heroes/hero_dark_willow/dark_willow_shadow_realm_mage_ground.vpcf_c	2018
particles/units/heroes/hero_dark_willow/dark_willow_shadow_realm_mage_glow.vpcf_c	2128
particles/units/heroes/hero_dark_willow/dark_willow_shadow_realm_mage_embers.vpcf_c	2939
particles/units/heroes/hero_dark_willow/dark_willow_shadow_realm_mage_ember.vpcf_c	2122
particles/units/heroes/hero_dark_willow/dark_willow_shadow_realm_mage_charge.vpcf_c	2132
particles/units/heroes/hero_dark_willow/dark_willow_shadow_realm_mage_alert_symbol.vpcf_c	1798
particles/units/heroes/hero_dark_willow/dark_willow_shadow_realm_mage_alert_spin.vpcf_c	1748
particles/units/heroes/hero_dark_willow/dark_willow_shadow_realm_mage_alert_magic.vpcf_c	2009
particles/units/heroes/hero_dark_willow/dark_willow_shadow_realm_mage_alert_burst.vpcf_c	2178
particles/units/heroes/hero_dark_willow/dark_willow_shadow_realm_mage_alert.vpcf_c	2336
particles/units/heroes/hero_dark_willow/dark_willow_shadow_realm_mage.vpcf_c	2477
particles/units/heroes/hero_dark_willow/dark_willow_shadow_realm_2_wisp_pnt.vpcf_c	2282
particles/units/heroes/hero_dark_willow/dark_willow_shadow_realm_2_wisp_endcap_ember.vpcf_c	1930
particles/units/heroes/hero_dark_willow/dark_willow_shadow_realm_2_wisp_endcap.vpcf_c	2182
particles/units/heroes/hero_dark_willow/dark_willow_shadow_realm_2_wisp.vpcf_c	1881
particles/units/heroes/hero_dark_willow/dark_willow_shadow_realm_2_under_light.vpcf_c	1966
particles/units/heroes/hero_dark_willow/dark_willow_shadow_realm_2_start_smoke.vpcf_c	1961
particles/units/heroes/hero_dark_willow/dark_willow_shadow_realm_2_start_flash.vpcf_c	1896
particles/units/heroes/hero_dark_willow/dark_willow_shadow_realm_2_start_ember.vpcf_c	2019
particles/units/heroes/hero_dark_willow/dark_willow_shadow_realm_2_smoke.vpcf_c	2055
particles/units/heroes/hero_dark_willow/dark_willow_shadow_realm_2_light.vpcf_c	1780
particles/units/heroes/hero_dark_willow/dark_willow_shadow_realm_2_ground_soft.vpcf_c	2686
particles/units/heroes/hero_dark_willow/dark_willow_shadow_realm_2_ground.vpcf_c	2730
particles/units/heroes/hero_dark_willow/dark_willow_shadow_realm_2_glow.vpcf_c	2828
particles/units/heroes/hero_dark_willow/dark_willow_shadow_realm_2_embers.vpcf_c	2326
particles/units/heroes/hero_dark_willow/dark_willow_shadow_realm_2_ember.vpcf_c	2122
particles/units/heroes/hero_dark_willow/dark_willow_shadow_realm_2_charge.vpcf_c	2788
particles/units/heroes/hero_dark_willow/dark_willow_shadow_realm_2_alert_symbol.vpcf_c	1798
particles/units/heroes/hero_dark_willow/dark_willow_shadow_realm_2_alert_spin.vpcf_c	1732
particles/units/heroes/hero_dark_willow/dark_willow_shadow_realm_2_alert_magic.vpcf_c	2009
particles/units/heroes/hero_dark_willow/dark_willow_shadow_realm_2_alert_burst.vpcf_c	2169
particles/units/heroes/hero_dark_willow/dark_willow_shadow_realm_2_alert.vpcf_c	2317
particles/units/heroes/hero_dark_willow/dark_willow_shadow_realm_2.vpcf_c	2027
particles/units/heroes/hero_dark_seer/dark_seer_ion_shell_magic_spirit_trail_d.vpcf_c	1764
particles/units/heroes/hero_dark_seer/dark_seer_ion_shell_magic_spirit_trail_b.vpcf_c	2123
particles/units/heroes/hero_dark_seer/dark_seer_ion_shell_magic_spirit_trail.vpcf_c	2661
particles/units/heroes/hero_dark_seer/dark_seer_ion_shell_magic_spirit_fallback_mid.vpcf_c	2021
particles/units/heroes/hero_dark_seer/dark_seer_ion_shell_magic_spirit.vpcf_c	2189
particles/units/heroes/hero_dark_seer/dark_seer_ion_shell_magic_radiance.vpcf_c	1877
particles/units/heroes/hero_dark_seer/dark_seer_ion_shell_magic_fallback_mid.vpcf_c	2163
particles/units/heroes/hero_dark_seer/dark_seer_ion_shell_magic_fallback_low.vpcf_c	1878
particles/units/heroes/hero_dark_seer/dark_seer_ion_shell_magic.vpcf_c	2172
particles/units/heroes/hero_crystalmaiden/maiden_crystal_nova_2_shard_trails.vpcf_c	2031
particles/units/heroes/hero_crystalmaiden/maiden_crystal_nova_2_i.vpcf_c	2185
particles/units/heroes/hero_crystalmaiden/maiden_crystal_nova_2_h.vpcf_c	2016
particles/units/heroes/hero_crystalmaiden/maiden_crystal_nova_2_g.vpcf_c	2024
particles/units/heroes/hero_crystalmaiden/maiden_crystal_nova_2_flash_d.vpcf_c	2986
particles/units/heroes/hero_crystalmaiden/maiden_crystal_nova_2_flash_c.vpcf_c	1931
particles/units/heroes/hero_crystalmaiden/maiden_crystal_nova_2_flash_b.vpcf_c	1803
particles/units/heroes/hero_crystalmaiden/maiden_crystal_nova_2_flash.vpcf_c	2006
particles/units/heroes/hero_crystalmaiden/maiden_crystal_nova_2_f.vpcf_c	2074
particles/units/heroes/hero_crystalmaiden/maiden_crystal_nova_2_e.vpcf_c	2480
particles/units/heroes/hero_crystalmaiden/maiden_crystal_nova_2_d.vpcf_c	1901
particles/units/heroes/hero_crystalmaiden/maiden_crystal_nova_2_b.vpcf_c	1561
particles/units/heroes/hero_crystalmaiden/maiden_crystal_nova_2.vpcf_c	2807
particles/units/heroes/hero_crystalmaiden/dingzhi_q_shard_trails.vpcf_c	2132
particles/units/heroes/hero_crystalmaiden/dingzhi_q_i.vpcf_c	2248
particles/units/heroes/hero_crystalmaiden/dingzhi_q_h.vpcf_c	2023
particles/units/heroes/hero_crystalmaiden/dingzhi_q_g.vpcf_c	2200
particles/units/heroes/hero_crystalmaiden/dingzhi_q_flash_d.vpcf_c	3040
particles/units/heroes/hero_crystalmaiden/dingzhi_q_flash_c.vpcf_c	1932
particles/units/heroes/hero_crystalmaiden/dingzhi_q_flash_b.vpcf_c	1841
particles/units/heroes/hero_crystalmaiden/dingzhi_q_flash.vpcf_c	2049
particles/units/heroes/hero_crystalmaiden/dingzhi_q_e.vpcf_c	2463
particles/units/heroes/hero_crystalmaiden/dingzhi_q_d.vpcf_c	1962
particles/units/heroes/hero_crystalmaiden/dingzhi_q_b.vpcf_c	1649
particles/units/heroes/hero_crystalmaiden/dingzhi_q.vpcf_c	2694
particles/units/heroes/hero_chaos_knight/chaos_knight_weapon_blur_critical_shield_c.vpcf_c	2102
particles/units/heroes/hero_chaos_knight/chaos_knight_weapon_blur_critical_shield_b.vpcf_c	1970
particles/units/heroes/hero_chaos_knight/chaos_knight_weapon_blur_critical_shield.vpcf_c	2658
particles/units/heroes/hero_chaos_knight/chaos_knight_chaos_bolt_mage_trail_g.vpcf_c	2037
particles/units/heroes/hero_chaos_knight/chaos_knight_chaos_bolt_mage_trail_d.vpcf_c	1846
particles/units/heroes/hero_chaos_knight/chaos_knight_chaos_bolt_mage_trail_c.vpcf_c	2009
particles/units/heroes/hero_chaos_knight/chaos_knight_chaos_bolt_mage_trail_b.vpcf_c	2456
particles/units/heroes/hero_chaos_knight/chaos_knight_chaos_bolt_mage_model.vpcf_c	2556
particles/units/heroes/hero_chaos_knight/chaos_knight_chaos_bolt_mage_launch_b.vpcf_c	1786
particles/units/heroes/hero_chaos_knight/chaos_knight_chaos_bolt_mage_launch.vpcf_c	2118
particles/units/heroes/hero_chaos_knight/chaos_knight_chaos_bolt_mage_impact_burst.vpcf_c	1939
particles/units/heroes/hero_chaos_knight/chaos_knight_chaos_bolt_mage_glow_b.vpcf_c	1493
particles/units/heroes/hero_chaos_knight/chaos_knight_chaos_bolt_mage_glow.vpcf_c	1765
particles/units/heroes/hero_chaos_knight/chaos_knight_chaos_bolt_mage_explosion_light.vpcf_c	1345
particles/units/heroes/hero_chaos_knight/chaos_knight_chaos_bolt_mage_explosion_i.vpcf_c	1535
particles/units/heroes/hero_chaos_knight/chaos_knight_chaos_bolt_mage_explosion_e.vpcf_c	1715
particles/units/heroes/hero_chaos_knight/chaos_knight_chaos_bolt_mage_explosion_d.vpcf_c	1613
particles/units/heroes/hero_chaos_knight/chaos_knight_chaos_bolt_mage_explosion_c.vpcf_c	2282
particles/units/heroes/hero_chaos_knight/chaos_knight_chaos_bolt_mage_explosion_b.vpcf_c	1643
particles/units/heroes/hero_chaos_knight/chaos_knight_chaos_bolt_mage_explosion_a.vpcf_c	1938
particles/units/heroes/hero_chaos_knight/chaos_knight_chaos_bolt_mage_explosion.vpcf_c	2869
particles/units/heroes/hero_chaos_knight/chaos_knight_chaos_bolt_mage.vpcf_c	3465
particles/units/heroes/hero_bounty_hunter/bounty_hunter_track_holyshield_mark_glow.vpcf_c	1999
particles/units/heroes/hero_bounty_hunter/bounty_hunter_track_holyshield_mark.vpcf_c	1641
particles/units/heroes/hero_bounty_hunter/bounty_hunter_track_holyshield.vpcf_c	2270
particles/units/heroes/hero_bounty_hunter/bounty_hunter_track_holydust.vpcf_c	1831
particles/units/heroes/hero_bounty_hunter/bounty_hunter_track_darkshield_mark_glow.vpcf_c	1850
particles/units/heroes/hero_bounty_hunter/bounty_hunter_track_darkshield_mark_2.vpcf_c	1680
particles/units/heroes/hero_bounty_hunter/bounty_hunter_track_darkshield_mark.vpcf_c	1676
particles/units/heroes/hero_bounty_hunter/bounty_hunter_track_darkshield.vpcf_c	2091
particles/units/heroes/hero_bounty_hunter/bounty_hunter_track_darkdust.vpcf_c	1679
particles/units/heroes/hero_bounty_hunter/bounty_hunter_track_cast_holy_trail.vpcf_c	1867
particles/units/heroes/hero_bounty_hunter/bounty_hunter_track_cast_holy_hit.vpcf_c	2118
particles/units/heroes/hero_bounty_hunter/bounty_hunter_track_cast_holy_flash.vpcf_c	1691
particles/units/heroes/hero_bounty_hunter/bounty_hunter_track_cast_holy.vpcf_c	2063
particles/units/heroes/hero_bounty_hunter/bounty_hunter_track_cast_dark_trail.vpcf_c	1867
particles/units/heroes/hero_bounty_hunter/bounty_hunter_track_cast_dark_hit.vpcf_c	2118
particles/units/heroes/hero_bounty_hunter/bounty_hunter_track_cast_dark_flash.vpcf_c	1691
particles/units/heroes/hero_bounty_hunter/bounty_hunter_track_cast_dark.vpcf_c	2458
particles/units/heroes/hero_bounty_hunter/bounty_hunter_s_2uriken_toss_trailb.vpcf_c	2887
particles/units/heroes/hero_bounty_hunter/bounty_hunter_s_2uriken_toss_traila.vpcf_c	2587
particles/units/heroes/hero_bounty_hunter/bounty_hunter_s_2uriken_toss.vpcf_c	2986
particles/units/heroes/hero_bounty_hunter/bounty_hunter_s_2uriken_impact_sparks.vpcf_c	1716
particles/units/heroes/hero_bounty_hunter/bounty_hunter_s_2uriken_impact_flashb.vpcf_c	1880
particles/units/heroes/hero_bounty_hunter/bounty_hunter_s_2uriken_impact_flash.vpcf_c	1530
particles/units/heroes/hero_bounty_hunter/bounty_hunter_s_2uriken_impact.vpcf_c	2143
particles/units/heroes/hero_bounty_hunter/bounty_hunter_s_2huriken_trail.vpcf_c	2357
particles/units/heroes/hero_bounty_hunter/bounty_hunter_s_2huriken_toss_main.vpcf_c	1648
particles/units/heroes/hero_bounty_hunter/bounty_hunter_s_2huriken_glow_gb.vpcf_c	1875
particles/units/heroes/hero_bounty_hunter/bounty_hunter_s_2huriken_glow_add.vpcf_c	1920
particles/units/heroes/hero_bounty_hunter/bounty_hunter_s_2huriken_glow.vpcf_c	2017
particles/units/heroes/hero_bloodseeker/bloodseeker__2lv_null.vpcf_c	544
particles/units/heroes/hero_bloodseeker/bloodseeker__2bloodritual_ring_splatters_b.vpcf_c	1607
particles/units/heroes/hero_bloodseeker/bloodseeker__2bloodritual_ring_splatters.vpcf_c	1651
particles/units/heroes/hero_bloodseeker/bloodseeker__2bloodritual_ring_h.vpcf_c	2742
particles/units/heroes/hero_bloodseeker/bloodseeker__2bloodritual_ring_g.vpcf_c	2493
particles/units/heroes/hero_bloodseeker/bloodseeker__2bloodritual_ring_f.vpcf_c	3026
particles/units/heroes/hero_bloodseeker/bloodseeker__2bloodritual_ring_e.vpcf_c	2551
particles/units/heroes/hero_bloodseeker/bloodseeker__2bloodritual_ring_d.vpcf_c	2551
particles/units/heroes/hero_bloodseeker/bloodseeker__2bloodritual_ring_b.vpcf_c	2462
particles/units/heroes/hero_bloodseeker/bloodseeker__2bloodritual_ring.vpcf_c	3463
particles/units/heroes/hero_bloodseeker/bloodseeker__2bloodritual_prop_dust.vpcf_c	2106
particles/units/heroes/hero_bloodseeker/bloodseeker__2bloodritual_prop_2.vpcf_c	2275
particles/units/heroes/hero_bloodseeker/bloodseeker__2bloodritual_prop_1.vpcf_c	1989
particles/units/heroes/hero_bloodseeker/bloodseeker__2bloodritual_explode_f.vpcf_c	1950
particles/units/heroes/hero_bloodseeker/bloodseeker__2bloodritual_explode_e.vpcf_c	2184
particles/units/heroes/hero_bloodseeker/bloodseeker__2bloodritual_explode_d.vpcf_c	2062
particles/units/heroes/hero_bloodseeker/bloodseeker__2bloodritual_explode_c.vpcf_c	1679
particles/units/heroes/hero_bloodseeker/bloodseeker__2bloodritual_explode_b.vpcf_c	1648
particles/units/heroes/hero_bloodseeker/bloodseeker__2bloodritual_explode.vpcf_c	2689
particles/units/heroes/hero_bloodseeker/bloodseeker__2bloodritual_candle_flame_medium.vpcf_c	2644
particles/units/heroes/hero_bloodseeker/bloodseeker__2bloodritual_candle_flame_c_medium.vpcf_c	2086
particles/units/heroes/hero_bloodseeker/bloodseeker__2bloodritual_candle_flame_b_medium.vpcf_c	2006
particles/units/heroes/hero_bloodseeker/bloodseeker__2bloodritual_candle_flame_a_medium.vpcf_c	2232
particles/units/heroes/hero_batrider/batrider_flamebreak_2_trail_3.vpcf_c	2086
particles/units/heroes/hero_batrider/batrider_flamebreak_2_trail_2.vpcf_c	2067
particles/units/heroes/hero_batrider/batrider_flamebreak_2_trail_1d.vpcf_c	1704
particles/units/heroes/hero_batrider/batrider_flamebreak_2_trail_1c.vpcf_c	1896
particles/units/heroes/hero_batrider/batrider_flamebreak_2_trail_1b.vpcf_c	2058
particles/units/heroes/hero_batrider/batrider_flamebreak_2_trail_1.vpcf_c	1947
particles/units/heroes/hero_batrider/batrider_flamebreak_2_launch.vpcf_c	1667
particles/units/heroes/hero_batrider/batrider_flamebreak_2_explosion_i.vpcf_c	1650
particles/units/heroes/hero_batrider/batrider_flamebreak_2_explosion_g.vpcf_c	1670
particles/units/heroes/hero_batrider/batrider_flamebreak_2_explosion_f.vpcf_c	1712
particles/units/heroes/hero_batrider/batrider_flamebreak_2_explosion_e.vpcf_c	1795
particles/units/heroes/hero_batrider/batrider_flamebreak_2_explosion_d.vpcf_c	1735
particles/units/heroes/hero_batrider/batrider_flamebreak_2_explosion_c.vpcf_c	1730
particles/units/heroes/hero_batrider/batrider_flamebreak_2_explosion_b.vpcf_c	1603
particles/units/heroes/hero_batrider/batrider_flamebreak_2_explosion_a.vpcf_c	1727
particles/units/heroes/hero_batrider/batrider_flamebreak_2_explosion.vpcf_c	2794
particles/units/heroes/hero_batrider/batrider_flamebreak_2.vpcf_c	3609
particles/units/heroes/hero_alchemist/alchemist_acid_spray_round_j.vpcf_c	2150
particles/units/heroes/hero_alchemist/alchemist_acid_spray_round_i.vpcf_c	1909
particles/units/heroes/hero_alchemist/alchemist_acid_spray_round_h.vpcf_c	1861
particles/units/heroes/hero_alchemist/alchemist_acid_spray_round_f.vpcf_c	1853
particles/units/heroes/hero_alchemist/alchemist_acid_spray_round_e.vpcf_c	2042
particles/units/heroes/hero_alchemist/alchemist_acid_spray_round_cinside.vpcf_c	2508
particles/units/heroes/hero_alchemist/alchemist_acid_spray_round_c.vpcf_c	2558
particles/units/heroes/hero_alchemist/alchemist_acid_spray_round_b.vpcf_c	2196
particles/units/heroes/hero_alchemist/alchemist_acid_spray_round_a.vpcf_c	2802
particles/units/heroes/hero_alchemist/alchemist_acid_spray_round.vpcf_c	2223
particles/units/heroes/hero_alchemist/alchemist_acid_spray_2_j.vpcf_c	2337
particles/units/heroes/hero_alchemist/alchemist_acid_spray_2_i.vpcf_c	2088
particles/units/heroes/hero_alchemist/alchemist_acid_spray_2_h.vpcf_c	2046
particles/units/heroes/hero_alchemist/alchemist_acid_spray_2_f.vpcf_c	1853
particles/units/heroes/hero_alchemist/alchemist_acid_spray_2_e.vpcf_c	2223
particles/units/heroes/hero_alchemist/alchemist_acid_spray_2_cinside.vpcf_c	2508
particles/units/heroes/hero_alchemist/alchemist_acid_spray_2_c.vpcf_c	2746
particles/units/heroes/hero_alchemist/alchemist_acid_spray_2_b.vpcf_c	2367
particles/units/heroes/hero_alchemist/alchemist_acid_spray_2_a.vpcf_c	2994
particles/units/heroes/hero_alchemist/alchemist_acid_spray_2.vpcf_c	2271
particles/units/heroes/hero_abaddon/abaddon_death_coil_2_trail_c.vpcf_c	1533
particles/units/heroes/hero_abaddon/abaddon_death_coil_2_trail_b.vpcf_c	1882
particles/units/heroes/hero_abaddon/abaddon_death_coil_2_explosion_f.vpcf_c	1794
particles/units/heroes/hero_abaddon/abaddon_death_coil_2_explosion_e_glow.vpcf_c	1397
particles/units/heroes/hero_abaddon/abaddon_death_coil_2_explosion_e.vpcf_c	2109
particles/units/heroes/hero_abaddon/abaddon_death_coil_2_explosion_d.vpcf_c	1494
particles/units/heroes/hero_abaddon/abaddon_death_coil_2_explosion_c.vpcf_c	1541
particles/units/heroes/hero_abaddon/abaddon_death_coil_2_explosion_b.vpcf_c	1740
particles/units/heroes/hero_abaddon/abaddon_death_coil_2_explosion.vpcf_c	2786
particles/units/heroes/hero_abaddon/abaddon_death_coil_2_explode_sparks.vpcf_c	1718
particles/units/heroes/hero_abaddon/abaddon_death_coil_2_d.vpcf_c	2240
particles/units/heroes/hero_abaddon/abaddon_death_coil_2_b.vpcf_c	2046
particles/units/heroes/hero_abaddon/abaddon_death_coil_2_abaddon.vpcf_c	1954
particles/units/heroes/hero_abaddon/abaddon_death_coil_2.vpcf_c	2722
particles/units/heroes/hero_abaddon/abaddon_aphotic_shield_2_explosion_wave.vpcf_c	1693
particles/units/heroes/hero_abaddon/abaddon_aphotic_shield_2_explosion_trailsb.vpcf_c	1523
particles/units/heroes/hero_abaddon/abaddon_aphotic_shield_2_explosion_trail.vpcf_c	1598
particles/units/heroes/hero_abaddon/abaddon_aphotic_shield_2_explosion_light.vpcf_c	1439
particles/units/heroes/hero_abaddon/abaddon_aphotic_shield_2_explosion_flash_b.vpcf_c	1664
particles/units/heroes/hero_abaddon/abaddon_aphotic_shield_2_explosion_flash.vpcf_c	1508
particles/units/heroes/hero_abaddon/abaddon_aphotic_shield_2_explosion.vpcf_c	2454
particles/units/heroes/hero_abaddon/abaddon_aphotic_shield_2_c_child_b.vpcf_c	1554
particles/units/heroes/hero_abaddon/abaddon_aphotic_shield_2_c_child.vpcf_c	1592
particles/units/heroes/hero_abaddon/abaddon_aphotic_shield_2_c.vpcf_c	2457
particles/units/heroes/hero_abaddon/abaddon_aphotic_shield_2_b.vpcf_c	1862
particles/units/heroes/hero_abaddon/abaddon_aphotic_shield_2.vpcf_c	2538
particles/ui_mouseactions/_2ping_player_flash.vpcf_c	1632
particles/ui_mouseactions/_2ping_player_flareup.vpcf_c	1722
particles/ui_mouseactions/_2ping_player_circle.vpcf_c	1547
particles/ui_mouseactions/_2international2020/ping_player_exclamationmarks.vpcf_c	2214
particles/ui/blessing_icon_unlock_swirl_02.vpcf_c	2681
particles/ui/blessing_icon_unlock_swirl_01.vpcf_c	2658
particles/ui/blessing_icon_unlock_flames.vpcf_c	2422
particles/ui/blessing_icon_unlock_embers.vpcf_c	2667
particles/ui/blessing_icon_unlock.vpcf_c	2296
particles/ui/blessing_icon_ambient.vpcf_c	2734
particles/traps/temple_trap_arrow_ribbon_b.vpcf_c	2259
particles/traps/temple_trap_arrow_ribbon.vpcf_c	2222
particles/traps/temple_trap_arrow_glow_tip.vpcf_c	1960
particles/traps/temple_trap_arrow_glow_glow_soft.vpcf_c	1953
particles/traps/temple_trap_arrow_glow_core.vpcf_c	1932
particles/traps/temple_trap_arrow_glow.vpcf_c	1894
particles/traps/temple_trap_arrow_embers.vpcf_c	1749
particles/traps/temple_trap_arrow_destruction_sparkles.vpcf_c	1658
particles/traps/temple_trap_arrow_destruction.vpcf_c	1919
particles/traps/temple_trap_arrow.vpcf_c	2764
particles/traps/spikes/spiketrap_pull_a.vpcf_c	1556
particles/traps/spikes/spiketrap_pull.vpcf_c	1982
particles/traps/spikes/spiketrap_anticipate_base.vpcf_c	1887
particles/traps/spikes/spiketrap_anticipate.vpcf_c	2280
particles/traps/sawblade/sawblade_trap_stay.vpcf_c	2264
particles/traps/sawblade/sawblade_trap_spin_swirl_shdw.vpcf_c	1798
particles/traps/sawblade/sawblade_trap_spin_shdw.vpcf_c	1689
particles/traps/sawblade/sawblade_trap_spin_ripple.vpcf_c	2033
particles/traps/sawblade/sawblade_trap_spin_ground_drk.vpcf_c	1802
particles/traps/sawblade/sawblade_trap_spin_ground.vpcf_c	1840
particles/traps/sawblade/sawblade_trap_spin_flash.vpcf_c	1715
particles/traps/sawblade/sawblade_trap_spin_edge_rope.vpcf_c	1951
particles/traps/sawblade/sawblade_trap_spin_edge_glow.vpcf_c	2296
particles/traps/sawblade/sawblade_trap_spin_edge_ember.vpcf_c	2116
particles/traps/sawblade/sawblade_trap_spin_edge_dust.vpcf_c	2012
particles/traps/sawblade/sawblade_trap_spin_edge_dirt.vpcf_c	1825
particles/traps/sawblade/sawblade_trap_spin_edge.vpcf_c	1770
particles/traps/sawblade/sawblade_trap_spin_arcs.vpcf_c	1903
particles/traps/sawblade/sawblade_trap_spin.vpcf_c	2644
particles/traps/pendulum/wheel_scrape_smoke.vpcf_c	2236
particles/traps/pendulum/wheel_scrape_shake.vpcf_c	629
particles/traps/pendulum/wheel_scrape_rope_b.vpcf_c	1901
particles/traps/pendulum/wheel_scrape_rope.vpcf_c	2605
particles/traps/pendulum/wheel_scrape_glow_shake.vpcf_c	1542
particles/traps/pendulum/wheel_scrape_glow.vpcf_c	1733
particles/traps/pendulum/wheel_scrape_fire.vpcf_c	1887
particles/traps/pendulum/wheel_scrape_ember_r.vpcf_c	2220
particles/traps/pendulum/wheel_scrape_ember.vpcf_c	2487
particles/traps/pendulum/wheel_scrape_dust.vpcf_c	2044
particles/traps/pendulum/wheel_scrape_debris.vpcf_c	2206
particles/traps/pendulum/wheel_scrape_cracks.vpcf_c	1824
particles/traps/pendulum/wheel_scrape.vpcf_c	954
particles/traps/pendulum/blade_trails_glow.vpcf_c	1729
particles/traps/pendulum/blade_trails_flat_r.vpcf_c	2064
particles/traps/pendulum/blade_trails_flat_l.vpcf_c	2083
particles/traps/pendulum/blade_trails_flat.vpcf_c	1973
particles/traps/pendulum/blade_trails_blur.vpcf_c	1809
particles/traps/pendulum/blade_trails.vpcf_c	1003
particles/traps/buttons/button_indicator_a.vpcf_c	1683
particles/traps/buttons/button_indicator.vpcf_c	1767
particles/tnt_proj_3units/heroes/hero_windrunner/windrunner_spell_powershot_trail_light.vpcf_c	1665
particles/tnt_proj_3units/heroes/hero_windrunner/windrunner_spell_powershot_trail_i.vpcf_c	2088
particles/tnt_proj_3units/heroes/hero_windrunner/windrunner_spell_powershot_trail_h.vpcf_c	2348
particles/tnt_proj_3units/heroes/hero_windrunner/windrunner_spell_powershot_trail_g.vpcf_c	2235
particles/tnt_proj_3units/heroes/hero_windrunner/windrunner_spell_powershot_trail_f.vpcf_c	1818
particles/tnt_proj_3units/heroes/hero_windrunner/windrunner_spell_powershot_trail_e.vpcf_c	1605
particles/tnt_proj_3units/heroes/hero_windrunner/windrunner_spell_powershot_trail_d.vpcf_c	2987
particles/tnt_proj_3units/heroes/hero_windrunner/windrunner_spell_powershot_trail_c.vpcf_c	2163
particles/tnt_proj_3units/heroes/hero_windrunner/windrunner_spell_powershot_trail_b.vpcf_c	2054
particles/tnt_proj_3units/heroes/hero_windrunner/windrunner_spell_powershot_trail.vpcf_c	2021
particles/tnt_proj_3units/heroes/hero_windrunner/windrunner_spell_powershot_destruction_sparkles.vpcf_c	1940
particles/tnt_proj_3units/heroes/hero_windrunner/windrunner_spell_powershot_destruction.vpcf_c	2188
particles/tnt_proj_3units/heroes/hero_windrunner/windrunner_spell_powershot_base.vpcf_c	2035
particles/tnt_proj_3econ/items/windrunner/windrunner_weapon_sparrowhawk/windrunner_spell_powershot_sparrowhawk.vpcf_c	3878
particles/tnt_proj_3econ/items/windrunner/windrunner_weapon_sparrowhawk/windrunner_spell_powershot_ribbon_sparrowhawk_d.vpcf_c	2614
particles/tnt_proj_3econ/items/windrunner/windrunner_weapon_sparrowhawk/windrunner_spell_powershot_ribbon_sparrowhawk_c.vpcf_c	3157
particles/tnt_proj_3econ/items/windrunner/windrunner_weapon_sparrowhawk/windrunner_spell_powershot_ribbon_sparrowhawk_b.vpcf_c	2471
particles/tnt_proj_3econ/items/windrunner/windrunner_weapon_sparrowhawk/windrunner_spell_powershot_ribbon_sparrowhawk.vpcf_c	3172
particles/tnt_proj_1unner_ti6/windrunner_spell_powershot_ti6_trail_light.vpcf_c	1492
particles/tnt_proj_1unner_ti6/windrunner_spell_powershot_ti6_trail_i.vpcf_c	1868
particles/tnt_proj_1unner_ti6/windrunner_spell_powershot_ti6_trail_h.vpcf_c	2126
particles/tnt_proj_1unner_ti6/windrunner_spell_powershot_ti6_trail_g.vpcf_c	2016
particles/tnt_proj_1unner_ti6/windrunner_spell_powershot_ti6_trail_f.vpcf_c	1787
particles/tnt_proj_1unner_ti6/windrunner_spell_powershot_ti6_trail_e.vpcf_c	1419
particles/tnt_proj_1unner_ti6/windrunner_spell_powershot_ti6_trail_dark.vpcf_c	1916
particles/tnt_proj_1unner_ti6/windrunner_spell_powershot_ti6_trail_d.vpcf_c	1874
particles/tnt_proj_1unner_ti6/windrunner_spell_powershot_ti6_trail_c.vpcf_c	1895
particles/tnt_proj_1unner_ti6/windrunner_spell_powershot_ti6_trail_b.vpcf_c	2201
particles/tnt_proj_1unner_ti6/windrunner_spell_powershot_ti6_trail.vpcf_c	1826
particles/tnt_proj_1unner_ti6/windrunner_spell_powershot_ti6_spray.vpcf_c	2427
particles/tnt_proj_1unner_ti6/windrunner_spell_powershot_ti6_model.vpcf_c	1903
particles/tnt_proj_1unner_ti6/windrunner_spell_powershot_ti6_leading_glow.vpcf_c	2046
particles/tnt_proj_1unner_ti6/windrunner_spell_powershot_ti6_leading.vpcf_c	2349
particles/tnt_proj_1unner_ti6/windrunner_spell_powershot_ti6_fire.vpcf_c	1939
particles/tnt_proj_1unner_ti6/windrunner_spell_powershot_ti6_dust.vpcf_c	1904
particles/tnt_proj_1unner_ti6/windrunner_spell_powershot_ti6_destruction_sparkles.vpcf_c	1741
particles/tnt_proj_1unner_ti6/windrunner_spell_powershot_ti6_destruction.vpcf_c	1953
particles/tnt_proj_1unner_ti6/windrunner_spell_powershot_ti6_cloud.vpcf_c	1935
particles/tnt_proj_1unner_ti6/windrunner_spell_powershot_ti6_base.vpcf_c	2805
particles/tnt_proj_1unner_ti6/windrunner_spell_powershot_ti6_arrow.vpcf_c	2404
particles/tnt_proj_1unner_ti6/windrunner_spell_powershot_ti6_arc_b.vpcf_c	1899
particles/tnt_proj_1unner_ti6/windrunner_spell_powershot_ti6_arc.vpcf_c	1885
particles/tnt_proj_1unner_ti6/windrunner_spell_powershot_ti6.vpcf_c	2296
particles/tnt_proj_1anger_arcana/windranger_arcana_spell_powershot_combo.vpcf_c	1053
particles/test_particle/sand_king_projectile_trail.vpcf_c	2033
particles/test_particle/sand_king_projectile_streak.vpcf_c	2125
particles/test_particle/sand_king_projectile_sparks.vpcf_c	1785
particles/test_particle/sand_king_projectile_smoke.vpcf_c	1960
particles/test_particle/sand_king_projectile_light.vpcf_c	1485
particles/test_particle/sand_king_projectile_launch.vpcf_c	2290
particles/test_particle/sand_king_projectile_cracks_ground_glow.vpcf_c	1933
particles/test_particle/sand_king_projectile_cracks_ground_center.vpcf_c	1763
particles/test_particle/sand_king_projectile_cracks_ground.vpcf_c	1757
particles/test_particle/sand_king_projectile_core.vpcf_c	1992
particles/test_particle/sand_king_projectile.vpcf_c	2722
particles/test_particle/sand_king_cyclone_smoke_detail.vpcf_c	1968
particles/test_particle/sand_king_cyclone_initial_color.vpcf_c	2283
particles/test_particle/sand_king_cyclone_initial_b.vpcf_c	2157
particles/test_particle/sand_king_cyclone_initial.vpcf_c	2024
particles/test_particle/sand_king_cyclone_ember.vpcf_c	2169
particles/test_particle/sand_king_cyclone_dust.vpcf_c	2020
particles/test_particle/sand_king_cyclone_detail.vpcf_c	1966
particles/test_particle/sand_king_cyclone_d.vpcf_c	1875
particles/test_particle/sand_king_cyclone.vpcf_c	2536
particles/test_particle/sandking_burrowstrike_no_models.vpcf_c	2295
particles/test_particle/sandking_burrowstrike_eruption_no_models.vpcf_c	1496
particles/test_particle/omniknight_wildaxe_trail_c.vpcf_c	2090
particles/test_particle/omniknight_wildaxe_spiral.vpcf_c	1641
particles/test_particle/omniknight_wildaxe_spin.vpcf_c	1703
particles/test_particle/omniknight_wildaxe_launch.vpcf_c	1655
particles/test_particle/omniknight_wildaxe_glow_trail.vpcf_c	1915
particles/test_particle/omniknight_wildaxe_glow.vpcf_c	1885
particles/test_particle/omniknight_wildaxe_dust_swirl.vpcf_c	1785
particles/test_particle/omniknight_wildaxe_dust.vpcf_c	1788
particles/test_particle/omniknight_wildaxe.vpcf_c	2499
particles/test_particle/generic_attack_crit_blur_shapeshift.vpcf_c	1020
particles/test_particle/generic_attack_crit_blur_rope.vpcf_c	2207
particles/test_particle/generic_attack_crit_blur_glow.vpcf_c	1798
particles/test_particle/generic_attack_crit_blur_charge.vpcf_c	1753
particles/test_particle/generic_attack_crit_blur.vpcf_c	996
particles/test_particle/generic_attack_charge.vpcf_c	1959
particles/test_particle/dungeon_sand_king_small_rocks.vpcf_c	2246
particles/test_particle/dungeon_sand_king_channel_streak.vpcf_c	2216
particles/test_particle/dungeon_sand_king_channel_ground.vpcf_c	1791
particles/test_particle/dungeon_sand_king_channel_end.vpcf_c	1909
particles/test_particle/dungeon_sand_king_channel_cloud.vpcf_c	1956
particles/test_particle/dungeon_sand_king_channel.vpcf_c	1302
particles/test_particle/dungeon_sand_king_blocker_sparks.vpcf_c	2108
particles/test_particle/dungeon_sand_king_blocker_light.vpcf_c	1690
particles/test_particle/dungeon_sand_king_blocker_flash_b.vpcf_c	1843
particles/test_particle/dungeon_sand_king_blocker_flash.vpcf_c	1989
particles/test_particle/dungeon_sand_king_blocker_embers.vpcf_c	1749
particles/test_particle/dungeon_sand_king_blocker_dust.vpcf_c	2093
particles/test_particle/dungeon_sand_king_blocker_dissipate.vpcf_c	2160
particles/test_particle/dungeon_sand_king_blocker_debris.vpcf_c	2004
particles/test_particle/dungeon_sand_king_blocker_cracks.vpcf_c	2020
particles/test_particle/dungeon_sand_king_blocker.vpcf_c	3806
particles/test_particle/dungeon_pugna_blast_sphere.vpcf_c	1952
particles/test_particle/dungeon_pugna_blast_rings_c.vpcf_c	2081
particles/test_particle/dungeon_pugna_blast_rings.vpcf_c	2101
particles/test_particle/dungeon_pugna_blast_ring.vpcf_c	1942
particles/test_particle/dungeon_pugna_blast_proj.vpcf_c	1719
particles/test_particle/dungeon_pugna_blast_pre_ring_light.vpcf_c	2149
particles/test_particle/dungeon_pugna_blast_pre_pull_in_rope.vpcf_c	2230
particles/test_particle/dungeon_pugna_blast_pre_pull_in.vpcf_c	2360
particles/test_particle/dungeon_pugna_blast_pre_light.vpcf_c	2101
particles/test_particle/dungeon_pugna_blast_pre_core.vpcf_c	1732
particles/test_particle/dungeon_pugna_blast_pre_aoe.vpcf_c	1837
particles/test_particle/dungeon_pugna_blast_pre.vpcf_c	2549
particles/test_particle/dungeon_pugna_blast_light.vpcf_c	1648
particles/test_particle/dungeon_pugna_blast_gas.vpcf_c	2351
particles/test_particle/dungeon_pugna_blast_flash_ring.vpcf_c	2095
particles/test_particle/dungeon_pugna_blast_dust.vpcf_c	2307
particles/test_particle/dungeon_pugna_blast_core.vpcf_c	2065
particles/test_particle/dungeon_pugna_blast_bits.vpcf_c	2046
particles/test_particle/dungeon_pugna_blast.vpcf_c	2645
particles/test_particle/dungeon_generic_blast_sphere.vpcf_c	2169
particles/test_particle/dungeon_generic_blast_rings.vpcf_c	2297
particles/test_particle/dungeon_generic_blast_ring.vpcf_c	2142
particles/test_particle/dungeon_generic_blast_pre_ring_light.vpcf_c	2332
particles/test_particle/dungeon_generic_blast_pre_pull_in_rope.vpcf_c	2460
particles/test_particle/dungeon_generic_blast_pre_pull_in.vpcf_c	2493
particles/test_particle/dungeon_generic_blast_pre_light.vpcf_c	2101
particles/test_particle/dungeon_generic_blast_pre_core.vpcf_c	1939
particles/test_particle/dungeon_generic_blast_pre_aoe.vpcf_c	2041
particles/test_particle/dungeon_generic_blast_pre.vpcf_c	2846
particles/test_particle/dungeon_generic_blast_ovr_pre_ring_light.vpcf_c	2322
particles/test_particle/dungeon_generic_blast_ovr_pre_core.vpcf_c	1946
particles/test_particle/dungeon_generic_blast_ovr_pre_aoe.vpcf_c	1921
particles/test_particle/dungeon_generic_blast_ovr_pre.vpcf_c	2870
particles/test_particle/dungeon_generic_blast_light.vpcf_c	1865
particles/test_particle/dungeon_generic_blast_gas.vpcf_c	2514
particles/test_particle/dungeon_generic_blast_dust.vpcf_c	2502
particles/test_particle/dungeon_generic_blast_bits.vpcf_c	2259
particles/test_particle/dungeon_generic_blast.vpcf_c	2656
particles/rain_fx/econ_rain_less.vpcf_c	3216
particles/rain_fx/econ_rain_impact_less.vpcf_c	2660
particles/rain_fx/econ_rain.vpcf_c	3192
particles/raid_4_fire_ambient_1units/heroes/hero_phoenix/phoenix_fire_spirit_burn_start.vpcf_c	1470
particles/raid_4_fire_ambient_1units/heroes/hero_phoenix/phoenix_fire_spirit_burn_spike.vpcf_c	1831
particles/raid_4_fire_ambient_1units/heroes/hero_phoenix/phoenix_fire_spirit_burn_smoke.vpcf_c	2027
particles/raid_4_fire_ambient_1units/heroes/hero_phoenix/phoenix_fire_spirit_burn_light.vpcf_c	1630
particles/raid_4_fire_ambient_1units/heroes/hero_phoenix/phoenix_fire_spirit_burn_flash.vpcf_c	1710
particles/raid_4_fire_ambient_1units/heroes/hero_phoenix/phoenix_fire_spirit_burn_fire.vpcf_c	2809
particles/raid_4_fire_ambient_1units/heroes/hero_phoenix/phoenix_fire_spirit_burn_ember_glow.vpcf_c	1245
particles/raid_4_fire_ambient_1units/heroes/hero_phoenix/phoenix_fire_spirit_burn_ember.vpcf_c	2973
particles/raid_4_fire_ambient_1econ/items/phoenix/phoenix_ti10_immortal/phoenix_ti10_fire_spirit_burn.vpcf_c	3751
particles/proj_dingzhi_1units/heroes/hero_invoker/invoker_deafening_blast_glow_end.vpcf_c	1553
particles/proj_dingzhi_1units/heroes/hero_invoker/invoker_deafening_blast_dust_b.vpcf_c	1913
particles/proj_dingzhi_1econ/items/invoker/invoker_ti6/invoker_deafening_blast_wave_ti6.vpcf_c	2059
particles/proj_dingzhi_1econ/items/invoker/invoker_ti6/invoker_deafening_blast_ti6.vpcf_c	3965
particles/proj_dingzhi_1econ/items/invoker/invoker_ti6/invoker_deafening_blast_swipe_right_ti6.vpcf_c	2090
particles/proj_dingzhi_1econ/items/invoker/invoker_ti6/invoker_deafening_blast_swipe_left_ti6.vpcf_c	2050
particles/proj_dingzhi_1econ/items/invoker/invoker_ti6/invoker_deafening_blast_streaks_ti6.vpcf_c	1935
particles/proj_dingzhi_1econ/items/invoker/invoker_ti6/invoker_deafening_blast_graphic_ti6.vpcf_c	1912
particles/proj_dingzhi_1econ/items/invoker/invoker_ti6/invoker_deafening_blast_graphic_2_ti6.vpcf_c	1993
particles/proj_dingzhi_1econ/items/invoker/invoker_ti6/invoker_deafening_blast_glyphs_ti6.vpcf_c	2173
particles/proj_dingzhi_1econ/items/invoker/invoker_ti6/invoker_deafening_blast_glyphs_shadow_ti6.vpcf_c	1965
particles/proj_dingzhi_1econ/items/invoker/invoker_ti6/invoker_deafening_blast_glyphs_embers_ti6.vpcf_c	2087
particles/proj_dingzhi_1econ/items/invoker/invoker_ti6/invoker_deafening_blast_glow_ti6.vpcf_c	2209
particles/proj_dingzhi_1econ/items/invoker/invoker_ti6/invoker_deafening_blast_ghost_ti6.vpcf_c	1910
particles/proj_dingzhi_1econ/items/invoker/invoker_ti6/invoker_deafening_blast_flow_ti6.vpcf_c	2107
particles/proj_dingzhi_1econ/items/invoker/invoker_ti6/invoker_deafening_blast_edge_ti6.vpcf_c	2133
particles/proj_dingzhi_1econ/items/invoker/invoker_ti6/invoker_deafening_blast_edge_residual_ti6.vpcf_c	2211
particles/proj_dingzhi_1econ/items/invoker/invoker_ti6/invoker_deafening_blast_body_ti6.vpcf_c	1715
particles/portals/portal_ground_spawn_sparkle_blue.vpcf_c	1754
particles/portals/portal_ground_spawn_interior_blue.vpcf_c	2240
particles/portals/portal_ground_spawn_end_sparkle.vpcf_c	1813
particles/portals/portal_ground_spawn_endpoint_streaks.vpcf_c	2414
particles/portals/portal_ground_spawn_endpoint_ring_swirl.vpcf_c	1916
particles/portals/portal_ground_spawn_endpoint_ring_glow.vpcf_c	1553
particles/portals/portal_ground_spawn_endpoint_ring_core.vpcf_c	2309
particles/portals/portal_ground_spawn_endpoint_ring.vpcf_c	2636
particles/portals/portal_ground_spawn_endpoint_rays.vpcf_c	2021
particles/portals/portal_ground_spawn_endpoint_light.vpcf_c	1814
particles/portals/portal_ground_spawn_endpoint_flash.vpcf_c	1870
particles/portals/portal_ground_spawn_endpoint_end.vpcf_c	1994
particles/portals/portal_ground_spawn_endpoint_embers.vpcf_c	1914
particles/portals/portal_ground_spawn_endpoint_core_flare.vpcf_c	2125
particles/portals/portal_ground_spawn_endpoint.vpcf_c	1847
particles/portals/portal_ground_exit.vpcf_c	2058
particles/nyx_swarm_explosion/nyx_swarm_explosion_m.vpcf_c	1771
particles/nyx_swarm_explosion/nyx_swarm_explosion_l0.vpcf_c	1655
particles/nyx_swarm_explosion/nyx_swarm_explosion_l.vpcf_c	2595
particles/nyx_swarm_explosion/nyx_swarm_explosion_k0.vpcf_c	1694
particles/nyx_swarm_explosion/nyx_swarm_explosion_k.vpcf_c	2173
particles/nyx_swarm_explosion/nyx_swarm_explosion_j0b.vpcf_c	2081
particles/nyx_swarm_explosion/nyx_swarm_explosion_j0a.vpcf_c	2320
particles/nyx_swarm_explosion/nyx_swarm_explosion_j0.vpcf_c	2584
particles/nyx_swarm_explosion/nyx_swarm_explosion_j.vpcf_c	1298
particles/nyx_swarm_explosion/nyx_swarm_explosion_i0c.vpcf_c	2378
particles/nyx_swarm_explosion/nyx_swarm_explosion_i0b.vpcf_c	2267
particles/nyx_swarm_explosion/nyx_swarm_explosion_i0a.vpcf_c	2542
particles/nyx_swarm_explosion/nyx_swarm_explosion_i0.vpcf_c	2711
particles/nyx_swarm_explosion/nyx_swarm_explosion_i.vpcf_c	1298
particles/nyx_swarm_explosion/nyx_swarm_explosion_h.vpcf_c	1871
particles/nyx_swarm_explosion/nyx_swarm_explosion_g.vpcf_c	2112
particles/nyx_swarm_explosion/nyx_swarm_explosion_f.vpcf_c	2047
particles/nyx_swarm_explosion/nyx_swarm_explosion_e.vpcf_c	1694
particles/nyx_swarm_explosion/nyx_swarm_explosion_d.vpcf_c	2057
particles/nyx_swarm_explosion/nyx_swarm_explosion_c.vpcf_c	1486
particles/nyx_swarm_explosion/nyx_swarm_explosion_b.vpcf_c	1808
particles/nyx_swarm_explosion/nyx_swarm_explosion_a.vpcf_c	1820
particles/nyx_swarm_explosion/nyx_swarm_explosion.vpcf_c	3164
particles/neutral_fx/screen__2_2stun_indicator_b.vpcf_c	1559
particles/neutral_fx/screen__2_2arcane_drop_g.vpcf_c	1654
particles/neutral_fx/screen__2_2arcane_drop_d.vpcf_c	1615
particles/neutral_fx/screen__2_2arcane_drop_c.vpcf_c	1557
particles/neutral_fx/screen__2_2arcane_drop_b.vpcf_c	1932
particles/neutral_fx/screen__2_2arcane_drop.vpcf_c	2929
particles/neutral_fx/neutral_item_drop__3spiral_rev.vpcf_c	2749
particles/neutral_fx/neutral_item_drop__3spiral_pnt.vpcf_c	2532
particles/neutral_fx/neutral_item_drop__3spiral.vpcf_c	2757
particles/neutral_fx/neutral_item_drop__3ring.vpcf_c	2127
particles/neutral_fx/neutral_item_drop__3magic.vpcf_c	2362
particles/neutral_fx/neutral_item_drop__3lvl4.vpcf_c	1790
particles/neutral_fx/neutral_item_drop__3ground_glow.vpcf_c	2000
particles/neutral_fx/neutral_item_drop__3glow.vpcf_c	2272
particles/neutral_fx/neutral_item_drop__3flash.vpcf_c	1991
particles/neutral_fx/neutral_item_drop__3beam_lvl4.vpcf_c	2581
particles/neutral_fx/neutral_item_drop__3beam_lvl2.vpcf_c	2580
particles/neutral_fx/neutral_item_drop__2_2spiral_rev.vpcf_c	2740
particles/neutral_fx/neutral_item_drop__2_2spiral_pnt.vpcf_c	2534
particles/neutral_fx/neutral_item_drop__2_2spiral.vpcf_c	2749
particles/neutral_fx/neutral_item_drop__2_2ring.vpcf_c	2117
particles/neutral_fx/neutral_item_drop__2_2magic.vpcf_c	2446
particles/neutral_fx/neutral_item_drop__2_2lvl4.vpcf_c	1882
particles/neutral_fx/neutral_item_drop__2_2ground_glow.vpcf_c	1998
particles/neutral_fx/neutral_item_drop__2_2glow.vpcf_c	2277
particles/neutral_fx/neutral_item_drop__2_2flash.vpcf_c	1991
particles/neutral_fx/neutral_item_drop__2_2beam_lvl4.vpcf_c	2580
particles/neutral_fx/neutral_item_drop__2_2beam_lvl2.vpcf_c	2674
particles/neutral_fx/neutral_item_drop__2spiral_rev.vpcf_c	2743
particles/neutral_fx/neutral_item_drop__2spiral_pnt.vpcf_c	2532
particles/neutral_fx/neutral_item_drop__2spiral.vpcf_c	2752
particles/neutral_fx/neutral_item_drop__2ring.vpcf_c	2127
particles/neutral_fx/neutral_item_drop__2magic.vpcf_c	2446
particles/neutral_fx/neutral_item_drop__2lvl4.vpcf_c	1770
particles/neutral_fx/neutral_item_drop__2ground_glow.vpcf_c	2000
particles/neutral_fx/neutral_item_drop__2glow.vpcf_c	2276
particles/neutral_fx/neutral_item_drop__2flash.vpcf_c	2002
particles/neutral_fx/neutral_item_drop__2beam_lvl4.vpcf_c	2581
particles/neutral_fx/neutral_item_drop__2beam_lvl2.vpcf_c	2673
particles/msg_fx/msg_bp.vpcf_c	2361
particles/lanquan_lihui_1econ/events/killbanners/screen_killbanner_compendium16_rampage_burst_b_2_trail.vpcf_c	1642
particles/lanquan_lihui_1econ/events/killbanners/screen_killbanner_compendium16_rampage_burst_b_2.vpcf_c	3381
particles/lanquan_lihui_1econ/events/killbanners/screen_killbanner_compendium14_triplekill_flare_2.vpcf_c	3283
particles/items_fx/aura_vlads_2_ring.vpcf_c	2006
particles/items_fx/aura_vlads_2_b.vpcf_c	1450
particles/items_fx/aura_vlads_2.vpcf_c	1599
particles/items_fx/aura_shivas_3_ring.vpcf_c	2015
particles/items_fx/aura_shivas_3_b.vpcf_c	1314
particles/items_fx/aura_shivas_3.vpcf_c	2111
particles/items_fx/aura_shivas_2_ring.vpcf_c	2175
particles/items_fx/aura_shivas_2_b.vpcf_c	1465
particles/items_fx/aura_shivas_2.vpcf_c	1604
particles/items_fx/aura_endurance_holy_ring.vpcf_c	2437
particles/items_fx/aura_endurance_holy_c.vpcf_c	1295
particles/items_fx/aura_endurance_holy_b.vpcf_c	1325
particles/items_fx/aura_endurance_holyaura_ring.vpcf_c	2434
particles/items_fx/aura_endurance_holyaura_c.vpcf_c	1295
particles/items_fx/aura_endurance_holyaura_b.vpcf_c	1325
particles/items_fx/aura_endurance_holyaura_2_ring.vpcf_c	2705
particles/items_fx/aura_endurance_holyaura_2_c.vpcf_c	1335
particles/items_fx/aura_endurance_holyaura_2_b.vpcf_c	1365
particles/items_fx/aura_endurance_holyaura_2_2_ring.vpcf_c	2709
particles/items_fx/aura_endurance_holyaura_2_2_c.vpcf_c	1335
particles/items_fx/aura_endurance_holyaura_2_2_b.vpcf_c	1365
particles/items_fx/aura_endurance_holyaura_2_2.vpcf_c	2548
particles/items_fx/aura_endurance_holyaura_2.vpcf_c	2423
particles/items_fx/aura_endurance_holyaura.vpcf_c	1809
particles/items_fx/aura_endurance_holy.vpcf_c	1756
particles/items_fx/aura_endurance_3_ring.vpcf_c	1888
particles/items_fx/aura_endurance_3_c.vpcf_c	1295
particles/items_fx/aura_endurance_3_b.vpcf_c	1325
particles/items_fx/aura_endurance_3.vpcf_c	1559
particles/items_fx/aura_endurance_2_ring.vpcf_c	2031
particles/items_fx/aura_endurance_2_c.vpcf_c	1451
particles/items_fx/aura_endurance_2_b.vpcf_c	1487
particles/items_fx/aura_endurance_2.vpcf_c	1634
particles/heroes/hero_viper/viper_channel_streak.vpcf_c	2183
particles/heroes/hero_viper/viper_channel_ground.vpcf_c	1802
particles/heroes/hero_viper/viper_channel_end.vpcf_c	1881
particles/heroes/hero_viper/viper_channel_elec.vpcf_c	2016
particles/heroes/hero_viper/viper_channel_cloud.vpcf_c	1929
particles/heroes/hero_viper/viper_channel.vpcf_c	1353
particles/generic_gameplay/spell_amp_potion_owner_glow_detail.vpcf_c	2037
particles/generic_gameplay/spell_amp_potion_owner_glow.vpcf_c	2012
particles/generic_gameplay/spell_amp_potion_owner_arcs.vpcf_c	2062
particles/generic_gameplay/spell_amp_potion_owner.vpcf_c	2730
particles/generic_gameplay/screen__2stun_indicator_b.vpcf_c	1559
particles/generic_gameplay/screen__2arcane_drop_g.vpcf_c	1474
particles/generic_gameplay/screen__2arcane_drop_d.vpcf_c	1615
particles/generic_gameplay/screen__2arcane_drop_c.vpcf_c	1557
particles/generic_gameplay/screen__2arcane_drop_b.vpcf_c	1768
particles/generic_gameplay/screen__2arcane_drop.vpcf_c	2362
particles/generic_gameplay/overhead_xp.vpcf_c	2349
particles/generic_gameplay/overhead_treasure.vpcf_c	2343
particles/generic_gameplay/overhead_lives.vpcf_c	2211
particles/generic_gameplay/overhead_item.vpcf_c	2226
particles/generic_gameplay/overhead_gold.vpcf_c	2208
particles/generic_gameplay/overhead_consumables.vpcf_c	2271
particles/generic_gameplay/generic_has_quest_2_glow.vpcf_c	1499
particles/generic_gameplay/generic_has_quest_2.vpcf_c	2584
particles/generic_gameplay/evasion_potion_owner_glow_detail.vpcf_c	2037
particles/generic_gameplay/evasion_potion_owner_glow.vpcf_c	2014
particles/generic_gameplay/evasion_potion_owner_arcs.vpcf_c	2061
particles/generic_gameplay/evasion_potion_owner.vpcf_c	2729
particles/generic_gameplay/battle_point_splash.vpcf_c	2062
particles/generic_gameplay/barrel_homing_missle_fuse_burn_point.vpcf_c	1489
particles/generic_gameplay/barrel_homing_missile_fuse.vpcf_c	1865
particles/generic_gameplay/barrel_guided_missle_fuse_sparks_h.vpcf_c	1798
particles/generic_gameplay/barrel_guided_missle_fuse_sparks_g.vpcf_c	1758
particles/generic_gameplay/barrel_guided_missle_fuse_sparks_f.vpcf_c	1909
particles/generic_gameplay/barrel_guided_missle_fuse_sparks_e.vpcf_c	1746
particles/generic_gameplay/barrel_guided_missle_fuse_sparks_d.vpcf_c	1607
particles/generic_gameplay/barrel_guided_missle_fuse_sparks_c.vpcf_c	1878
particles/generic_gameplay/barrel_guided_missle_fuse_sparks_b.vpcf_c	1850
particles/generic_gameplay/barrel_guided_missle_fuse_sparks.vpcf_c	2624
particles/generic_gameplay/arcane_fragments_splash.vpcf_c	2061
particles/gameplay/location_hint_highlight.vpcf_c	1579
particles/gameplay/location_hint_goal.vpcf_c	2030
particles/gameplay/location_hint_arrow.vpcf_c	1573
particles/forest/vase_destruction_shards.vpcf_c	1976
particles/forest/vase_destruction.vpcf_c	1873
particles/forest/crate_destruction_shards.vpcf_c	2043
particles/forest/crate_destruction.vpcf_c	1875
particles/fire_trap/trap_breathe_fire_trail.vpcf_c	1881
particles/fire_trap/trap_breathe_fire_mid.vpcf_c	2876
particles/fire_trap/trap_breathe_fire_low.vpcf_c	2633
particles/fire_trap/trap_breathe_fire_launch_mouth.vpcf_c	2037
particles/fire_trap/trap_breathe_fire_launch.vpcf_c	2709
particles/fire_trap/trap_breathe_fire_glow_flames.vpcf_c	1736
particles/fire_trap/trap_breathe_fire_glow.vpcf_c	1398
particles/fire_trap/trap_breathe_fire_g.vpcf_c	1581
particles/fire_trap/trap_breathe_fire_flames.vpcf_c	1839
particles/fire_trap/trap_breathe_fire_f.vpcf_c	1957
particles/fire_trap/trap_breathe_fire_explosion.vpcf_c	1703
particles/fire_trap/trap_breathe_fire_e.vpcf_c	2183
particles/fire_trap/trap_breathe_fire_d.vpcf_c	1836
particles/fire_trap/trap_breathe_fire_c_fallback01.vpcf_c	2479
particles/fire_trap/trap_breathe_fire_c.vpcf_c	2540
particles/fire_trap/trap_breathe_fire_balls_trail.vpcf_c	1968
particles/fire_trap/trap_breathe_fire_balls_glow.vpcf_c	1257
particles/fire_trap/trap_breathe_fire_balls_fire.vpcf_c	1594
particles/fire_trap/trap_breathe_fire_balls.vpcf_c	2107
particles/fire_trap/trap_breathe_fire_b.vpcf_c	2533
particles/fire_trap/trap_breathe_fire_.vpcf_c	2737
particles/fire_trap/trap_breathe_fire.vpcf_c	2889
particles/emma_skin_w_damageunits/heroes/hero_omniknight/omniknight_purification_light_b.vpcf_c	1516
particles/emma_skin_w_damageunits/heroes/hero_omniknight/omniknight_purification_light.vpcf_c	1248
particles/emma_skin_w_damageunits/heroes/hero_omniknight/omniknight_purification_g.vpcf_c	1487
particles/emma_skin_w_damageecon/items/omniknight/hammer_ti6_immortal/omniknight_pu_ti6_heal_hammers.vpcf_c	3277
particles/emma_skin_w_damageecon/items/omniknight/hammer_ti6_immortal/omniknight_pur_ti6_immortal_ring_glow.vpcf_c	1935
particles/emma_skin_w_damageecon/items/omniknight/hammer_ti6_immortal/omniknight_pur_ti6_immortal_helmet.vpcf_c	3166
particles/emma_skin_w_damageecon/items/omniknight/hammer_ti6_immortal/omniknight_pur_ti6_immortal_hampart_b.vpcf_c	2880
particles/emma_skin_w_damageecon/items/omniknight/hammer_ti6_immortal/omniknight_pur_ti6_immortal_hampart.vpcf_c	2385
particles/emma_skin_w_damageecon/items/omniknight/hammer_ti6_immortal/omniknight_pur_ti6_immortal_beam_glow.vpcf_c	1862
particles/emma_skin_w_damageecon/items/omniknight/hammer_ti6_immortal/omniknight_pur_ti6_immortal_beamsource.vpcf_c	1413
particles/emma_skin_w_damageecon/items/omniknight/hammer_ti6_immortal/omniknight_pur_ti6_immortal_beams.vpcf_c	2280
particles/emma_skin_w_damageecon/items/omniknight/hammer_ti6_immortal/omniknight_purification_ti6_immortal.vpcf_c	3248
particles/emma_lihui_1econ/events/killbanners/screen_killbanner_compendium16_rampage_burst_b_2_trail.vpcf_c	1608
particles/emma_lihui_1econ/events/killbanners/screen_killbanner_compendium16_rampage_burst_b_2.vpcf_c	3347
particles/emma_lihui_1econ/events/killbanners/screen_killbanner_compendium14_triplekill_flare_2.vpcf_c	3235
particles/econ/items/zeus/arcana_chariot/zeus_arcana_blink_compression_2_core.vpcf_c	2720
particles/econ/items/zeus/arcana_chariot/zeus_arcana_blink_compression_2_a2.vpcf_c	2002
particles/econ/items/zeus/arcana_chariot/zeus_arcana_blink_compression_2_a1.vpcf_c	1711
particles/econ/items/zeus/arcana_chariot/zeus_arcana_blink_compression_2_a0.vpcf_c	1964
particles/econ/items/zeus/arcana_chariot/zeus_arcana_blink_compression_2_a.vpcf_c	2442
particles/econ/items/zeus/arcana_chariot/zeus_arcana_blink_compression_2.vpcf_c	2026
particles/econ/items/tinker/tinker_ti10_immortal_laser/tinker_ti10_immortal_laser_2_spot_b.vpcf_c	1872
particles/econ/items/tinker/tinker_ti10_immortal_laser/tinker_ti10_immortal_laser_2_spot.vpcf_c	1985
particles/econ/items/tinker/tinker_ti10_immortal_laser/tinker_ti10_immortal_laser_2_ring_b.vpcf_c	2534
particles/econ/items/tinker/tinker_ti10_immortal_laser/tinker_ti10_immortal_laser_2_ring.vpcf_c	3080
particles/econ/items/tinker/tinker_ti10_immortal_laser/tinker_ti10_immortal_laser_2_pulse.vpcf_c	2856
particles/econ/items/tinker/tinker_ti10_immortal_laser/tinker_ti10_immortal_laser_2_impact_smoke.vpcf_c	2298
particles/econ/items/tinker/tinker_ti10_immortal_laser/tinker_ti10_immortal_laser_2_impact_burst.vpcf_c	3037
particles/econ/items/tinker/tinker_ti10_immortal_laser/tinker_ti10_immortal_laser_2_impact.vpcf_c	3236
particles/econ/items/tinker/tinker_ti10_immortal_laser/tinker_ti10_immortal_laser_2_embers.vpcf_c	3601
particles/econ/items/tinker/tinker_ti10_immortal_laser/tinker_ti10_immortal_laser_2_core.vpcf_c	2826
particles/econ/items/tinker/tinker_ti10_immortal_laser/tinker_ti10_immortal_laser_2_burn.vpcf_c	2046
particles/econ/items/tinker/tinker_ti10_immortal_laser/tinker_ti10_immortal_laser_2.vpcf_c	4777
particles/econ/items/sven/sven_warcry_ti5/sven_warcry_shield_bash_blur_shield_c.vpcf_c	2287
particles/econ/items/sven/sven_warcry_ti5/sven_warcry_shield_bash_blur_shield_b.vpcf_c	2084
particles/econ/items/sven/sven_warcry_ti5/sven_warcry_shield_bash_blur_shield.vpcf_c	2701
particles/econ/items/sven/sven_ti7_sword/sven_ti7_sword_spell_great_cleave_crit_b_shield.vpcf_c	4243
particles/econ/items/sven/sven_ti7_sword/sven_ti7_sword_spell_great_cleave_crit_b_2.vpcf_c	3857
particles/econ/items/sandra_backdustv2_endcap_model.vpcf_c	4023
particles/econ/items/sandra_backdustv2_endcap_flash.vpcf_c	2794
particles/econ/items/sandra_backdustv2_endcap_dust.vpcf_c	3434
particles/econ/items/sandra_backdustflek.vpcf_c	2979
particles/econ/items/rubick/rubick_arcana/rbck_arc_kunkka_boat_splash_end_2_d.vpcf_c	1965
particles/econ/items/rubick/rubick_arcana/rbck_arc_kunkka_boat_splash_end_2_c.vpcf_c	2009
particles/econ/items/rubick/rubick_arcana/rbck_arc_kunkka_boat_splash_end_2_b.vpcf_c	2013
particles/econ/items/rubick/rubick_arcana/rbck_arc_kunkka_boat_splash_end_2.vpcf_c	2655
particles/econ/items/pudge/pudge_scorching_talon/pudge_scorching_talon_meathook_dark_hook.vpcf_c	2470
particles/econ/items/pudge/pudge_scorching_talon/pudge_scorching_talon_meathook_dark_fire.vpcf_c	2058
particles/econ/items/pudge/pudge_scorching_talon/pudge_scorching_talon_meathook_dark_chain.vpcf_c	2136
particles/econ/items/pudge/pudge_scorching_talon/pudge_scorching_talon_meathook_dark_blur_b.vpcf_c	1830
particles/econ/items/pudge/pudge_scorching_talon/pudge_scorching_talon_meathook_dark_blur.vpcf_c	1984
particles/econ/items/pudge/pudge_scorching_talon/pudge_scorching_talon_meathook_dark.vpcf_c	1695
particles/econ/items/nyx_assassin/nyx_ti9_immortal/nyx_ti9_carapace_shards_model_2_bolt.vpcf_c	2212
particles/econ/items/necrolyte/necro_ti9_immortal/necro_ti9_immortal_ambient_2_warp.vpcf_c	2530
particles/econ/items/necrolyte/necro_ti9_immortal/necro_ti9_immortal_ambient_2_steam.vpcf_c	2760
particles/econ/items/necrolyte/necro_ti9_immortal/necro_ti9_immortal_ambient_2_rings_b.vpcf_c	2524
particles/econ/items/necrolyte/necro_ti9_immortal/necro_ti9_immortal_ambient_2_rings.vpcf_c	2475
particles/econ/items/necrolyte/necro_ti9_immortal/necro_ti9_immortal_ambient_2_projection_dark.vpcf_c	2181
particles/econ/items/necrolyte/necro_ti9_immortal/necro_ti9_immortal_ambient_2_projection.vpcf_c	2267
particles/econ/items/necrolyte/necro_ti9_immortal/necro_ti9_immortal_ambient_2_model.vpcf_c	2569
particles/econ/items/necrolyte/necro_ti9_immortal/necro_ti9_immortal_ambient_2_caustic.vpcf_c	2663
particles/econ/items/necrolyte/necro_ti9_immortal/necro_ti9_immortal_ambient_2_bubbles.vpcf_c	3058
particles/econ/items/necrolyte/necro_ti9_immortal/necro_ti9_immortal_ambient_2.vpcf_c	2170
particles/econ/items/monkey_king/ti7_weapon/mk_ti7_immortal_strike_cast_motion_dark_2.vpcf_c	1946
particles/econ/items/mars/mars_ti9_immortal/mars_ti9_immortal_crimson_spear_2_trail_b.vpcf_c	2664
particles/econ/items/mars/mars_ti9_immortal/mars_ti9_immortal_crimson_spear_2_trail.vpcf_c	2629
particles/econ/items/mars/mars_ti9_immortal/mars_ti9_immortal_crimson_spear_2_sparks.vpcf_c	2327
particles/econ/items/mars/mars_ti9_immortal/mars_ti9_immortal_crimson_spear_2_outline.vpcf_c	3698
particles/econ/items/mars/mars_ti9_immortal/mars_ti9_immortal_crimson_spear_2_light.vpcf_c	1621
particles/econ/items/mars/mars_ti9_immortal/mars_ti9_immortal_crimson_spear_2_flash.vpcf_c	2080
particles/econ/items/mars/mars_ti9_immortal/mars_ti9_immortal_crimson_spear_2_end_soot.vpcf_c	2584
particles/econ/items/mars/mars_ti9_immortal/mars_ti9_immortal_crimson_spear_2_end_smoke.vpcf_c	2733
particles/econ/items/mars/mars_ti9_immortal/mars_ti9_immortal_crimson_spear_2_end_light.vpcf_c	2380
particles/econ/items/mars/mars_ti9_immortal/mars_ti9_immortal_crimson_spear_2_end_flek.vpcf_c	2644
particles/econ/items/mars/mars_ti9_immortal/mars_ti9_immortal_crimson_spear_2_end_flash.vpcf_c	2598
particles/econ/items/mars/mars_ti9_immortal/mars_ti9_immortal_crimson_spear_2_end_embers.vpcf_c	2580
particles/econ/items/mars/mars_ti9_immortal/mars_ti9_immortal_crimson_spear_2_end_elec.vpcf_c	2884
particles/econ/items/mars/mars_ti9_immortal/mars_ti9_immortal_crimson_spear_2_end_burst.vpcf_c	2832
particles/econ/items/mars/mars_ti9_immortal/mars_ti9_immortal_crimson_spear_2_end.vpcf_c	1857
particles/econ/items/mars/mars_ti9_immortal/mars_ti9_immortal_crimson_spear_2_embers.vpcf_c	2690
particles/econ/items/mars/mars_ti9_immortal/mars_ti9_immortal_crimson_spear_2_elec.vpcf_c	2681
particles/econ/items/mars/mars_ti9_immortal/mars_ti9_immortal_crimson_spear_2_edge_b.vpcf_c	3494
particles/econ/items/mars/mars_ti9_immortal/mars_ti9_immortal_crimson_spear_2_edge.vpcf_c	3288
particles/econ/items/mars/mars_ti9_immortal/mars_ti9_immortal_crimson_spear_2.vpcf_c	2832
particles/econ/items/luna/luna_ti9_weapon_gold/luna_ti9_gold_base_attack_2_trail_volume.vpcf_c	2234
particles/econ/items/luna/luna_ti9_weapon_gold/luna_ti9_gold_base_attack_2_trail_stars.vpcf_c	2324
particles/econ/items/luna/luna_ti9_weapon_gold/luna_ti9_gold_base_attack_2_trail_galaxy.vpcf_c	2227
particles/econ/items/luna/luna_ti9_weapon_gold/luna_ti9_gold_base_attack_2_trail.vpcf_c	2286
particles/econ/items/luna/luna_ti9_weapon_gold/luna_ti9_gold_base_attack_2_model_ghosts.vpcf_c	2340
particles/econ/items/luna/luna_ti9_weapon_gold/luna_ti9_gold_base_attack_2_model.vpcf_c	2379
particles/econ/items/luna/luna_ti9_weapon_gold/luna_ti9_gold_base_attack_2_impact_stars.vpcf_c	2435
particles/econ/items/luna/luna_ti9_weapon_gold/luna_ti9_gold_base_attack_2_impact_glow.vpcf_c	1895
particles/econ/items/luna/luna_ti9_weapon_gold/luna_ti9_gold_base_attack_2_impact_flash.vpcf_c	2179
particles/econ/items/luna/luna_ti9_weapon_gold/luna_ti9_gold_base_attack_2_impact.vpcf_c	2867
particles/econ/items/luna/luna_ti9_weapon_gold/luna_ti9_gold_base_attack_2_disc.vpcf_c	1788
particles/econ/items/luna/luna_ti9_weapon_gold/luna_ti9_gold_base_attack_2_arc_pnt.vpcf_c	1338
particles/econ/items/luna/luna_ti9_weapon_gold/luna_ti9_gold_base_attack_2_arcb.vpcf_c	2330
particles/econ/items/luna/luna_ti9_weapon_gold/luna_ti9_gold_base_attack_2_arc.vpcf_c	1953
particles/econ/items/luna/luna_ti9_weapon_gold/luna_ti9_gold_base_attack_2.vpcf_c	2822
particles/econ/items/legion/legion_weapon_voth_domosh/legion_duel_holystart_text_glow_arcana.vpcf_c	1595
particles/econ/items/legion/legion_weapon_voth_domosh/legion_duel_holystart_text_b_glow_arcana.vpcf_c	1613
particles/econ/items/legion/legion_weapon_voth_domosh/legion_duel_holystart_text_burst_flare_arcana.vpcf_c	1506
particles/econ/items/legion/legion_weapon_voth_domosh/legion_duel_holystart_text_burst_edge_arcana.vpcf_c	1459
particles/econ/items/legion/legion_weapon_voth_domosh/legion_duel_holystart_text_burst_arcana.vpcf_c	1943
particles/econ/items/legion/legion_weapon_voth_domosh/legion_duel_holystart_text_arcana_fire.vpcf_c	2131
particles/econ/items/legion/legion_weapon_voth_domosh/legion_duel_holystart_text_arcana_b.vpcf_c	2165
particles/econ/items/legion/legion_weapon_voth_domosh/legion_duel_holystart_text_arcana.vpcf_c	2102
particles/econ/items/legion/legion_weapon_voth_domosh/legion_duel_holystart_ring_rope_arcana.vpcf_c	2063
particles/econ/items/legion/legion_weapon_voth_domosh/legion_duel_holystart_ring_flash_arcana.vpcf_c	1785
particles/econ/items/legion/legion_weapon_voth_domosh/legion_duel_holystart_ring_banner_light_arcana.vpcf_c	1783
particles/econ/items/legion/legion_weapon_voth_domosh/legion_duel_holystart_ring_arcana_hardflame.vpcf_c	2088
particles/econ/items/legion/legion_weapon_voth_domosh/legion_duel_holystart_ring_arcana_flag_fire.vpcf_c	2749
particles/econ/items/legion/legion_weapon_voth_domosh/legion_duel_holystart_ring_arcana_flag_ember.vpcf_c	2049
particles/econ/items/legion/legion_weapon_voth_domosh/legion_duel_holystart_ring_arcana_flag_ash.vpcf_c	2132
particles/econ/items/legion/legion_weapon_voth_domosh/legion_duel_holystart_ring_arcana_flags.vpcf_c	2142
particles/econ/items/legion/legion_weapon_voth_domosh/legion_duel_holystart_ring_arcana.vpcf_c	3125
particles/econ/items/legion/legion_weapon_voth_domosh/legion_duel_holystart_line_light_arcana.vpcf_c	1769
particles/econ/items/legion/legion_weapon_voth_domosh/legion_duel_holystart_line_arcana.vpcf_c	1947
particles/econ/items/legion/legion_weapon_voth_domosh/legion_duel_holystart_endcap_arcana.vpcf_c	1740
particles/econ/items/legion/legion_weapon_voth_domosh/legion_duel_holyring_arcana.vpcf_c	1540
particles/econ/items/legion/legion_weapon_voth_domosh/legion_duel_holyrays_arcana.vpcf_c	2225
particles/econ/items/legion/legion_weapon_voth_domosh/legion_duel_holyproj_arcana_scorch.vpcf_c	1758
particles/econ/items/legion/legion_weapon_voth_domosh/legion_duel_holyproj_arcana_rune.vpcf_c	1949
particles/econ/items/legion/legion_weapon_voth_domosh/legion_duel_holyproj_arcana_edge.vpcf_c	1686
particles/econ/items/legion/legion_weapon_voth_domosh/legion_duel_holyproj_arcana.vpcf_c	1590
particles/econ/items/legion/legion_weapon_voth_domosh/legion_duel_holyarcana_evil.vpcf_c	1986
particles/econ/items/kunkka/kunkka_immortal/kunkka_immortal_ghost_ship__2splash_warp.vpcf_c	1681
particles/econ/items/kunkka/kunkka_immortal/kunkka_immortal_ghost_ship__2splash_wake.vpcf_c	2023
particles/econ/items/kunkka/kunkka_immortal/kunkka_immortal_ghost_ship__2splash_star.vpcf_c	1874
particles/econ/items/kunkka/kunkka_immortal/kunkka_immortal_ghost_ship__2splash_spray_b.vpcf_c	2115
particles/econ/items/kunkka/kunkka_immortal/kunkka_immortal_ghost_ship__2splash_spray.vpcf_c	2992
particles/econ/items/kunkka/kunkka_immortal/kunkka_immortal_ghost_ship__2splash_small.vpcf_c	2022
particles/econ/items/kunkka/kunkka_immortal/kunkka_immortal_ghost_ship__2splash_rings.vpcf_c	2922
particles/econ/items/kunkka/kunkka_immortal/kunkka_immortal_ghost_ship__2splash_medium.vpcf_c	3250
particles/econ/items/kunkka/kunkka_immortal/kunkka_immortal_ghost_ship__2splash_glow.vpcf_c	1986
particles/econ/items/kunkka/kunkka_immortal/kunkka_immortal_ghost_ship__2splash_foam.vpcf_c	3036
particles/econ/items/kunkka/kunkka_immortal/kunkka_immortal_ghost_ship__2splash.vpcf_c	2048
particles/econ/items/kunkka/kunkka_immortal/kunkka_immortal_ghost_ship__2impact.vpcf_c	2170
particles/econ/items/kunkka/divine_anchor/hero_kunkka_dafx_skills/kunkka_spell_torrent_bubbles__2wirl_rim_flat_fxset.vpcf_c	1972
particles/econ/items/kunkka/divine_anchor/hero_kunkka_dafx_skills/kunkka_spell_torrent_bubbles__2swirl__2sparkles_fxset.vpcf_c	2020
particles/econ/items/kunkka/divine_anchor/hero_kunkka_dafx_skills/kunkka_spell_torrent_bubbles__2swirl__2fxset.vpcf_c	1552
particles/econ/items/kunkka/divine_anchor/hero_kunkka_dafx_skills/kunkka_spell_torrent_bubbles__2swirl__2center_fxset.vpcf_c	1670
particles/econ/items/kunkka/divine_anchor/hero_kunkka_dafx_skills/kunkka_spell_torrent_bubbles__2swirl__2center_foam_fxset.vpcf_c	1729
particles/econ/items/kunkka/divine_anchor/hero_kunkka_dafx_skills/kunkka_spell_torrent_bubbles__2swirl__2caustic_fxset.vpcf_c	1811
particles/econ/items/kunkka/divine_anchor/hero_kunkka_dafx_skills/kunkka_spell_torrent_bubbles__2swirl__2bottom_fxset.vpcf_c	1846
particles/econ/items/kunkka/divine_anchor/hero_kunkka_dafx_skills/kunkka_spell_torrent_bubbles__2swirl_sparkles_fxset.vpcf_c	2527
particles/econ/items/kunkka/divine_anchor/hero_kunkka_dafx_skills/kunkka_spell_torrent_bubbles__2swirl_fxset.vpcf_c	1732
particles/econ/items/kunkka/divine_anchor/hero_kunkka_dafx_skills/kunkka_spell_torrent_bubbles__2swirl_center_fxset.vpcf_c	1670
particles/econ/items/kunkka/divine_anchor/hero_kunkka_dafx_skills/kunkka_spell_torrent_bubbles__2swirl_center_foam_fxset.vpcf_c	1713
particles/econ/items/kunkka/divine_anchor/hero_kunkka_dafx_skills/kunkka_spell_torrent_bubbles__2swirl_caustic_fxset.vpcf_c	2713
particles/econ/items/kunkka/divine_anchor/hero_kunkka_dafx_skills/kunkka_spell_torrent_bubbles__2swirl_bottom_fxset.vpcf_c	2391
particles/econ/items/kunkka/divine_anchor/hero_kunkka_dafx_skills/kunkka_spell_torrent_bubbles__2fxset.vpcf_c	2134
particles/econ/items/kunkka/divine_anchor/hero_kunkka_dafx_skills/kunkka_spell_torrent_bubbles_swirl__2sparkles_fxset.vpcf_c	2028
particles/econ/items/kunkka/divine_anchor/hero_kunkka_dafx_skills/kunkka_spell_torrent_bubbles_swirl__2fxset.vpcf_c	1730
particles/econ/items/kunkka/divine_anchor/hero_kunkka_dafx_skills/kunkka_spell_torrent_bubbles_swirl__2center_fxset.vpcf_c	1868
particles/econ/items/kunkka/divine_anchor/hero_kunkka_dafx_skills/kunkka_spell_torrent_bubbles_swirl__2center_foam_fxset.vpcf_c	1737
particles/econ/items/kunkka/divine_anchor/hero_kunkka_dafx_skills/kunkka_spell_torrent_bubbles_swirl__2caustic_fxset.vpcf_c	2009
particles/econ/items/kunkka/divine_anchor/hero_kunkka_dafx_skills/kunkka_spell_torrent_bubbles_swirl__2bottom_fxset.vpcf_c	1870
particles/econ/items/keeper_of_the_light/kotl_ti10_immortal/kotl_ti10_blinding_light_shield_streaks.vpcf_c	1431
particles/econ/items/keeper_of_the_light/kotl_ti10_immortal/kotl_ti10_blinding_light_shield_staff_cast_light.vpcf_c	1487
particles/econ/items/keeper_of_the_light/kotl_ti10_immortal/kotl_ti10_blinding_light_shield_staff_cast_glow5.vpcf_c	1734
particles/econ/items/keeper_of_the_light/kotl_ti10_immortal/kotl_ti10_blinding_light_shield_staff_cast_glow4.vpcf_c	1632
particles/econ/items/keeper_of_the_light/kotl_ti10_immortal/kotl_ti10_blinding_light_shield_staff_cast_glow3.vpcf_c	1777
particles/econ/items/keeper_of_the_light/kotl_ti10_immortal/kotl_ti10_blinding_light_shield_staff_cast_glow2.vpcf_c	1670
particles/econ/items/keeper_of_the_light/kotl_ti10_immortal/kotl_ti10_blinding_light_shield_staff_cast.vpcf_c	1769
particles/econ/items/keeper_of_the_light/kotl_ti10_immortal/kotl_ti10_blinding_light_shield_sphere_edge.vpcf_c	2270
particles/econ/items/keeper_of_the_light/kotl_ti10_immortal/kotl_ti10_blinding_light_shield_sphere.vpcf_c	2628
particles/econ/items/keeper_of_the_light/kotl_ti10_immortal/kotl_ti10_blinding_light_shield_source.vpcf_c	1251
particles/econ/items/keeper_of_the_light/kotl_ti10_immortal/kotl_ti10_blinding_light_shield_ring_02.vpcf_c	2444
particles/econ/items/keeper_of_the_light/kotl_ti10_immortal/kotl_ti10_blinding_light_shield_ring_01.vpcf_c	2444
particles/econ/items/keeper_of_the_light/kotl_ti10_immortal/kotl_ti10_blinding_light_shield_refract.vpcf_c	2364
particles/econ/items/keeper_of_the_light/kotl_ti10_immortal/kotl_ti10_blinding_light_shield_particulate.vpcf_c	2692
particles/econ/items/keeper_of_the_light/kotl_ti10_immortal/kotl_ti10_blinding_light_shield_groundring.vpcf_c	2898
particles/econ/items/keeper_of_the_light/kotl_ti10_immortal/kotl_ti10_blinding_light_shield_aoe.vpcf_c	2660
particles/econ/items/keeper_of_the_light/kotl_ti10_immortal/kotl_ti10_blinding_light_shield.vpcf_c	3881
particles/econ/items/keeper_of_the_light/kotl_ti10_immortal/kotl_ti10_blinding_light_groundring_thunder.vpcf_c	2285
particles/econ/items/keeper_of_the_light/kotl_ti10_immortal/kotl_ti10_blinding_light_groundring_shield.vpcf_c	2988
particles/econ/items/juggernaut/_2jugg_arcana/juggernaut_arcana_omni_slash_tgt_top.vpcf_c	1431
particles/econ/items/juggernaut/_2jugg_arcana/juggernaut_arcana_omni_slash_tgt_rope_vert.vpcf_c	2381
particles/econ/items/juggernaut/_2jugg_arcana/juggernaut_arcana_omni_slash_tgt_rope.vpcf_c	2439
particles/econ/items/juggernaut/_2jugg_arcana/juggernaut_arcana_omni_slash_tgt_flash.vpcf_c	1750
particles/econ/items/juggernaut/_2jugg_arcana/juggernaut_arcana_omni_slash_tgt_dark.vpcf_c	1807
particles/econ/items/juggernaut/_2jugg_arcana/juggernaut_arcana_omni_slash_tgt_bladekeeper.vpcf_c	1152
particles/econ/items/juggernaut/_2jugg_arcana/juggernaut_arcana_omni_slash_tgt.vpcf_c	1716
particles/econ/items/juggernaut/_2bladekeeper_omnislash/_dc_juggernaut_omni_slash_tgt.vpcf_c	1413
particles/econ/items/juggernaut/_2bladekeeper_omnislash/dc_juggernaut_omni_slash_rope.vpcf_c	2168
particles/econ/items/juggernaut/_2bladekeeper_omnislash/dc_juggernaut_omni_slash_flash.vpcf_c	1710
particles/econ/items/jakiro/jakiro_ti8_immortal_head/jakiro_ti8_dual_breath_fire_2_split_trail_glow.vpcf_c	1914
particles/econ/items/jakiro/jakiro_ti8_immortal_head/jakiro_ti8_dual_breath_fire_2_split_trail_detail.vpcf_c	2051
particles/econ/items/jakiro/jakiro_ti8_immortal_head/jakiro_ti8_dual_breath_fire_2_split_trail_base.vpcf_c	2089
particles/econ/items/jakiro/jakiro_ti8_immortal_head/jakiro_ti8_dual_breath_fire_2_split_model.vpcf_c	1778
particles/econ/items/jakiro/jakiro_ti8_immortal_head/jakiro_ti8_dual_breath_fire_2_split_light.vpcf_c	1539
particles/econ/items/jakiro/jakiro_ti8_immortal_head/jakiro_ti8_dual_breath_fire_2_split_flame.vpcf_c	2519
particles/econ/items/jakiro/jakiro_ti8_immortal_head/jakiro_ti8_dual_breath_fire_2_split_core.vpcf_c	3543
particles/econ/items/jakiro/jakiro_ti8_immortal_head/jakiro_ti8_dual_breath_fire_2_split_char.vpcf_c	2007
particles/econ/items/jakiro/jakiro_ti8_immortal_head/jakiro_ti8_dual_breath_fire_2_split_black.vpcf_c	2113
particles/econ/items/jakiro/jakiro_ti8_immortal_head/jakiro_ti8_dual_breath_fire_2_split.vpcf_c	2072
particles/econ/items/jakiro/jakiro_ti8_immortal_head/jakiro_ti8_dual_breath_fire_2_leading_flame.vpcf_c	2275
particles/econ/items/jakiro/jakiro_ti8_immortal_head/jakiro_ti8_dual_breath_fire_2_launch_core.vpcf_c	2290
particles/econ/items/jakiro/jakiro_ti8_immortal_head/jakiro_ti8_dual_breath_fire_2_launch_burst.vpcf_c	2321
particles/econ/items/jakiro/jakiro_ti8_immortal_head/jakiro_ti8_dual_breath_fire_2_launch.vpcf_c	2730
particles/econ/items/jakiro/jakiro_ti8_immortal_head/jakiro_ti8_dual_breath_fire_2_ember_glow.vpcf_c	1402
particles/econ/items/jakiro/jakiro_ti8_immortal_head/jakiro_ti8_dual_breath_fire_2_ember.vpcf_c	2319
particles/econ/items/jakiro/jakiro_ti8_immortal_head/jakiro_ti8_dual_breath_fire_2_core.vpcf_c	2704
particles/econ/items/jakiro/jakiro_ti8_immortal_head/jakiro_ti8_dual_breath_fire_2_center.vpcf_c	2713
particles/econ/items/jakiro/jakiro_ti8_immortal_head/jakiro_ti8_dual_breath_fire_2.vpcf_c	3468
particles/econ/items/gyrocopter/hero_gyrocopter_gyrotechnics/gyro_guided_missile_target_2_c.vpcf_c	1704
particles/econ/items/gyrocopter/hero_gyrocopter_gyrotechnics/gyro_guided_missile_target_2_b.vpcf_c	2397
particles/econ/items/gyrocopter/hero_gyrocopter_gyrotechnics/gyro_guided_missile_target_2.vpcf_c	2778
particles/econ/items/enigma/enigma_world_chasm/enigma_blackhole_ti5_custom_xray.vpcf_c	2111
particles/econ/items/enigma/enigma_world_chasm/enigma_blackhole_ti5_custom_warp_ripple.vpcf_c	1723
particles/econ/items/enigma/enigma_world_chasm/enigma_blackhole_ti5_custom_warp.vpcf_c	1668
particles/econ/items/enigma/enigma_world_chasm/enigma_blackhole_ti5_custom_swirl_orange.vpcf_c	2019
particles/econ/items/enigma/enigma_world_chasm/enigma_blackhole_ti5_custom_streak_start.vpcf_c	2186
particles/econ/items/enigma/enigma_world_chasm/enigma_blackhole_ti5_custom_star_perimeter_sml.vpcf_c	1987
particles/econ/items/enigma/enigma_world_chasm/enigma_blackhole_ti5_custom_star_perimeter.vpcf_c	2276
particles/econ/items/enigma/enigma_world_chasm/enigma_blackhole_ti5_custom_spiral_cloudb.vpcf_c	2496
particles/econ/items/enigma/enigma_world_chasm/enigma_blackhole_ti5_custom_spiral_cloud.vpcf_c	2500
particles/econ/items/enigma/enigma_world_chasm/enigma_blackhole_ti5_custom_spiral_armb.vpcf_c	2515
particles/econ/items/enigma/enigma_world_chasm/enigma_blackhole_ti5_custom_spiral_arm.vpcf_c	2839
particles/econ/items/enigma/enigma_world_chasm/enigma_blackhole_ti5_custom_shake.vpcf_c	1322
particles/econ/items/enigma/enigma_world_chasm/enigma_blackhole_ti5_custom_ring_spiral.vpcf_c	1621
particles/econ/items/enigma/enigma_world_chasm/enigma_blackhole_ti5_custom_ring_flash.vpcf_c	1755
particles/econ/items/enigma/enigma_world_chasm/enigma_blackhole_ti5_custom_ring.vpcf_c	1586
particles/econ/items/enigma/enigma_world_chasm/enigma_blackhole_ti5_custom_outer_debris.vpcf_c	1942
particles/econ/items/enigma/enigma_world_chasm/enigma_blackhole_ti5_custom_nebula.vpcf_c	2080
particles/econ/items/enigma/enigma_world_chasm/enigma_blackhole_ti5_custom_model.vpcf_c	1653
particles/econ/items/enigma/enigma_world_chasm/enigma_blackhole_ti5_custom_light.vpcf_c	1578
particles/econ/items/enigma/enigma_world_chasm/enigma_blackhole_ti5_custom_ground_scorch.vpcf_c	1788
particles/econ/items/enigma/enigma_world_chasm/enigma_blackhole_ti5_custom_ground_darken.vpcf_c	1589
particles/econ/items/enigma/enigma_world_chasm/enigma_blackhole_ti5_custom_ground.vpcf_c	1542
particles/econ/items/enigma/enigma_world_chasm/enigma_blackhole_ti5_custom_galaxy.vpcf_c	1986
particles/econ/items/enigma/enigma_world_chasm/enigma_blackhole_ti5_custom_flare_c.vpcf_c	1906
particles/econ/items/enigma/enigma_world_chasm/enigma_blackhole_ti5_custom_flare_b.vpcf_c	1976
particles/econ/items/enigma/enigma_world_chasm/enigma_blackhole_ti5_custom_flare.vpcf_c	1829
particles/econ/items/enigma/enigma_world_chasm/enigma_blackhole_ti5_custom_ember_streak.vpcf_c	2374
particles/econ/items/enigma/enigma_world_chasm/enigma_blackhole_ti5_custom_ember.vpcf_c	2259
particles/econ/items/enigma/enigma_world_chasm/enigma_blackhole_ti5_custom_dark_swirl.vpcf_c	2115
particles/econ/items/enigma/enigma_world_chasm/enigma_blackhole_ti5_custom_core_rays.vpcf_c	1941
particles/econ/items/enigma/enigma_world_chasm/enigma_blackhole_ti5_custom_core_glow.vpcf_c	1915
particles/econ/items/enigma/enigma_world_chasm/enigma_blackhole_ti5_custom.vpcf_c	4915
particles/econ/items/ember_spirit/ember_ti9/ember_ti9_shoulders_ambient_s_2un_rays.vpcf_c	2310
particles/econ/items/ember_spirit/ember_ti9/ember_ti9_shoulders_ambient_s_2un_embers.vpcf_c	2623
particles/econ/items/ember_spirit/ember_ti9/ember_ti9_shoulders_ambient_s_2un_core_shield.vpcf_c	2496
particles/econ/items/ember_spirit/ember_ti9/ember_ti9_shoulders_ambient_s_2un_core_glow.vpcf_c	2197
particles/econ/items/ember_spirit/ember_ti9/ember_ti9_shoulders_ambient_s_2un_core_b.vpcf_c	2276
particles/econ/items/ember_spirit/ember_ti9/ember_ti9_shoulders_ambient_s_2un_core.vpcf_c	2603
particles/econ/items/ember_spirit/ember_ti9/ember_ti9_shoulders_ambient_s_2un.vpcf_c	1650
particles/econ/items/ember_spirit/ember_ti9/ember_ti9_shoulders_ambient_s_2pike_shadow.vpcf_c	2086
particles/econ/items/ember_spirit/ember_ti9/ember_ti9_shoulders_ambient_s_2pike_glow.vpcf_c	1921
particles/econ/items/ember_spirit/ember_ti9/ember_ti9_shoulders_ambient_s_2pike_core.vpcf_c	2153
particles/econ/items/earthshaker/earthshaker_ti9/earthshaker_fissure_ti9_start_ground_cracks_2.vpcf_c	2891
particles/econ/items/drow/drow_ti9_immortal/drow_ti9_base_attack_2_trail_b.vpcf_c	1915
particles/econ/items/drow/drow_ti9_immortal/drow_ti9_base_attack_2_trail.vpcf_c	2470
particles/econ/items/drow/drow_ti9_immortal/drow_ti9_base_attack_2_ribbon_b.vpcf_c	2235
particles/econ/items/drow/drow_ti9_immortal/drow_ti9_base_attack_2_ribbon.vpcf_c	2219
particles/econ/items/drow/drow_ti9_immortal/drow_ti9_base_attack_2_launch_flash.vpcf_c	1855
particles/econ/items/drow/drow_ti9_immortal/drow_ti9_base_attack_2_launch.vpcf_c	2302
particles/econ/items/drow/drow_ti9_immortal/drow_ti9_base_attack_2_impact_star.vpcf_c	1905
particles/econ/items/drow/drow_ti9_immortal/drow_ti9_base_attack_2_impact_flash.vpcf_c	1808
particles/econ/items/drow/drow_ti9_immortal/drow_ti9_base_attack_2_impact_embers.vpcf_c	2499
particles/econ/items/drow/drow_ti9_immortal/drow_ti9_base_attack_2_impact.vpcf_c	2136
particles/econ/items/drow/drow_ti9_immortal/drow_ti9_base_attack_2_glow.vpcf_c	2824
particles/econ/items/drow/drow_ti9_immortal/drow_ti9_base_attack_2_flicker.vpcf_c	2061
particles/econ/items/drow/drow_ti9_immortal/drow_ti9_base_attack_2_embers.vpcf_c	2322
particles/econ/items/drow/drow_ti9_immortal/drow_ti9_base_attack_2.vpcf_c	3390
particles/econ/items/drow/drow_ti6/drow_ti6_silence_dunzhanwave_model.vpcf_c	1571
particles/econ/items/drow/drow_ti6/drow_ti6_silence_dunzhanwave_ground_smoke.vpcf_c	2137
particles/econ/items/drow/drow_ti6/drow_ti6_silence_dunzhanwave_ground_proj_frost.vpcf_c	2059
particles/econ/items/drow/drow_ti6/drow_ti6_silence_dunzhanwave_ground_proj_dirt.vpcf_c	1605
particles/econ/items/drow/drow_ti6/drow_ti6_silence_dunzhanwave_ground_proj.vpcf_c	2261
particles/econ/items/drow/drow_ti6/drow_ti6_silence_dunzhanwave_ground_pnt.vpcf_c	1168
particles/econ/items/drow/drow_ti6/drow_ti6_silence_dunzhanwave_ground_embers.vpcf_c	2369
particles/econ/items/drow/drow_ti6/drow_ti6_silence_dunzhanwave_ground_dust.vpcf_c	2317
particles/econ/items/drow/drow_ti6/drow_ti6_silence_dunzhanwave_ground_cracks.vpcf_c	2255
particles/econ/items/drow/drow_ti6/drow_ti6_silence_dunzhanwave_flek.vpcf_c	2355
particles/econ/items/drow/drow_ti6/drow_ti6_silence_dunzhanwave.vpcf_c	3427
particles/econ/items/drow/drow_ti6/drow_ti6_silence_dunzhanhero_arrow_start_pos.vpcf_c	1730
particles/econ/items/drow/drow_ti6/drow_ti6_silence_dunzhanhero_arrow_parent.vpcf_c	1966
particles/econ/items/drow/drow_ti6/drow_ti6_silence_dunzhanhero_arrow_group.vpcf_c	1467
particles/econ/items/drow/drow_ti6/drow_ti6_silence_dunzhanarrow_trail.vpcf_c	1943
particles/econ/items/drow/drow_ti6/drow_ti6_silence_dunzhanarrow_ring.vpcf_c	1725
particles/econ/items/drow/drow_ti6/drow_ti6_silence_dunzhanarrow_mark_dark.vpcf_c	1830
particles/econ/items/drow/drow_ti6/drow_ti6_silence_dunzhanarrow_mark.vpcf_c	1893
particles/econ/items/drow/drow_ti6/drow_ti6_silence_dunzhanarrow_hit_streaks.vpcf_c	2031
particles/econ/items/drow/drow_ti6/drow_ti6_silence_dunzhanarrow_hit_sparks.vpcf_c	2039
particles/econ/items/drow/drow_ti6/drow_ti6_silence_dunzhanarrow_hit.vpcf_c	2149
particles/econ/items/drow/drow_ti6/drow_ti6_silence_dunzhanarrow_glow_proxy.vpcf_c	1726
particles/econ/items/drow/drow_ti6/drow_ti6_silence_dunzhanarrow_glow.vpcf_c	1838
particles/econ/items/drow/drow_ti6/drow_ti6_silence_dunzhanarrow_cracks_scorch.vpcf_c	1745
particles/econ/items/drow/drow_ti6/drow_ti6_silence_dunzhanarrow_cracks_core.vpcf_c	1767
particles/econ/items/drow/drow_ti6/drow_ti6_silence_dunzhanarrow_cracks.vpcf_c	1720
particles/econ/items/drow/drow_ti6/drow_ti6_silence_dunzhanarrow.vpcf_c	1914
particles/econ/items/disruptor/disruptor_resistive_pinfold/disruptor_shieldresistive_ambient_glow_f2.vpcf_c	1640
particles/econ/items/disruptor/disruptor_resistive_pinfold/disruptor_shieldecage_wall_sparks.vpcf_c	2301
particles/econ/items/disruptor/disruptor_resistive_pinfold/disruptor_shieldecage_wall_repel.vpcf_c	2064
particles/econ/items/disruptor/disruptor_resistive_pinfold/disruptor_shieldecage_wall_flame.vpcf_c	2330
particles/econ/items/disruptor/disruptor_resistive_pinfold/disruptor_shieldecage_wall_end_electricfleks.vpcf_c	2180
particles/econ/items/disruptor/disruptor_resistive_pinfold/disruptor_shieldecage_wall.vpcf_c	2508
particles/econ/items/disruptor/disruptor_resistive_pinfold/disruptor_shieldecage_spikes.vpcf_c	848
particles/econ/items/disruptor/disruptor_resistive_pinfold/disruptor_shieldecage_model_glow_c.vpcf_c	1975
particles/econ/items/disruptor/disruptor_resistive_pinfold/disruptor_shieldecage_model_glow_b.vpcf_c	1956
particles/econ/items/disruptor/disruptor_resistive_pinfold/disruptor_shieldecage_model_end_smoke.vpcf_c	2166
particles/econ/items/disruptor/disruptor_resistive_pinfold/disruptor_shieldecage_model_end_b.vpcf_c	2198
particles/econ/items/disruptor/disruptor_resistive_pinfold/disruptor_shieldecage_model_end.vpcf_c	2066
particles/econ/items/disruptor/disruptor_resistive_pinfold/disruptor_shieldecage_modelt_glow_a.vpcf_c	1689
particles/econ/items/disruptor/disruptor_resistive_pinfold/disruptor_shieldecage_markers.vpcf_c	3087
particles/econ/items/disruptor/disruptor_resistive_pinfold/disruptor_shieldecage_kineticfield_wall_b.vpcf_c	2430
particles/econ/items/disruptor/disruptor_resistive_pinfold/disruptor_shieldecage_kineticfield.vpcf_c	3354
particles/econ/items/disruptor/disruptor_resistive_pinfold/disruptor_shieldecage_formation_spike_model_grow.vpcf_c	2307
particles/econ/items/disruptor/disruptor_resistive_pinfold/disruptor_shieldecage_formation_spike_model_grof.vpcf_c	1742
particles/econ/items/disruptor/disruptor_resistive_pinfold/disruptor_shieldecage_formation_spike_model_grndamc.vpcf_c	2040
particles/econ/items/disruptor/disruptor_resistive_pinfold/disruptor_shieldecage_formation_spike_model_grndamb.vpcf_c	2074
particles/econ/items/disruptor/disruptor_resistive_pinfold/disruptor_shieldecage_formation_spike_model.vpcf_c	3061
particles/econ/items/dazzle/dazzle_ti6/dazzle_ti6_shallow_grave_ground_ring_2.vpcf_c	2074
particles/econ/events/ti8/ti8_hero_effect_base_detail_2.vpcf_c	2790
particles/econ/events/ti10/emblem/ti10_emblem_effect_yanbao_sword_swirl.vpcf_c	2624
particles/econ/events/ti10/emblem/ti10_emblem_effect_yanbao_sword_smoke_detail.vpcf_c	2836
particles/econ/events/ti10/emblem/ti10_emblem_effect_yanbao_sword_smoke.vpcf_c	2706
particles/econ/events/ti10/emblem/ti10_emblem_effect_yanbao_sword_ring_twinkle.vpcf_c	1718
particles/econ/events/ti10/emblem/ti10_emblem_effect_yanbao_sword_ring_rope.vpcf_c	2832
particles/econ/events/ti10/emblem/ti10_emblem_effect_yanbao_sword_ring.vpcf_c	1144
particles/econ/events/ti10/emblem/ti10_emblem_effect_yanbao_sword_ground_spot.vpcf_c	2488
particles/econ/events/ti10/emblem/ti10_emblem_effect_yanbao_sword_ground_rope.vpcf_c	2563
particles/econ/events/ti10/emblem/ti10_emblem_effect_yanbao_sword_ground_crack.vpcf_c	2811
particles/econ/events/ti10/emblem/ti10_emblem_effect_yanbao_sword_ground_base_ray.vpcf_c	3450
particles/econ/events/ti10/emblem/ti10_emblem_effect_yanbao_sword_ground_base_glow.vpcf_c	2599
particles/econ/events/ti10/emblem/ti10_emblem_effect_yanbao_sword_ground_base.vpcf_c	3011
particles/econ/events/ti10/emblem/ti10_emblem_effect_yanbao_sword_gem_ring_glow.vpcf_c	2275
particles/econ/events/ti10/emblem/ti10_emblem_effect_yanbao_sword_gem_model.vpcf_c	2826
particles/econ/events/ti10/emblem/ti10_emblem_effect_yanbao_sword_gem_base.vpcf_c	1173
particles/econ/events/ti10/emblem/ti10_emblem_effect_yanbao_sword_gems.vpcf_c	2477
particles/econ/events/ti10/emblem/ti10_emblem_effect_yanbao_sword_detail_glow.vpcf_c	1651
particles/econ/events/ti10/emblem/ti10_emblem_effect_yanbao_sword_detail.vpcf_c	3262
particles/econ/events/ti10/emblem/ti10_emblem_effect_yanbao_sword_core.vpcf_c	2624
particles/econ/events/ti10/emblem/ti10_emblem_effect_yanbao_sword_aegis_top.vpcf_c	1673
particles/econ/events/ti10/emblem/ti10_emblem_effect_yanbao_sword_aegis_back.vpcf_c	1918
particles/econ/events/ti10/emblem/ti10_emblem_effect_yanbao_sword.vpcf_c	2360
particles/econ/events/ti10/emblem/ti10_emblem_effect_yanbao_swirl.vpcf_c	2608
particles/econ/events/ti10/emblem/ti10_emblem_effect_yanbao_smoke_detail.vpcf_c	2820
particles/econ/events/ti10/emblem/ti10_emblem_effect_yanbao_smoke.vpcf_c	2706
particles/econ/events/ti10/emblem/ti10_emblem_effect_yanbao_ring_twinkle.vpcf_c	1718
particles/econ/events/ti10/emblem/ti10_emblem_effect_yanbao_ring_rope.vpcf_c	2816
particles/econ/events/ti10/emblem/ti10_emblem_effect_yanbao_ring_darken.vpcf_c	2640
particles/econ/events/ti10/emblem/ti10_emblem_effect_yanbao_ring.vpcf_c	1122
particles/econ/events/ti10/emblem/ti10_emblem_effect_yanbao_light_aura.vpcf_c	1632
particles/econ/events/ti10/emblem/ti10_emblem_effect_yanbao_ground_spot.vpcf_c	2488
particles/econ/events/ti10/emblem/ti10_emblem_effect_yanbao_ground_rope.vpcf_c	2563
particles/econ/events/ti10/emblem/ti10_emblem_effect_yanbao_ground_dark.vpcf_c	1964
particles/econ/events/ti10/emblem/ti10_emblem_effect_yanbao_ground_crack.vpcf_c	2795
particles/econ/events/ti10/emblem/ti10_emblem_effect_yanbao_ground_base_ray.vpcf_c	3450
particles/econ/events/ti10/emblem/ti10_emblem_effect_yanbao_ground_base_glow.vpcf_c	2599
particles/econ/events/ti10/emblem/ti10_emblem_effect_yanbao_ground_base.vpcf_c	2973
particles/econ/events/ti10/emblem/ti10_emblem_effect_yanbao_gem_ring_glow.vpcf_c	2259
particles/econ/events/ti10/emblem/ti10_emblem_effect_yanbao_gem_ring.vpcf_c	1511
particles/econ/events/ti10/emblem/ti10_emblem_effect_yanbao_gem_model.vpcf_c	2215
particles/econ/events/ti10/emblem/ti10_emblem_effect_yanbao_gem_base.vpcf_c	1135
particles/econ/events/ti10/emblem/ti10_emblem_effect_yanbao_gems.vpcf_c	2455
particles/econ/events/ti10/emblem/ti10_emblem_effect_yanbao_detail_glow.vpcf_c	1651
particles/econ/events/ti10/emblem/ti10_emblem_effect_yanbao_detail.vpcf_c	3240
particles/econ/events/ti10/emblem/ti10_emblem_effect_yanbao_core.vpcf_c	2608
particles/econ/events/ti10/emblem/ti10_emblem_effect_yanbao_aegis_top.vpcf_c	1657
particles/econ/events/ti10/emblem/ti10_emblem_effect_yanbao_aegis_back.vpcf_c	1918
particles/econ/events/ti10/emblem/ti10_emblem_effect_yanbao.vpcf_c	2289
particles/econ/events/ti10/emblem/ti10_emblem_effect_shield_swirl.vpcf_c	2608
particles/econ/events/ti10/emblem/ti10_emblem_effect_shield_smoke_detail.vpcf_c	2820
particles/econ/events/ti10/emblem/ti10_emblem_effect_shield_smoke.vpcf_c	2706
particles/econ/events/ti10/emblem/ti10_emblem_effect_shield_ring_twinkle.vpcf_c	2357
particles/econ/events/ti10/emblem/ti10_emblem_effect_shield_ring_rope.vpcf_c	3386
particles/econ/events/ti10/emblem/ti10_emblem_effect_shield_ring.vpcf_c	1140
particles/econ/events/ti10/emblem/ti10_emblem_effect_shield_ground_spot.vpcf_c	2488
particles/econ/events/ti10/emblem/ti10_emblem_effect_shield_ground_rope.vpcf_c	2563
particles/econ/events/ti10/emblem/ti10_emblem_effect_shield_ground_crack.vpcf_c	2804
particles/econ/events/ti10/emblem/ti10_emblem_effect_shield_ground_base_ray.vpcf_c	3450
particles/econ/events/ti10/emblem/ti10_emblem_effect_shield_ground_base_glow.vpcf_c	2599
particles/econ/events/ti10/emblem/ti10_emblem_effect_shield_ground_base.vpcf_c	3248
particles/econ/events/ti10/emblem/ti10_emblem_effect_shield_gem_ring_glow.vpcf_c	2255
particles/econ/events/ti10/emblem/ti10_emblem_effect_shield_gem_model.vpcf_c	2711
particles/econ/events/ti10/emblem/ti10_emblem_effect_shield_gem_base.vpcf_c	1135
particles/econ/events/ti10/emblem/ti10_emblem_effect_shield_gems.vpcf_c	2427
particles/econ/events/ti10/emblem/ti10_emblem_effect_shield_detail_glow.vpcf_c	1651
particles/econ/events/ti10/emblem/ti10_emblem_effect_shield_detail.vpcf_c	3238
particles/econ/events/ti10/emblem/ti10_emblem_effect_shield_core.vpcf_c	2603
particles/econ/events/ti10/emblem/ti10_emblem_effect_shield_aegis_top.vpcf_c	1717
particles/econ/events/ti10/emblem/ti10_emblem_effect_shield_aegis_back.vpcf_c	1892
particles/econ/events/ti10/emblem/ti10_emblem_effect_shield.vpcf_c	2290
particles/econ/events/ti10/aghanim_aura_ti10/agh_aura_ti10_trail_back.vpcf_c	2973
particles/econ/events/nexon_hero_compendium_2014/teleport_start__tatring_nexon_hero_cp_2014.vpcf_c	2012
particles/econ/events/nexon_hero_compendium_2014/teleport_start__tatplayercolor_nexon_hero_cp_2014.vpcf_c	2335
particles/econ/events/nexon_hero_compendium_2014/teleport_start__tatplasma_nexon_hero_cp_2014.vpcf_c	2228
particles/econ/events/nexon_hero_compendium_2014/teleport_start__tatn_endcap_nexon_hero_cp_2014.vpcf_c	1657
particles/econ/events/nexon_hero_compendium_2014/teleport_start__tatnexon_hero_cp_2014.vpcf_c	3157
particles/econ/events/nexon_hero_compendium_2014/teleport_start__tatm_nexon_hero_cp_2014.vpcf_c	1653
particles/econ/events/nexon_hero_compendium_2014/teleport_start__tatl_nexon_hero_cp_2014.vpcf_c	2253
particles/econ/events/nexon_hero_compendium_2014/teleport_start__tatl_glow_nexon_hero_cp_2014.vpcf_c	1730
particles/econ/events/nexon_hero_compendium_2014/teleport_start__tatl_flash_nexon_hero_cp_2014.vpcf_c	1893
particles/econ/events/nexon_hero_compendium_2014/teleport_start__tati_nexon_hero_cp_2014.vpcf_c	1845
particles/econ/events/nexon_hero_compendium_2014/teleport_start__tath_nexon_hero_cp_2014.vpcf_c	1829
particles/econ/events/nexon_hero_compendium_2014/teleport_start__tathaze_nexon_hero_cp_2014.vpcf_c	1827
particles/econ/events/nexon_hero_compendium_2014/teleport_start__tatg_nexon_hero_cp_2014.vpcf_c	1764
particles/econ/events/nexon_hero_compendium_2014/teleport_start__tatglow_nexon_hero_cp_2014.vpcf_c	2551
particles/econ/events/nexon_hero_compendium_2014/teleport_start__tate_nexon_hero_cp_2014.vpcf_c	1775
particles/econ/events/nexon_hero_compendium_2014/teleport_start__tatd_nexon_hero_cp_2014.vpcf_c	2031
particles/econ/events/nexon_hero_compendium_2014/teleport_start__tatdust_nexon_hero_cp_2014.vpcf_c	1859
particles/econ/events/nexon_hero_compendium_2014/teleport_start__tatdust_bits_nexon_hero_cp_2014.vpcf_c	1878
particles/econ/events/nexon_hero_compendium_2014/teleport_start__tatc_nexon_hero_cp_2014.vpcf_c	1766
particles/econ/events/nexon_hero_compendium_2014/teleport_start__tatcounter_nexon_hero_cp_2014.vpcf_c	1654
particles/econ/events/killbanners/screen_killbanner_compendium16_rampage_burst_b_2_trail.vpcf_c	1608
particles/econ/events/killbanners/screen_killbanner_compendium16_rampage_burst_b_2.vpcf_c	3302
particles/econ/events/killbanners/screen_killbanner_compendium14_triplekill_flare_2.vpcf_c	3219
particles/econ/courier/foot_ssr_2g.vpcf_c	1627
particles/econ/courier/foot_ssr_2f.vpcf_c	2721
particles/econ/courier/foot_ssr_2d.vpcf_c	1954
particles/econ/courier/foot_ssr_2b.vpcf_c	2562
particles/econ/courier/foot_ssr_23.vpcf_c	3174
particles/econ/courier/foot_ssr_1g.vpcf_c	1627
particles/econ/courier/foot_ssr_1f.vpcf_c	3499
particles/econ/courier/foot_ssr_1d.vpcf_c	2707
particles/econ/courier/foot_ssr_1b.vpcf_c	2828
particles/econ/courier/foot_ssr_13.vpcf_c	3449
particles/econ/courier/foot_model_5.vpcf_c	1954
particles/econ/courier/courier_roshan_desert_sands/_2courier_roshan_desert_sands_eyes_embers_b.vpcf_c	2599
particles/econ/courier/courier_roshan_desert_sands/_2courier_roshan_desert_sands_eyes_embers.vpcf_c	2603
particles/econ/courier/courier_roshan_desert_sands/_2courier_roshan_desert_sands_eyes_b.vpcf_c	1590
particles/econ/courier/courier_roshan_desert_sands/_2courier_roshan_desert_sands_eyes_a.vpcf_c	1582
particles/econ/courier/courier_roshan_desert_sands/_2courier_roshan_desert_sands_eyes.vpcf_c	2197
particles/econ/courier/courier_roshan_desert_sands/_2baby_roshan_desert_sands_rocks_model.vpcf_c	2647
particles/econ/courier/courier_roshan_desert_sands/_2baby_roshan_desert_sands_ambient_wings_a.vpcf_c	2478
particles/econ/courier/courier_roshan_desert_sands/_2baby_roshan_desert_sands_ambient_sand_trail.vpcf_c	1816
particles/econ/courier/courier_roshan_desert_sands/_2baby_roshan_desert_sands_ambient_d.vpcf_c	1606
particles/econ/courier/courier_roshan_desert_sands/_2baby_roshan_desert_sands_ambient_c_trail.vpcf_c	1875
particles/econ/courier/courier_roshan_desert_sands/_2baby_roshan_desert_sands_ambient_c.vpcf_c	1816
particles/econ/courier/courier_roshan_desert_sands/_2baby_roshan_desert_sands_ambient_b_trail.vpcf_c	2106
particles/econ/courier/courier_roshan_desert_sands/_2baby_roshan_desert_sands_ambient_b.vpcf_c	2072
particles/econ/courier/courier_roshan_desert_sands/_2baby_roshan_desert_sands_ambient_a.vpcf_c	2517
particles/econ/courier/courier_roshan_desert_sands/_2baby_roshan_desert_sands_ambient.vpcf_c	2363
particles/econ/courier/courier_greevil_g_2reen/courier_greevil_green_ambient__2g.vpcf_c	1659
particles/econ/courier/courier_greevil_g_2reen/courier_greevil_green_ambient__2f.vpcf_c	2769
particles/econ/courier/courier_greevil_g_2reen/courier_greevil_green_ambient__2d.vpcf_c	2002
particles/econ/courier/courier_greevil_g_2reen/courier_greevil_green_ambient__2b.vpcf_c	2594
particles/econ/courier/courier_greevil_g_2reen/courier_greevil_green_ambient__23.vpcf_c	3423
particles/econ/courier/courier_greevil_g_2reen/courier_greevil_green_ambient_g.vpcf_c	1659
particles/econ/courier/courier_greevil_g_2reen/courier_greevil_green_ambient_f.vpcf_c	2769
particles/econ/courier/courier_greevil_g_2reen/courier_greevil_green_ambient_e.vpcf_c	1683
particles/econ/courier/courier_greevil_g_2reen/courier_greevil_green_ambient_d.vpcf_c	1688
particles/econ/courier/courier_greevil_g_2reen/courier_greevil_green_ambient_c.vpcf_c	1817
particles/econ/courier/courier_greevil_g_2reen/courier_greevil_green_ambient_b.vpcf_c	1735
particles/econ/courier/courier_greevil_g_2reen/courier_greevil_green_ambient_3.vpcf_c	2669
particles/econ/courier/courier_greevil_g_2reen/courier_greevil_green_ambient_2.vpcf_c	1325
particles/econ/courier/courier_greevil_g_2reen/courier_greevil_green_ambient_1.vpcf_c	1202
particles/econ/courier/courier_greevil_g_2eneric/courier_greevil_eye_generic_c.vpcf_c	2008
particles/econ/courier/courier_greevil_g_2eneric/courier_greevil_eye_generic_b.vpcf_c	1697
particles/econ/courier/courier_greevil_g_2eneric/courier_greevil_eye_generic_a.vpcf_c	2141
particles/econ/courier/courier_greevil_g_2eneric/courier_greevil_eye_generic.vpcf_c	890
particles/econ/courier/courier_greevil_g_2eneric/courier_greevil_body_generic_b.vpcf_c	1576
particles/econ/courier/courier_greevil_g_2eneric/courier_greevil_body_generic.vpcf_c	1831
particles/econ/courier/courier_donkey_ti7/courier_donkey_ti7_ambient_tntflare.vpcf_c	1939
particles/econ/courier/courier_donkey_ti7/courier_donkey_ti7_ambient_tntangels_glow.vpcf_c	1921
particles/econ/courier/courier_donkey_ti7/courier_donkey_ti7_ambient_tntangels.vpcf_c	3855
particles/econ/_3wing_2_ringun_rays.vpcf_c	2346
particles/econ/_3wing_2_ringun_embers.vpcf_c	2555
particles/econ/_3wing_2_ringun.vpcf_c	861
particles/econ/_3tntwing2shadow_p.vpcf_c	1258
particles/econ/_3tntwing2shadow_glow.vpcf_c	2974
particles/econ/_3tntwing2shadow.vpcf_c	2492
particles/econ/_3tntwing2r_up.vpcf_c	3171
particles/econ/_3tntwing2r_mid.vpcf_c	3142
particles/econ/_3tntwing2r_lower.vpcf_c	2171
particles/econ/_3tntwing2r_bottom.vpcf_c	3190
particles/econ/_3tntwing2r.vpcf_c	2904
particles/econ/_3tntwing2p.vpcf_c	1632
particles/econ/_3tntwing2l_up.vpcf_c	3175
particles/econ/_3tntwing2l_mid.vpcf_c	3142
particles/econ/_3tntwing2l_lower.vpcf_c	2157
particles/econ/_3tntwing2l_bottom.vpcf_c	3187
particles/econ/_3tntwing2l.vpcf_c	2881
particles/econ/wing_2_ringun_rays.vpcf_c	2346
particles/econ/wing_2_ringun_embers.vpcf_c	2555
particles/econ/wing_2_ringun_core_shield.vpcf_c	2794
particles/econ/wing_2_ringun_core_glow.vpcf_c	2173
particles/econ/wing_2_ringun_core_b.vpcf_c	2252
particles/econ/wing_2_ringun_core.vpcf_c	2446
particles/econ/wing_2_ringun.vpcf_c	843
particles/econ/wing_2_ringpike_shadow.vpcf_c	2046
particles/econ/wing_2_ringpike_glow.vpcf_c	1897
particles/econ/wing_2_ringpike_core.vpcf_c	2129
particles/econ/tnt_warning_round_2.vpcf_c	2934
particles/econ/tnt_warning_round_1.vpcf_c	2943
particles/econ/tnt_warning_ring_1.vpcf_c	2917
particles/econ/tntwing_dingzhi_1shadow_p.vpcf_c	1126
particles/econ/tntwing_dingzhi_1shadow_glow.vpcf_c	1919
particles/econ/tntwing_dingzhi_1shadow.vpcf_c	2257
particles/econ/tntwing_dingzhi_1r_up.vpcf_c	3205
particles/econ/tntwing_dingzhi_1r_mid.vpcf_c	3126
particles/econ/tntwing_dingzhi_1r_lower.vpcf_c	2155
particles/econ/tntwing_dingzhi_1r_bottom.vpcf_c	3234
particles/econ/tntwing_dingzhi_1r.vpcf_c	2147
particles/econ/tntwing_dingzhi_1p.vpcf_c	1643
particles/econ/tntwing_dingzhi_1l_up.vpcf_c	3184
particles/econ/tntwing_dingzhi_1l_mid.vpcf_c	3126
particles/econ/tntwing_dingzhi_1l_lower.vpcf_c	2147
particles/econ/tntwing_dingzhi_1l_bottom.vpcf_c	3206
particles/econ/tntwing_dingzhi_1l.vpcf_c	2121
particles/econ/tntwing2shadow_p.vpcf_c	1101
particles/econ/tntwing2shadow_glow.vpcf_c	1907
particles/econ/tntwing2shadow.vpcf_c	2265
particles/econ/tntwing2r_up.vpcf_c	3171
particles/econ/tntwing2r_mid.vpcf_c	3142
particles/econ/tntwing2r_lower.vpcf_c	2171
particles/econ/tntwing2r_bottom.vpcf_c	3190
particles/econ/tntwing2r.vpcf_c	2145
particles/econ/tntwing2p.vpcf_c	1536
particles/econ/tntwing2l_up_3.vpcf_c	3254
particles/econ/tntwing2l_up_2.vpcf_c	3144
particles/econ/tntwing2l_up.vpcf_c	3175
particles/econ/tntwing2l_mid.vpcf_c	3142
particles/econ/tntwing2l_lower.vpcf_c	2157
particles/econ/tntwing2l_bottom.vpcf_c	3187
particles/econ/tntwing2l.vpcf_c	2118
particles/econ/tntwing1shadow_p.vpcf_c	1101
particles/econ/tntwing1shadow_glow.vpcf_c	1907
particles/econ/tntwing1shadow.vpcf_c	2265
particles/econ/tntwing1r_up.vpcf_c	3142
particles/econ/tntwing1r_mid.vpcf_c	3142
particles/econ/tntwing1r_lower.vpcf_c	2171
particles/econ/tntwing1r_bottom.vpcf_c	3139
particles/econ/tntwing1r.vpcf_c	2145
particles/econ/tntwing1p.vpcf_c	1536
particles/econ/tntwing1l_up.vpcf_c	3144
particles/econ/tntwing1l_mid.vpcf_c	3142
particles/econ/tntwing1l_lower.vpcf_c	2157
particles/econ/tntwing1l_bottom.vpcf_c	3139
particles/econ/tntwing1l.vpcf_c	2118
particles/econ/ring_5_child1.vpcf_c	2772
particles/econ/ring_5un_embers.vpcf_c	2562
particles/econ/ring_5un_core_shield.vpcf_c	2794
particles/econ/ring_5un.vpcf_c	846
particles/econ/ring_4_child1.vpcf_c	2792
particles/econ/ring_4un_rays.vpcf_c	2300
particles/econ/ring_4un_embers.vpcf_c	2566
particles/econ/ring_4un_core_shield.vpcf_c	2827
particles/econ/ring_4un_core_glow.vpcf_c	2157
particles/econ/ring_4un_core_b.vpcf_c	2236
particles/econ/ring_4un_core.vpcf_c	2426
particles/econ/ring_4un.vpcf_c	916
particles/econ/ring_4pike_shadow.vpcf_c	2046
particles/econ/ring_4pike_glow.vpcf_c	2237
particles/econ/ring_4pike_core.vpcf_c	2129
particles/econ/ring_3un_rays.vpcf_c	2325
particles/econ/ring_3un_embers.vpcf_c	2564
particles/econ/ring_3un_core_shield.vpcf_c	2770
particles/econ/ring_3un_core_glow.vpcf_c	2157
particles/econ/ring_3un_core_b.vpcf_c	2236
particles/econ/ring_3un_core.vpcf_c	2426
particles/econ/ring_3un.vpcf_c	1199
particles/econ/ring_3pike_shadow.vpcf_c	2046
particles/econ/ring_3pike_glow.vpcf_c	1897
particles/econ/ring_3pike_core.vpcf_c	2129
particles/econ/ring_2_stars.vpcf_c	1243
particles/econ/ring_2_sparks.vpcf_c	1600
particles/econ/ring_2_smoke.vpcf_c	1485
particles/econ/ring_2_rays_a.vpcf_c	1599
particles/econ/ring_2_glow.vpcf_c	1543
particles/econ/ring_2.vpcf_c	2495
particles/econ/lauren_zhuanshu.vpcf_c	2434
particles/econ/foot_model_6shard.vpcf_c	2653
particles/econ/foot_model_6glint.vpcf_c	1518
particles/econ/foot_model_5shard.vpcf_c	2612
particles/econ/foot_model_5glint.vpcf_c	2243
particles/econ/foot_model_4shard.vpcf_c	2629
particles/econ/foot_model_4glint.vpcf_c	1520
particles/econ/foot_model_3shard.vpcf_c	2788
particles/econ/foot_model_3glint.vpcf_c	1644
particles/econ/foot_model_2shard.vpcf_c	2564
particles/econ/foot_model_2glint.vpcf_c	1517
particles/econ/foot_model_1shard.vpcf_c	1969
particles/econ/foot_model_1glint.vpcf_c	1644
particles/econ/foot_fire_path_path_splat.vpcf_c	2515
particles/econ/foot_fire_path_path_sparks.vpcf_c	2072
particles/econ/foot_fire_path_path_front_d.vpcf_c	2374
particles/econ/foot_fire_path_path_front_c.vpcf_c	1684
particles/econ/foot_fire_path_path_front_b.vpcf_c	2200
particles/econ/foot_fire_path_path_front.vpcf_c	2034
particles/econ/foot_fire_path_path_fire_c.vpcf_c	1908
particles/econ/foot_fire_path_path_fire_b.vpcf_c	2396
particles/econ/foot_fire_path_path_embers.vpcf_c	1887
particles/econ/foot_fire_path_path_dark_c.vpcf_c	2342
particles/econ/foot_fire_path_path_dark.vpcf_c	2900
particles/econ/foot_fire_path_path_c.vpcf_c	1477
particles/econ/foot_fire_path_path_b.vpcf_c	1479
particles/econ/foot_fire_path_path.vpcf_c	1799
particles/econ/foot_fire_path.vpcf_c	948
particles/econ/arven_skin_texiaoground_d_ambient.vpcf_c	3058
particles/econ/arven_skin_texiaoground_c_ambient.vpcf_c	2871
particles/econ/arven_skin_texiaoground_b_ambient.vpcf_c	2861
particles/econ/arven_skin_texiaoground_ambient.vpcf_c	2065
particles/econ/arven_skin_texiaobody_ambient_spigot.vpcf_c	1665
particles/econ/arven_skin_texiaobody_ambient_smokey.vpcf_c	1701
particles/econ/arven_skin_texiaobody_ambient_rays2.vpcf_c	2294
particles/econ/arven_skin_texiaobody_ambient_rays.vpcf_c	2207
particles/econ/arven_skin_texiaobody_ambient_particulates.vpcf_c	2504
particles/econ/arven_skin_texiaobody_ambient_flares.vpcf_c	2012
particles/econ/arven_skin_texiaobody_ambient_base_smoke.vpcf_c	1534
particles/econ/arven_skin_texiaobody_ambient.vpcf_c	2757
particles/econ/arven_skin_texiaobase_ambient_sparkle.vpcf_c	1755
particles/econ/arven_skin_texiaobase_ambient_snow_b.vpcf_c	1942
particles/econ/arven_skin_texiaobase_ambient_snow.vpcf_c	1754
particles/econ/arven_skin_texiaobase_ambient_flake.vpcf_c	1855
particles/econ/arven_skin_texiaobase_ambient_d.vpcf_c	1676
particles/econ/arven_skin_texiaobase_ambient_c.vpcf_c	1766
particles/econ/arven_skin_texiaobase_ambient_b.vpcf_c	1500
particles/econ/arven_skin_texiaobase_ambient.vpcf_c	2315
particles/dire_fx/bad_ancient002_destroy_smoke_lower_2.vpcf_c	2567
particles/dark_moon/darkmoon_last_hit_effect_spirit_trail_c.vpcf_c	1617
particles/dark_moon/darkmoon_last_hit_effect_spirit_trail_b.vpcf_c	1763
particles/dark_moon/darkmoon_last_hit_effect_spirit_trail.vpcf_c	2394
particles/dark_moon/darkmoon_last_hit_effect_damage_flash_d.vpcf_c	1352
particles/dark_moon/darkmoon_last_hit_effect_damage_flash_c.vpcf_c	1538
particles/dark_moon/darkmoon_last_hit_effect_damage_flash_big.vpcf_c	2218
particles/dark_moon/darkmoon_last_hit_effect_damage_flash_b.vpcf_c	1419
particles/dark_moon/darkmoon_last_hit_effect_b.vpcf_c	1618
particles/dark_moon/darkmoon_last_hit_effect.vpcf_c	2056
particles/dark_moon/darkmoon_creep_warning_streak.vpcf_c	1998
particles/dark_moon/darkmoon_creep_warning_rope.vpcf_c	2220
particles/dark_moon/darkmoon_creep_warning_ring.vpcf_c	2085
particles/dark_moon/darkmoon_creep_warning_pulse.vpcf_c	1753
particles/dark_moon/darkmoon_creep_warning.vpcf_c	825
particles/dark_moon/darkmoon_calldown_marker_ring.vpcf_c	2270
particles/customgames/capturepoints/cp__2wood_psfread.vpcf_c	2136
particles/customgames/capturepoints/cp__2source_trail.vpcf_c	1784
particles/customgames/capturepoints/cp__2allied_wood.vpcf_c	2837
particles/customgames/capturepoints/cp__2allied_source_bg.vpcf_c	1869
particles/creeps/lane_creeps/creep_dire_hulk_swipe_right.vpcf_c	1079
particles/creeps/lane_creeps/creep_dire_hulk_swipe_left.vpcf_c	1162
particles/creeps/lane_creeps/creep_dire_hulk_swipe_glow.vpcf_c	1645
particles/creeps/lane_creeps/creep_dire_hulk_swipe.vpcf_c	1816
particles/creeps/lane_creeps/creep_dire_hulk_rays.vpcf_c	1739
particles/creeps/lane_creeps/creep_dire_hulk_flames.vpcf_c	2646
particles/creeps/lane_creeps/creep_dire_hulk_ambient_core.vpcf_c	1727
particles/creature_splitter/splitter_a.vpcf_c	2432
particles/creature_splitter/earthspirit_stone_debris_rockrop.vpcf_c	1514
particles/creature_splitter/earthspirit_stone_debris_rock.vpcf_c	1771
particles/creature_splitter/earthspirit_stone_debris_large.vpcf_c	2061
particles/creature_splitter/earthspirit_stone_cracks.vpcf_c	1510
particles/creature_splitter/earthspirit_stone_clap_warp.vpcf_c	1492
particles/creature_splitter/earthspirit_stone_clap_shock_b.vpcf_c	1472
particles/creature_splitter/earthspirit_stone_clap_shock.vpcf_c	1521
particles/creatures/warlock/flamestrike_preview_warp.vpcf_c	1651
particles/creatures/warlock/flamestrike_preview_light.vpcf_c	2310
particles/creatures/warlock/flamestrike_preview_glow_small.vpcf_c	1731
particles/creatures/warlock/flamestrike_preview_glow_large.vpcf_c	1704
particles/creatures/warlock/flamestrike_preview_edge_c.vpcf_c	2221
particles/creatures/warlock/flamestrike_preview_edge_b.vpcf_c	1717
particles/creatures/warlock/flamestrike_preview_edge.vpcf_c	1744
particles/creatures/warlock/flamestrike_preview_c.vpcf_c	2051
particles/creatures/warlock/flamestrike_preview_b.vpcf_c	2205
particles/creatures/warlock/flamestrike_preview.vpcf_c	3005
particles/creatures/void_boss/void_boss_watch_wisp.vpcf_c	2620
particles/creatures/void_boss/void_boss_watch_trail_b.vpcf_c	2943
particles/creatures/void_boss/void_boss_watch_trail.vpcf_c	3186
particles/creatures/void_boss/void_boss_watch_speckle.vpcf_c	2145
particles/creatures/void_boss/void_boss_watch_smoke.vpcf_c	1892
particles/creatures/void_boss/void_boss_watch_ray_beam.vpcf_c	3076
particles/creatures/void_boss/void_boss_watch_image.vpcf_c	2079
particles/creatures/void_boss/void_boss_watch_ember.vpcf_c	2807
particles/creatures/void_boss/void_boss_watch_core.vpcf_c	3079
particles/creatures/void_boss/void_boss_watch_beam.vpcf_c	3001
particles/creatures/void_boss/void_boss_watch.vpcf_c	2583
particles/creatures/void_boss/void_boss_pull_trail.vpcf_c	2950
particles/creatures/void_boss/void_boss_pull_ray_beam.vpcf_c	3008
particles/creatures/void_boss/void_boss_pull_flash_b.vpcf_c	1636
particles/creatures/void_boss/void_boss_pull_flash.vpcf_c	2101
particles/creatures/void_boss/void_boss_pull_flare.vpcf_c	1755
particles/creatures/void_boss/void_boss_pull_end_c.vpcf_c	2511
particles/creatures/void_boss/void_boss_pull_end_b.vpcf_c	1432
particles/creatures/void_boss/void_boss_pull_end.vpcf_c	1547
particles/creatures/void_boss/void_boss_pull_beam.vpcf_c	3072
particles/creatures/void_boss/void_boss_pull.vpcf_c	2962
particles/creatures/void_boss/void_boss_puff_spark.vpcf_c	2497
particles/creatures/void_boss/void_boss_puff_smoke.vpcf_c	2114
particles/creatures/void_boss/void_boss_puff_ring.vpcf_c	1559
particles/creatures/void_boss/void_boss_puff_flash_b.vpcf_c	1428
particles/creatures/void_boss/void_boss_puff_flash.vpcf_c	1684
particles/creatures/void_boss/void_boss_puff.vpcf_c	1097
particles/creatures/void_boss/void_boss_flash.vpcf_c	2047
particles/creatures/void_boss/astral_step_destination_preview_yinyang.vpcf_c	1841
particles/creatures/void_boss/astral_step_destination_preview_ring_glyph_glow.vpcf_c	1501
particles/creatures/void_boss/astral_step_destination_preview_ring_glyph_add.vpcf_c	1566
particles/creatures/void_boss/astral_step_destination_preview_ring_glyph.vpcf_c	2062
particles/creatures/void_boss/astral_step_destination_preview_cast_streaks.vpcf_c	2233
particles/creatures/void_boss/astral_step_destination_preview_cast_spiral_ember.vpcf_c	1760
particles/creatures/void_boss/astral_step_destination_preview_cast_spiral_arm.vpcf_c	2243
particles/creatures/void_boss/astral_step_destination_preview_cast_ring_pnt.vpcf_c	768
particles/creatures/void_boss/astral_step_destination_preview_cast_ring_outer_pnt.vpcf_c	1674
particles/creatures/void_boss/astral_step_destination_preview_cast_ring_line.vpcf_c	1754
particles/creatures/void_boss/astral_step_destination_preview_cast_rays.vpcf_c	2058
particles/creatures/void_boss/astral_step_destination_preview_cast_ground_proj.vpcf_c	1444
particles/creatures/void_boss/astral_step_destination_preview_cast_ground.vpcf_c	1690
particles/creatures/void_boss/astral_step_destination_preview_cast_cracks.vpcf_c	1789
particles/creatures/void_boss/astral_step_destination_preview_cast_core_ring.vpcf_c	2258
particles/creatures/void_boss/astral_step_destination_preview_cast.vpcf_c	2072
particles/creatures/storegga/storegga_avalanche_directional_glow.vpcf_c	2585
particles/creatures/storegga/storegga_avalanche.vpcf_c	3898
particles/creatures/spectre/spectre_damage_ring_light_c.vpcf_c	1734
particles/creatures/spectre/spectre_damage_ring_glow_d.vpcf_c	1902
particles/creatures/spectre/spectre_damage_ring_glow_c.vpcf_c	1969
particles/creatures/spectre/spectre_damage_ring_glow.vpcf_c	1780
particles/creatures/spectre/spectre_damage_ring.vpcf_c	2987
particles/creatures/spectre/spectre_blademail.vpcf_c	1910
particles/creatures/spectre/spectre_active_dispersion_b.vpcf_c	1856
particles/creatures/spectre/spectre_active_dispersion.vpcf_c	1844
particles/creatures/spectral_tusk_mage/spectral_tusk_mage_tower_destruction_ringflash.vpcf_c	1956
particles/creatures/spectral_tusk_mage/spectral_tusk_mage_tower_destruction_insidesring.vpcf_c	2215
particles/creatures/spectral_tusk_mage/spectral_tusk_mage_tower_destruction_insides.vpcf_c	2121
particles/creatures/spectral_tusk_mage/spectral_tusk_mage_tower_destruction_flashbang.vpcf_c	1544
particles/creatures/spectral_tusk_mage/spectral_tusk_mage_tower_destruction_flash.vpcf_c	2088
particles/creatures/spectral_tusk_mage/spectral_tusk_mage_tower_destruction_flares.vpcf_c	2106
particles/creatures/spectral_tusk_mage/spectral_tusk_mage_tower_destruction_debris.vpcf_c	1790
particles/creatures/spectral_tusk_mage/spectral_tusk_mage_tower_destruction.vpcf_c	2746
particles/creatures/shadow_demon/creature_shadow_poison_stackui02.vpcf_c	1405
particles/creatures/shadow_demon/creature_shadow_poison_stackui.vpcf_c	1764
particles/creatures/quill_beast/test_model_cluster_linear_projectile_models.vpcf_c	2076
particles/creatures/quill_beast/test_model_cluster_linear_projectile_glow.vpcf_c	1830
particles/creatures/quill_beast/test_model_cluster_linear_projectile.vpcf_c	2010
particles/creatures/puck/puck_flying_bomb_spiral.vpcf_c	1535
particles/creatures/puck/puck_flying_bomb_spin.vpcf_c	1688
particles/creatures/puck/puck_flying_bomb_launch.vpcf_c	1656
particles/creatures/puck/puck_flying_bomb_glow.vpcf_c	2406
particles/creatures/puck/puck_flying_bomb_dust_swirl.vpcf_c	1785
particles/creatures/puck/puck_flying_bomb_dust.vpcf_c	1788
particles/creatures/puck/puck_flying_bomb.vpcf_c	2540
particles/creatures/puck/puck_bomb_detonation_smoke.vpcf_c	2311
particles/creatures/puck/puck_bomb_detonation_rings_b.vpcf_c	2529
particles/creatures/puck/puck_bomb_detonation_rings.vpcf_c	1885
particles/creatures/puck/puck_bomb_detonation_model.vpcf_c	1791
particles/creatures/puck/puck_bomb_detonation_light.vpcf_c	1679
particles/creatures/puck/puck_bomb_detonation_flash_b.vpcf_c	1845
particles/creatures/puck/puck_bomb_detonation_flash.vpcf_c	2021
particles/creatures/puck/puck_bomb_detonation_fire.vpcf_c	2310
particles/creatures/puck/puck_bomb_detonation_embers.vpcf_c	2406
particles/creatures/puck/puck_bomb_detonation_dust.vpcf_c	2400
particles/creatures/puck/puck_bomb_detonation_debris_b.vpcf_c	2398
particles/creatures/puck/puck_bomb_detonation_debris.vpcf_c	2386
particles/creatures/puck/puck_bomb_detonation.vpcf_c	2800
particles/creatures/puck/flying_bomb_destination_streak.vpcf_c	2203
particles/creatures/puck/flying_bomb_destination_ring.vpcf_c	2085
particles/creatures/puck/flying_bomb_destination_pulse.vpcf_c	1973
particles/creatures/puck/flying_bomb_destination.vpcf_c	1102
particles/creatures/pine_cone/pine_cone_shield_bash_sparks.vpcf_c	2917
particles/creatures/pine_cone/pine_cone_shield_bash_smoke.vpcf_c	2591
particles/creatures/pine_cone/pine_cone_shield_bash_rope.vpcf_c	2338
particles/creatures/pine_cone/pine_cone_shield_bash_rocks.vpcf_c	2386
particles/creatures/pine_cone/pine_cone_shield_bash_model.vpcf_c	2777
particles/creatures/pine_cone/pine_cone_shield_bash_front.vpcf_c	2599
particles/creatures/pine_cone/pine_cone_shield_bash_edge.vpcf_c	2014
particles/creatures/pine_cone/pine_cone_shield_bash_decal_projected.vpcf_c	1776
particles/creatures/pine_cone/pine_cone_shield_bash_debris.vpcf_c	2525
particles/creatures/pine_cone/pine_cone_shield_bash.vpcf_c	1801
particles/creatures/phoenix/supernova_life_drain_link_hand.vpcf_c	2066
particles/creatures/phoenix/supernova_life_drain_beam_2f.vpcf_c	2180
particles/creatures/phoenix/supernova_life_drain_beam_2e.vpcf_c	2692
particles/creatures/phoenix/supernova_life_drain_beam_2d.vpcf_c	2599
particles/creatures/phoenix/supernova_life_drain_beam_2c.vpcf_c	1863
particles/creatures/phoenix/supernova_life_drain_beam_2b_glow.vpcf_c	2393
particles/creatures/phoenix/supernova_life_drain_beam_2b.vpcf_c	2399
particles/creatures/phoenix/supernova_life_drain_beam.vpcf_c	3062
particles/creatures/phoenix/supernova_life_drain.vpcf_c	1473
particles/creatures/phoenix/supernova_lifedrain_target_light.vpcf_c	1753
particles/creatures/phoenix/supernova_lifedrain_innerglow.vpcf_c	2168
particles/creatures/phoenix/supernova_lifedrain_drainfield.vpcf_c	3072
particles/creatures/phoenix/supernova_flame_head_c.vpcf_c	2079
particles/creatures/phoenix/supernova_captured_hero_overhead_icon_unlocked.vpcf_c	1891
particles/creatures/phoenix/supernova_captured_hero_overhead_icon_glow.vpcf_c	1763
particles/creatures/phoenix/supernova_captured_hero_overhead_icon.vpcf_c	2082
particles/creatures/phoenix/supernova_captured_hero_overhead_cloud_wisps.vpcf_c	2266
particles/creatures/phoenix/supernova_captured_hero_overhead_cloud_ground.vpcf_c	2299
particles/creatures/phoenix/supernova_captured_hero_overhead_cloud_core.vpcf_c	2167
particles/creatures/phoenix/supernova_captured_hero_overhead_cloud.vpcf_c	2140
particles/creatures/phoenix/supernova_captured_hero_overhead.vpcf_c	1388
particles/creatures/ogre_seal/ogre_seal_warcry_wave.vpcf_c	1995
particles/creatures/ogre_seal/ogre_seal_warcry_small.vpcf_c	2136
particles/creatures/ogre_seal/ogre_seal_warcry_mouth_warp.vpcf_c	1841
particles/creatures/ogre_seal/ogre_seal_warcry_mouth_glow.vpcf_c	1729
particles/creatures/ogre_seal/ogre_seal_warcry_mouth.vpcf_c	2363
particles/creatures/ogre_seal/ogre_seal_warcry_light.vpcf_c	1528
particles/creatures/ogre_seal/ogre_seal_warcry_glow.vpcf_c	1482
particles/creatures/ogre_seal/ogre_seal_warcry_eye_2.vpcf_c	1755
particles/creatures/ogre_seal/ogre_seal_warcry_eye.vpcf_c	1757
particles/creatures/ogre_seal/ogre_seal_warcry.vpcf_c	2674
particles/creatures/ogre/ogre_melee_smash_scorch.vpcf_c	1754
particles/creatures/ogre/ogre_melee_smash_pulse.vpcf_c	1986
particles/creatures/ogre/ogre_melee_smash_projected.vpcf_c	2182
particles/creatures/ogre/ogre_melee_smash_flash.vpcf_c	1869
particles/creatures/ogre/ogre_melee_smash.vpcf_c	1829
particles/creatures/lifestealer/lifestealer_damage_counter_overhead_point.vpcf_c	1480
particles/creatures/lifestealer/lifestealer_damage_counter_overhead.vpcf_c	1844
particles/creatures/ice_rosh/ice_slam_frost_shards.vpcf_c	2309
particles/creatures/ice_rosh/ice_slam_frost_n.vpcf_c	2459
particles/creatures/ice_rosh/ice_slam_frost_mist.vpcf_c	2118
particles/creatures/ice_rosh/ice_slam_frost_m.vpcf_c	2507
particles/creatures/ice_rosh/ice_slam_frost_l.vpcf_c	2311
particles/creatures/ice_rosh/ice_slam_frost_k.vpcf_c	1811
particles/creatures/ice_rosh/ice_slam_frost_j.vpcf_c	1832
particles/creatures/ice_rosh/ice_slam_frost_i.vpcf_c	1998
particles/creatures/ice_rosh/ice_slam_frost_h0.vpcf_c	2699
particles/creatures/ice_rosh/ice_slam_frost_h.vpcf_c	2419
particles/creatures/ice_rosh/ice_slam_frost_g.vpcf_c	2037
particles/creatures/ice_rosh/ice_slam_frost_f0.vpcf_c	1935
particles/creatures/ice_rosh/ice_slam_frost_f.vpcf_c	2397
particles/creatures/ice_rosh/ice_slam_frost_e.vpcf_c	2479
particles/creatures/ice_rosh/ice_slam_frost_decal.vpcf_c	1895
particles/creatures/ice_rosh/ice_slam_frost_d.vpcf_c	2717
particles/creatures/ice_rosh/ice_slam_frost_c.vpcf_c	2480
particles/creatures/ice_rosh/ice_slam_frost_b.vpcf_c	2746
particles/creatures/ice_rosh/ice_slam_frost_aoe_ribbon_02.vpcf_c	2823
particles/creatures/ice_rosh/ice_slam_frost_aoe_ribbon.vpcf_c	2796
particles/creatures/ice_rosh/ice_slam_frost_aoe_mesh.vpcf_c	2293
particles/creatures/ice_rosh/ice_slam_frost_a.vpcf_c	1901
particles/creatures/ice_rosh/ice_slam_frost.vpcf_c	2384
particles/creatures/greevil/greevil_prison_light_beam.vpcf_c	2945
particles/creatures/greevil/greevil_prison_greevil_glow.vpcf_c	1945
particles/creatures/greevil/greevil_prison_gold_sparkles.vpcf_c	2290
particles/creatures/greevil/greevil_prison_dust_ring.vpcf_c	2433
particles/creatures/greevil/greevil_prison_coin_suckin_glow.vpcf_c	1450
particles/creatures/greevil/greevil_prison_coin_suckin.vpcf_c	3602
particles/creatures/greevil/greevil_prison_bottom_ring.vpcf_c	2953
particles/creatures/enraged_wildkin/enraged_wildkin_tornado_d.vpcf_c	2227
particles/creatures/enraged_wildkin/enraged_wildkin_tornado_c.vpcf_c	2651
particles/creatures/enraged_wildkin/enraged_wildkin_tornado_b.vpcf_c	2182
particles/creatures/enraged_wildkin/enraged_wildkin_tornado_a0.vpcf_c	2271
particles/creatures/enraged_wildkin/enraged_wildkin_tornado_a.vpcf_c	2525
particles/creatures/enraged_wildkin/enraged_wildkin_tornado.vpcf_c	2430
particles/creatures/wildwing_tornado_blast_debuff_e.vpcf_c	2114
particles/creatures/wildwing_tornado_blast_debuff_d.vpcf_c	1818
particles/creatures/wildwing_tornado_blast_debuff_c.vpcf_c	1950
particles/creatures/wildwing_tornado_blast_debuff_b.vpcf_c	1711
particles/creatures/wildwing_tornado_blast_debuff_a.vpcf_c	1863
particles/creatures/wildwing_tornado_blast_debuff.vpcf_c	2255
particles/creatures/visage_boss_base_attack_trail_glow.vpcf_c	1868
particles/creatures/visage_boss_base_attack_hit_ring.vpcf_c	1708
particles/creatures/visage_boss_base_attack_hit_glow.vpcf_c	1673
particles/creatures/visage_boss_base_attack_hit.vpcf_c	2198
particles/creatures/visage_boss_base_attack_flek.vpcf_c	1955
particles/creatures/visage_boss_base_attack_flash.vpcf_c	1822
particles/creatures/visage_boss_base_attack_fire.vpcf_c	2025
particles/creatures/visage_boss_base_attack_energy.vpcf_c	1883
particles/creatures/visage_boss_base_attack_core_rocks.vpcf_c	2097
particles/creatures/visage_boss_base_attack_core_glow_trail.vpcf_c	1558
particles/creatures/visage_boss_base_attack_core_glow.vpcf_c	1686
particles/creatures/visage_boss_base_attack_core.vpcf_c	2132
particles/creatures/visage_boss_base_attack.vpcf_c	2228
particles/creatures/target_telegraph_attack_d.vpcf_c	2343
particles/creatures/target_telegraph_attack_c.vpcf_c	2595
particles/creatures/target_telegraph_attack_b.vpcf_c	2336
particles/creatures/target_telegraph_attack_a.vpcf_c	2381
particles/creatures/target_telegraph_attack.vpcf_c	2456
particles/creatures/elemental_tiny_ping_c.vpcf_c	1714
particles/creatures/elemental_tiny_ping_b.vpcf_c	1886
particles/creatures/elemental_tiny_ping_a.vpcf_c	1680
particles/creatures/elemental_tiny_ping.vpcf_c	2149
particles/creatures/creature_spiked_carapace_b.vpcf_c	1771
particles/creatures/creature_spiked_carapace.vpcf_c	1964
particles/creatures/catapult/catapult_projectile_trail_3.vpcf_c	2086
particles/creatures/catapult/catapult_projectile_trail_2.vpcf_c	2051
particles/creatures/catapult/catapult_projectile_trail_1d.vpcf_c	1688
particles/creatures/catapult/catapult_projectile_trail_1c.vpcf_c	1880
particles/creatures/catapult/catapult_projectile_trail_1b.vpcf_c	2042
particles/creatures/catapult/catapult_projectile_trail_1.vpcf_c	1931
particles/creatures/catapult/catapult_projectile_launch.vpcf_c	1667
particles/creatures/catapult/catapult_projectile_explosion_i.vpcf_c	1637
particles/creatures/catapult/catapult_projectile_explosion_g.vpcf_c	1654
particles/creatures/catapult/catapult_projectile_explosion_f.vpcf_c	1696
particles/creatures/catapult/catapult_projectile_explosion_e.vpcf_c	1779
particles/creatures/catapult/catapult_projectile_explosion_d.vpcf_c	1719
particles/creatures/catapult/catapult_projectile_explosion_c.vpcf_c	1714
particles/creatures/catapult/catapult_projectile_explosion_b.vpcf_c	1587
particles/creatures/catapult/catapult_projectile_explosion_a.vpcf_c	1711
particles/creatures/catapult/catapult_projectile_explosion.vpcf_c	2689
particles/creatures/catapult/catapult_projectile.vpcf_c	2903
particles/creatures/broodmother/accrue_children_overhead_stack_b.vpcf_c	1576
particles/creatures/broodmother/accrue_children_overhead_stack.vpcf_c	1821
particles/creatures/boss_timbersaw/shredder_armor_lyr4_fire_blue.vpcf_c	1845
particles/creatures/boss_timbersaw/shredder_armor_lyr4_fire.vpcf_c	2163
particles/creatures/boss_timbersaw/shredder_armor_lyr4_ember.vpcf_c	1798
particles/creatures/boss_timbersaw/shredder_armor_lyr4.vpcf_c	2121
particles/creatures/boss_timbersaw/shredder_armor_lyr3.vpcf_c	2111
particles/creatures/boss_timbersaw/shredder_armor_lyr2.vpcf_c	2109
particles/creatures/boss_timbersaw/shredder_armor_lyr1.vpcf_c	2110
particles/creatures/boss_timbersaw/shredder_armor_lyr.vpcf_c	1197
particles/creatures/boss_timbersaw/boss_timbersaw_whirling_death_spin_outer_core.vpcf_c	1770
particles/creatures/boss_timbersaw/boss_timbersaw_whirling_death_spin_edge_glow.vpcf_c	1957
particles/creatures/boss_timbersaw/boss_timbersaw_whirling_death_spin_core.vpcf_c	1785
particles/creatures/boss_timbersaw/boss_timbersaw_whirling_death_spin_blades.vpcf_c	1748
particles/creatures/boss_timbersaw/boss_timbersaw_whirling_death_spin.vpcf_c	2354
particles/creatures/boss_timbersaw/boss_timbersaw_whirling_death.vpcf_c	2601
particles/creatures/bandit_captain/units/heroes/hero_phantom_assassin/phantom_assassin_stifling_dagger_trail_sparkles.vpcf_c	2008
particles/creatures/bandit_captain/units/heroes/hero_phantom_assassin/phantom_assassin_stifling_dagger_trail_glow_c.vpcf_c	2095
particles/creatures/bandit_captain/units/heroes/hero_phantom_assassin/phantom_assassin_stifling_dagger_trail_glow_b.vpcf_c	2058
particles/creatures/bandit_captain/units/heroes/hero_phantom_assassin/phantom_assassin_stifling_dagger_trail_glow.vpcf_c	2027
particles/creatures/bandit_captain/units/heroes/hero_phantom_assassin/phantom_assassin_stifling_dagger_trail_d.vpcf_c	2619
particles/creatures/bandit_captain/units/heroes/hero_phantom_assassin/phantom_assassin_stifling_dagger_trail.vpcf_c	2199
particles/creatures/bandit_captain/units/heroes/hero_phantom_assassin/phantom_assassin_stifling_dagger_launch.vpcf_c	1783
particles/creatures/bandit_captain/units/heroes/hero_phantom_assassin/phantom_assassin_stifling_dagger_explosion_points_b.vpcf_c	1757
particles/creatures/bandit_captain/units/heroes/hero_phantom_assassin/phantom_assassin_stifling_dagger_explosion_points.vpcf_c	1939
particles/creatures/bandit_captain/units/heroes/hero_phantom_assassin/phantom_assassin_stifling_dagger_explosion_flash.vpcf_c	1592
particles/creatures/bandit_captain/units/heroes/hero_phantom_assassin/phantom_assassin_stifling_dagger_explosion.vpcf_c	2338
particles/creatures/bandit_captain/phantom_assassin_linear_dagger.vpcf_c	3058
particles/creatures/aghanim/staff_beam_tgt_sphere.vpcf_c	2016
particles/creatures/aghanim/staff_beam_tgt_smoke.vpcf_c	2626
particles/creatures/aghanim/staff_beam_tgt_ring_core.vpcf_c	1971
particles/creatures/aghanim/staff_beam_tgt_ring.vpcf_c	1980
particles/creatures/aghanim/staff_beam_tgt_lava_ring.vpcf_c	1829
particles/creatures/aghanim/staff_beam_tgt_fire.vpcf_c	1935
particles/creatures/aghanim/staff_beam_tgt_ember.vpcf_c	2986
particles/creatures/aghanim/staff_beam_tgt.vpcf_c	1376
particles/creatures/aghanim/staff_beam_source_glow.vpcf_c	1808
particles/creatures/aghanim/staff_beam_source.vpcf_c	2187
particles/creatures/aghanim/staff_beam_ripple.vpcf_c	1631
particles/creatures/aghanim/staff_beam_mane.vpcf_c	2322
particles/creatures/aghanim/staff_beam_linger_j.vpcf_c	2134
particles/creatures/aghanim/staff_beam_linger_i.vpcf_c	2500
particles/creatures/aghanim/staff_beam_linger_h.vpcf_c	1845
particles/creatures/aghanim/staff_beam_linger_f.vpcf_c	1837
particles/creatures/aghanim/staff_beam_linger_e.vpcf_c	2026
particles/creatures/aghanim/staff_beam_linger_danger.vpcf_c	2310
particles/creatures/aghanim/staff_beam_linger_cinside.vpcf_c	2492
particles/creatures/aghanim/staff_beam_linger_c.vpcf_c	2542
particles/creatures/aghanim/staff_beam_linger_b.vpcf_c	2164
particles/creatures/aghanim/staff_beam_linger_a.vpcf_c	2786
particles/creatures/aghanim/staff_beam_linger.vpcf_c	2069
particles/creatures/aghanim/staff_beam_ground.vpcf_c	1910
particles/creatures/aghanim/staff_beam_flare.vpcf_c	1983
particles/creatures/aghanim/staff_beam_energy.vpcf_c	1529
particles/creatures/aghanim/staff_beam_debug.vpcf_c	1177
particles/creatures/aghanim/staff_beam_char.vpcf_c	1789
particles/creatures/aghanim/staff_beam_bird_trail.vpcf_c	1965
particles/creatures/aghanim/staff_beam_beam_wave.vpcf_c	1638
particles/creatures/aghanim/staff_beam_beam_spiral_dark.vpcf_c	2471
particles/creatures/aghanim/staff_beam_beam_spiral.vpcf_c	2461
particles/creatures/aghanim/staff_beam_beam_refract.vpcf_c	2217
particles/creatures/aghanim/staff_beam_beam_fire.vpcf_c	2912
particles/creatures/aghanim/staff_beam_beam_core.vpcf_c	2542
particles/creatures/aghanim/staff_beam_beam_body.vpcf_c	2782
particles/creatures/aghanim/staff_beam_beam.vpcf_c	1245
particles/creatures/aghanim/staff_beam.vpcf_c	2055
particles/creatures/aghanim/portal_summon_b5.vpcf_c	2070
particles/creatures/aghanim/portal_summon_b4.vpcf_c	1925
particles/creatures/aghanim/portal_summon_b3.vpcf_c	2172
particles/creatures/aghanim/portal_summon_b2.vpcf_c	2156
particles/creatures/aghanim/portal_summon_b1.vpcf_c	2773
particles/creatures/aghanim/portal_summon_b0b.vpcf_c	2636
particles/creatures/aghanim/portal_summon_b0a.vpcf_c	1775
particles/creatures/aghanim/portal_summon_b0.vpcf_c	1996
particles/creatures/aghanim/portal_summon_b.vpcf_c	1228
particles/creatures/aghanim/portal_summon_a.vpcf_c	2776
particles/creatures/aghanim/portal_summon.vpcf_c	1043
particles/creatures/aghanim/aghanim_stomp_warp.vpcf_c	1648
particles/creatures/aghanim/aghanim_stomp_shock_d.vpcf_c	1589
particles/creatures/aghanim/aghanim_stomp_shock_c.vpcf_c	1641
particles/creatures/aghanim/aghanim_stomp_shock_b.vpcf_c	1563
particles/creatures/aghanim/aghanim_stomp_shock.vpcf_c	1791
particles/creatures/aghanim/aghanim_stomp_magical.vpcf_c	1026
particles/creatures/aghanim/aghanim_stomp_cracks.vpcf_c	1488
particles/creatures/aghanim/aghanim_stomp_blast.vpcf_c	1606
particles/creatures/aghanim/aghanim_stomp.vpcf_c	2727
particles/creatures/aghanim/aghanim_spell_swap_particulate.vpcf_c	2225
particles/creatures/aghanim/aghanim_spell_swap_beam_src.vpcf_c	2069
particles/creatures/aghanim/aghanim_spell_swap_beam_solid.vpcf_c	2747
particles/creatures/aghanim/aghanim_spell_swap_beam_noise.vpcf_c	2595
particles/creatures/aghanim/aghanim_spell_swap_beam_light_src.vpcf_c	1899
particles/creatures/aghanim/aghanim_spell_swap_beam_innerglow.vpcf_c	2349
particles/creatures/aghanim/aghanim_spell_swap_beam_field.vpcf_c	3033
particles/creatures/aghanim/aghanim_spell_swap_beam_core.vpcf_c	3233
particles/creatures/aghanim/aghanim_spell_swap_beam.vpcf_c	1473
particles/creatures/aghanim/aghanim_spear_e.vpcf_c	2177
particles/creatures/aghanim/aghanim_spear_d0.vpcf_c	2394
particles/creatures/aghanim/aghanim_spear_d.vpcf_c	2895
particles/creatures/aghanim/aghanim_spear_c.vpcf_c	2337
particles/creatures/aghanim/aghanim_spear_b0.vpcf_c	1984
particles/creatures/aghanim/aghanim_spear_b.vpcf_c	3115
particles/creatures/aghanim/aghanim_spear_a2.vpcf_c	2482
particles/creatures/aghanim/aghanim_spear_a1.vpcf_c	2635
particles/creatures/aghanim/aghanim_spear_a0.vpcf_c	2758
particles/creatures/aghanim/aghanim_spear_a.vpcf_c	1058
particles/creatures/aghanim/aghanim_spear.vpcf_c	2251
particles/creatures/aghanim/aghanim_shard_proj_trail.vpcf_c	2242
particles/creatures/aghanim/aghanim_shard_proj_mesh.vpcf_c	1866
particles/creatures/aghanim/aghanim_shard_proj_head.vpcf_c	2027
particles/creatures/aghanim/aghanim_shard_proj_g.vpcf_c	1529
particles/creatures/aghanim/aghanim_shard_proj_f0b.vpcf_c	1457
particles/creatures/aghanim/aghanim_shard_proj_f0a.vpcf_c	1481
particles/creatures/aghanim/aghanim_shard_proj_f0.vpcf_c	2495
particles/creatures/aghanim/aghanim_shard_proj_f.vpcf_c	1137
particles/creatures/aghanim/aghanim_shard_proj_e.vpcf_c	2019
particles/creatures/aghanim/aghanim_shard_proj_d6.vpcf_c	2229
particles/creatures/aghanim/aghanim_shard_proj_d5.vpcf_c	2377
particles/creatures/aghanim/aghanim_shard_proj_d4.vpcf_c	2021
particles/creatures/aghanim/aghanim_shard_proj_d3.vpcf_c	2412
particles/creatures/aghanim/aghanim_shard_proj_d2.vpcf_c	2220
particles/creatures/aghanim/aghanim_shard_proj_d1.vpcf_c	2056
particles/creatures/aghanim/aghanim_shard_proj_d0.vpcf_c	2192
particles/creatures/aghanim/aghanim_shard_proj_d.vpcf_c	2493
particles/creatures/aghanim/aghanim_shard_proj_c.vpcf_c	2556
particles/creatures/aghanim/aghanim_shard_proj_b.vpcf_c	1093
particles/creatures/aghanim/aghanim_shard_proj_a.vpcf_c	1576
particles/creatures/aghanim/aghanim_shard_proj.vpcf_c	1124
particles/creatures/aghanim/aghanim_shard_channel_swirl.vpcf_c	2542
particles/creatures/aghanim/aghanim_shard_channel_streak_in.vpcf_c	2261
particles/creatures/aghanim/aghanim_shard_channel_staff_ray.vpcf_c	2371
particles/creatures/aghanim/aghanim_shard_channel_staff_glow.vpcf_c	2682
particles/creatures/aghanim/aghanim_shard_channel_staff_gem_glow.vpcf_c	1946
particles/creatures/aghanim/aghanim_shard_channel_ribbon_01.vpcf_c	2755
particles/creatures/aghanim/aghanim_shard_channel.vpcf_c	1792
particles/creatures/aghanim/aghanim_self_frost_shards.vpcf_c	2569
particles/creatures/aghanim/aghanim_self_frost_mist.vpcf_c	2438
particles/creatures/aghanim/aghanim_self_dmg_glow.vpcf_c	2010
particles/creatures/aghanim/aghanim_self_dmg_aoe_ring.vpcf_c	2263
particles/creatures/aghanim/aghanim_self_dmg.vpcf_c	1253
particles/creatures/aghanim/aghanim_pulse_nova_i.vpcf_c	1628
particles/creatures/aghanim/aghanim_pulse_nova_h.vpcf_c	2415
particles/creatures/aghanim/aghanim_pulse_nova_g.vpcf_c	1740
particles/creatures/aghanim/aghanim_pulse_nova_f.vpcf_c	1697
particles/creatures/aghanim/aghanim_pulse_nova_e.vpcf_c	2242
particles/creatures/aghanim/aghanim_pulse_nova_d.vpcf_c	1801
particles/creatures/aghanim/aghanim_pulse_nova_c.vpcf_c	2079
particles/creatures/aghanim/aghanim_pulse_nova_b.vpcf_c	1811
particles/creatures/aghanim/aghanim_pulse_nova.vpcf_c	2745
particles/creatures/aghanim/aghanim_pulse_ambient_c.vpcf_c	2728
particles/creatures/aghanim/aghanim_pulse_ambient.vpcf_c	2053
particles/creatures/aghanim/aghanim_preimage_timewalk.vpcf_c	2351
particles/creatures/aghanim/aghanim_preimage_particulate.vpcf_c	2603
particles/creatures/aghanim/aghanim_preimage.vpcf_c	2808
particles/creatures/aghanim/aghanim_portal_summon_shake.vpcf_c	1567
particles/creatures/aghanim/aghanim_portal_summon_ring_streak.vpcf_c	2368
particles/creatures/aghanim/aghanim_portal_summon_ribbon_02.vpcf_c	2534
particles/creatures/aghanim/aghanim_portal_summon_ribbon_01.vpcf_c	2529
particles/creatures/aghanim/aghanim_portal_summon_particulate.vpcf_c	2554
particles/creatures/aghanim/aghanim_portal_summon_impact_cast_sparks.vpcf_c	2693
particles/creatures/aghanim/aghanim_portal_summon_impact_cast_smoke.vpcf_c	2402
particles/creatures/aghanim/aghanim_portal_summon_impact_cast_ground.vpcf_c	1990
particles/creatures/aghanim/aghanim_portal_summon_impact_cast_distortion.vpcf_c	2015
particles/creatures/aghanim/aghanim_portal_summon_impact_cast_debris.vpcf_c	2892
particles/creatures/aghanim/aghanim_portal_summon_impact_cast_burst.vpcf_c	2031
particles/creatures/aghanim/aghanim_portal_summon_impact_cast.vpcf_c	1501
particles/creatures/aghanim/aghanim_portal_summon.vpcf_c	2576
particles/creatures/aghanim/aghanim_portal_emit_mist.vpcf_c	2298
particles/creatures/aghanim/aghanim_portal_emit_distortion.vpcf_c	1946
particles/creatures/aghanim/aghanim_portal_emit.vpcf_c	984
particles/creatures/aghanim/aghanim_outro_smoke.vpcf_c	2191
particles/creatures/aghanim/aghanim_outro_ripple_diffuse.vpcf_c	1920
particles/creatures/aghanim/aghanim_outro_particulate.vpcf_c	2208
particles/creatures/aghanim/aghanim_outro_mist.vpcf_c	2313
particles/creatures/aghanim/aghanim_outro_linger_lensflare.vpcf_c	1945
particles/creatures/aghanim/aghanim_outro_linger_glow.vpcf_c	2014
particles/creatures/aghanim/aghanim_outro_linger.vpcf_c	2836
particles/creatures/aghanim/aghanim_outro_lensflare.vpcf_c	1481
particles/creatures/aghanim/aghanim_outro_flash.vpcf_c	1728
particles/creatures/aghanim/aghanim_outro_distort.vpcf_c	1891
particles/creatures/aghanim/aghanim_outro.vpcf_c	1632
particles/creatures/aghanim/aghanim_debug_ring.vpcf_c	1939
particles/creatures/aghanim/aghanim_crystal_spellswap_replenish_ability.vpcf_c	2084
particles/creatures/aghanim/aghanim_crystal_spellswap_replenish.vpcf_c	2687
particles/creatures/aghanim/aghanim_crystal_spellswap_ambient_trail.vpcf_c	2351
particles/creatures/aghanim/aghanim_crystal_spellswap_ambient_swirl.vpcf_c	2811
particles/creatures/aghanim/aghanim_crystal_spellswap_ambient_sparkle.vpcf_c	2040
particles/creatures/aghanim/aghanim_crystal_spellswap_ambient_icemist.vpcf_c	2233
particles/creatures/aghanim/aghanim_crystal_spellswap_ambient_glow.vpcf_c	1948
particles/creatures/aghanim/aghanim_crystal_spellswap_ambient.vpcf_c	1375
particles/creatures/aghanim/aghanim_crystal_impact_sparkles.vpcf_c	2114
particles/creatures/aghanim/aghanim_crystal_impact_smoke.vpcf_c	2014
particles/creatures/aghanim/aghanim_crystal_impact_burst.vpcf_c	1748
particles/creatures/aghanim/aghanim_crystal_impact.vpcf_c	2416
particles/creatures/aghanim/aghanim_crystal_destroy_mesh.vpcf_c	2816
particles/creatures/aghanim/aghanim_crystal_destroy_glint.vpcf_c	1999
particles/creatures/aghanim/aghanim_crystal_destroy_flare.vpcf_c	1626
particles/creatures/aghanim/aghanim_crystal_destroy.vpcf_c	2731
particles/creatures/aghanim/aghanim_crystal_attack_trail.vpcf_c	2492
particles/creatures/aghanim/aghanim_crystal_attack_telegraph_sparkle.vpcf_c	2204
particles/creatures/aghanim/aghanim_crystal_attack_telegraph_ring.vpcf_c	2627
particles/creatures/aghanim/aghanim_crystal_attack_telegraph_prelight.vpcf_c	2397
particles/creatures/aghanim/aghanim_crystal_attack_telegraph_aoe.vpcf_c	2304
particles/creatures/aghanim/aghanim_crystal_attack_telegraph.vpcf_c	2579
particles/creatures/aghanim/aghanim_crystal_attack_start.vpcf_c	2074
particles/creatures/aghanim/aghanim_crystal_attack_sparkle.vpcf_c	1982
particles/creatures/aghanim/aghanim_crystal_attack_models.vpcf_c	2386
particles/creatures/aghanim/aghanim_crystal_attack_light.vpcf_c	1884
particles/creatures/aghanim/aghanim_crystal_attack_impact_sphere.vpcf_c	1810
particles/creatures/aghanim/aghanim_crystal_attack_impact_shards_glint.vpcf_c	2001
particles/creatures/aghanim/aghanim_crystal_attack_impact_shards_flash.vpcf_c	1616
particles/creatures/aghanim/aghanim_crystal_attack_impact_shards.vpcf_c	2991
particles/creatures/aghanim/aghanim_crystal_attack_impact_ring.vpcf_c	1622
particles/creatures/aghanim/aghanim_crystal_attack_impact_lenslfare.vpcf_c	1651
particles/creatures/aghanim/aghanim_crystal_attack_impact_ice_smoke.vpcf_c	1911
particles/creatures/aghanim/aghanim_crystal_attack_impact_ice_mist.vpcf_c	2184
particles/creatures/aghanim/aghanim_crystal_attack_impact_ground_glow.vpcf_c	1844
particles/creatures/aghanim/aghanim_crystal_attack_impact_flash.vpcf_c	1878
particles/creatures/aghanim/aghanim_crystal_attack_impact_decal.vpcf_c	1890
particles/creatures/aghanim/aghanim_crystal_attack_impact.vpcf_c	1809
particles/creatures/aghanim/aghanim_crystal_attack_ice_mist.vpcf_c	2231
particles/creatures/aghanim/aghanim_crystal_attack_head.vpcf_c	2336
particles/creatures/aghanim/aghanim_crystal_attack_glow.vpcf_c	2662
particles/creatures/aghanim/aghanim_crystal_attack.vpcf_c	2595
particles/creatures/aghanim/aghanim_blink_warmup.vpcf_c	1285
particles/creatures/aghanim/aghanim_blink_suck_in.vpcf_c	2272
particles/creatures/aghanim/aghanim_blink_ground_rings.vpcf_c	2161
particles/creatures/aghanim/aghanim_blink_ground_mist.vpcf_c	2528
particles/creatures/aghanim/aghanim_blink_arrival_smoke.vpcf_c	2538
particles/creatures/aghanim/aghanim_blink_arrival_flash.vpcf_c	1744
particles/creatures/aghanim/aghanim_blink_arrival_dust.vpcf_c	2335
particles/creatures/aghanim/aghanim_blink_arrival.vpcf_c	1681
particles/creatures/aghanim/aghanim_beam_channel_suck_in.vpcf_c	2288
particles/creatures/aghanim/aghanim_beam_channel_ground_rings.vpcf_c	2165
particles/creatures/aghanim/aghanim_beam_channel_frost.vpcf_c	2528
particles/creatures/aghanim/aghanim_beam_channel.vpcf_c	2367
particles/creatures/aghanim/aghanim_beam_burn_impact.vpcf_c	2532
particles/creatures/aghanim/aghanim_beam_burn.vpcf_c	2067
particles/chibang/ice_avatar_wings_omni_wings.vpcf_c	2103
particles/chibang/ice_avatar_wings_omni_omni.vpcf_c	2017
particles/chibang/ice_avatar_wings_omni_buff_start_wings.vpcf_c	1498
particles/chibang/ice_avatar_wings_omni_buff_n.vpcf_c	1502
particles/chibang/ice_avatar_wings_omni_buff_m.vpcf_c	1472
particles/chibang/ice_avatar_wings_omni_buff_l.vpcf_c	1221
particles/chibang/ice_avatar_wings_omni_buff_k.vpcf_c	1363
particles/chibang/ice_avatar_wings_omni_buff_j.vpcf_c	1739
particles/chibang/ice_avatar_wings_omni_buff_i.vpcf_c	1340
particles/chibang/ice_avatar_wings_omni_buff_h.vpcf_c	1569
particles/chibang/ice_avatar_wings_omni_buff_f.vpcf_c	1655
particles/chibang/ice_avatar_wings_omni_buff_e.vpcf_c	1745
particles/chibang/ice_avatar_wings_omni_buff_d.vpcf_c	1714
particles/chibang/ice_avatar_wings_omni_buff_b.vpcf_c	1532
particles/chibang/ice_avatar_wings_omni_ally.vpcf_c	2993
particles/chibang/ice_avatar_wings.vpcf_c	1950
particles/chibang/fire_avatar_wings.vpcf_c	1950
particles/bolder001/bolder001_smoke_b.vpcf_c	1627
particles/bolder001/bolder001_smoke.vpcf_c	1870
particles/bolder001/bolder001_ray.vpcf_c	1547
particles/bolder001/bolder001_light.vpcf_c	1216
particles/bolder001/bolder001_land_soil_b.vpcf_c	2040
particles/bolder001/bolder001_land_soil.vpcf_c	2041
particles/bolder001/bolder001_land_ring_lrg.vpcf_c	1467
particles/bolder001/bolder001_land_ring_b.vpcf_c	1469
particles/bolder001/bolder001_land_ring.vpcf_c	1993
particles/bolder001/bolder001_land_fireball.vpcf_c	1830
particles/bolder001/bolder001_land_embers.vpcf_c	1867
particles/bolder001/bolder001_land_dust_b.vpcf_c	2156
particles/bolder001/bolder001_land_debris.vpcf_c	1705
particles/bolder001/bolder001_glow.vpcf_c	1611
particles/bolder001/bolder001_fly_sparks.vpcf_c	1830
particles/bolder001/bolder001_fly_glow_ob.vpcf_c	1375
particles/bolder001/bolder001_fire_trail_glow.vpcf_c	1703
particles/bolder001/bolder001_fire_trail_b.vpcf_c	2429
particles/bolder001/bolder001_fire_trail.vpcf_c	2434
particles/bolder001/bolder001_fire.vpcf_c	2232
particles/bolder001/bolder001_crumble.vpcf_c	1403
particles/bolder001/bolder001_burnt.vpcf_c	1657
particles/bolder001/bolder001land_flash.vpcf_c	1416
particles/bolder001/bolder001land_beam.vpcf_c	1542
particles/bolder001/bolder001fly_streak.vpcf_c	1850
particles/bolder001/bolder001fly_sparks.vpcf_c	1830
particles/bolder001/bolder001fly_smoke_b.vpcf_c	1995
particles/bolder001/bolder001fly_smoke.vpcf_c	1629
particles/bolder001/bolder001fly_light.vpcf_c	1218
particles/bolder001/bolder001fly_lens.vpcf_c	1762
particles/bolder001/bolder001fly_haze.vpcf_c	1724
particles/bolder001/bolder001fly_glow_ob.vpcf_c	1375
particles/bolder001/bolder001fly_glow.vpcf_c	1744
particles/bolder001/bolder001fly_fire.vpcf_c	2126
particles/bolder001/bolder001fly.vpcf_c	2669
particles/bolder001/bolder001.vpcf_c	3136
particles/blessings/death_detonation/death_detonation_smoketrail.vpcf_c	1791
particles/blessings/death_detonation/death_detonation_remote_mine_growcloud.vpcf_c	1867
particles/blessings/death_detonation/death_detonation_remote_mine_detonate_embers.vpcf_c	2779
particles/blessings/death_detonation/death_detonation_remote_mines_detonate_base.vpcf_c	2821
particles/blessings/death_detonation/death_detonation_remote_mines_detonatecloud.vpcf_c	1878
particles/blessings/death_detonation/death_detonation_remote_mines_detonate.vpcf_c	1008
particles/blessings/death_detonation/death_detonation_refraction.vpcf_c	1907
particles/blessings/death_detonation/death_detonation_light_src.vpcf_c	1222
particles/blessings/death_detonation/death_detonation_land_mine_explode_streak.vpcf_c	1837
particles/blessings/death_detonation/death_detonation_land_mine_ball_explosion.vpcf_c	2054
particles/blessings/death_detonation/death_detonation_groundrings.vpcf_c	2186
particles/blessings/death_detonation/death_detonation_glow.vpcf_c	1964
particles/blessings/death_detonation/death_detonation_clouds.vpcf_c	2574
particles/blessings/death_detonation/death_detonation_bomb_crater.vpcf_c	1552
particles/blessings/death_detonation/death_detonation_aoe_ring_02.vpcf_c	2640
particles/blessings/death_detonation/death_detonation_aoe_ring.vpcf_c	2632
particles/basic_trail/basic_trail.vpcf_c	1220
particles/basic_rope/basic_rope.vpcf_c	1395
particles/basic_projectile/basic_projectile_trail.vpcf_c	1480
particles/basic_projectile/basic_projectile_launch.vpcf_c	1450
particles/basic_projectile/basic_projectile_explosion_flash.vpcf_c	1174
particles/basic_projectile/basic_projectile_explosion.vpcf_c	1520
particles/basic_projectile/basic_projectile.vpcf_c	1748
particles/basic_explosion/basic_explosion_flash.vpcf_c	1073
particles/basic_explosion/basic_explosion_burst.vpcf_c	1544
particles/basic_explosion/basic_explosion_bits.vpcf_c	1397
particles/basic_explosion/basic_explosion.vpcf_c	812
particles/basic_ambient/basic_ambient.vpcf_c	1616
particles/base_attacks/majinaq_linear_launch_flash_b.vpcf_c	1558
particles/base_attacks/majinaq_linear_launch_flash.vpcf_c	1748
particles/base_attacks/majinaq_linear_attack_trail_c.vpcf_c	1365
particles/base_attacks/majinaq_linear_attack_trail_b.vpcf_c	1502
particles/base_attacks/majinaq_linear_attack_trail.vpcf_c	1444
particles/base_attacks/majinaq_linear_attack_launch.vpcf_c	1613
particles/base_attacks/majinaq_linear_attack_glow.vpcf_c	1478
particles/base_attacks/majinaq_linear_attack_explosion_flash.vpcf_c	1526
particles/base_attacks/majinaq_linear_attack_explosion.vpcf_c	1607
particles/base_attacks/majinaq_linear.vpcf_c	2359
particles/base_attacks/astral_glyph_2_1_projectile_trail_d.vpcf_c	1698
particles/base_attacks/astral_glyph_2_1_projectile_trail_c.vpcf_c	1653
particles/base_attacks/astral_glyph_2_1_projectile_trail_b.vpcf_c	1927
particles/base_attacks/astral_glyph_2_1_projectile_trail.vpcf_c	1767
particles/base_attacks/astral_glyph_2_1_projectile_launch_light.vpcf_c	1439
particles/base_attacks/astral_glyph_2_1_projectile_launch_b.vpcf_c	1377
particles/base_attacks/astral_glyph_2_1_projectile_launch.vpcf_c	1597
particles/base_attacks/astral_glyph_2_1_projectile_glow_c.vpcf_c	1379
particles/base_attacks/astral_glyph_2_1_projectile_glow_b.vpcf_c	1354
particles/base_attacks/astral_glyph_2_1_projectile_glow.vpcf_c	1317
particles/base_attacks/astral_glyph_2_1_projectile_explosion_flash_c.vpcf_c	1390
particles/base_attacks/astral_glyph_2_1_projectile_explosion_flash_b.vpcf_c	1439
particles/base_attacks/astral_glyph_2_1_projectile_explosion_flash.vpcf_c	1419
particles/base_attacks/astral_glyph_2_1_projectile_explosion_c.vpcf_c	1819
particles/base_attacks/astral_glyph_2_1_projectile_explosion_b.vpcf_c	1413
particles/base_attacks/astral_glyph_2_1_projectile_explosion.vpcf_c	2085
particles/base_attacks/astral_glyph_2_1_projectile.vpcf_c	2538
particles/base_attacks/arkimus_archon_form_trail_d.vpcf_c	1682
particles/base_attacks/arkimus_archon_form_trail_c.vpcf_c	1828
particles/base_attacks/arkimus_archon_form_trail_b.vpcf_c	2117
particles/base_attacks/arkimus_archon_form_trail.vpcf_c	1957
particles/base_attacks/arkimus_archon_form_launch_light.vpcf_c	1631
particles/base_attacks/arkimus_archon_form_launch_b.vpcf_c	1361
particles/base_attacks/arkimus_archon_form_launch.vpcf_c	1798
particles/base_attacks/arkimus_archon_form_glow_c.vpcf_c	1562
particles/base_attacks/arkimus_archon_form_glow_b.vpcf_c	1539
particles/base_attacks/arkimus_archon_form_glow.vpcf_c	1509
particles/base_attacks/arkimus_archon_form_explosion_flash_c.vpcf_c	1390
particles/base_attacks/arkimus_archon_form_explosion_flash_b.vpcf_c	1439
particles/base_attacks/arkimus_archon_form_explosion_flash.vpcf_c	1620
particles/base_attacks/arkimus_archon_form_explosion_c.vpcf_c	1819
particles/base_attacks/arkimus_archon_form_explosion_b.vpcf_c	1397
particles/base_attacks/arkimus_archon_form_explosion.vpcf_c	2026
particles/base_attacks/arkimus_archon_form.vpcf_c	2646
particles/ascension/ascension_silence_ring_mist.vpcf_c	1861
particles/ascension/ascension_silence_ring_end_flash.vpcf_c	1637
particles/ascension/ascension_silence_ring_end.vpcf_c	1837
particles/ascension/ascension_silence_ring_ember.vpcf_c	2423
particles/ascension/ascension_silence_ring_edge.vpcf_c	1716
particles/ascension/ascension_silence_ring.vpcf_c	2590
particles/ascension/ascension_silence_charge_c.vpcf_c	2164
particles/ascension/ascension_silence_charge_b.vpcf_c	1702
particles/ascension/ascension_silence_charge.vpcf_c	2028
particles/ascension/ascension_silence_aoe_twinkles.vpcf_c	2252
particles/ascension/ascension_silence_aoe_sphere_v2.vpcf_c	2092
particles/ascension/ascension_silence_aoe_refract.vpcf_c	1597
particles/ascension/ascension_silence_aoe_glow_5.vpcf_c	1546
particles/ascension/ascension_silence_aoe_glow_4.vpcf_c	1511
particles/ascension/ascension_silence_aoe_glow_3.vpcf_c	1652
particles/ascension/ascension_silence_aoe_glow_2.vpcf_c	1552
particles/ascension/ascension_silence_aoe_glow.vpcf_c	1391
particles/ascension/ascension_silence_aoe_flash.vpcf_c	1531
particles/ascension/ascension_silence_aoe_cast.vpcf_c	1487
particles/ascension/ascension_silence_aoe.vpcf_c	1563
particles/ascension/ascension_silence.vpcf_c	2357
particles/ascension/ascension_plasma_field_charge_warp.vpcf_c	1871
particles/ascension/ascension_plasma_field_charge_sphere.vpcf_c	1816
particles/ascension/ascension_plasma_field_charge_smoke_expand.vpcf_c	2135
particles/ascension/ascension_plasma_field_charge_smoke_b.vpcf_c	1701
particles/ascension/ascension_plasma_field_charge_smoke.vpcf_c	1813
particles/ascension/ascension_plasma_field_charge_ring_large_c.vpcf_c	1907
particles/ascension/ascension_plasma_field_charge_ring_large_b.vpcf_c	1902
particles/ascension/ascension_plasma_field_charge_ring_large.vpcf_c	2279
particles/ascension/ascension_plasma_field_charge_ring_fleks.vpcf_c	2115
particles/ascension/ascension_plasma_field_charge_post_fleks.vpcf_c	2112
particles/ascension/ascension_plasma_field_charge_post_electricity.vpcf_c	1931
particles/ascension/ascension_plasma_field_charge_post_displacement.vpcf_c	2276
particles/ascension/ascension_plasma_field_charge_light_explode.vpcf_c	1417
particles/ascension/ascension_plasma_field_charge_lightning_thick_parent.vpcf_c	1608
particles/ascension/ascension_plasma_field_charge_lightning_thick_child.vpcf_c	2628
particles/ascension/ascension_plasma_field_charge_lightning_large_parent.vpcf_c	1657
particles/ascension/ascension_plasma_field_charge_lightning_large_detail.vpcf_c	2002
particles/ascension/ascension_plasma_field_charge_lightning_large_child.vpcf_c	2800
particles/ascension/ascension_plasma_field_charge_light.vpcf_c	1565
particles/ascension/ascension_plasma_field_charge_ground.vpcf_c	1781
particles/ascension/ascension_plasma_field_charge_glow.vpcf_c	1629
particles/ascension/ascension_plasma_field_charge_explode.vpcf_c	2374
particles/ascension/ascension_plasma_field_charge_electricity_expand.vpcf_c	2109
particles/ascension/ascension_plasma_field_charge_electricity.vpcf_c	2057
particles/ascension/ascension_plasma_field_charge_charge_ground_b.vpcf_c	1882
particles/ascension/ascension_plasma_field_charge_charge_ground.vpcf_c	2108
particles/ascension/ascension_plasma_field_charge_charge_glow_b.vpcf_c	1853
particles/ascension/ascension_plasma_field_charge_charge_electricity_fine.vpcf_c	1781
particles/ascension/ascension_plasma_field_charge_charge_electricity.vpcf_c	1968
particles/ascension/ascension_plasma_field_charge_charge_bloom.vpcf_c	1708
particles/ascension/ascension_plasma_field_charge_charge.vpcf_c	2390
particles/ascension/ascension_plasma_field_charge_bloom_b.vpcf_c	1819
particles/ascension/ascension_plasma_field_charge_bloom.vpcf_c	1929
particles/ascension/ascension_plasma_field_charge.vpcf_c	1979
particles/ascension/ascension_magnetic_warp_sprite.vpcf_c	2037
particles/ascension/ascension_magnetic_warp_b.vpcf_c	2732
particles/ascension/ascension_magnetic_warp.vpcf_c	1741
particles/ascension/ascension_magnetic_start_dust_hit_ring.vpcf_c	1473
particles/ascension/ascension_magnetic_start_dust_hit.vpcf_c	2572
particles/ascension/ascension_magnetic_start.vpcf_c	1158
particles/ascension/ascension_magnetic_ring_warp.vpcf_c	2220
particles/ascension/ascension_magnetic_ring.vpcf_c	2807
particles/ascension/ascension_magnetic_mist.vpcf_c	2559
particles/ascension/ascension_magnetic_light.vpcf_c	1272
particles/ascension/ascension_magnetic_ground.vpcf_c	1777
particles/ascension/ascension_magnetic_glow.vpcf_c	2192
particles/ascension/ascension_magnetic_energy.vpcf_c	2216
particles/ascension/ascension_magnetic_ember.vpcf_c	1676
particles/ascension/ascension_magnetic_elec.vpcf_c	2423
particles/ascension/ascension_magnetic_edgeroll.vpcf_c	2435
particles/ascension/ascension_magnetic_cracks.vpcf_c	2364
particles/ascension/ascension_magnetic.vpcf_c	1327
particles/ascension/ascension_armor_sapping_target.vpcf_c	2391
particles/ambient/tp_start1_6_1.vpcf_c	2308
particles/ambient/tp_start1_6.vpcf_c	1870
particles/ambient/tp_start1_5.vpcf_c	2333
particles/ambient/tp_start1_4_p_4.vpcf_c	2368
particles/ambient/tp_start1_4_p_3.vpcf_c	1950
particles/ambient/tp_start1_4_p_2.vpcf_c	2654
particles/ambient/tp_start1_4_p_1.vpcf_c	2091
particles/ambient/tp_start1_4_p.vpcf_c	1499
particles/ambient/tp_start1_4_l.vpcf_c	1943
particles/ambient/tp_start1_4_h.vpcf_c	2477
particles/ambient/tp_start1_4_g.vpcf_c	1754
particles/ambient/tp_start1_4_f.vpcf_c	1940
particles/ambient/tp_start1_4_e.vpcf_c	1812
particles/ambient/tp_start1_4_d.vpcf_c	1865
particles/ambient/tp_start1_4_c.vpcf_c	1990
particles/ambient/tp_start1_4_b.vpcf_c	1936
particles/ambient/tp_start1_4_a.vpcf_c	1757
particles/ambient/tp_start1_4.vpcf_c	2551
particles/ambient/tp_start1_3.vpcf_c	2053
particles/ambient/tp_start1_2.vpcf_c	1940
particles/ambient/tp_start1_1.vpcf_c	1560
particles/ambient/tp_start1.vpcf_c	1410
particles/ambient/tp_end1_8.vpcf_c	2031
particles/ambient/tp_end1_7_1.vpcf_c	2292
particles/ambient/tp_end1_7.vpcf_c	1869
particles/ambient/tp_end1_6.vpcf_c	2332
particles/ambient/tp_end1_5.vpcf_c	2060
particles/ambient/tp_end1_4_9_b.vpcf_c	1821
particles/ambient/tp_end1_4_9_a.vpcf_c	1943
particles/ambient/tp_end1_4_9.vpcf_c	2194
particles/ambient/tp_end1_4_8_b.vpcf_c	2489
particles/ambient/tp_end1_4_8_a.vpcf_c	2029
particles/ambient/tp_end1_4_8.vpcf_c	1332
particles/ambient/tp_end1_4_7.vpcf_c	2002
particles/ambient/tp_end1_4_6.vpcf_c	2518
particles/ambient/tp_end1_4_5.vpcf_c	1796
particles/ambient/tp_end1_4_4.vpcf_c	1802
particles/ambient/tp_end1_4_3_a.vpcf_c	1919
particles/ambient/tp_end1_4_3.vpcf_c	1992
particles/ambient/tp_end1_4_2.vpcf_c	1927
particles/ambient/tp_end1_4_13.vpcf_c	2018
particles/ambient/tp_end1_4_12.vpcf_c	2047
particles/ambient/tp_end1_4_11.vpcf_c	2232
particles/ambient/tp_end1_4_10.vpcf_c	1931
particles/ambient/tp_end1_4_1.vpcf_c	2072
particles/ambient/tp_end1_4.vpcf_c	2706
particles/ambient/tp_end1_3.vpcf_c	1940
particles/ambient/tp_end1_2.vpcf_c	1627
particles/ambient/tp_end1_1.vpcf_c	1470
particles/ambient/tp_end1.vpcf_c	1652
particles/ambient/soul_foot_b.vpcf_c	1588
particles/ambient/soul_foot_a.vpcf_c	2906
particles/ambient/soul_foot.vpcf_c	2611
particles/ambient/foot9_b.vpcf_c	2470
particles/ambient/foot9_a.vpcf_c	2839
particles/ambient/foot9.vpcf_c	3373
particles/ambient/foot8_b.vpcf_c	1515
particles/ambient/foot8_a.vpcf_c	2239
particles/ambient/foot8.vpcf_c	3060
particles/ambient/foot7_b.vpcf_c	1515
particles/ambient/foot7_a.vpcf_c	2239
particles/ambient/foot7.vpcf_c	3017
particles/ambient/foot6_b.vpcf_c	1515
particles/ambient/foot6_a.vpcf_c	2239
particles/ambient/foot6.vpcf_c	3049
particles/ambient/foot5_b.vpcf_c	1515
particles/ambient/foot5_a.vpcf_c	2239
particles/ambient/foot5.vpcf_c	3068
particles/ambient/foot4_b.vpcf_c	1515
particles/ambient/foot4_a.vpcf_c	2239
particles/ambient/foot4.vpcf_c	3013
particles/ambient/foot3_b.vpcf_c	1515
particles/ambient/foot3_a.vpcf_c	2239
particles/ambient/foot3.vpcf_c	3048
particles/ambient/foot2_b.vpcf_c	1515
particles/ambient/foot2_a.vpcf_c	2239
particles/ambient/foot2.vpcf_c	3089
particles/ambient/foot1_b.vpcf_c	1515
particles/ambient/foot1_a.vpcf_c	2239
particles/ambient/foot15_b.vpcf_c	2470
particles/ambient/foot15_a.vpcf_c	2839
particles/ambient/foot15.vpcf_c	3374
particles/ambient/foot14_b.vpcf_c	2456
particles/ambient/foot14_a.vpcf_c	3079
particles/ambient/foot14.vpcf_c	3413
particles/ambient/foot13_b.vpcf_c	2470
particles/ambient/foot13_a.vpcf_c	2839
particles/ambient/foot13.vpcf_c	3407
particles/ambient/foot12_b.vpcf_c	1515
particles/ambient/foot12_a.vpcf_c	2239
particles/ambient/foot12.vpcf_c	3100
particles/ambient/foot11_b.vpcf_c	1515
particles/ambient/foot11_a.vpcf_c	2239
particles/ambient/foot11.vpcf_c	3100
particles/ambient/foot10_b.vpcf_c	1515
particles/ambient/foot10_a.vpcf_c	2239
particles/ambient/foot10.vpcf_c	3062
particles/ambient/foot1.vpcf_c	2477
particles/ambient/fengchui_ambient_8.vpcf_c	1656
particles/ambient/fengchui_ambient_7_a.vpcf_c	1928
particles/ambient/fengchui_ambient_7.vpcf_c	1999
particles/ambient/fengchui_ambient_6.vpcf_c	1641
particles/ambient/fengchui_ambient_5.vpcf_c	1743
particles/ambient/fengchui_ambient_4.vpcf_c	2274
particles/ambient/fengchui_ambient_3_b.vpcf_c	2571
particles/ambient/fengchui_ambient_3_a.vpcf_c	2556
particles/ambient/fengchui_ambient_3.vpcf_c	1190
particles/ambient/fengchui_ambient_2.vpcf_c	3211
particles/ambient/fengchui_ambient_1.vpcf_c	3071
particles/ambient/fengchui_ambient.vpcf_c	3505
particles/ambient/ambient9_1.vpcf_c	2427
particles/ambient/ambient9.vpcf_c	931
particles/ambient/ambient8_1_c.vpcf_c	2620
particles/ambient/ambient8_1_b.vpcf_c	2260
particles/ambient/ambient8_1_a.vpcf_c	1951
particles/ambient/ambient8_1.vpcf_c	2429
particles/ambient/ambient8.vpcf_c	2018
particles/ambient/ambient7_2.vpcf_c	1919
particles/ambient/ambient7_1.vpcf_c	1895
particles/ambient/ambient7.vpcf_c	2063
particles/ambient/ambient6_1.vpcf_c	1908
particles/ambient/ambient6.vpcf_c	2610
particles/ambient/ambient5_7_a.vpcf_c	2254
particles/ambient/ambient5_7.vpcf_c	2303
particles/ambient/ambient5_6_c.vpcf_c	2065
particles/ambient/ambient5_6_b.vpcf_c	2191
particles/ambient/ambient5_6_a.vpcf_c	2236
particles/ambient/ambient5_6.vpcf_c	1008
particles/ambient/ambient5_5_b_1.vpcf_c	2392
particles/ambient/ambient5_5_b.vpcf_c	2691
particles/ambient/ambient5_5_a.vpcf_c	2316
particles/ambient/ambient5_5.vpcf_c	950
particles/ambient/ambient5_4_a.vpcf_c	1679
particles/ambient/ambient5_4.vpcf_c	1918
particles/ambient/ambient5_3.vpcf_c	1851
particles/ambient/ambient5_2.vpcf_c	2233
particles/ambient/ambient5_1.vpcf_c	1818
particles/ambient/ambient5.vpcf_c	1550
particles/ambient/ambient4_4.vpcf_c	2664
particles/ambient/ambient4_3_a.vpcf_c	1297
particles/ambient/ambient4_3.vpcf_c	2082
particles/ambient/ambient4_2_a.vpcf_c	1679
particles/ambient/ambient4_2.vpcf_c	1918
particles/ambient/ambient4_1.vpcf_c	2233
particles/ambient/ambient4.vpcf_c	1338
particles/ambient/ambient3_1_d.vpcf_c	2092
particles/ambient/ambient3_1_c.vpcf_c	2100
particles/ambient/ambient3_1_b.vpcf_c	2144
particles/ambient/ambient3_1_a.vpcf_c	2051
particles/ambient/ambient3_1.vpcf_c	1180
particles/ambient/ambient3.vpcf_c	943
particles/ambient/ambient2_8.vpcf_c	1568
particles/ambient/ambient2_7_a.vpcf_c	1866
particles/ambient/ambient2_7.vpcf_c	1917
particles/ambient/ambient2_6.vpcf_c	1570
particles/ambient/ambient2_5.vpcf_c	1743
particles/ambient/ambient2_4.vpcf_c	2217
particles/ambient/ambient2_3_b.vpcf_c	1890
particles/ambient/ambient2_3_a.vpcf_c	1851
particles/ambient/ambient2_3.vpcf_c	1140
particles/ambient/ambient2_2.vpcf_c	2147
particles/ambient/ambient2_1.vpcf_c	2086
particles/ambient/ambient2.vpcf_c	2683
particles/ambient/ambient1_4.vpcf_c	2024
particles/ambient/ambient1_3.vpcf_c	2752
particles/ambient/ambient1_2.vpcf_c	2503
particles/ambient/ambient1_1.vpcf_c	2799
particles/ambient/ambient17_2.vpcf_c	2140
particles/ambient/ambient17_1.vpcf_c	2462
particles/ambient/ambient17.vpcf_c	724
particles/ambient/ambient16_3.vpcf_c	2567
particles/ambient/ambient16_2.vpcf_c	2063
particles/ambient/ambient16_1_b.vpcf_c	1515
particles/ambient/ambient16_1_a.vpcf_c	2255
particles/ambient/ambient16_1.vpcf_c	2474
particles/ambient/ambient16.vpcf_c	2598
particles/ambient/ambient15_6.vpcf_c	2018
particles/ambient/ambient15_5.vpcf_c	1787
particles/ambient/ambient15_4.vpcf_c	1728
particles/ambient/ambient15_3.vpcf_c	2057
particles/ambient/ambient15_2.vpcf_c	1752
particles/ambient/ambient15_1.vpcf_c	1627
particles/ambient/ambient15.vpcf_c	1357
particles/ambient/ambient14.vpcf_c	2270
particles/ambient/ambient13_3.vpcf_c	1860
particles/ambient/ambient13_2.vpcf_c	2223
particles/ambient/ambient13_1_b.vpcf_c	3352
particles/ambient/ambient13_1_a.vpcf_c	3328
particles/ambient/ambient13_1.vpcf_c	1013
particles/ambient/ambient13.vpcf_c	1204
particles/ambient/ambient12_1_b.vpcf_c	2717
particles/ambient/ambient12_1_a.vpcf_c	2645
particles/ambient/ambient12_1.vpcf_c	956
particles/ambient/ambient12.vpcf_c	974
particles/ambient/ambient11_5.vpcf_c	2340
particles/ambient/ambient11_4_c.vpcf_c	1923
particles/ambient/ambient11_4_b.vpcf_c	1846
particles/ambient/ambient11_4_a.vpcf_c	1782
particles/ambient/ambient11_4.vpcf_c	2024
particles/ambient/ambient11_3_c.vpcf_c	1924
particles/ambient/ambient11_3_b.vpcf_c	1854
particles/ambient/ambient11_3_a.vpcf_c	1779
particles/ambient/ambient11_3.vpcf_c	2148
particles/ambient/ambient11_2_g.vpcf_c	1962
particles/ambient/ambient11_2_f.vpcf_c	1946
particles/ambient/ambient11_2_e.vpcf_c	1962
particles/ambient/ambient11_2_d.vpcf_c	1946
particles/ambient/ambient11_2_c.vpcf_c	2095
particles/ambient/ambient11_2_b.vpcf_c	2438
particles/ambient/ambient11_2_a.vpcf_c	1818
particles/ambient/ambient11_2.vpcf_c	1082
particles/ambient/ambient11_1.vpcf_c	1977
particles/ambient/ambient11.vpcf_c	2757
particles/ambient/ambient10_5.vpcf_c	1800
particles/ambient/ambient10_4.vpcf_c	1759
particles/ambient/ambient10_3.vpcf_c	1927
particles/ambient/ambient10_2.vpcf_c	1908
particles/ambient/ambient10_1.vpcf_c	2423
particles/ambient/ambient10.vpcf_c	2998
particles/ambient/ambient1.vpcf_c	1103
particles/ambient/abilty2_8.vpcf_c	2368
particles/ambient/abilty2_7.vpcf_c	1870
particles/ambient/abilty2_6.vpcf_c	1831
particles/ambient/abilty2_5.vpcf_c	1957
particles/ambient/abilty2_4.vpcf_c	1915
particles/ambient/abilty2_3.vpcf_c	1578
particles/ambient/abilty2_2.vpcf_c	1753
particles/ambient/abilty2_1.vpcf_c	1982
particles/ambient/abilty2.vpcf_c	2191
particles/ambient/abilty1_6.vpcf_c	1923
particles/ambient/abilty1_5.vpcf_c	2160
particles/ambient/abilty1_4.vpcf_c	1562
particles/ambient/abilty1_3.vpcf_c	1846
particles/ambient/abilty1_2_b.vpcf_c	2357
particles/ambient/abilty1_2_a.vpcf_c	2271
particles/ambient/abilty1_2.vpcf_c	872
particles/ambient/abilty1_1_b.vpcf_c	1610
particles/ambient/abilty1_1_a.vpcf_c	1592
particles/ambient/abilty1_1.vpcf_c	2192
particles/ambient/abilty1.vpcf_c	2703
particles/_2tnt_lihui_1.vpcf_c	3573
particles/_2screen_killbanner_compendium14_triplekill_flare_d.vpcf_c	3226
particles/wings_1.vpcf_c	1749
particles/tnt_ssr_texiao1_e.vpcf_c	2564
particles/tnt_ssr_texiao1_d.vpcf_c	2126
particles/tnt_ssr_texiao1_c.vpcf_c	1835
particles/tnt_ssr_texiao1_b.vpcf_c	1990
particles/tnt_ssr_texiao1.vpcf_c	2823
particles/tnt_ssr_body2frontpage_arc.vpcf_c	4672
particles/tnt_ssr_body2frontpage_ambient.vpcf_c	2279
particles/tnt_ssr_body2focusfire_ground_disc_pnt.vpcf_c	2492
particles/tnt_ssr_body2focusfire_ground_disc.vpcf_c	3458
particles/tnt_ssr_body2focusfire_ground_butterfly_glow.vpcf_c	2490
particles/tnt_ssr_body2debut_wind_pnt.vpcf_c	2575
particles/tnt_ssr_body2debut_ambient_ground_arcs_pnt.vpcf_c	2535
particles/tnt_ssr_body2debut_ambient_focusfire_ground_mist_bg.vpcf_c	3039
particles/tnt_ssr_body2debut_ambient_focusfire_ground_mist.vpcf_c	2957
particles/tnt_ssr_body2debut_ambient_focusfire_ground_butterfly.vpcf_c	3629
particles/tnt_ssr_body2ambient_spiral_pnt.vpcf_c	2001
particles/tnt_ssr_body2ambient_spiral.vpcf_c	3551
particles/tnt_ssr_body2ambient_smoke.vpcf_c	3218
particles/tnt_ssr_body2ambient_mist.vpcf_c	3416
particles/tnt_ssr_body2ambient_leg_wind_arcs06.vpcf_c	3973
particles/tnt_ssr_body2ambient_leg_swoop.vpcf_c	3624
particles/tnt_ssr_body2ambient_leg_r_pnt.vpcf_c	2522
particles/tnt_ssr_body2ambient_leg_r.vpcf_c	1280
particles/tnt_ssr_body2ambient_leg_l_pnt.vpcf_c	2358
particles/tnt_ssr_body2ambient_leg_l.vpcf_c	1177
particles/tnt_ssr_body2ambient_leg_dust.vpcf_c	3696
particles/tnt_ssr_body2ambient_leg_arc_flat_b.vpcf_c	4149
particles/tnt_ssr_body2ambient_leg_arc_flat.vpcf_c	4094
particles/tnt_ssr_body2ambient_ground_leaf_child.vpcf_c	3238
particles/tnt_ssr_body2ambient_ground_leaf.vpcf_c	4454
particles/tnt_ssr_body2ambient_ground_arcs_flat.vpcf_c	3648
particles/tnt_raid_3_aura_ring.vpcf_c	2047
particles/tnt_raid_3_aura_b.vpcf_c	1322
particles/tnt_raid_3_aura.vpcf_c	2704
particles/tnt_proj_ssr1spot_b.vpcf_c	1808
particles/tnt_proj_ssr1spot.vpcf_c	1921
particles/tnt_proj_ssr1impact_smoke.vpcf_c	2240
particles/tnt_proj_ssr1impact_burst.vpcf_c	2973
particles/tnt_proj_ssr1impact.vpcf_c	2963
particles/tnt_proj_ssr1aghs_pulse.vpcf_c	2948
particles/tnt_proj_ssr1aghs_embers.vpcf_c	3309
particles/tnt_proj_ssr1aghs_core.vpcf_c	3018
particles/tnt_proj_ssr1aghs_burn.vpcf_c	2163
particles/tnt_proj_ssr1aghs.vpcf_c	4031
particles/tnt_proj_5_trail_b.vpcf_c	2636
particles/tnt_proj_5_trail.vpcf_c	2596
particles/tnt_proj_5_sparks.vpcf_c	2639
particles/tnt_proj_5_outline.vpcf_c	3527
particles/tnt_proj_5_light.vpcf_c	1606
particles/tnt_proj_5_flash.vpcf_c	1952
particles/tnt_proj_5_end_soot.vpcf_c	2544
particles/tnt_proj_5_end_smoke.vpcf_c	2693
particles/tnt_proj_5_end_light.vpcf_c	2339
particles/tnt_proj_5_end_flek.vpcf_c	2604
particles/tnt_proj_5_end_flash.vpcf_c	2574
particles/tnt_proj_5_end_embers.vpcf_c	2540
particles/tnt_proj_5_end_elec.vpcf_c	2845
particles/tnt_proj_5_end_burst.vpcf_c	2808
particles/tnt_proj_5_end_2_soot.vpcf_c	2544
particles/tnt_proj_5_end_2_smoke.vpcf_c	2693
particles/tnt_proj_5_end_2_light.vpcf_c	2340
particles/tnt_proj_5_end_2_flek.vpcf_c	2604
particles/tnt_proj_5_end_2_flash.vpcf_c	2574
particles/tnt_proj_5_end_2_embers.vpcf_c	2540
particles/tnt_proj_5_end_2_elec.vpcf_c	2866
particles/tnt_proj_5_end_2_burst.vpcf_c	2808
particles/tnt_proj_5_end_2.vpcf_c	1374
particles/tnt_proj_5_end.vpcf_c	1329
particles/tnt_proj_5_embers.vpcf_c	2671
particles/tnt_proj_5_elec.vpcf_c	2675
particles/tnt_proj_5_edge_b.vpcf_c	3445
particles/tnt_proj_5_edge.vpcf_c	3266
particles/tnt_proj_5.vpcf_c	3333
particles/tnt_pnimu_1_shake.vpcf_c	1152
particles/tnt_pnimu_1_g.vpcf_c	1764
particles/tnt_pnimu_1_f.vpcf_c	1734
particles/tnt_pnimu_1_electric.vpcf_c	1706
particles/tnt_pnimu_1_e.vpcf_c	1798
particles/tnt_pnimu_1_d.vpcf_c	1710
particles/tnt_pnimu_1_c.vpcf_c	1796
particles/tnt_pnimu_1_burst_b_trail.vpcf_c	1544
particles/tnt_pnimu_1_burst_b.vpcf_c	2180
particles/tnt_pnimu_1_burst.vpcf_c	2052
particles/tnt_pnimu_1_b.vpcf_c	2431
particles/tnt_pnimu_1_a.vpcf_c	1657
particles/tnt_pnimu_1.vpcf_c	2158
particles/tnt_overhead_4.vpcf_c	2272
particles/tnt_overhead_3.vpcf_c	1567
particles/tnt_overhead_2_model.vpcf_c	2875
particles/tnt_overhead_2_glow.vpcf_c	2992
particles/tnt_overhead_2_flash.vpcf_c	1787
particles/tnt_overhead_2_energy.vpcf_c	1613
particles/tnt_overhead_2.vpcf_c	1815
particles/tnt_overhead_1_model.vpcf_c	2793
particles/tnt_overhead_1_glow.vpcf_c	2921
particles/tnt_overhead_1_flash.vpcf_c	1726
particles/tnt_overhead_1_energy.vpcf_c	1548
particles/tnt_overhead_1.vpcf_c	1789
particles/tnt_line_warning_1.vpcf_c	2937
particles/tnt_line_1_light.vpcf_c	1412
particles/tnt_line_1_g.vpcf_c	1811
particles/tnt_line_1_f_glow.vpcf_c	1434
particles/tnt_line_1_f.vpcf_c	1775
particles/tnt_line_1_e.vpcf_c	2102
particles/tnt_line_1_d_glow.vpcf_c	1658
particles/tnt_line_1_d.vpcf_c	2252
particles/tnt_line_1_char.vpcf_c	3073
particles/tnt_line_1_c.vpcf_c	2065
particles/tnt_line_1_b.vpcf_c	2179
particles/tnt_line_1.vpcf_c	2843
particles/tnt_lihui_nvqiang1tnt_lihui_1.vpcf_c	3322
particles/tnt_lihui_nvqiang1screen_killbanner_compendium14_triplekill_flare_d.vpcf_c	3123
particles/tnt_lihui_1.vpcf_c	3255
particles/tnt_illusion_1_warp.vpcf_c	1706
particles/tnt_illusion_1_model.vpcf_c	2620
particles/tnt_illusion_1_hit.vpcf_c	1765
particles/tnt_illusion_1_glow.vpcf_c	1671
particles/tnt_illusion_1_arc_core.vpcf_c	2209
particles/tnt_illusion_1_arc.vpcf_c	2200
particles/tnt_illusion_1_2_warp.vpcf_c	1706
particles/tnt_illusion_1_2_model.vpcf_c	2638
particles/tnt_illusion_1_2_hit.vpcf_c	1783
particles/tnt_illusion_1_2_glow.vpcf_c	1671
particles/tnt_illusion_1_2_arc_core.vpcf_c	2209
particles/tnt_illusion_1_2_arc.vpcf_c	2200
particles/tnt_illusion_1_2.vpcf_c	1108
particles/tnt_illusion_1.vpcf_c	1106
particles/tnt_ground_crash1_sparks_sml.vpcf_c	2172
particles/tnt_ground_crash1_sparks_lrg.vpcf_c	2328
particles/tnt_ground_crash1_smoke.vpcf_c	2073
particles/tnt_ground_crash1_scorch.vpcf_c	1381
particles/tnt_ground_crash1_ring_glow.vpcf_c	1841
particles/tnt_ground_crash1_ring_b.vpcf_c	2113
particles/tnt_ground_crash1_ring.vpcf_c	2109
particles/tnt_ground_crash1_rays.vpcf_c	1956
particles/tnt_ground_crash1_projected.vpcf_c	1450
particles/tnt_ground_crash1_light.vpcf_c	1597
particles/tnt_ground_crash1_icon_ring.vpcf_c	1533
particles/tnt_ground_crash1_icon_rays.vpcf_c	1959
particles/tnt_ground_crash1_icon_dark.vpcf_c	1430
particles/tnt_ground_crash1_icon.vpcf_c	1634
particles/tnt_ground_crash1_flash_shrink.vpcf_c	1792
particles/tnt_ground_crash1_flare.vpcf_c	1645
particles/tnt_ground_crash1_flame_ring_b.vpcf_c	2376
particles/tnt_ground_crash1_flame_ring.vpcf_c	2542
particles/tnt_ground_crash1_embers_b.vpcf_c	2110
particles/tnt_ground_crash1_embers.vpcf_c	2328
particles/tnt_ground_crash1.vpcf_c	1674
particles/tnt_ground_3_sparks_sml.vpcf_c	2156
particles/tnt_ground_3_sparks_lrg.vpcf_c	2312
particles/tnt_ground_3_smoke.vpcf_c	2073
particles/tnt_ground_3_scorch.vpcf_c	1381
particles/tnt_ground_3_ring_glow.vpcf_c	1825
particles/tnt_ground_3_ring_b.vpcf_c	2113
particles/tnt_ground_3_ring.vpcf_c	2109
particles/tnt_ground_3_rays.vpcf_c	1956
particles/tnt_ground_3_projected.vpcf_c	1434
particles/tnt_ground_3_light.vpcf_c	1597
particles/tnt_ground_3_icon_ring.vpcf_c	1533
particles/tnt_ground_3_icon_rays.vpcf_c	1959
particles/tnt_ground_3_icon_dark.vpcf_c	1414
particles/tnt_ground_3_icon.vpcf_c	1634
particles/tnt_ground_3_flash_shrink.vpcf_c	1792
particles/tnt_ground_3_flare.vpcf_c	1629
particles/tnt_ground_3_flame_ring_b.vpcf_c	2376
particles/tnt_ground_3_flame_ring.vpcf_c	2542
particles/tnt_ground_3_embers_b.vpcf_c	2110
particles/tnt_ground_3_embers.vpcf_c	2328
particles/tnt_ground_3.vpcf_c	2041
particles/tnt_ground_2.vpcf_c	2541
particles/tnt_ground_1.vpcf_c	2643
particles/tnt_foot_ssr_1_trail_b.vpcf_c	2191
particles/tnt_foot_ssr_1_trail.vpcf_c	2240
particles/tnt_foot_ssr_1_poof.vpcf_c	1729
particles/tnt_foot_ssr_1_halo.vpcf_c	2090
particles/tnt_foot_ssr_1_ground_shard.vpcf_c	2907
particles/tnt_foot_ssr_1_ground_ice.vpcf_c	1950
particles/tnt_foot_ssr_1_ground_glint.vpcf_c	1684
particles/tnt_foot_ssr_1_ground_frost.vpcf_c	2234
particles/tnt_foot_ssr_1_glow.vpcf_c	1766
particles/tnt_foot_ssr_1_frost.vpcf_c	2065
particles/tnt_foot_ssr_1_flare.vpcf_c	1915
particles/tnt_foot_ssr_1_flakes_b.vpcf_c	2346
particles/tnt_foot_ssr_1_flakes.vpcf_c	2479
particles/tnt_foot_ssr_1_ember.vpcf_c	1948
particles/tnt_foot_ssr_1_cm.vpcf_c	1952
particles/tnt_foot_ssr_1_angels_glow.vpcf_c	1897
particles/tnt_foot_ssr_1_angels.vpcf_c	3986
particles/tnt_foot_ssr_1.vpcf_c	2867
particles/tnt_foot_dingzhi_1_trail.vpcf_c	2249
particles/tnt_foot_dingzhi_1_poof.vpcf_c	1824
particles/tnt_foot_dingzhi_1_ground_shard.vpcf_c	2927
particles/tnt_foot_dingzhi_1_ground_ice.vpcf_c	2065
particles/tnt_foot_dingzhi_1_ground_glint.vpcf_c	1797
particles/tnt_foot_dingzhi_1_ground_frost.vpcf_c	2345
particles/tnt_foot_dingzhi_1_glow.vpcf_c	1828
particles/tnt_foot_dingzhi_1_flare.vpcf_c	1963
particles/tnt_foot_dingzhi_1_flakes_b.vpcf_c	2371
particles/tnt_foot_dingzhi_1_flakes.vpcf_c	2537
particles/tnt_foot_dingzhi_1_ember.vpcf_c	2704
particles/tnt_foot_dingzhi_1_angels_glow.vpcf_c	1984
particles/tnt_foot_dingzhi_1_angels.vpcf_c	3814
particles/tnt_foot_dingzhi_1.vpcf_c	3001
particles/tnt_emma_attack_event_blur_steam.vpcf_c	2982
particles/tnt_emma_attack_event_blur_base.vpcf_c	3197
particles/tnt_emma_attack_event_blur.vpcf_c	3372
particles/tnt_emma_attack_event.vpcf_c	1423
particles/tnt_body_ssr_4_swirl.vpcf_c	2600
particles/tnt_body_ssr_4_smoke_detail.vpcf_c	2812
particles/tnt_body_ssr_4_smoke.vpcf_c	2698
particles/tnt_body_ssr_4_ring_twinkle.vpcf_c	1694
particles/tnt_body_ssr_4_ring_rope.vpcf_c	2808
particles/tnt_body_ssr_4_ring.vpcf_c	1051
particles/tnt_body_ssr_4_ground_spot.vpcf_c	2464
particles/tnt_body_ssr_4_ground_rope.vpcf_c	2539
particles/tnt_body_ssr_4_ground_crack.vpcf_c	2787
particles/tnt_body_ssr_4_ground_base_ray.vpcf_c	3426
particles/tnt_body_ssr_4_ground_base_glow.vpcf_c	2575
particles/tnt_body_ssr_4_ground_base.vpcf_c	2792
particles/tnt_body_ssr_4_gem_ring_glow.vpcf_c	2251
particles/tnt_body_ssr_4_gem_model.vpcf_c	2753
particles/tnt_body_ssr_4_gem_base.vpcf_c	1000
particles/tnt_body_ssr_4_gems.vpcf_c	2384
particles/tnt_body_ssr_4_detail_glow.vpcf_c	1643
particles/tnt_body_ssr_4_detail.vpcf_c	3171
particles/tnt_body_ssr_4_core.vpcf_c	2600
particles/tnt_body_ssr_4_aegis_top.vpcf_c	1649
particles/tnt_body_ssr_4_aegis_back.vpcf_c	1894
particles/tnt_body_ssr_4.vpcf_c	1867
particles/tnt_body_ssr1streak.vpcf_c	2135
particles/tnt_body_ssr1smoke.vpcf_c	1876
particles/tnt_body_ssr1petal.vpcf_c	2274
particles/tnt_body_ssr1mist.vpcf_c	1790
particles/tnt_body_ssr1lvl3_streaks.vpcf_c	2281
particles/tnt_body_ssr1lvl3_model.vpcf_c	2641
particles/tnt_body_ssr1lvl3_ground_detail.vpcf_c	1920
particles/tnt_body_ssr1lvl3_ground_dark.vpcf_c	1724
particles/tnt_body_ssr1lvl3.vpcf_c	1466
particles/tnt_body_ssr1lvl2_outline.vpcf_c	1830
particles/tnt_body_ssr1lvl2_magic.vpcf_c	3065
particles/tnt_body_ssr1happy.vpcf_c	1877
particles/tnt_body_ssr1caustic.vpcf_c	1795
particles/tnt_body_ssr1base.vpcf_c	1035
particles/tnt_body_sr_1_parent.vpcf_c	1827
particles/tnt_body_sr_1_embers.vpcf_c	2620
particles/tnt_body_sr_1_dark_outer.vpcf_c	2501
particles/tnt_body_sr_1_dark.vpcf_c	2191
particles/tnt_body_sr_1.vpcf_c	1142
particles/tnt_body_3frontpage_v2_arc.vpcf_c	4629
particles/tnt_body_3focusfire_v2_ground_butterfly_glow.vpcf_c	2516
particles/tnt_body_3focusfire_ground_disc_pnt.vpcf_c	2473
particles/tnt_body_3focusfire_ground_disc.vpcf_c	3458
particles/tnt_body_3debut_v2_wind_pnt.vpcf_c	2211
particles/tnt_body_3debut_ambient_v2_ground_arcs_pnt.vpcf_c	2534
particles/tnt_body_3debut_ambient_v2_focusfire_ground_mist_bg.vpcf_c	3041
particles/tnt_body_3debut_ambient_v2_focusfire_ground_mist.vpcf_c	2964
particles/tnt_body_3debut_ambient_v2_focusfire_ground_butterfly.vpcf_c	3633
particles/tnt_body_3debut_ambient_v2.vpcf_c	2275
particles/tnt_body_3ambient_v2_spiral_pnt.vpcf_c	2001
particles/tnt_body_3ambient_v2_spiral.vpcf_c	3548
particles/tnt_body_3ambient_v2_smoke.vpcf_c	3218
particles/tnt_body_3ambient_v2_leg_swoop.vpcf_c	3621
particles/tnt_body_3ambient_v2_leg_r.vpcf_c	1280
particles/tnt_body_3ambient_v2_leg_l.vpcf_c	1177
particles/tnt_body_3ambient_v2_leg_dust.vpcf_c	3688
particles/tnt_body_3ambient_v2_ground_leaf_child.vpcf_c	3233
particles/tnt_body_3ambient_v2_ground_leaf.vpcf_c	4449
particles/tnt_body_3ambient_v2_ground_arcs_flat.vpcf_c	3644
particles/tnt_body_3ambient_mist.vpcf_c	3416
particles/tnt_body_3ambient_leg_wind_arcs06.vpcf_c	3973
particles/tnt_body_3ambient_leg_r_pnt.vpcf_c	2502
particles/tnt_body_3ambient_leg_l_pnt.vpcf_c	2339
particles/tnt_body_3ambient_leg_arc_flat_b.vpcf_c	4149
particles/tnt_body_3ambient_leg_arc_flat.vpcf_c	4094
particles/tnt_baozhantimage_manavoid_ti_5.vpcf_c	3084
particles/tnt_baozhantimage_manavoid_lightning_ti_5.vpcf_c	1609
particles/tnt_baozhantimage_manavoid_impact_lightning_ti5.vpcf_c	1684
particles/tnt_baozhantimage_manavoid_flare_ti_5.vpcf_c	1981
particles/tnt_baozhantimage_manavoid_explode_ti_5.vpcf_c	1580
particles/tnt_baozhantimage_manavoid_explode_glow_ti_5.vpcf_c	1577
particles/tnt_baozhantimage_manavoid_explode_f_ti_5.vpcf_c	1526
particles/tnt_baozhantimage_manavoid_explode_e_warp_ti_5.vpcf_c	1552
particles/tnt_baozhantimage_manavoid_explode_e_ti_5.vpcf_c	1744
particles/tnt_baozhantimage_manavoid_explode_d_ti_5.vpcf_c	1619
particles/tnt_baozhantimage_manavoid_explode_c_ti_5.vpcf_c	2018
particles/tnt_baozhantimage_manavoid_explode_b_ti_5.vpcf_c	2245
particles/tnt_baozhantimage_manavoid_explode_b_c_ti_5.vpcf_c	1947
particles/tnt_baozhantimage_manavoid_explode_b_b_ti_5.vpcf_c	2075
particles/tnt_baozham_basher_manaburn_impact_lightning_b_ti5.vpcf_c	1614
particles/tnt_aura_ground4waves.vpcf_c	2132
particles/tnt_aura_ground4mid.vpcf_c	2444
particles/tnt_aura_ground1waves.vpcf_c	2132
particles/tnt_aura_ground1mid.vpcf_c	2456
particles/tnt_arven_attack_event_blur_steam.vpcf_c	3024
particles/tnt_arven_attack_event_blur_base.vpcf_c	3207
particles/tnt_arven_attack_event_blur.vpcf_c	3376
particles/tnt_arven_attack_event.vpcf_c	1424
particles/tnt_arven_attack2_stab_smoke.vpcf_c	3008
particles/tnt_arven_attack2_stab_overpen.vpcf_c	2617
particles/tnt_arven_attack2_stab_embers.vpcf_c	3207
particles/tnt_arven_attack2on_blur_attack3_stab.vpcf_c	2801
particles/tnt_arven_attack1_c.vpcf_c	3162
particles/tnt_arven_attack1_b.vpcf_c	2709
particles/tnt_arven_attack1.vpcf_c	3158
particles/thunder_dagger_singlestreaks.vpcf_c	3237
particles/thunder_dagger_singledash_model_dragon.vpcf_c	3204
particles/thunder_dagger_singledash_model.vpcf_c	2168
particles/thunder_dagger_singledash.vpcf_c	1139
particles/status_effect_illusion.vpcf_c	1097
particles/soul_status_1.vpcf_c	1660
particles/screen_killbanner_compendium16_firstblood_splatter2.vpcf_c	2646
particles/screen_killbanner_compendium14_triplekill_flare_d.vpcf_c	3108
particles/screen_killbanner_compendium14_firstblood_splatter2.vpcf_c	2413
particles/screen_killbanner_compendium14_firstblood_splatter1.vpcf_c	1993
particles/sandra_drillspell_ravage_pool_d.vpcf_c	2310
particles/sandra_drillspell_ravage_pool_b.vpcf_c	2521
particles/sandra_drillspell_ravage_pool.vpcf_c	1652
particles/sandra_drillspell_ravage_mid.vpcf_c	1187
particles/sandra_drillspell_ravage_low.vpcf_c	1072
particles/sandra_drillspell_ravage_e_mid.vpcf_c	2222
particles/sandra_drillspell_ravage_e_low.vpcf_c	2225
particles/sandra_drillspell_ravage_e.vpcf_c	2537
particles/sandra_drillspell_ravage_d_mid.vpcf_c	2216
particles/sandra_drillspell_ravage_d_low.vpcf_c	2217
particles/sandra_drillspell_ravage_d.vpcf_c	3149
particles/sandra_drillspell_ravage_c_mid.vpcf_c	2223
particles/sandra_drillspell_ravage_c_low.vpcf_c	2226
particles/sandra_drillspell_ravage_c.vpcf_c	2537
particles/sandra_drillspell_ravage_b_mid.vpcf_c	2216
particles/sandra_drillspell_ravage_b_low.vpcf_c	2224
particles/sandra_drillspell_ravage_b.vpcf_c	2535
particles/sandra_drillspell_ravage_a_mid.vpcf_c	2216
particles/sandra_drillspell_ravage_a_low.vpcf_c	2210
particles/sandra_drillspell_ravage_a.vpcf_c	2522
particles/sandra_drillspell_ravage.vpcf_c	1398
particles/sandra_drillravage_water_b.vpcf_c	1584
particles/sandra_drill2spell_ravage_pool_d.vpcf_c	2310
particles/sandra_drill2spell_ravage_pool_b.vpcf_c	2521
particles/sandra_drill2spell_ravage_pool.vpcf_c	1652
particles/sandra_drill2spell_ravage_mid.vpcf_c	1204
particles/sandra_drill2spell_ravage_low.vpcf_c	1089
particles/sandra_drill2spell_ravage_e_mid.vpcf_c	2223
particles/sandra_drill2spell_ravage_e_low.vpcf_c	2226
particles/sandra_drill2spell_ravage_e.vpcf_c	3139
particles/sandra_drill2spell_ravage_d_mid.vpcf_c	2217
particles/sandra_drill2spell_ravage_d_low.vpcf_c	2218
particles/sandra_drill2spell_ravage_d.vpcf_c	2523
particles/sandra_drill2spell_ravage_c_mid.vpcf_c	2224
particles/sandra_drill2spell_ravage_c_low.vpcf_c	2227
particles/sandra_drill2spell_ravage_c.vpcf_c	3150
particles/sandra_drill2spell_ravage_b_mid.vpcf_c	2217
particles/sandra_drill2spell_ravage_b_low.vpcf_c	2225
particles/sandra_drill2spell_ravage_b.vpcf_c	3060
particles/sandra_drill2spell_ravage_a_mid.vpcf_c	2217
particles/sandra_drill2spell_ravage_a_low.vpcf_c	2211
particles/sandra_drill2spell_ravage_a.vpcf_c	2516
particles/sandra_drill2spell_ravage.vpcf_c	1706
particles/sandra_drill2ravage_water_b.vpcf_c	1584
particles/raid_ground_aura_1_ring.vpcf_c	3126
particles/raid_ground_aura_1_b.vpcf_c	2461
particles/raid_ground_aura_1.vpcf_c	2794
particles/raid_ground_2_g.vpcf_c	1992
particles/raid_ground_2_f.vpcf_c	1959
particles/raid_ground_2_e.vpcf_c	1992
particles/raid_ground_2_d.vpcf_c	1959
particles/raid_ground_2_c.vpcf_c	2124
particles/raid_ground_2_b.vpcf_c	2446
particles/raid_ground_2_a.vpcf_c	1847
particles/raid_ground_2.vpcf_c	1058
particles/raid_boss_4_trail.vpcf_c	2861
particles/raid_boss_4_mist.vpcf_c	1918
particles/raid_boss_4_light.vpcf_c	1722
particles/raid_boss_4_launch_b.vpcf_c	1708
particles/raid_boss_4_launch.vpcf_c	2060
particles/raid_boss_4_g.vpcf_c	1930
particles/raid_boss_4_flakes.vpcf_c	2105
particles/raid_boss_4_f.vpcf_c	1872
particles/raid_boss_4_explode_d.vpcf_c	1907
particles/raid_boss_4_explode_c.vpcf_c	1672
particles/raid_boss_4_explode_beam.vpcf_c	1750
particles/raid_boss_4_explode_b.vpcf_c	1969
particles/raid_boss_4_explode.vpcf_c	2367
particles/raid_boss_4_e.vpcf_c	2165
particles/raid_boss_4_c.vpcf_c	2744
particles/raid_boss_4.vpcf_c	3827
particles/raid_5_taunt.vpcf_c	3182
particles/raid_5_soul_screenswipe_b.vpcf_c	2788
particles/raid_5_soul_screensplatter1.vpcf_c	2839
particles/raid_5_soul_screendrips_b.vpcf_c	2302
particles/raid_5_screen1.vpcf_c	2507
particles/raid_5_light.vpcf_c	1738
particles/raid_5_impact_b.vpcf_c	1764
particles/raid_5_impact.vpcf_c	1761
particles/raid_5_h.vpcf_c	3289
particles/raid_5_g.vpcf_c	2284
particles/raid_5_f.vpcf_c	2298
particles/raid_5_e.vpcf_c	2156
particles/raid_5_d.vpcf_c	1853
particles/raid_5_c.vpcf_c	1882
particles/raid_5_b.vpcf_c	1914
particles/raid_5_ambient_h.vpcf_c	2093
particles/raid_5_ambient_f.vpcf_c	1985
particles/raid_5_ambient_end.vpcf_c	1926
particles/raid_5_ambient_e.vpcf_c	1981
particles/raid_5_ambient_d.vpcf_c	1818
particles/raid_5_ambient_c.vpcf_c	1925
particles/raid_5_ambient_b_start.vpcf_c	1691
particles/raid_5_ambient_b.vpcf_c	1980
particles/raid_5_ambient_2_h.vpcf_c	2093
particles/raid_5_ambient_2_f.vpcf_c	1985
particles/raid_5_ambient_2_end.vpcf_c	1926
particles/raid_5_ambient_2_e.vpcf_c	1983
particles/raid_5_ambient_2_d.vpcf_c	1818
particles/raid_5_ambient_2_c.vpcf_c	1925
particles/raid_5_ambient_2_b_start.vpcf_c	1707
particles/raid_5_ambient_2_b.vpcf_c	1980
particles/raid_5_ambient_2.vpcf_c	2494
particles/raid_5_ambient.vpcf_c	2529
particles/raid_5.vpcf_c	3340
particles/raid_4_warning_1swipe_b.vpcf_c	2816
particles/raid_4_warning_1splatter1.vpcf_c	2784
particles/raid_4_warning_1drips_b.vpcf_c	2333
particles/raid_4_item_trace3.vpcf_c	1351
particles/raid_4_item_trace2.vpcf_c	1351
particles/raid_4_item_trace1_a.vpcf_c	1726
particles/raid_4_item_trace1.vpcf_c	1348
particles/raid_4_item_shell.vpcf_c	1796
particles/raid_4_item_end_b.vpcf_c	1408
particles/raid_4_item_end.vpcf_c	1406
particles/raid_4_item_e.vpcf_c	1718
particles/raid_4_item_d.vpcf_c	1599
particles/raid_4_item_cast.vpcf_c	1512
particles/raid_4_item_c.vpcf_c	1621
particles/raid_4_item_b.vpcf_c	1599
particles/raid_4_item3_ring.vpcf_c	3090
particles/raid_4_item3_b.vpcf_c	2445
particles/raid_4_item3.vpcf_c	2707
particles/raid_4_item2_ring.vpcf_c	3096
particles/raid_4_item2_b.vpcf_c	2445
particles/raid_4_item2.vpcf_c	2751
particles/raid_4_item.vpcf_c	1201
particles/raid_4_bloodsmoke_b.vpcf_c	1965
particles/raid_4_bloodsmoke.vpcf_c	1983
particles/raid_4_bloodside_d.vpcf_c	1876
particles/raid_4_bloodside_c.vpcf_c	1796
particles/raid_4_bloodside_b.vpcf_c	1769
particles/raid_4_bloodside.vpcf_c	1966
particles/raid_4_bloodmouth_d.vpcf_c	1684
particles/raid_4_bloodmouth_c.vpcf_c	1902
particles/raid_4_bloodmouth_b.vpcf_c	1711
particles/raid_4_bloodmouth_a.vpcf_c	2078
particles/raid_4_bloodmouth.vpcf_c	1044
particles/raid_4_bloodlower_d.vpcf_c	1873
particles/raid_4_bloodlower_c.vpcf_c	2016
particles/raid_4_bloodlower_b.vpcf_c	1663
particles/raid_4_bloodlower.vpcf_c	2018
particles/raid_4_bloodf.vpcf_c	1257
particles/raid_4_bloode.vpcf_c	1470
particles/raid_4_bloodd.vpcf_c	1675
particles/raid_4_bloodc.vpcf_c	1622
particles/raid_4_bloodb.vpcf_c	2182
particles/raid_4_bloodambient.vpcf_c	1482
particles/raid_4_attack2.vpcf_c	3626
particles/raid_4_attack1_embers.vpcf_c	2523
particles/raid_4_attack1.vpcf_c	3781
particles/raid_3_item2lightning_bolt_thin.vpcf_c	1774
particles/raid_3_item2lightning_bolt_modglow.vpcf_c	1651
particles/raid_3_item2lightning_bolt_glow.vpcf_c	2762
particles/raid_3_item2lightning_bolt_child.vpcf_c	2812
particles/raid_3_item2gods_wrath_sparks.vpcf_c	1777
particles/raid_3_item2base_attack_explosion_trails.vpcf_c	1810
particles/raid_3_item2base_attack_explosion_light.vpcf_c	1347
particles/raid_3_item2base_attack_explosion_core_b.vpcf_c	1777
particles/raid_3_item2base_attack_explosion_core.vpcf_c	1937
particles/raid_3_item2base_attack_explosion_b.vpcf_c	1597
particles/raid_3_item2base_attack_explosion.vpcf_c	2181
particles/raid_3_diaming_trail_smoke.vpcf_c	2861
particles/raid_3_diaming_trail.vpcf_c	2730
particles/raid_3_diaming_launch_c.vpcf_c	2135
particles/raid_3_diaming_launch_b.vpcf_c	2131
particles/raid_3_diaming_launch.vpcf_c	1989
particles/raid_3_diaming_glow.vpcf_c	2945
particles/raid_3_diaming_ember_trail.vpcf_c	2668
particles/raid_3_diaming_ash.vpcf_c	1598
particles/raid_3_diaming.vpcf_c	2207
particles/qop_bloody_raven_ambient.vpcf_c	2878
particles/phantom_assassin_linear_dagger.vpcf_c	2627
particles/naima_lihui_1_swipe.vpcf_c	2881
particles/naima_lihui_1_flare_d.vpcf_c	2887
particles/naima_lihui_1_flare_c.vpcf_c	3000
particles/naima_lihui_1_flare_b.vpcf_c	2150
particles/naima_lihui_1_flare.vpcf_c	2931
particles/naima_lihui_1.vpcf_c	2776
particles/msg_deny2.vpcf_c	2363
particles/msg_capturepoints_neutral2.vpcf_c	2228
particles/msg_bp.vpcf_c	2361
particles/monkey_king_fur_army_cast_ring_spikes.vpcf_c	2044
particles/mage_blackhole.vpcf_c	3202
particles/lycanboss_ruptureball_trail.vpcf_c	2122
particles/lycanboss_ruptureball_model.vpcf_c	1700
particles/lycanboss_ruptureball_launch.vpcf_c	1983
particles/lycanboss_ruptureball_glow_b.vpcf_c	1884
particles/lycanboss_ruptureball_glow.vpcf_c	1761
particles/lycanboss_ruptureball_gale.vpcf_c	2833
particles/lycanboss_ruptureball_explosion_flash_c.vpcf_c	1962
particles/lycanboss_ruptureball_explosion_flash_b.vpcf_c	1965
particles/lycanboss_ruptureball_explosion.vpcf_c	2464
particles/lycanboss_ruptureball_drips.vpcf_c	2156
particles/lycanboss_ruptureball_cloud_trail_b.vpcf_c	2529
particles/lycanboss_ruptureball_cloud_trail.vpcf_c	2211
particles/lihui_tnt_1.vpcf_c	2239
particles/lightthron.vpcf_c	1979
particles/legion_duel_start_ring_arcana_flags.vpcf_c	2689
particles/lanquan_wuqi_1outline.vpcf_c	3327
particles/lanquan_wuqi_1light.vpcf_c	1618
particles/lanquan_wing2shadow_p.vpcf_c	1101
particles/lanquan_wing2shadow_glow.vpcf_c	1919
particles/lanquan_wing2shadow.vpcf_c	2216
particles/lanquan_wing2r_up.vpcf_c	3193
particles/lanquan_wing2r_mid.vpcf_c	3126
particles/lanquan_wing2r_lower.vpcf_c	2155
particles/lanquan_wing2r_bottom.vpcf_c	3178
particles/lanquan_wing2r.vpcf_c	2131
particles/lanquan_wing2p.vpcf_c	1533
particles/lanquan_wing2l_up.vpcf_c	3179
particles/lanquan_wing2l_mid.vpcf_c	3126
particles/lanquan_wing2l_lower.vpcf_c	2147
particles/lanquan_wing2l_bottom.vpcf_c	3168
particles/lanquan_wing2l.vpcf_c	2105
particles/lanquan_stab_1_stab_smoke.vpcf_c	3071
particles/lanquan_stab_1_stab_overpen.vpcf_c	2660
particles/lanquan_stab_1_stab_embers.vpcf_c	3245
particles/lanquan_stab_1on_blur_attack3_stab.vpcf_c	2850
particles/lanquan_stab2.vpcf_c	3347
particles/lanquan_lihui_1_2tnt_lihui_1.vpcf_c	3654
particles/lanquan_lihui_1_2screen_killbanner_compendium14_triplekill_flare_d.vpcf_c	3324
particles/lanquan_fist_2hands.vpcf_c	959
particles/lanquan_fist_2fire_hand_r_light.vpcf_c	1829
particles/lanquan_fist_2fire_hand_r_b.vpcf_c	2694
particles/lanquan_fist_2fire_hand_r.vpcf_c	3111
particles/lanquan_fist_2fire_hand_l_light.vpcf_c	1844
particles/lanquan_fist_2fire_hand_l_b.vpcf_c	2696
particles/lanquan_fist_2fire_hand_l.vpcf_c	2964
particles/lanquan_fist1_c.vpcf_c	1664
particles/lanquan_fist1_b.vpcf_c	1590
particles/lanquan_fist1_a.vpcf_c	1518
particles/lanquan_fist1.vpcf_c	2096
particles/lanquan_eyes_1_horns_streak_r.vpcf_c	1133
particles/lanquan_eyes_1_horns_streak_l.vpcf_c	1133
particles/lanquan_eyes_1_horns_streak.vpcf_c	3335
particles/lanquan_eyes_1_horns_ink.vpcf_c	3890
particles/lanquan_eyes_1_horns.vpcf_c	1065
particles/lanquan_eyes_1_eyes_rope.vpcf_c	3444
particles/lanquan_eyes_1_eyes_glow.vpcf_c	2296
particles/lanquan_eyes_1_eyes_flare.vpcf_c	2233
particles/lanquan_eyes_1_eyes.vpcf_c	958
particles/lanquan_eyes_1_drops.vpcf_c	3829
particles/lanquan_eyes_1_brush.vpcf_c	3684
particles/lanquan_eyes_1.vpcf_c	1155
particles/lanquan_attack_event_c.vpcf_c	3180
particles/lanquan_attack_event_b.vpcf_c	2972
particles/lanquan_attack_event.vpcf_c	3474
particles/lanquan_attack2.vpcf_c	3270
particles/lanquan_attack1.vpcf_c	3345
particles/lanquanbeidong_1ult.vpcf_c	2813
particles/lanquanbeidong_1hit_mist.vpcf_c	1781
particles/lanquanbeidong_1hit_flek.vpcf_c	3043
particles/lanquanbeidong_1hit.vpcf_c	2101
particles/lanquanbeidong_1glow.vpcf_c	1675
particles/langwang_clawpnt.vpcf_c	3015
particles/langwang_clawglow.vpcf_c	2596
particles/langwang_clawelec.vpcf_c	2551
particles/jugg_weapon_glow_variation_red_glow2.vpcf_c	2533
particles/ingame_arcane_fragments_c.vpcf_c	1809
particles/ingame_arcane_fragments_b.vpcf_c	1930
particles/ingame_arcane_fragments_a.vpcf_c	1706
particles/ingame_arcane_fragments.vpcf_c	1119
particles/heal_chainlight.vpcf_c	1651
particles/heal_chainimpact_b.vpcf_c	1572
particles/heal_chainimpact.vpcf_c	1551
particles/heal_chaing.vpcf_c	1563
particles/heal_chaind.vpcf_c	1824
particles/heal_chainc.vpcf_c	1592
particles/heal_chainb.vpcf_c	1889
particles/heal_chain.vpcf_c	3782
particles/goldenspirit.vpcf_c	2403
particles/goldenrose.vpcf_c	1306
particles/goldenrim.vpcf_c	2379
particles/goldenleafshield.vpcf_c	2680
particles/fist_tail2_dark.vpcf_c	2282
particles/fist_tail2_blood.vpcf_c	3212
particles/fist_tail2.vpcf_c	951
particles/fengzhang_aura_1_swirl.vpcf_c	2663
particles/fengzhang_aura_1_smoke_detail.vpcf_c	2875
particles/fengzhang_aura_1_smoke.vpcf_c	2762
particles/fengzhang_aura_1_ring_twinkle.vpcf_c	2384
particles/fengzhang_aura_1_ring_rope.vpcf_c	3464
particles/fengzhang_aura_1_ring.vpcf_c	1071
particles/fengzhang_aura_1_ground_spot.vpcf_c	2775
particles/fengzhang_aura_1_ground_rope.vpcf_c	2665
particles/fengzhang_aura_1_ground_crack.vpcf_c	3124
particles/fengzhang_aura_1_ground_base_ray.vpcf_c	3462
particles/fengzhang_aura_1_ground_base_glow.vpcf_c	2681
particles/fengzhang_aura_1_ground_base.vpcf_c	3162
particles/fengzhang_aura_1_gem_ring_glow.vpcf_c	2879
particles/fengzhang_aura_1_gem_model.vpcf_c	3208
particles/fengzhang_aura_1_gem_base.vpcf_c	1023
particles/fengzhang_aura_1_gems.vpcf_c	2439
particles/fengzhang_aura_1_detail_glow.vpcf_c	1675
particles/fengzhang_aura_1_detail.vpcf_c	3242
particles/fengzhang_aura_1_core.vpcf_c	2832
particles/fengzhang_aura_1_aegis_top.vpcf_c	1791
particles/fengzhang_aura_1_aegis_back.vpcf_c	3042
particles/fengzhang_aura_1.vpcf_c	1914
particles/fengjian_aoe_2_dragon_trail_detail.vpcf_c	2195
particles/fengjian_aoe_2_dragon_trail.vpcf_c	2294
particles/fengjian_aoe_2_dragon.vpcf_c	2994
particles/fengjian_aoe_2_disk.vpcf_c	2941
particles/fengjian_aoe_2.vpcf_c	951
particles/fengbi_aoe_trail_detail.vpcf_c	2179
particles/fengbi_aoe_trail.vpcf_c	2251
particles/fengbi_aoe.vpcf_c	2512
particles/emma_skin_w_proj.vpcf_c	1684
particles/emma_skin_w_hit_ring.vpcf_c	2579
particles/emma_skin_w_ground_proj.vpcf_c	1780
particles/emma_skin_w_ground.vpcf_c	1805
particles/emma_skin_w_ember.vpcf_c	2024
particles/emma_skin_w_dust_hit.vpcf_c	2041
particles/emma_skin_w_cracks.vpcf_c	1977
particles/emma_skin_w.vpcf_c	2800
particles/emma_skin_base_attack_trail_c.vpcf_c	2518
particles/emma_skin_base_attack_trail.vpcf_c	2018
particles/emma_skin_base_attack_launch_b.vpcf_c	1921
particles/emma_skin_base_attack_launch.vpcf_c	2632
particles/emma_skin_base_attack_glow.vpcf_c	1548
particles/emma_skin_base_attack_explosion_flash_b.vpcf_c	1660
particles/emma_skin_base_attack_explosion_b.vpcf_c	1640
particles/emma_skin_base_attack_explosion.vpcf_c	2015
particles/emma_skin_base_attack.vpcf_c	3695
particles/emma_lihui_1_2tnt_lihui_1.vpcf_c	3635
particles/emma_lihui_1_2screen_killbanner_compendium14_triplekill_flare_d.vpcf_c	3242
particles/ember_spirit_ambient_burning_god_glow_r2.vpcf_c	2192
particles/dungeon_bandit_archer_crescent_arrow_glow_glow_soft.vpcf_c	1871
particles/dungeon_bandit_archer_crescent_arrow_glow_core.vpcf_c	1956
particles/dungeon_bandit_archer_crescent_arrow.vpcf_c	2816
particles/dragon_baseattack_trail.vpcf_c	2691
particles/dragon_baseattack_mist.vpcf_c	1957
particles/dragon_baseattack_light.vpcf_c	1745
particles/dragon_baseattack_launch_b.vpcf_c	1741
particles/dragon_baseattack_launch.vpcf_c	2077
particles/dragon_baseattack_g.vpcf_c	1981
particles/dragon_baseattack_flakes.vpcf_c	2783
particles/dragon_baseattack_f.vpcf_c	1890
particles/dragon_baseattack_explode_d.vpcf_c	1905
particles/dragon_baseattack_explode_c.vpcf_c	1711
particles/dragon_baseattack_explode_beam.vpcf_c	1785
particles/dragon_baseattack_explode_b.vpcf_c	2008
particles/dragon_baseattack_explode.vpcf_c	2385
particles/dragon_baseattack_e.vpcf_c	2311
particles/dragon_baseattack_c.vpcf_c	1930
particles/dragon_baseattack.vpcf_c	3128
particles/dingzhi_proj_2_trail.vpcf_c	1836
particles/dingzhi_proj_2_mist.vpcf_c	1957
particles/dingzhi_proj_2_light.vpcf_c	1745
particles/dingzhi_proj_2_launch_b.vpcf_c	1725
particles/dingzhi_proj_2_launch.vpcf_c	2075
particles/dingzhi_proj_2_g.vpcf_c	1981
particles/dingzhi_proj_2_flakes.vpcf_c	2091
particles/dingzhi_proj_2_f.vpcf_c	1890
particles/dingzhi_proj_2_explode_d.vpcf_c	1905
particles/dingzhi_proj_2_explode_c.vpcf_c	1711
particles/dingzhi_proj_2_explode_beam.vpcf_c	1785
particles/dingzhi_proj_2_explode_b.vpcf_c	2008
particles/dingzhi_proj_2_explode.vpcf_c	2383
particles/dingzhi_proj_2_e.vpcf_c	2291
particles/dingzhi_proj_2_c.vpcf_c	1912
particles/dingzhi_proj_2.vpcf_c	3068
particles/dingzhi_proj2base_attack_explosion_flash_b.vpcf_c	1681
particles/dingzhi_proj2base_attack_explosion_b.vpcf_c	1681
particles/dingzhi_proj2base_attack_explosion.vpcf_c	2073
particles/dingzhi_proj2arcane_bolt_launch.vpcf_c	1932
particles/dingzhi_proj2arcane_bolt_hit_ring.vpcf_c	1982
particles/dingzhi_proj2arcane_bolt_hit_glow.vpcf_c	1957
particles/dingzhi_proj2arcane_bolt_hit.vpcf_c	2268
particles/dingzhi_proj2arcane_bolt_glows_b.vpcf_c	1455
particles/dingzhi_proj2arcane_bolt_glows.vpcf_c	2166
particles/dingzhi_proj2arcane_bolt_flash_ember.vpcf_c	1920
particles/dingzhi_proj2arcane_bolt_flash.vpcf_c	2046
particles/dingzhi_proj2arcane_bolt_energy.vpcf_c	1995
particles/dingzhi_proj2arcane_bolt_core_glow.vpcf_c	1941
particles/dingzhi_proj2arcane_bolt_birds_d.vpcf_c	2007
particles/dingzhi_proj2arcane_bolt_birds_c.vpcf_c	1654
particles/dingzhi_proj2arcane_bolt_birds_b.vpcf_c	3601
particles/dingzhi_proj2arcane_bolt_birds.vpcf_c	1861
particles/dingzhi_proj2arcane_bolt.vpcf_c	1976
particles/dark_aura_ring.vpcf_c	3141
particles/dark_aura_b.vpcf_c	1322
particles/dark_aura.vpcf_c	2648
particles/creature_true_sight_rays.vpcf_c	1484
particles/creature_true_sight.vpcf_c	1678
particles/centaur_double_edge_ti9_spikes.vpcf_c	2424
particles/bottle_ti8_ring_crystal2.vpcf_c	2886
particles/bloodseeker_rupture.vpcf_c	2982
particles/back_tail_2_r.vpcf_c	3021
particles/back_tail_2_1_b.vpcf_c	3225
particles/back_tail_2_1_a.vpcf_c	2653
particles/back_tail_2_1.vpcf_c	1028
particles/back_tail_2.vpcf_c	982
particles/back_tail_1_r.vpcf_c	3023
particles/back_tail_1_5_r.vpcf_c	3073
particles/back_tail_1_5_1_b_2_2.vpcf_c	3256
particles/back_tail_1_5_1_b_2.vpcf_c	3261
particles/back_tail_1_5_1_b.vpcf_c	3255
particles/back_tail_1_5_1_a.vpcf_c	2669
particles/back_tail_1_5_1.vpcf_c	1032
particles/back_tail_1_5.vpcf_c	984
particles/back_tail_1_4_r.vpcf_c	3094
particles/back_tail_1_4_1_b.vpcf_c	3210
particles/back_tail_1_4_1_a.vpcf_c	2669
particles/back_tail_1_4_1.vpcf_c	1057
particles/back_tail_1_4.vpcf_c	984
particles/back_tail_1_3_r.vpcf_c	3118
particles/back_tail_1_3_1_b_2.vpcf_c	3241
particles/back_tail_1_3_1_b.vpcf_c	3251
particles/back_tail_1_3_1_a.vpcf_c	2669
particles/back_tail_1_3_1.vpcf_c	1090
particles/back_tail_1_3.vpcf_c	984
particles/back_tail_1_1_b.vpcf_c	3208
particles/back_tail_1_1_a.vpcf_c	2653
particles/back_tail_1_1.vpcf_c	1028
particles/back_tail_1.vpcf_c	982
particles/baby_brood_venom_pool_splash_a.vpcf_c	2511
particles/baby_brood_venom_pool_splash.vpcf_c	2367
particles/baby_brood_venom_pool_impact_vibe.vpcf_c	1809
particles/baby_brood_venom_pool_ground_ring.vpcf_c	2369
particles/baby_brood_venom_pool_ground_modulate.vpcf_c	1893
particles/baby_brood_venom_pool_ground_burn.vpcf_c	1723
particles/baby_brood_venom_pool_explosion_glow.vpcf_c	1789
particles/baby_brood_venom_pool_explosion.vpcf_c	1716
particles/baby_brood_venom_pool_bubbles.vpcf_c	1863
particles/baby_brood_venom_pool.vpcf_c	2150
particles/agh_outpost_radiant_ambient_selected.vpcf_c	1398
particles/agh_outpost_radiant_ambient.vpcf_c	1976
particles/agh_outpost_dire_ambient_selected.vpcf_c	1282
particles/agh_outpost_dire_ambient.vpcf_c	1941
particles/act_2/wand_of_the_brine_bubble_disruption_core.vpcf_c	1869
particles/act_2/wand_of_the_brine_bubble_disruption_clouds_blue.vpcf_c	2059
particles/act_2/wand_of_the_brine_bubble_disruption_center.vpcf_c	1862
particles/act_2/wand_of_the_brine_bubble.vpcf_c	1148
particles/act_2/undead_tusk_mage_vigil_snow.vpcf_c	2368
particles/act_2/undead_tusk_mage_sigil_proj.vpcf_c	1811
particles/act_2/undead_tusk_mage_sigil_mod.vpcf_c	1950
particles/act_2/undead_tusk_mage_sigil_inner_edge.vpcf_c	2230
particles/act_2/undead_tusk_mage_sigil_frost_grow.vpcf_c	1859
particles/act_2/undead_tusk_mage_sigil_frost_chain.vpcf_c	2234
particles/act_2/undead_tusk_mage_sigil_edge.vpcf_c	1931
particles/act_2/undead_tusk_mage_sigil_death_flek.vpcf_c	2027
particles/act_2/undead_tusk_mage_sigil_death_flash.vpcf_c	2045
particles/act_2/undead_tusk_mage_sigil_death.vpcf_c	2459
particles/act_2/undead_tusk_mage_sigil_crystal_grow.vpcf_c	1715
particles/act_2/undead_tusk_mage_sigil_crystal_chain.vpcf_c	2168
particles/act_2/undead_tusk_mage_sigil_core.vpcf_c	1884
particles/act_2/undead_tusk_mage_sigil_center_glow.vpcf_c	2107
particles/act_2/undead_tusk_mage_sigil_center_ember.vpcf_c	2247
particles/act_2/undead_tusk_mage_sigil_center_dryice.vpcf_c	1942
particles/act_2/undead_tusk_mage_sigil_center.vpcf_c	2419
particles/act_2/undead_tusk_mage_sigil_base.vpcf_c	1510
particles/act_2/undead_tusk_mage_sigil.vpcf_c	1201
particles/act_2/storegga_spawn_shake.vpcf_c	1282
particles/act_2/storegga_spawn_rocks_b.vpcf_c	1814
particles/act_2/storegga_spawn_rocks.vpcf_c	1841
particles/act_2/storegga_spawn_proj.vpcf_c	1725
particles/act_2/storegga_spawn_ground_dust.vpcf_c	2115
particles/act_2/storegga_spawn_ground_dirt.vpcf_c	2128
particles/act_2/storegga_spawn_embers.vpcf_c	1731
particles/act_2/storegga_spawn_dust.vpcf_c	2282
particles/act_2/storegga_spawn_dirt_c.vpcf_c	1781
particles/act_2/storegga_spawn_dirt_b.vpcf_c	1994
particles/act_2/storegga_spawn_dirt.vpcf_c	2507
particles/act_2/storegga_spawn.vpcf_c	1585
particles/act_2/storegga_channel_streak.vpcf_c	2181
particles/act_2/storegga_channel_ground.vpcf_c	1788
particles/act_2/storegga_channel_end.vpcf_c	1879
particles/act_2/storegga_channel_elec.vpcf_c	2000
particles/act_2/storegga_channel_cloud.vpcf_c	1934
particles/act_2/storegga_channel.vpcf_c	1272
panorama_debugger.cfg	74
panorama/styles/panorama - 快捷方式.lnk	1686
panorama/scripts/custom_game/zongmianban.vjs_c	2184
panorama/scripts/custom_game/zhuangbeilan.vjs_c	9395
panorama/scripts/custom_game/wear.vjs_c	21679
panorama/scripts/custom_game/vipshop.vjs_c	2295
panorama/scripts/custom_game/tishen.vjs_c	11812
panorama/scripts/custom_game/text.vjs_c	6227
panorama/scripts/custom_game/teleport.vjs_c	6853
panorama/scripts/custom_game/summon.vjs_c	11627
panorama/scripts/custom_game/start_page_turnoff.vjs_c	642
panorama/scripts/custom_game/shops.vjs_c	39311
panorama/scripts/custom_game/savepage.vjs_c	7841
panorama/scripts/custom_game/rune.vjs_c	21501
panorama/scripts/custom_game/rollpanel.vjs_c	15627
panorama/scripts/custom_game/rightclick.vjs_c	9666
panorama/scripts/custom_game/qrcode.vjs_c	27677
panorama/scripts/custom_game/popup.vjs_c	27880
panorama/scripts/custom_game/pets.vjs_c	17312
panorama/scripts/custom_game/panorama_qrcode.vjs_c	1305
panorama/scripts/custom_game/mubiao.vjs_c	9140
panorama/scripts/custom_game/main.vjs_c	12690
panorama/scripts/custom_game/loadpage.vjs_c	12777
panorama/scripts/custom_game/loading.vjs_c	814
panorama/scripts/custom_game/inventory_item.vjs_c	23135
panorama/scripts/custom_game/initial_page.vjs_c	9073
panorama/scripts/custom_game/huanjing.vjs_c	20511
panorama/scripts/custom_game/heroui.vjs_c	4514
panorama/scripts/custom_game/hechenglist.vjs_c	8776
panorama/scripts/custom_game/gameguide.vjs_c	685
panorama/scripts/custom_game/duihuanlist.vjs_c	9203
panorama/scripts/custom_game/choose_mode_page.vjs_c	7372
panorama/scripts/custom_game/choosehero.vjs_c	13803
panorama/scripts/custom_game/bottombar.vjs_c	19952
panorama/scripts/custom_game/backpack.vjs_c	22437
panorama/scripts/custom_game/ah.vjs_c	52988
panorama/layout/custom_game/paihang/paihang.vjs_c	5640
panorama/layout/custom_game/inventory/js/inventory_combine_list.vjs_c	4615
panorama/styles/custom_game/zongmianban.vcss_c	3020
panorama/styles/custom_game/zhuangbeilan.vcss_c	3528
panorama/styles/custom_game/wear.vcss_c	4675
panorama/styles/custom_game/vipshop.vcss_c	4090
panorama/styles/custom_game/tishen.vcss_c	10016
panorama/styles/custom_game/text.vcss_c	5993
panorama/styles/custom_game/teleport.vcss_c	6798
panorama/styles/custom_game/summon.vcss_c	11577
panorama/styles/custom_game/start_page.vcss_c	4096
panorama/styles/custom_game/shops.vcss_c	28878
panorama/styles/custom_game/savepage.vcss_c	3532
panorama/styles/custom_game/rune.vcss_c	10157
panorama/styles/custom_game/rollpanel.vcss_c	8743
panorama/styles/custom_game/rightclick.vcss_c	5658
panorama/styles/custom_game/popup.vcss_c	24532
panorama/styles/custom_game/pets.vcss_c	12932
panorama/styles/custom_game/mubiao.vcss_c	3506
panorama/styles/custom_game/loadpage.vcss_c	4321
panorama/styles/custom_game/loading.vcss_c	1633
panorama/styles/custom_game/inventory_item.vcss_c	6234
panorama/styles/custom_game/initial_page.vcss_c	4694
panorama/styles/custom_game/huanjing.vcss_c	21004
panorama/styles/custom_game/heroui.vcss_c	10432
panorama/styles/custom_game/hechenglist.vcss_c	5330
panorama/styles/custom_game/gameguide.vcss_c	10497
panorama/styles/custom_game/duihuanlist.vcss_c	6716
panorama/styles/custom_game/custom_loading_screen.vcss_c	2799
panorama/styles/custom_game/choose_mode_page.vcss_c	8751
panorama/styles/custom_game/bottombar.vcss_c	7704
panorama/styles/custom_game/backpack.vcss_c	8794
panorama/styles/custom_game/ah.vcss_c	21416
panorama/layout/custom_game/paihang/paihang.vcss_c	6776
panorama/layout/custom_game/inventory/css/inventory_combine_list.vcss_c	2982
panorama/layout/custom_game/paihang/paihang.vxml_c	11306
panorama/layout/custom_game/zongmianban.vxml_c	866
panorama/layout/custom_game/zhuangbeilan.vxml_c	2677
panorama/layout/custom_game/wear.vxml_c	9095
panorama/layout/custom_game/vipshop.vxml_c	2918
panorama/layout/custom_game/tishen.vxml_c	8443
panorama/layout/custom_game/text.vxml_c	3522
panorama/layout/custom_game/teleport.vxml_c	17101
panorama/layout/custom_game/summon.vxml_c	9883
panorama/layout/custom_game/start_page.vxml_c	8051
panorama/layout/custom_game/shops.vxml_c	28294
panorama/layout/custom_game/savepage.vxml_c	3946
panorama/layout/custom_game/rollpanel.vxml_c	7895
panorama/layout/custom_game/rightclick.vxml_c	4381
panorama/layout/custom_game/popup.vxml_c	31042
panorama/layout/custom_game/pets.vxml_c	8761
panorama/layout/custom_game/mubiao.vxml_c	1170
panorama/layout/custom_game/loadpage.vxml_c	6837
panorama/layout/custom_game/loading.vxml_c	952
panorama/layout/custom_game/inventory_item.vxml_c	1739
panorama/layout/custom_game/initial_page.vxml_c	7013
panorama/layout/custom_game/huanjing.vxml_c	17100
panorama/layout/custom_game/heroui.vxml_c	24452
panorama/layout/custom_game/hechenglist.vxml_c	1942
panorama/layout/custom_game/hechenganniu.vxml_c	874
panorama/layout/custom_game/gameguide.vxml_c	10840
panorama/layout/custom_game/duihuanlist.vxml_c	7008
panorama/layout/custom_game/custom_ui_manifest.vxml_c	7299
panorama/layout/custom_game/custom_tool_tips.vxml_c	11714
panorama/layout/custom_game/custom_loading_screen.vxml_c	3728
panorama/layout/custom_game/choose_mode_page.vxml_c	9769
panorama/layout/custom_game/bottombar.vxml_c	12826
panorama/layout/custom_game/backpack.vxml_c	12409
panorama/layout/custom_game/ah.vxml_c	36067
models/units/littledeer/littledeer.vphys_c	7343
models/units/souldeer/souldeer_6ce85bc8.vagrp_c	4499
models/units/souldeer/deer_52c277b5.vagrp_c	4483
models/units/littledeer/littledeer_5fc4f204.vagrp_c	4104
models/units/deer/deer_52c277b5.vagrp_c	4430
models/heroes/shield/qishi2_e0128e05.vagrp_c	13058
models/heroes/sandra_skin/sandra_skin_pose_00680dfb.vagrp_c	8445
models/heroes/sandranew/pose_15133cb4.vagrp_c	7729
models/heroes/sandranew/bindpose_25c37280.vagrp_c	6309
models/heroes/sandra/sandra_22687b2c.vagrp_c	4043
models/heroes/naima/bingpose_8ef26849.vagrp_c	16951
models/heroes/mage_fly/idle_a06a9961.vagrp_c	11683
models/heroes/mage/idle_a06a9961.vagrp_c	12489
models/heroes/lauren/lauren_4135e04f.vagrp_c	6357
models/heroes/lauren/laurenwithflag_c28e1a0c.vagrp_c	6165
models/heroes/lauren/flag_3b198379.vagrp_c	1570
models/heroes/lanquan2/wuqi_ea4931b2.vagrp_c	740
models/heroes/lanquan2/lanquan_skin2_23122cde.vagrp_c	5831
models/heroes/lanquan2/lanquan_skin1_dc4b4418.vagrp_c	6010
models/heroes/kedl/kedl_skin_803f1fae.vagrp_c	7105
models/heroes/emma_new/bind_pose_12b4bea8.vagrp_c	8872
models/heroes/arven_skin/skin_4ee02ec5.vagrp_c	8275
models/heroes/arven/stand_dae8904a.vagrp_c	7025
models/units/souldeer/6ce85bc8/deer_special.vanim_c	11165
models/units/souldeer/6ce85bc8/deer_run.vanim_c	7792
models/units/souldeer/6ce85bc8/deer_jump.vanim_c	10523
models/units/souldeer/6ce85bc8/deer_idle.vanim_c	27073
models/units/souldeer/6ce85bc8/deer_die.vanim_c	14170
models/units/souldeer/6ce85bc8/deer_attack.vanim_c	9499
models/units/souldeer/52c277b5/deer_special.vanim_c	11165
models/units/souldeer/52c277b5/deer_run.vanim_c	7792
models/units/souldeer/52c277b5/deer_jump.vanim_c	10523
models/units/souldeer/52c277b5/deer_idle.vanim_c	27073
models/units/souldeer/52c277b5/deer_die.vanim_c	14170
models/units/souldeer/52c277b5/deer_attack.vanim_c	9499
models/units/littledeer/5fc4f204/deer_run.vanim_c	7792
models/units/littledeer/5fc4f204/deer_idle.vanim_c	27073
models/units/littledeer/5fc4f204/deer_die.vanim_c	14170
models/units/littledeer/5fc4f204/deer_attack.vanim_c	9499
models/units/deer/52c277b5/deer_special.vanim_c	11165
models/units/deer/52c277b5/deer_run.vanim_c	7792
models/units/deer/52c277b5/deer_jump.vanim_c	10523
models/units/deer/52c277b5/deer_idle.vanim_c	27073
models/units/deer/52c277b5/deer_die.vanim_c	14170
models/units/deer/52c277b5/deer_attack.vanim_c	9499
models/heroes/shield/e0128e05/tiaozhan2.vanim_c	38641
models/heroes/shield/e0128e05/spawn2.vanim_c	32477
models/heroes/shield/e0128e05/run2.vanim_c	23537
models/heroes/shield/e0128e05/idle_rare2.vanim_c	87377
models/heroes/shield/e0128e05/idle2.vanim_c	171488
models/heroes/shield/e0128e05/dunji2.vanim_c	38439
models/heroes/shield/e0128e05/die2.vanim_c	77966
models/heroes/shield/e0128e05/chidun_idle2.vanim_c	176468
models/heroes/shield/e0128e05/chidun_dunji2.vanim_c	38515
models/heroes/shield/e0128e05/chidun_chongji2.vanim_c	37088
models/heroes/shield/e0128e05/chidun_attack2_2.vanim_c	36198
models/heroes/shield/e0128e05/chidun_attack1_2.vanim_c	34589
models/heroes/shield/e0128e05/attack2_2.vanim_c	36186
models/heroes/shield/e0128e05/attack1_2.vanim_c	37640
models/heroes/sandra_skin/00680dfb/sandra_skin_pose.vanim_c	5563
models/heroes/sandra_skin/00680dfb/run.vanim_c	12198
models/heroes/sandra_skin/00680dfb/idle_rare.vanim_c	35078
models/heroes/sandra_skin/00680dfb/idle.vanim_c	17135
models/heroes/sandra_skin/00680dfb/die.vanim_c	20673
models/heroes/sandra_skin/00680dfb/cast3end.vanim_c	15566
models/heroes/sandra_skin/00680dfb/cast3.vanim_c	21130
models/heroes/sandra_skin/00680dfb/cast2.vanim_c	14588
models/heroes/sandra_skin/00680dfb/cast1.vanim_c	13176
models/heroes/sandra_skin/00680dfb/attack2.vanim_c	12890
models/heroes/sandra_skin/00680dfb/attack1.vanim_c	13797
models/heroes/sandranew/25c37280/run.vanim_c	11943
models/heroes/sandranew/15133cb4/walk.vanim_c	12668
models/heroes/sandranew/15133cb4/stand.vanim_c	16970
models/heroes/sandranew/15133cb4/spell3.vanim_c	22550
models/heroes/sandranew/15133cb4/spell2.vanim_c	20854
models/heroes/sandranew/15133cb4/spell1.vanim_c	16414
models/heroes/sandranew/15133cb4/pose.vanim_c	4994
models/heroes/sandranew/15133cb4/idle_rare.vanim_c	16389
models/heroes/sandranew/15133cb4/death.vanim_c	18045
models/heroes/sandranew/15133cb4/attack2.vanim_c	19156
models/heroes/sandranew/15133cb4/attack.vanim_c	17825
models/heroes/sandra/22687b2c/stand.vanim_c	3533
models/heroes/sandra/22687b2c/run.vanim_c	6781
models/heroes/sandra/22687b2c/laser.vanim_c	11717
models/heroes/sandra/22687b2c/flame.vanim_c	6849
models/heroes/sandra/22687b2c/death.vanim_c	10014
models/heroes/sandra/22687b2c/attack2.vanim_c	7963
models/heroes/sandra/22687b2c/attack.vanim_c	5016
models/heroes/naima/8ef26849/run2.vanim_c	48730
models/heroes/naima/8ef26849/jump.vanim_c	69461
models/heroes/naima/8ef26849/idle2.vanim_c	83826
models/heroes/naima/8ef26849/guangdan2.vanim_c	51544
models/heroes/naima/8ef26849/die2.vanim_c	53543
models/heroes/naima/8ef26849/cast2_2b.vanim_c	69463
models/heroes/naima/8ef26849/cast2_2.vanim_c	59202
models/heroes/naima/8ef26849/cast1_2.vanim_c	63859
models/heroes/naima/8ef26849/cast1.vanim_c	51548
models/heroes/naima/8ef26849/attack2.vanim_c	69457
models/heroes/mage_fly/a06a9961/run.vanim_c	38352
models/heroes/mage_fly/a06a9961/idle.vanim_c	296293
models/heroes/mage_fly/a06a9961/die.vanim_c	51339
models/heroes/mage_fly/a06a9961/cast_dazhao_idle.vanim_c	38350
models/heroes/mage_fly/a06a9961/cast_dazhao_cast2.vanim_c	47188
models/heroes/mage_fly/a06a9961/cast_dazhao_cast1.vanim_c	48156
models/heroes/mage_fly/a06a9961/cast4.vanim_c	19990
models/heroes/mage_fly/a06a9961/cast3.vanim_c	39194
models/heroes/mage_fly/a06a9961/cast2.vanim_c	122267
models/heroes/mage_fly/a06a9961/cast1.vanim_c	63760
models/heroes/mage_fly/a06a9961/attack2.vanim_c	47262
models/heroes/mage_fly/a06a9961/attack1.vanim_c	48234
models/heroes/mage/a06a9961/run.vanim_c	63035
models/heroes/mage/a06a9961/idle.vanim_c	296293
models/heroes/mage/a06a9961/die.vanim_c	51321
models/heroes/mage/a06a9961/cast_dazhao_idle.vanim_c	38356
models/heroes/mage/a06a9961/cast_dazhao_cast2.vanim_c	47188
models/heroes/mage/a06a9961/cast_dazhao_cast1.vanim_c	48156
models/heroes/mage/a06a9961/cast4.vanim_c	19990
models/heroes/mage/a06a9961/cast3.vanim_c	39194
models/heroes/mage/a06a9961/cast2.vanim_c	122267
models/heroes/mage/a06a9961/cast1.vanim_c	63760
models/heroes/mage/a06a9961/attack2.vanim_c	47747
models/heroes/mage/a06a9961/attack1.vanim_c	47125
models/heroes/lauren/c28e1a0c/runwf.vanim_c	11081
models/heroes/lauren/c28e1a0c/nuhouyouqizi.vanim_c	25214
models/heroes/lauren/c28e1a0c/nuhouspell.vanim_c	25221
models/heroes/lauren/c28e1a0c/idleyouqizi.vanim_c	45969
models/heroes/lauren/c28e1a0c/diewf.vanim_c	24538
models/heroes/lauren/c28e1a0c/bash.vanim_c	11731
models/heroes/lauren/c28e1a0c/attack_event.vanim_c	11677
models/heroes/lauren/4135e04f/spawn.vanim_c	22897
models/heroes/lauren/4135e04f/runnf.vanim_c	16119
models/heroes/lauren/4135e04f/nuhoumeiqizi.vanim_c	22914
models/heroes/lauren/4135e04f/idlemeiqizi.vanim_c	48334
models/heroes/lauren/4135e04f/dienf.vanim_c	24832
models/heroes/lauren/4135e04f/attacknf.vanim_c	17910
models/heroes/lauren/4135e04f/attack2.vanim_c	11576
models/heroes/lauren/4135e04f/attack1.vanim_c	12872
models/heroes/lauren/3b198379/flag.vanim_c	2223
models/heroes/lanquan2/dc4b4418/spawn.vanim_c	15183
models/heroes/lanquan2/dc4b4418/lanquan_sat1.vanim_c	15200
models/heroes/lanquan2/dc4b4418/lanquan_run1.vanim_c	9786
models/heroes/lanquan2/dc4b4418/lanquan_idel1.vanim_c	16545
models/heroes/lanquan2/dc4b4418/lanquan_dead1.vanim_c	16651
models/heroes/lanquan2/dc4b4418/lanquan_at2.vanim_c	13177
models/heroes/lanquan2/dc4b4418/lanquan_at1.vanim_c	12543
models/heroes/lanquan2/dc4b4418/event.vanim_c	15188
models/heroes/lanquan2/23122cde/lanquan_sat2.vanim_c	16385
models/heroes/lanquan2/23122cde/lanquan_run2.vanim_c	9131
models/heroes/lanquan2/23122cde/lanquan_idel2.vanim_c	10857
models/heroes/lanquan2/23122cde/lanquan_dead2.vanim_c	15578
models/heroes/lanquan2/23122cde/lanquan_at4.vanim_c	12302
models/heroes/lanquan2/23122cde/lanquan_at3.vanim_c	9936
models/heroes/lanquan2/23122cde/attack3.vanim_c	13154
models/heroes/lanquan2/23122cde/attack2.vanim_c	10023
models/heroes/lanquan2/23122cde/act_dota_spawn.vanim_c	19209
models/heroes/kedl/803f1fae/kedl_sat2.vanim_c	25966
models/heroes/kedl/803f1fae/kedl_sat1.vanim_c	15982
models/heroes/kedl/803f1fae/kedl_run.vanim_c	11187
models/heroes/kedl/803f1fae/kedl_idel.vanim_c	20301
models/heroes/kedl/803f1fae/kedl_dead.vanim_c	26286
models/heroes/kedl/803f1fae/kedl_at2.vanim_c	22392
models/heroes/kedl/803f1fae/kedl_at1.vanim_c	20937
models/heroes/kedl/803f1fae/cast4.vanim_c	25963
models/heroes/kedl/803f1fae/cast3.vanim_c	16227
models/heroes/emma_new/12b4bea8/run.vanim_c	20122
models/heroes/emma_new/12b4bea8/jump.vanim_c	21697
models/heroes/emma_new/12b4bea8/idle.vanim_c	39994
models/heroes/emma_new/12b4bea8/die.vanim_c	46858
models/heroes/emma_new/12b4bea8/cast_3.vanim_c	41416
models/heroes/emma_new/12b4bea8/cast2.vanim_c	35423
models/heroes/emma_new/12b4bea8/cast1.vanim_c	21698
models/heroes/emma_new/12b4bea8/attack_event.vanim_c	27045
models/heroes/emma_new/12b4bea8/attack2.vanim_c	21773
models/heroes/emma_new/12b4bea8/attack1.vanim_c	18565
models/heroes/arven_skin/4ee02ec5/run.vanim_c	11971
models/heroes/arven_skin/4ee02ec5/idle_rare.vanim_c	33530
models/heroes/arven_skin/4ee02ec5/idle.vanim_c	26295
models/heroes/arven_skin/4ee02ec5/die.vanim_c	30910
models/heroes/arven_skin/4ee02ec5/cast_ability_1.vanim_c	16459
models/heroes/arven_skin/4ee02ec5/cast3.vanim_c	25707
models/heroes/arven_skin/4ee02ec5/cast2.vanim_c	27913
models/heroes/arven_skin/4ee02ec5/cast1.vanim_c	57516
models/heroes/arven_skin/4ee02ec5/attack_event.vanim_c	16448
models/heroes/arven_skin/4ee02ec5/attack2.vanim_c	13467
models/heroes/arven_skin/4ee02ec5/attack1.vanim_c	12687
models/heroes/arven/dae8904a/stand.vanim_c	41818
models/heroes/arven/dae8904a/spell.vanim_c	29930
models/heroes/arven/dae8904a/spawn.vanim_c	29921
models/heroes/arven/dae8904a/run.vanim_c	9823
models/heroes/arven/dae8904a/idle.vanim_c	13805
models/heroes/arven/dae8904a/event.vanim_c	13865
models/heroes/arven/dae8904a/death.vanim_c	24457
models/heroes/arven/dae8904a/cast2.vanim_c	13435
models/heroes/arven/dae8904a/attack2.vanim_c	15101
models/heroes/arven/dae8904a/attack1.vanim_c	13661
models/units/souldeer/souldeer.vmesh_c	56316
models/units/souldeer/deer.vmesh_c	54476
models/units/littledeer/littledeer.vmesh_c	38312
models/units/littledeer/deer.vmesh_c	54428
models/units/xiniu.vmesh_c	41324
models/units/dragon.vmesh_c	656
models/units/deer/deer.vmesh_c	56284
models/heroes/shield/qishi2.vmesh_c	188974
models/heroes/shield/juese1.vmesh_c	134822
models/heroes/sandra_skin/sandra_skin_pose.vmesh_c	210584
models/heroes/sandranew/run.vmesh_c	206328
models/heroes/sandranew/pose.vmesh_c	180220
models/heroes/sandranew/bindpose.vmesh_c	176012
models/heroes/sandra/sandra_0eb008eb.vmesh_c	365256
models/heroes/sandra/sandra.vmesh_c	368952
models/heroes/naima/bingpose.vmesh_c	216330
models/heroes/mage_fly/idle.vmesh_c	192996
models/heroes/mage/idle.vmesh_c	193060
models/heroes/lauren/laurenwithflag.vmesh_c	165504
models/heroes/lauren/lauren.vmesh_c	165488
models/heroes/lauren/flag.vmesh_c	17060
models/heroes/lanquan2/wuqi.vmesh_c	8658
models/heroes/lanquan2/lanquan_skin3.vmesh_c	120064
models/heroes/lanquan2/lanquan_skin2_605096fc.vmesh_c	109914
models/heroes/lanquan2/lanquan_skin2.vmesh_c	109802
models/heroes/lanquan2/lanquan_skin1.vmesh_c	123136
models/heroes/lanquan2/juese6.vmesh_c	86768
models/heroes/kedl/kedl_skin.vmesh_c	251034
models/heroes/emma_new/juese5.vmesh_c	164116
models/heroes/emma_new/bind_pose.vmesh_c	226052
models/heroes/emma_new/attack1.vmesh_c	221412
models/heroes/arven_skin/skin.vmesh_c	170828
models/heroes/arven/z2.vmesh_c	182988
models/heroes/arven/z.vmesh_c	182988
models/heroes/arven/stand_8dba2548.vmesh_c	187516
models/heroes/arven/stand.vmesh_c	187340
models/heroes/arven/r.vmesh_c	184460
models/heroes/arven/q.vmesh_c	135252
models/heroes/arven/idle1.vmesh_c	183636
models/heroes/arven/idle.vmesh_c	184460
models/heroes/arven/f.vmesh_c	259572
models/heroes/arven/a.vmesh_c	183732
models/units/souldeer/souldeer.vmdl_c	4333
models/units/souldeer/deer.vmdl_c	4377
models/units/littledeer/littledeer.vmdl_c	4229
models/units/littledeer/deer.vmdl_c	3255
models/units/xiniu.vmdl_c	1397
models/units/dragon.vmdl_c	1470
models/units/deer/deer.vmdl_c	4249
models/items/lina/x_necklace_xxx/x_necklace_xxx.vmdl_c	3216
models/items/lina/x_hair_xxx/x_hair_xxx.vmdl_c	3216
models/items/lina/x_dress_xxx/x_dress_xxx.vmdl_c	3216
models/items/lina/x_arms_xxx/x_arms_xxx.vmdl_c	3216
models/items/lina/warhawk_vestiments_skirt/warhawk_vestiments_skirt.vmdl_c	3216
models/items/lina/warhawk_vestiments_necklace/warhawk_vestiments_necklace.vmdl_c	3216
models/items/lina/warhawk_vestiments_cape/warhawk_vestiments_cape.vmdl_c	3216
models/items/lina/warhawk_vestiments_arms/warhawk_vestiments_arms.vmdl_c	3216
models/items/lina/vambracesoftheslayerz1/vambracesoftheslayerz1.vmdl_c	3216
models/items/lina/tails_of_the_scorching_princess/tails_of_the_scorching_princess.vmdl_c	3216
models/items/lina/sleeves_of_the_scorching_princess/sleeves_of_the_scorching_princess.vmdl_c	3216
models/items/lina/skirtoftheslayerz10/skirtoftheslayerz10.vmdl_c	3216
models/items/lina/pw_fire_lotus/lina_belt.vmdl_c	3216
models/items/lina/pauldrons_of_the_slayer/pauldrons_of_the_slayer.vmdl_c	3216
models/items/lina/origins_flamehair/origins_flamehair.vmdl_c	3216
models/items/lina/models/items/lina/x_necklace_xxx/x_necklace_xxx.vmdl_c	3216
models/items/lina/models/items/lina/x_hair_xxx/x_hair_xxx.vmdl_c	3216
models/items/lina/models/items/lina/x_dress_xxx/x_dress_xxx.vmdl_c	3216
models/items/lina/models/items/lina/x_arms_xxx/x_arms_xxx.vmdl_c	3216
models/items/lina/models/items/lina/warhawk_vestiments_skirt/warhawk_vestiments_skirt.vmdl_c	3216
models/items/lina/models/items/lina/warhawk_vestiments_necklace/warhawk_vestiments_necklace.vmdl_c	3216
models/items/lina/models/items/lina/warhawk_vestiments_cape/warhawk_vestiments_cape.vmdl_c	3216
models/items/lina/models/items/lina/warhawk_vestiments_arms/warhawk_vestiments_arms.vmdl_c	3216
models/items/lina/models/items/lina/vambracesoftheslayerz1/vambracesoftheslayerz1.vmdl_c	3216
models/items/lina/models/items/lina/tails_of_the_scorching_princess/tails_of_the_scorching_princess.vmdl_c	3216
models/items/lina/models/items/lina/sleeves_of_the_scorching_princess/sleeves_of_the_scorching_princess.vmdl_c	3216
models/items/lina/models/items/lina/skirtoftheslayerz10/skirtoftheslayerz10.vmdl_c	3216
models/items/lina/models/items/lina/pw_fire_lotus/lina_belt.vmdl_c	3216
models/items/lina/models/items/lina/pauldrons_of_the_slayer/pauldrons_of_the_slayer.vmdl_c	3216
models/items/lina/models/items/lina/origins_flamehair/origins_flamehair.vmdl_c	3216
models/items/lina/models/items/lina/migrant_blaze_neck/migrant_blaze_neck.vmdl_c	3216
models/items/lina/models/items/lina/migrant_blaze_head/migrant_blaze_head.vmdl_c	3216
models/items/lina/models/items/lina/migrant_blaze_belt/migrant_blaze_belt.vmdl_c	3216
models/items/lina/models/items/lina/migrant_blaze_arms/migrant_blaze_arms.vmdl_c	3216
models/items/lina/models/items/lina/magnificentflame_head/magnificentflame_head.vmdl_c	3216
models/items/lina/models/items/lina/lina_braid_of_fierycurls/lina_braid_of_fierycurls.vmdl_c	3216
models/items/lina/models/items/lina/hwang_jin_yineck/hwang_jin_yineck.vmdl_c	3216
models/items/lina/models/items/lina/hwang_jin_yihead/hwang_jin_yihead.vmdl_c	3216
models/items/lina/models/items/lina/hwang_jin_yibelt/hwang_jin_yibelt.vmdl_c	3216
models/items/lina/models/items/lina/hwang_jin_yiarms/hwang_jin_yiarms.vmdl_c	3216
models/items/lina/models/items/lina/hairoftheslayerr/hairoftheslayerr.vmdl_c	3216
models/items/lina/models/items/lina/everlastingheat_neck/everlastingheat_neck.vmdl_c	3216
models/items/lina/models/items/lina/everlastingheat_head/everlastingheat_head.vmdl_c	3216
models/items/lina/models/items/lina/everlastingheat_belt/everlastingheat_belt.vmdl_c	3216
models/items/lina/models/items/lina/everlastingheat_arms/everlastingheat_arms.vmdl_c	3216
models/items/lina/models/items/lina/esl_divine_flame_neck/esl_divine_flame_neck.vmdl_c	3216
models/items/lina/models/items/lina/esl_divine_flame_head/esl_divine_flame_head.vmdl_c	3216
models/items/lina/models/items/lina/esl_divine_flame_belt/esl_divine_flame_belt.vmdl_c	3216
models/items/lina/models/items/lina/esl_divine_flame_arms/esl_divine_flame_arms.vmdl_c	3216
models/items/lina/models/items/lina/epaulettes_of_the_scorching_princess/epaulettes_of_the_scorching_princess.vmdl_c	3216
models/items/lina/models/items/lina/ember_crane_neck/ember_crane_neck.vmdl_c	3216
models/items/lina/models/items/lina/ember_crane_head/ember_crane_head.vmdl_c	3216
models/items/lina/models/items/lina/ember_crane_belt/ember_crane_belt.vmdl_c	3216
models/items/lina/models/items/lina/ember_crane_arms/ember_crane_arms.vmdl_c	3216
models/items/lina/models/items/lina/dress_of_the_scorching_princess/dress_of_the_scorching_princess.vmdl_c	3216
models/items/lina/models/items/lina/dragonfire_neck/dragonfire_neck.vmdl_c	3216
models/items/lina/models/items/lina/dragonfire_hair/dragonfire_hair.vmdl_c	3216
models/items/lina/models/items/lina/dragonfire_belt/dragonfire_belt.vmdl_c	3216
models/items/lina/models/items/lina/dragonfire_arms/dragonfire_arms.vmdl_c	3216
models/items/lina/models/items/lina/curls_of_flame/curls_of_flame.vmdl_c	3216
models/items/lina/models/items/lina/catalyst_cap2/catalyst_cap2.vmdl_c	3216
models/items/lina/models/items/lina/bewitching_flame_neck/bewitching_flame_neck.vmdl_c	3216
models/items/lina/models/items/lina/bewitching_flame_hair/bewitching_flame_hair.vmdl_c	3216
models/items/lina/models/items/lina/bewitching_flame_belt/bewitching_flame_belt.vmdl_c	3216
models/items/lina/models/items/lina/bewitching_flame_arms/bewitching_flame_arms.vmdl_c	3216
models/items/lina/models/items/lina/anuxi_solar_sleeves/anuxi_solar_sleeves.vmdl_c	3216
models/items/lina/models/items/lina/anuxi_solar_necklace/anuxi_solar_necklace.vmdl_c	3216
models/items/lina/models/items/lina/anuxi_solar_hair/anuxi_solar_hair.vmdl_c	3216
models/items/lina/models/items/lina/anuxi_solar_belt/anuxi_solar_belt.vmdl_c	3216
models/items/lina/migrant_blaze_neck/migrant_blaze_neck.vmdl_c	3216
models/items/lina/migrant_blaze_head/migrant_blaze_head.vmdl_c	3216
models/items/lina/migrant_blaze_belt/migrant_blaze_belt.vmdl_c	3216
models/items/lina/migrant_blaze_arms/migrant_blaze_arms.vmdl_c	3216
models/items/lina/magnificentflame_head/magnificentflame_head.vmdl_c	3216
models/items/lina/lina_braid_of_fierycurls/lina_braid_of_fierycurls.vmdl_c	3216
models/items/lina/hwang_jin_yineck/hwang_jin_yineck.vmdl_c	3216
models/items/lina/hwang_jin_yihead/hwang_jin_yihead.vmdl_c	3216
models/items/lina/hwang_jin_yibelt/hwang_jin_yibelt.vmdl_c	3216
models/items/lina/hwang_jin_yiarms/hwang_jin_yiarms.vmdl_c	3216
models/items/lina/hairoftheslayerr/hairoftheslayerr.vmdl_c	3216
models/items/lina/everlastingheat_neck/everlastingheat_neck.vmdl_c	3216
models/items/lina/everlastingheat_head/everlastingheat_head.vmdl_c	3216
models/items/lina/everlastingheat_belt/everlastingheat_belt.vmdl_c	3216
models/items/lina/everlastingheat_arms/everlastingheat_arms.vmdl_c	3216
models/items/lina/esl_divine_flame_neck/esl_divine_flame_neck.vmdl_c	3216
models/items/lina/esl_divine_flame_head/esl_divine_flame_head.vmdl_c	3216
models/items/lina/esl_divine_flame_belt/esl_divine_flame_belt.vmdl_c	3216
models/items/lina/esl_divine_flame_arms/esl_divine_flame_arms.vmdl_c	3216
models/items/lina/epaulettes_of_the_scorching_princess/epaulettes_of_the_scorching_princess.vmdl_c	3216
models/items/lina/ember_crane_neck/ember_crane_neck.vmdl_c	3216
models/items/lina/ember_crane_head/ember_crane_head.vmdl_c	3216
models/items/lina/ember_crane_belt/ember_crane_belt.vmdl_c	3216
models/items/lina/ember_crane_arms/ember_crane_arms.vmdl_c	3216
models/items/lina/dress_of_the_scorching_princess/dress_of_the_scorching_princess.vmdl_c	3216
models/items/lina/dragonfire_neck/dragonfire_neck.vmdl_c	3216
models/items/lina/dragonfire_hair/dragonfire_hair.vmdl_c	3216
models/items/lina/dragonfire_belt/dragonfire_belt.vmdl_c	3216
models/items/lina/dragonfire_arms/dragonfire_arms.vmdl_c	3216
models/items/lina/curls_of_flame/curls_of_flame.vmdl_c	3216
models/items/lina/catalyst_cap2/catalyst_cap2.vmdl_c	3216
models/items/lina/bewitching_flame_neck/bewitching_flame_neck.vmdl_c	3216
models/items/lina/bewitching_flame_hair/bewitching_flame_hair.vmdl_c	3216
models/items/lina/bewitching_flame_belt/bewitching_flame_belt.vmdl_c	3216
models/items/lina/bewitching_flame_arms/bewitching_flame_arms.vmdl_c	3216
models/items/lina/anuxi_solar_sleeves/anuxi_solar_sleeves.vmdl_c	3216
models/items/lina/anuxi_solar_necklace/anuxi_solar_necklace.vmdl_c	3216
models/items/lina/anuxi_solar_hair/anuxi_solar_hair.vmdl_c	3216
models/items/lina/anuxi_solar_belt/anuxi_solar_belt.vmdl_c	3216
models/heroes/windrunner/windrunner.vmdl_c	5764
models/heroes/shield/qishi2.vmdl_c	9144
models/heroes/shield/juese1.vmdl_c	1510
models/heroes/sandra_skin/sandra_skin_pose.vmdl_c	7072
models/heroes/sandranew/run.vmdl_c	5463
models/heroes/sandranew/pose.vmdl_c	6743
models/heroes/sandranew/bindpose.vmdl_c	4961
models/heroes/sandra/sandra.vmdl_c	5764
models/heroes/phantom_assassin/phantom_assassin.vmdl_c	6290
models/heroes/naima/bingpose.vmdl_c	12002
models/heroes/mage_fly/idle.vmdl_c	8237
models/heroes/mage/idle.vmdl_c	8412
models/heroes/lauren/laurenwithflag.vmdl_c	5909
models/heroes/lauren/lauren.vmdl_c	5924
models/heroes/lauren/flag.vmdl_c	2170
models/heroes/lanquan2/wuqi.vmdl_c	1726
models/heroes/lanquan2/lanquan_skin3.vmdl_c	3983
models/heroes/lanquan2/lanquan_skin2.vmdl_c	5339
models/heroes/lanquan2/lanquan_skin1.vmdl_c	5476
models/heroes/lanquan2/juese6.vmdl_c	1522
models/heroes/kedl/kedl_skin.vmdl_c	6401
models/heroes/emma_new/juese5.vmdl_c	1504
models/heroes/emma_new/bind_pose.vmdl_c	7723
models/heroes/emma_new/attack1.vmdl_c	6187
models/heroes/arven_skin/skin.vmdl_c	6953
models/heroes/arven/z2.vmdl_c	5207
models/heroes/arven/z.vmdl_c	5206
models/heroes/arven/stand.vmdl_c	6238
models/heroes/arven/r.vmdl_c	5364
models/heroes/arven/q.vmdl_c	1472
models/heroes/arven/idle1.vmdl_c	5363
models/heroes/arven/idle.vmdl_c	5383
models/heroes/arven/f.vmdl_c	1472
models/heroes/arven/a.vmdl_c	5204
models/heroes/antimage/antimage.vmdl_c	5983
materials/sounds/postal 2-b 男对话框 uax-0000000688_爱给网_aigei_com.wav	110090
materials/sounds/postal 2-b 男对话框 uax-0000000540_爱给网_aigei_com.wav	199674
materials/sounds/postal 2-b 男对话框 uax-0000000449_爱给网_aigei_com.wav	49026
materials/sounds/gemdrop.wav	28782
materials/sounds/postal 2-b 男对话框 uax-0000000600_爱给网_aigei_com.mp3	69055
materials/sounds/ding.mp3	40586
panorama/images/custom_game/zuo_png.vtex_c	18412
panorama/images/custom_game/zhuzao_png.vtex_c	64126
panorama/images/custom_game/you_png.vtex_c	18085
panorama/images/custom_game/wechat_png.vtex_c	18544
panorama/images/custom_game/vip_coin_png.vtex_c	11348
panorama/images/custom_game/vip2_png.vtex_c	11887
panorama/images/custom_game/vip1_png.vtex_c	11762
panorama/images/custom_game/tuteng_png.vtex_c	676048
panorama/images/custom_game/treeboss_png.vtex_c	344460
panorama/images/custom_game/treasure_png.vtex_c	18324
panorama/images/custom_game/touxiang_png.vtex_c	84212
panorama/images/custom_game/tina_png.vtex_c	85288
panorama/images/custom_game/tickets_png.vtex_c	25351
panorama/images/custom_game/studiologo_png.vtex_c	562368
panorama/images/custom_game/start_huanjing1_png.vtex_c	549994
panorama/images/custom_game/ssr_png.vtex_c	19204
panorama/images/custom_game/sr_png.vtex_c	19204
panorama/images/custom_game/spawn1_png.vtex_c	11905
panorama/images/custom_game/smallcrystal_png.vtex_c	34684
panorama/images/custom_game/smallcrystalshuliang_png.vtex_c	32184
panorama/images/custom_game/shuijing2_png.vtex_c	18340
panorama/images/custom_game/shuijing1_png.vtex_c	18340
panorama/images/custom_game/shamen_png.vtex_c	307338
panorama/images/custom_game/savehero_png.vtex_c	69595
panorama/images/custom_game/save1_png.vtex_c	9870
panorama/images/custom_game/sandra_avatar_png.vtex_c	144921
panorama/images/custom_game/sandratouxiang_png.vtex_c	83198
panorama/images/custom_game/r_png.vtex_c	107406
panorama/images/custom_game/rr_png.vtex_c	19204
panorama/images/custom_game/roll_png.vtex_c	56094
panorama/images/custom_game/respawn_png.vtex_c	261446
panorama/images/custom_game/qianglihui_3_png.vtex_c	1440997
panorama/images/custom_game/qianglihui_2_png.vtex_c	1616572
panorama/images/custom_game/plus_png.vtex_c	5768
panorama/images/custom_game/place7_png.vtex_c	67696
panorama/images/custom_game/place6_png.vtex_c	67696
panorama/images/custom_game/place5_png.vtex_c	67696
panorama/images/custom_game/place4_png.vtex_c	67696
panorama/images/custom_game/place3_png.vtex_c	39881
panorama/images/custom_game/place2_png.vtex_c	48597
panorama/images/custom_game/place1_png.vtex_c	49713
panorama/images/custom_game/place0_png.vtex_c	45942
panorama/images/custom_game/pick_reward_png.vtex_c	804179
panorama/images/custom_game/pet_png.vtex_c	43232
panorama/images/custom_game/pets_png.vtex_c	18308
panorama/images/custom_game/paypal_png.vtex_c	76051
panorama/images/custom_game/panelbg_png.vtex_c	363521
panorama/images/custom_game/panelbg2_png.vtex_c	251171
panorama/images/custom_game/optionlunzi_png.vtex_c	16317
panorama/images/custom_game/n_png.vtex_c	19204
panorama/images/custom_game/nvjian_png.vtex_c	3759606
panorama/images/custom_game/nulltouxiang_png.vtex_c	48860
panorama/images/custom_game/npc_saman_png.vtex_c	331409
panorama/images/custom_game/newgamebutton_png.vtex_c	538480
panorama/images/custom_game/nanquanlihui_png.vtex_c	1036998
panorama/images/custom_game/naimalihui_png.vtex_c	902541
panorama/images/custom_game/mofazheng_png.vtex_c	965338
panorama/images/custom_game/minus_png.vtex_c	5784
panorama/images/custom_game/middlecrystal_png.vtex_c	33303
panorama/images/custom_game/middlecrystalshuliang_png.vtex_c	33335
panorama/images/custom_game/logo6_png.vtex_c	328355
panorama/images/custom_game/logo5_png.vtex_c	282263
panorama/images/custom_game/loding2_png.vtex_c	936011
panorama/images/custom_game/loding1_png.vtex_c	2173120
panorama/images/custom_game/loding1_jpg.vtex_c	1295367
panorama/images/custom_game/loadherobutton_png.vtex_c	534004
panorama/images/custom_game/lingmeng_png.vtex_c	169752
panorama/images/custom_game/lauren_avatar_png.vtex_c	151146
panorama/images/custom_game/laurentouxiang_png.vtex_c	82667
panorama/images/custom_game/kyra_avatar_png.vtex_c	407848
panorama/images/custom_game/kyratouxiang_png.vtex_c	84243
panorama/images/custom_game/kapai_png.vtex_c	274762
panorama/images/custom_game/kapaiizheng_png.vtex_c	20669
panorama/images/custom_game/kapaibei_png.vtex_c	43840
panorama/images/custom_game/jianlihui_2_png.vtex_c	2397356
panorama/images/custom_game/inventoryicon_png.vtex_c	24124
panorama/images/custom_game/huanjing_png.vtex_c	2009582
panorama/images/custom_game/hecheng1_png.vtex_c	15716
panorama/images/custom_game/g_png.vtex_c	114437
panorama/images/custom_game/guide_png.vtex_c	67754
panorama/images/custom_game/guide_6_2_png.vtex_c	785593
panorama/images/custom_game/guide_6_1_png.vtex_c	236475
panorama/images/custom_game/guide_5_2_png.vtex_c	394594
panorama/images/custom_game/guide_5_1_png.vtex_c	53218
panorama/images/custom_game/guide_4_2_png.vtex_c	187500
panorama/images/custom_game/guide_4_1_png.vtex_c	1299833
panorama/images/custom_game/guide_3_3_png.vtex_c	264320
panorama/images/custom_game/guide_3_2_png.vtex_c	264320
panorama/images/custom_game/guide_3_1_png.vtex_c	207291
panorama/images/custom_game/guide_2_3_png.vtex_c	89210
panorama/images/custom_game/guide_2_2_png.vtex_c	324527
panorama/images/custom_game/guide_2_1_png.vtex_c	53516
panorama/images/custom_game/guide_1_png.vtex_c	133232
panorama/images/custom_game/guide_1_2_png.vtex_c	86745
panorama/images/custom_game/guide_1_1_png.vtex_c	91010
panorama/images/custom_game/guide2_png.vtex_c	10574
panorama/images/custom_game/guide1_png.vtex_c	10376
panorama/images/custom_game/guanggao_png.vtex_c	526464
panorama/images/custom_game/guanggao3_png.vtex_c	111558
panorama/images/custom_game/guanggao2_png.vtex_c	172868
panorama/images/custom_game/giveup_png.vtex_c	15188
panorama/images/custom_game/forwardbutton_png.vtex_c	15331
panorama/images/custom_game/emma_avatar_png.vtex_c	151063
panorama/images/custom_game/emmatouxiang_png.vtex_c	89811
panorama/images/custom_game/econ_shop_png.vtex_c	128425
panorama/images/custom_game/duihuan_png.vtex_c	68892
panorama/images/custom_game/di_png.vtex_c	373421
panorama/images/custom_game/di2_png.vtex_c	180503
panorama/images/custom_game/di1_png.vtex_c	337893
panorama/images/custom_game/collection_png.vtex_c	34873
panorama/images/custom_game/close_png.vtex_c	10815
panorama/images/custom_game/closet2_png.vtex_c	17469
panorama/images/custom_game/closet1_png.vtex_c	17411
panorama/images/custom_game/chongwuanniu_png.vtex_c	49623
panorama/images/custom_game/chineselogo_png.vtex_c	95448
panorama/images/custom_game/challenge_png.vtex_c	18340
panorama/images/custom_game/caden_avatar_png.vtex_c	504862
panorama/images/custom_game/cadentouxiang_png.vtex_c	97873
panorama/images/custom_game/boss_icon_png.vtex_c	29764
panorama/images/custom_game/bigfenghuang_png.vtex_c	388528
panorama/images/custom_game/bigcrystal_png.vtex_c	32152
panorama/images/custom_game/bigcrystalshuliang_png.vtex_c	34716
panorama/images/custom_game/bg3_png.vtex_c	928823
panorama/images/custom_game/bg2_png.vtex_c	1871323
panorama/images/custom_game/bg1_png.vtex_c	1023099
panorama/images/custom_game/backwheel_png.vtex_c	2555616
panorama/images/custom_game/background_jpg.vtex_c	84888
panorama/images/custom_game/background4_png.vtex_c	2099328
panorama/images/custom_game/background4_jpg.vtex_c	1602654
panorama/images/custom_game/background3_png.vtex_c	1563064
panorama/images/custom_game/background1_jpg.vtex_c	541348
panorama/images/custom_game/background0_jpg.vtex_c	209482
panorama/images/custom_game/backbutton_png.vtex_c	15625
panorama/images/custom_game/axeboss_png.vtex_c	337801
panorama/images/custom_game/arven_avatar_png.vtex_c	145135
panorama/images/custom_game/arventouxiang_png.vtex_c	85763
panorama/images/custom_game/an_png.vtex_c	35869
panorama/images/custom_game/anniu9_png.vtex_c	34340
panorama/images/custom_game/anniu8_png.vtex_c	34340
panorama/images/custom_game/anniu7_png.vtex_c	23260
panorama/images/custom_game/anniu6_png.vtex_c	9684
panorama/images/custom_game/anniu5_png.vtex_c	23990
panorama/images/custom_game/anniu4_png.vtex_c	34340
panorama/images/custom_game/anniu3_png.vtex_c	19271
panorama/images/custom_game/anniu2_png.vtex_c	19063
panorama/images/custom_game/anniu1_png.vtex_c	19289
panorama/images/custom_game/anniu13_png.vtex_c	25740
panorama/images/custom_game/anniu12_png.vtex_c	41166
panorama/images/custom_game/anniu11_png.vtex_c	34340
panorama/images/custom_game/anniu10_png.vtex_c	34340
panorama/images/custom_game/an4_png.vtex_c	33237
panorama/images/custom_game/an3_png.vtex_c	43672
panorama/images/custom_game/an1_png.vtex_c	36203
panorama/images/custom_game/alipay_png.vtex_c	38136
panorama/images/custom_game/ad1_png.vtex_c	1134310
panorama/images/custom_game/aboutbutton_png.vtex_c	524351
materials/shield/juese2_tga_ecca4706.vtex_c	700860
materials/shield/juese2_tga_789058a6.vtex_c	700876
materials/shield/juese2wuqi_tga_a65dc8f4.vtex_c	89204
materials/shield/juese2wuqi_tga_90e00f1b.vtex_c	89220
materials/shield/juese1_tga_d84269d3.vtex_c	700876
materials/shield/juese1wuqi_tga_396b5b8d.vtex_c	89220
materials/sandraskin/toutie_tga_b9dfe34a.vtex_c	45516
materials/sandraskin/toutie_tga_b18db811.vtex_c	45532
materials/sandraskin/qiang_tga_d0582d05.vtex_c	89204
materials/sandraskin/qiang_tga_855c30f1.vtex_c	89204
materials/sandraskin/juese3pifu_tga_3f58305a.vtex_c	700892
materials/sandraskin/juese3pifu_tga_2e8e9913.vtex_c	700908
materials/sandranew/juese3_tga_9be3e3d3.vtex_c	700876
materials/sandranew/juese3_tga_1cb348ce.vtex_c	700876
materials/sandranew/juese3wp_tga_98c03311.vtex_c	176604
materials/sandranew/juese3wp_tga_4919d850.vtex_c	176604
materials/sandra/pc_f_parts_default_hair_01-38430726_tga_b6ee932b.vtex_c	45628
materials/sandra/pc_f_parts_default_face_02-36160726_tga_ecccb500.vtex_c	45628
materials/sandra/pc_f_parts_default_face_02-36160726_tga_86f23065.vtex_c	45628
materials/sandra/pc_f_eq_default_eye_02-82780726_tga_e08b6a4d.vtex_c	12844
materials/sandra/pc_f_eq_default_eye_02-82780726_tga_9f7378e8.vtex_c	12844
materials/sandra/8_tga_6e93466c.vtex_c	2797996
materials/sandra/7_tga_fce3b1cb.vtex_c	2797996
materials/sandra/7_tga_953865b1.vtex_c	2797996
materials/particle/lingmeng_png.vtex_c	169752
materials/particle/chineselogo_png.vtex_c	95448
materials/particle/basic_trail.vtex_c	67380
materials/particle/basic_smoke.vtex_c	67460
materials/particle/basic_rope_energy.vtex_c	132948
materials/particle/basic_rope.vtex_c	67380
materials/particle/basic_glow.vtex_c	67380
materials/particle/arven_avatar_png.vtex_c	272499
materials/overviews/tatdemo1_tga_cbd91932.vtex_c	1050420
materials/mage/wuqi_tga_fe2f6e75.vtex_c	45500
materials/mage/wuqi_tga_2d3493eb.vtex_c	45484
materials/mage/nvfashi_tga_be0cbf28.vtex_c	700860
materials/mage/nvfashi_tga_94d0795b.vtex_c	700860
materials/lauren/nanjues_tga_d38c7013.vtex_c	700876
materials/lauren/nanjues_tga_198ca0f3.vtex_c	700876
materials/lauren/nanjuese_tga_8d211b3b.vtex_c	700876
materials/lauren/nanjuese_tga_4d6b5553.vtex_c	700876
materials/lanquan2/js5_tga_f9011d30.vtex_c	700860
materials/lanquan2/js5_tga_d9a37b19.vtex_c	700860
materials/keduoli/kedlwq_tga_2fc75a4a.vtex_c	176588
materials/keduoli/kedlwq_tga_1e4fe102.vtex_c	176588
materials/keduoli/kdljun_tga_d4fdf711.vtex_c	700876
materials/keduoli/kdljun_tga_2b780f22.vtex_c	700876
materials/heroes/naima/pifeng_tga_77be716e.vtex_c	176604
materials/heroes/naima/defaultmaterial_base_color_tga_e88b9598.vtex_c	2798124
materials/heroes/naima/07___default_base_color_tga_8ead9600.vtex_c	2798108
materials/emma_new/wq_tga_bf598a5e.vtex_c	45500
materials/emma_new/wq_tga_44e98d78.vtex_c	45500
materials/emma_new/juese5_tga_c21412dd.vtex_c	700876
materials/emma_new/juese5_tga_8bff2002.vtex_c	700876
materials/default/default_specmask_tga_885e1d6b.vtex_c	2996
materials/default/default_normal_tga_7652cb.vtex_c	1988
materials/default/default_fresnelwarprim_tga_d9279d65.vtex_c	18868
materials/default/default_detailmask_tga_4450da58.vtex_c	2892
materials/default/default_detail2_tga_70788555.vtex_c	1852
materials/deer/male76-87321345_tga_bf0995f2.vtex_c	45532
materials/deer/male-4465812_tga_ef4ac805.vtex_c	45532
materials/auar/mofazheng_tga_df26c937.vtex_c	700876
materials/arven_skin/juese4_tga_ab556c48.vtex_c	700876
materials/arven/dota2_tga_6bf7a3d6.vtex_c	700860
materials/arven/dota2_tga_41ab8590.vtex_c	700860
materials/vgui/hud/minimap_hero_sheet.vmat_c	7477
materials/shield/yan.vmat_c	7489
materials/shield/juese2wuqi.vmat_c	7502
materials/shield/juese2.vmat_c	5535
materials/shield/juese1wuqi.vmat_c	3113
materials/shield/juese1.vmat_c	3075
materials/sandraskin/toutie.vmat_c	7496
materials/sandraskin/qiang.vmat_c	7480
materials/sandraskin/juese3pifu.vmat_c	7548
materials/sandranew/juese3wp.vmat_c	7549
materials/sandranew/juese3.vmat_c	7479
materials/sandra/pc_f_parts_default_hair_01-38430726.vmat_c	3359
materials/sandra/pc_f_parts_default_face_02-36160726.vmat_c	7164
materials/sandra/pc_f_eq_default_eye_02-82780726.vmat_c	7170
materials/sandra/8.vmat_c	3037
materials/sandra/7.vmat_c	5449
materials/overviews/tatdemo1.vmat_c	2358
materials/mage/wuqi.vmat_c	7457
materials/mage/nvfashi.vmat_c	7435
materials/lauren/nanjuese.vmat_c	7016
materials/lauren/nanjues.vmat_c	7484
materials/lanquan2/js5.vmat_c	7466
materials/keduoli/kedlwq.vmat_c	7521
materials/keduoli/kdljun.vmat_c	7483
materials/heroes/naima/pifeng.vmat_c	7505
materials/heroes/naima/defaultmaterial_base_color.vmat_c	7772
materials/heroes/naima/07___default_base_color.vmat_c	7695
materials/emma_new/wq.vmat_c	7509
materials/emma_new/juese5.vmat_c	7501
materials/deer/male76-87321345.vmat_c	3161
materials/deer/male-4465812.vmat_c	3110
materials/auar/mofazheng.vmat_c	3052
materials/arven_skin/juese4.vmat_c	7518
materials/arven/dota2.vmat_c	7436
maps/prefabs/trap_test.vpk	1988032
maps/prefabs/tnt_raid.vpk	21810459
maps/prefabs/stage_2_base.vpk	1919415
maps/prefabs/stage_1_bridge.vpk	4966885
maps/prefabs/stage_1_base.vpk	10583255
maps/prefabs/raid_home.vpk	2505303
maps/prefabs/raid_5.vpk	577718
maps/prefabs/raid_4.vpk	2250629
maps/prefabs/raid_3.vpk	1986623
maps/prefabs/npc_tka_hero_caocao_1.vpk	7075
maps/prefabs/muzhuang.vpk	2822020
maps/prefabs/home.vpk	2662897
maps/ui.vpk	365744
maps/tnt_raid.vpk	42788850
maps/tnt_pvp.vpk	4261693
maps/tatdemo1.vpk	64456240
maps/raid_5.vpk	3738349
maps/fantacy_challenge.vpk	11369957
elements/sessions/session.autosave	14015
scripts/vscripts/addon_hud_textures.txt	169
scripts/shops/tatdemo1_shops.txt	224
scripts/npc/npc_units_custom.txt	233348
scripts/npc/npc_items_custom.txt	731748
scripts/npc/npc_items_charpterone.txt	457222
scripts/npc/npc_heroes_custom.txt	9171
scripts/npc/npc_abilities_override.txt	284337
scripts/npc/npc_abilities_custom.txt	130271
scripts/npc/huanjing_unit.txt	50636
scripts/npc/herolist.txt	259
scripts/kv/addon_schinese.txt	1258528
scripts/npc_items_fenghuang.txt	9141
scripts/heroes.txt	3745
scripts/custom_net_tables.txt	405
resource/overviews/tatdemo1.txt	107
resource/overviews/chinese.txt	244630
resource/flash3/custom_ui.txt	1460
resource/custom_game_whitelist.txt	35703
resource/addon_schinese.txt	1288606
resource/addon_schinese - 副本.txt	429444
resource/addon_english.txt	1490620
panorama/localization/addon_schinese.txt	484904
panorama/localization/addon_english.txt	569166
addoninfo.txt	1189
