maps/tatdemo1/entities/default_ents.vents_c	134880
maps/tatdemo1/world_visibility.vvis_c	808
maps/tatdemo1/world.vwrld_c	1272
maps/tatdemo1/water_flow_map.vtex_c	53092
maps/tatdemo1/fog_flow_map.vtex_c	53076
maps/tatdemo1/fog_opacity_map.vtex_c	53092
maps/tatdemo1/world_physics.vrman_c	470
maps/tatdemo1/world.vrman_c	572
maps/tatdemo1/worldnodes/node000.vrman_c	491
maps/tatdemo1/entities/muzhuangtohome_1862.vphys_c	3181
maps/tatdemo1/entities/tomuzhuang_1856.vphys_c	3181
maps/tatdemo1/entities/begginerchesttrigger_3_1851.vphys_c	1909
maps/tatdemo1/entities/begginerchesttrigger_2_1849.vphys_c	1900
maps/tatdemo1/entities/begginerchesttrigger_1_1847.vphys_c	1895
maps/tatdemo1/entities/to_woodboss_1840.vphys_c	3205
maps/tatdemo1/entities/home_shop2_1833.vphys_c	3187
maps/tatdemo1/entities/home_shop_1826.vphys_c	3187
maps/tatdemo1/entities/to_sanrenzu_exit_1823.vphys_c	3213
maps/tatdemo1/entities/to_xuedi_1805.vphys_c	3205
maps/tatdemo1/entities/teleport_all_7_1795.vphys_c	3205
maps/tatdemo1/entities/to_shamanboss_exit_1682.vphys_c	3200
maps/tatdemo1/entities/teleport_all_5_1620.vphys_c	3205
maps/tatdemo1/entities/teleport_all_6_1598.vphys_c	3205
maps/tatdemo1/entities/teleport_all_4_1593.vphys_c	3205
maps/tatdemo1/entities/teleport_all_3_1588.vphys_c	3205
maps/tatdemo1/entities/to_owlboss_exit_1582.vphys_c	3200
maps/tatdemo1/entities/to_bearboss_exit_1577.vphys_c	3200
maps/tatdemo1/entities/to_drawboss_exit_1572.vphys_c	3200
maps/tatdemo1/entities/to_mineboss_exit_1567.vphys_c	3200
maps/tatdemo1/entities/to_tinyboss_exit_1562.vphys_c	3200
maps/tatdemo1/entities/to_woodboss_exit_1557.vphys_c	3219
maps/tatdemo1/entities/to_shamanboss_1541.vphys_c	3205
maps/tatdemo1/entities/to_owlboss_1526.vphys_c	3205
maps/tatdemo1/entities/to_bearboss_1521.vphys_c	3205
maps/tatdemo1/entities/to_drawboss_1506.vphys_c	3205
maps/tatdemo1/entities/to_mineboss_1501.vphys_c	3205
maps/tatdemo1/entities/to_tinyboss_1496.vphys_c	3205
maps/tatdemo1/entities/to_sanrenzu_1487.vphys_c	3205
maps/tatdemo1/entities/teleport_all_0_1411.vphys_c	3205
maps/tatdemo1/entities/totreebossentry_1393.vphys_c	3172
maps/tatdemo1/entities/buchangtrigger_1391.vphys_c	1889
maps/tatdemo1/entities/togate1_1378.vphys_c	3182
maps/tatdemo1/entities/to_ghostboss_1373.vphys_c	3205
maps/tatdemo1/entities/to_zombieboss_1370.vphys_c	3205
maps/tatdemo1/entities/to_ghostboss_exit_1363.vphys_c	3205
maps/tatdemo1/entities/to_zombieboss_exit_1357.vphys_c	3205
maps/tatdemo1/entities/to_wolfboss_1345.vphys_c	3205
maps/tatdemo1/entities/to_spiderboss_1335.vphys_c	3205
maps/tatdemo1/entities/to_souldeer_1316.vphys_c	3202
maps/tatdemo1/entities/teleport_all_2_1310.vphys_c	3205
maps/tatdemo1/entities/teleport_all_1_1279.vphys_c	3205
maps/tatdemo1/entities/begginerchesttrigger_1230.vphys_c	1901
maps/tatdemo1/entities/diming1_557.vphys_c	1879
maps/tatdemo1/entities/to_wolfboss_exit_1352.vphys_c	3205
maps/tatdemo1/entities/to_spiderboss_exit_1341.vphys_c	3205
maps/tatdemo1/entities/to_souldeer_exit_1323.vphys_c	3204
maps/tatdemo1/entities/storytunnel_1249.vphys_c	1913
maps/tatdemo1/entities/diming12_1247.vphys_c	1900
maps/tatdemo1/entities/todidaorukou_1244.vphys_c	3238
maps/tatdemo1/entities/todafenghuang_932.vphys_c	3350
maps/tatdemo1/entities/tohome1_160.vphys_c	1853
maps/tatdemo1/world_physics.vphys_c	11949281
maps/tatdemo1.trm	28145
maps/tatdemo1.vhcg	2278316
maps/tatdemo1.gnv	173582
maps/tatdemo1.vmap_c	38192
maps/tatdemo1/worldnodes/node000_lr0_b1695_s_cb_mesh_overlay0.vmesh_c	2240
maps/tatdemo1/worldnodes/node000_lr0_b1722_s_cb_mesh_overlay0.vmesh_c	5666
maps/tatdemo1/worldnodes/node000_lr0_b1723_s_cb_mesh_overlay0.vmesh_c	3446
maps/tatdemo1/worldnodes/node000_lr0_b1724_s_cb_mesh_overlay0.vmesh_c	12218
maps/tatdemo1/worldnodes/node000_lr0_b1752_s_cb_mesh_overlay0.vmesh_c	6236
maps/tatdemo1/worldnodes/node000_lr0_b1780_s_cb_mesh_overlay0.vmesh_c	1756
maps/tatdemo1/worldnodes/node000_lr0_b1781_s_cb_mesh_overlay0.vmesh_c	4268
maps/tatdemo1/worldnodes/node000_lr0_b2262_s_cb_mesh_overlay0.vmesh_c	7360
maps/tatdemo1/worldnodes/node000_lr0_b2263_s_cb_mesh_overlay0.vmesh_c	12400
maps/tatdemo1/worldnodes/node000_lr0_b2264_s_cb_mesh_overlay0.vmesh_c	4828
maps/tatdemo1/worldnodes/node000_lr0_b2265_s_cb_mesh_overlay0.vmesh_c	13368
maps/tatdemo1/worldnodes/node000_lr0_b2266_s_cb_mesh_overlay0.vmesh_c	28948
maps/tatdemo1/worldnodes/node000_lr0_b2267_s_cb_mesh_overlay0.vmesh_c	19148
maps/tatdemo1/worldnodes/node000_lr0_b2268_s_cb_mesh_overlay0.vmesh_c	9878
maps/tatdemo1/worldnodes/node000_lr0_b2291_s_cb_mesh_overlay0.vmesh_c	10648
maps/tatdemo1/worldnodes/node000_lr0_b2292_s_cb_mesh_overlay0.vmesh_c	7738
maps/tatdemo1/worldnodes/node000_lr0_b2294_s_cb_mesh_overlay0.vmesh_c	1702
maps/tatdemo1/worldnodes/node000_lr0_b2295_s_cb_mesh_overlay0.vmesh_c	114018
maps/tatdemo1/worldnodes/node000_lr0_b2296_s_cb_mesh_overlay0.vmesh_c	49040
maps/tatdemo1/worldnodes/node000_lr0_b2297_s_cb_mesh_overlay0.vmesh_c	47672
maps/tatdemo1/worldnodes/node000_lr0_b2298_s_cb_mesh_overlay0.vmesh_c	18864
maps/tatdemo1/worldnodes/node000_lr0_b2299_s_cb_mesh_overlay0.vmesh_c	5958
maps/tatdemo1/worldnodes/node000_lr0_b2320_s_cb_mesh_overlay0.vmesh_c	8932
maps/tatdemo1/worldnodes/node000_lr0_b2321_s_cb_mesh_overlay0.vmesh_c	16312
maps/tatdemo1/worldnodes/node000_lr0_b2326_s_cb_mesh_overlay0.vmesh_c	37812
maps/tatdemo1/worldnodes/node000_lr0_b2327_s_cb_mesh_overlay0.vmesh_c	20610
maps/tatdemo1/worldnodes/node000_lr0_b2328_s_cb_mesh_overlay0.vmesh_c	3598
maps/tatdemo1/worldnodes/node000_lr0_b2349_s_cb_mesh_overlay0.vmesh_c	23166
maps/tatdemo1/worldnodes/node000_lr0_b2350_s_cb_mesh_overlay0.vmesh_c	20292
maps/tatdemo1/worldnodes/node000_lr0_b2355_s_cb_mesh_overlay0.vmesh_c	22518
maps/tatdemo1/worldnodes/node000_lr0_b2356_s_cb_mesh_overlay0.vmesh_c	47810
maps/tatdemo1/worldnodes/node000_lr0_b2360_s_cb_mesh_overlay0.vmesh_c	2600
maps/tatdemo1/worldnodes/node000_lr0_b2361_s_cb_mesh_overlay0.vmesh_c	3290
maps/tatdemo1/worldnodes/node000_lr0_b2362_s_cb_mesh_overlay0.vmesh_c	1982
maps/tatdemo1/worldnodes/node000_lr0_b2378_s_cb_mesh_overlay0.vmesh_c	24390
maps/tatdemo1/worldnodes/node000_lr0_b2379_s_cb_mesh_overlay0.vmesh_c	4308
maps/tatdemo1/worldnodes/node000_lr0_b2384_s_cb_mesh_overlay0.vmesh_c	32890
maps/tatdemo1/worldnodes/node000_lr0_b2385_s_cb_mesh_overlay0.vmesh_c	16726
maps/tatdemo1/worldnodes/node000_lr0_b2389_s_cb_mesh_overlay0.vmesh_c	3596
maps/tatdemo1/worldnodes/node000_lr0_b2390_s_cb_mesh_overlay0.vmesh_c	2830
maps/tatdemo1/worldnodes/node000_lr0_b2391_s_cb_mesh_overlay0.vmesh_c	1786
maps/tatdemo1/worldnodes/node000_lr0_b2407_s_cb_mesh_overlay0.vmesh_c	6162
maps/tatdemo1/worldnodes/node000_lr0_b2408_s_cb_mesh_overlay0.vmesh_c	4524
maps/tatdemo1/worldnodes/node000_lr0_b2414_s_cb_mesh_overlay0.vmesh_c	4912
maps/tatdemo1/worldnodes/node000_lr0_b2419_s_cb_mesh_overlay0.vmesh_c	3998
maps/tatdemo1/worldnodes/node000_lr0_b2420_s_cb_mesh_overlay0.vmesh_c	2876
maps/tatdemo1/worldnodes/node000_lr0_b2436_s_cb_mesh_overlay0.vmesh_c	2886
maps/tatdemo1/worldnodes/node000_lr0_b2437_s_cb_mesh_overlay0.vmesh_c	15438
maps/tatdemo1/worldnodes/node000_lr0_b2438_s_cb_mesh_overlay0.vmesh_c	7740
maps/tatdemo1/worldnodes/node000_lr0_b2440_s_cb_mesh_overlay0.vmesh_c	6360
maps/tatdemo1/worldnodes/node000_lr0_b2441_s_cb_mesh_overlay0.vmesh_c	1974
maps/tatdemo1/worldnodes/node000_lr0_b2442_s_cb_mesh_overlay0.vmesh_c	87088
maps/tatdemo1/worldnodes/node000_lr0_b2443_s_cb_mesh_overlay0.vmesh_c	15834
maps/tatdemo1/worldnodes/node000_lr0_b2466_s_cb_mesh_overlay0.vmesh_c	1968
maps/tatdemo1/worldnodes/node000_lr0_b2468_s_cb_mesh_overlay0.vmesh_c	13282
maps/tatdemo1/worldnodes/node000_lr0_b2469_s_cb_mesh_overlay0.vmesh_c	17604
maps/tatdemo1/worldnodes/node000_lr0_b2470_s_cb_mesh_overlay0.vmesh_c	12544
maps/tatdemo1/worldnodes/node000_lr0_b2471_s_cb_mesh_overlay0.vmesh_c	9356
maps/tatdemo1/worldnodes/node000_lr0_b2472_s_cb_mesh_overlay0.vmesh_c	2942
maps/tatdemo1/worldnodes/node000_lr0_b2503_s_cb_mesh_overlay0.vmesh_c	6416
maps/tatdemo1/worldnodes/node000_lr0_b2504_s_cb_mesh_overlay0.vmesh_c	11860
maps/tatdemo1/worldnodes/node000_lr0_b2505_s_cb_mesh_overlay0.vmesh_c	2714
maps/tatdemo1/worldnodes/node000_lr0_b2510_s_cb_mesh_overlay0.vmesh_c	24214
maps/tatdemo1/worldnodes/node000_lr0_b2511_s_cb_mesh_overlay0.vmesh_c	32198
maps/tatdemo1/worldnodes/node000_lr0_b2512_s_cb_mesh_overlay0.vmesh_c	2122
maps/tatdemo1/worldnodes/node000_lr0_b2538_s_cb_mesh_overlay0.vmesh_c	13572
maps/tatdemo1/worldnodes/node000_lr0_b2539_s_cb_mesh_overlay0.vmesh_c	30834
maps/tatdemo1/worldnodes/node000_lr0_b2540_s_cb_mesh_overlay0.vmesh_c	36990
maps/tatdemo1/worldnodes/node000_lr0_b2541_s_cb_mesh_overlay0.vmesh_c	3412
maps/tatdemo1/worldnodes/node000_lr0_b2567_s_cb_mesh_overlay0.vmesh_c	12510
maps/tatdemo1/worldnodes/node000_lr0_b2568_s_cb_mesh_overlay0.vmesh_c	20312
maps/tatdemo1/worldnodes/node000_lr0_b2569_s_cb_mesh_overlay0.vmesh_c	18480
maps/tatdemo1/worldnodes/node000_lr0_b2596_s_cb_mesh_overlay0.vmesh_c	42352
maps/tatdemo1/worldnodes/node000_lr0_b2597_s_cb_mesh_overlay0.vmesh_c	50346
maps/tatdemo1/worldnodes/node000_lr0_b2598_s_cb_mesh_overlay0.vmesh_c	29692
maps/tatdemo1/worldnodes/node000_lr0_b2625_s_cb_mesh_overlay0.vmesh_c	54246
maps/tatdemo1/worldnodes/node000_lr0_b2626_s_cb_mesh_overlay0.vmesh_c	12574
maps/tatdemo1/worldnodes/node000_lr0_b2627_s_cb_mesh_overlay0.vmesh_c	43806
maps/tatdemo1/worldnodes/node000_lr0_b2651_s_cb_mesh_overlay0.vmesh_c	4222
maps/tatdemo1/worldnodes/node000_lr0_b2652_s_cb_mesh_overlay0.vmesh_c	12412
maps/tatdemo1/worldnodes/node000_lr0_b2653_s_cb_mesh_overlay0.vmesh_c	8844
maps/tatdemo1/worldnodes/node000_lr0_b2654_s_cb_mesh_overlay0.vmesh_c	107420
maps/tatdemo1/worldnodes/node000_lr0_b2655_s_cb_mesh_overlay0.vmesh_c	52150
maps/tatdemo1/worldnodes/node000_lr0_b2656_s_cb_mesh_overlay0.vmesh_c	24138
maps/tatdemo1/worldnodes/node000_lr0_b2657_s_cb_mesh_overlay0.vmesh_c	35274
maps/tatdemo1/worldnodes/node000_lr0_b2658_s_cb_mesh_overlay0.vmesh_c	64326
maps/tatdemo1/worldnodes/node000_lr0_b2659_s_cb_mesh_overlay0.vmesh_c	4626
maps/tatdemo1/worldnodes/node000_lr0_b2675_s_cb_mesh_overlay0.vmesh_c	12112
maps/tatdemo1/worldnodes/node000_lr0_b2681_s_cb_mesh_overlay0.vmesh_c	173242
maps/tatdemo1/worldnodes/node000_lr0_b2682_s_cb_mesh_overlay0.vmesh_c	50580
maps/tatdemo1/worldnodes/node000_lr0_b2683_s_cb_mesh_overlay0.vmesh_c	107972
maps/tatdemo1/worldnodes/node000_lr0_b2684_s_cb_mesh_overlay0.vmesh_c	35790
maps/tatdemo1/worldnodes/node000_lr0_b2686_s_cb_mesh_overlay0.vmesh_c	30418
maps/tatdemo1/worldnodes/node000_lr0_b2687_s_cb_mesh_overlay0.vmesh_c	208132
maps/tatdemo1/worldnodes/node000_lr0_b2688_s_cb_mesh_overlay0.vmesh_c	19132
maps/tatdemo1/worldnodes/node000_lr0_b2691_s_cb_mesh_overlay0.vmesh_c	22072
maps/tatdemo1/worldnodes/node000_lr0_b2692_s_cb_mesh_overlay0.vmesh_c	4768
maps/tatdemo1/worldnodes/node000_lr0_b2705_s_cb_mesh_overlay0.vmesh_c	5900
maps/tatdemo1/worldnodes/node000_lr0_b2706_s_cb_mesh_overlay0.vmesh_c	2252
maps/tatdemo1/worldnodes/node000_lr0_b2707_s_cb_mesh_overlay0.vmesh_c	1768
maps/tatdemo1/worldnodes/node000_lr0_b2708_s_cb_mesh_overlay0.vmesh_c	6152
maps/tatdemo1/worldnodes/node000_lr0_b2710_s_cb_mesh_overlay0.vmesh_c	108698
maps/tatdemo1/worldnodes/node000_lr0_b2711_s_cb_mesh_overlay0.vmesh_c	36978
maps/tatdemo1/worldnodes/node000_lr0_b2712_s_cb_mesh_overlay0.vmesh_c	24278
maps/tatdemo1/worldnodes/node000_lr0_b2713_s_cb_mesh_overlay0.vmesh_c	17588
maps/tatdemo1/worldnodes/node000_lr0_b2714_s_cb_mesh_overlay0.vmesh_c	1670
maps/tatdemo1/worldnodes/node000_lr0_b2715_s_cb_mesh_overlay0.vmesh_c	53556
maps/tatdemo1/worldnodes/node000_lr0_b2716_s_cb_mesh_overlay0.vmesh_c	55418
maps/tatdemo1/worldnodes/node000_lr0_b2717_s_cb_mesh_overlay0.vmesh_c	14722
maps/tatdemo1/worldnodes/node000_lr0_b2720_s_cb_mesh_overlay0.vmesh_c	3348
maps/tatdemo1/worldnodes/node000_lr0_b2721_s_cb_mesh_overlay0.vmesh_c	2392
maps/tatdemo1/worldnodes/node000_lr0_b2736_s_cb_mesh_overlay0.vmesh_c	1632
maps/tatdemo1/worldnodes/node000_lr0_b2737_s_cb_mesh_overlay0.vmesh_c	2734
maps/tatdemo1/worldnodes/node000_lr0_b2738_s_cb_mesh_overlay0.vmesh_c	4156
maps/tatdemo1/worldnodes/node000_lr0_b2739_s_cb_mesh_overlay0.vmesh_c	2358
maps/tatdemo1/worldnodes/node000_lr0_b2740_s_cb_mesh_overlay0.vmesh_c	3892
maps/tatdemo1/worldnodes/node000_lr0_b2741_s_cb_mesh_overlay0.vmesh_c	1546
maps/tatdemo1/worldnodes/node000_lr0_b2756_s_cb_mesh_overlay0.vmesh_c	2274
maps/tatdemo1/worldnodes/node000_lr0_b2757_s_cb_mesh_overlay0.vmesh_c	5838
maps/tatdemo1/worldnodes/node000_lr0_b2758_s_cb_mesh_overlay0.vmesh_c	7836
maps/tatdemo1/worldnodes/node000_lr0_b2758_s_cb_mesh_overlay1.vmesh_c	4246
maps/tatdemo1/worldnodes/node000_lr0_b2759_s_cb_mesh_overlay0.vmesh_c	2102
maps/tatdemo1/worldnodes/node000_lr0_b2759_s_cb_mesh_overlay1.vmesh_c	2254
maps/tatdemo1/worldnodes/node000_lr0_b2760_s_cb_mesh_overlay0.vmesh_c	2888
maps/tatdemo1/worldnodes/node000_lr0_b2761_s_cb_mesh_overlay0.vmesh_c	4606
maps/tatdemo1/worldnodes/node000_lr0_b2762_s_cb_mesh_overlay0.vmesh_c	5430
maps/tatdemo1/worldnodes/node000_lr0_b2762_s_cb_mesh_overlay1.vmesh_c	3226
maps/tatdemo1/worldnodes/node000_lr0_b2763_s_cb_mesh_overlay0.vmesh_c	2246
maps/tatdemo1/worldnodes/node000_lr0_b2765_s_cb_mesh_overlay0.vmesh_c	10050
maps/tatdemo1/worldnodes/node000_lr0_b2766_s_cb_mesh_overlay0.vmesh_c	34058
maps/tatdemo1/worldnodes/node000_lr0_b2767_s_cb_mesh_overlay0.vmesh_c	10864
maps/tatdemo1/worldnodes/node000_lr0_b2768_s_cb_mesh_overlay0.vmesh_c	32006
maps/tatdemo1/worldnodes/node000_lr0_b2769_s_cb_mesh_overlay0.vmesh_c	16946
maps/tatdemo1/worldnodes/node000_lr0_b2770_s_cb_mesh_overlay0.vmesh_c	3076
maps/tatdemo1/worldnodes/node000_lr0_b2782_s_cb_mesh_overlay0.vmesh_c	4910
maps/tatdemo1/worldnodes/node000_lr0_b2785_s_cb_mesh_overlay0.vmesh_c	3410
maps/tatdemo1/worldnodes/node000_lr0_b2785_s_cb_mesh_overlay1.vmesh_c	2144
maps/tatdemo1/worldnodes/node000_lr0_b2786_s_cb_mesh_overlay0.vmesh_c	3390
maps/tatdemo1/worldnodes/node000_lr0_b2786_s_cb_mesh_overlay1.vmesh_c	14306
maps/tatdemo1/worldnodes/node000_lr0_b2787_s_cb_mesh_overlay0.vmesh_c	31514
maps/tatdemo1/worldnodes/node000_lr0_b2788_s_cb_mesh_overlay0.vmesh_c	12274
maps/tatdemo1/worldnodes/node000_lr0_b2789_s_cb_mesh_overlay0.vmesh_c	13528
maps/tatdemo1/worldnodes/node000_lr0_b2790_s_cb_mesh_overlay0.vmesh_c	23228
maps/tatdemo1/worldnodes/node000_lr0_b2791_s_cb_mesh_overlay0.vmesh_c	3030
maps/tatdemo1/worldnodes/node000_lr0_b2791_s_cb_mesh_overlay1.vmesh_c	17210
maps/tatdemo1/worldnodes/node000_lr0_b2792_s_cb_mesh_overlay0.vmesh_c	3188
maps/tatdemo1/worldnodes/node000_lr0_b2792_s_cb_mesh_overlay1.vmesh_c	3934
maps/tatdemo1/worldnodes/node000_lr0_b2794_s_cb_mesh_overlay0.vmesh_c	14610
maps/tatdemo1/worldnodes/node000_lr0_b2795_s_cb_mesh_overlay0.vmesh_c	5442
maps/tatdemo1/worldnodes/node000_lr0_b2797_s_cb_mesh_overlay0.vmesh_c	2426
maps/tatdemo1/worldnodes/node000_lr0_b2798_s_cb_mesh_overlay0.vmesh_c	26744
maps/tatdemo1/worldnodes/node000_lr0_b2807_s_cb_mesh_overlay0.vmesh_c	11826
maps/tatdemo1/worldnodes/node000_lr0_b2808_s_cb_mesh_overlay0.vmesh_c	13276
maps/tatdemo1/worldnodes/node000_lr0_b2809_s_cb_mesh_overlay0.vmesh_c	10464
maps/tatdemo1/worldnodes/node000_lr0_b2810_s_cb_mesh_overlay0.vmesh_c	18336
maps/tatdemo1/worldnodes/node000_lr0_b2811_s_cb_mesh_overlay0.vmesh_c	9382
maps/tatdemo1/worldnodes/node000_lr0_b2814_s_cb_mesh_overlay0.vmesh_c	2934
maps/tatdemo1/worldnodes/node000_lr0_b2815_s_cb_mesh_overlay0.vmesh_c	4068
maps/tatdemo1/worldnodes/node000_lr0_b2815_s_cb_mesh_overlay1.vmesh_c	24298
maps/tatdemo1/worldnodes/node000_lr0_b2816_s_cb_mesh_overlay0.vmesh_c	42838
maps/tatdemo1/worldnodes/node000_lr0_b2817_s_cb_mesh_overlay0.vmesh_c	6230
maps/tatdemo1/worldnodes/node000_lr0_b2818_s_cb_mesh_overlay0.vmesh_c	3086
maps/tatdemo1/worldnodes/node000_lr0_b2819_s_cb_mesh_overlay0.vmesh_c	24724
maps/tatdemo1/worldnodes/node000_lr0_b2820_s_cb_mesh_overlay0.vmesh_c	26804
maps/tatdemo1/worldnodes/node000_lr0_b2821_s_cb_mesh_overlay0.vmesh_c	4316
maps/tatdemo1/worldnodes/node000_lr0_b2823_s_cb_mesh_overlay0.vmesh_c	4228
maps/tatdemo1/worldnodes/node000_lr0_b2824_s_cb_mesh_overlay0.vmesh_c	5620
maps/tatdemo1/worldnodes/node000_lr0_b2825_s_cb_mesh_overlay0.vmesh_c	2782
maps/tatdemo1/worldnodes/node000_lr0_b2826_s_cb_mesh_overlay0.vmesh_c	14188
maps/tatdemo1/worldnodes/node000_lr0_b2827_s_cb_mesh_overlay0.vmesh_c	2386
maps/tatdemo1/worldnodes/node000_lr0_b2836_s_cb_mesh_overlay0.vmesh_c	14672
maps/tatdemo1/worldnodes/node000_lr0_b2844_s_cb_mesh_overlay0.vmesh_c	4856
maps/tatdemo1/worldnodes/node000_lr0_b2845_s_cb_mesh_overlay0.vmesh_c	5254
maps/tatdemo1/worldnodes/node000_lr0_b2846_s_cb_mesh_overlay0.vmesh_c	8694
maps/tatdemo1/worldnodes/node000_lr0_b2847_s_cb_mesh_overlay0.vmesh_c	7128
maps/tatdemo1/worldnodes/node000_lr0_b2849_s_cb_mesh_overlay0.vmesh_c	10198
maps/tatdemo1/worldnodes/node000_lr0_b2850_s_cb_mesh_overlay0.vmesh_c	5710
maps/tatdemo1/worldnodes/node000_lr0_b2852_s_cb_mesh_overlay0.vmesh_c	15388
maps/tatdemo1/worldnodes/node000_lr0_b2853_s_cb_mesh_overlay0.vmesh_c	18410
maps/tatdemo1/worldnodes/node000_lr0_b2855_s_cb_mesh_overlay0.vmesh_c	1572
maps/tatdemo1/worldnodes/node000_lr0_b2856_s_cb_mesh_overlay0.vmesh_c	61070
maps/tatdemo1/worldnodes/node000_lr0_b2857_s_cb_mesh_overlay0.vmesh_c	2964
maps/tatdemo1/worldnodes/node000_lr0_b2865_s_cb_mesh_overlay0.vmesh_c	21620
maps/tatdemo1/worldnodes/node000_lr0_b2873_s_cb_mesh_overlay0.vmesh_c	4930
maps/tatdemo1/worldnodes/node000_lr0_b2875_s_cb_mesh_overlay0.vmesh_c	15422
maps/tatdemo1/worldnodes/node000_lr0_b2876_s_cb_mesh_overlay0.vmesh_c	10280
maps/tatdemo1/worldnodes/node000_lr0_b2877_s_cb_mesh_overlay0.vmesh_c	2704
maps/tatdemo1/worldnodes/node000_lr0_b2878_s_cb_mesh_overlay0.vmesh_c	15276
maps/tatdemo1/worldnodes/node000_lr0_b2879_s_cb_mesh_overlay0.vmesh_c	12642
maps/tatdemo1/worldnodes/node000_lr0_b2881_s_cb_mesh_overlay0.vmesh_c	12656
maps/tatdemo1/worldnodes/node000_lr0_b2882_s_cb_mesh_overlay0.vmesh_c	210786
maps/tatdemo1/worldnodes/node000_lr0_b2883_s_cb_mesh_overlay0.vmesh_c	4806
maps/tatdemo1/worldnodes/node000_lr0_b2884_s_cb_mesh_overlay0.vmesh_c	20052
maps/tatdemo1/worldnodes/node000_lr0_b2885_s_cb_mesh_overlay0.vmesh_c	230084
maps/tatdemo1/worldnodes/node000_lr0_b2886_s_cb_mesh_overlay0.vmesh_c	21132
maps/tatdemo1/worldnodes/node000_lr0_b2887_s_cb_mesh_overlay0.vmesh_c	1572
maps/tatdemo1/worldnodes/node000_lr0_b2893_s_cb_mesh_overlay0.vmesh_c	6014
maps/tatdemo1/worldnodes/node000_lr0_b2894_s_cb_mesh_overlay0.vmesh_c	11368
maps/tatdemo1/worldnodes/node000_lr0_b2902_s_cb_mesh_overlay0.vmesh_c	4138
maps/tatdemo1/worldnodes/node000_lr0_b2904_s_cb_mesh_overlay0.vmesh_c	41822
maps/tatdemo1/worldnodes/node000_lr0_b2905_s_cb_mesh_overlay0.vmesh_c	42340
maps/tatdemo1/worldnodes/node000_lr0_b2906_s_cb_mesh_overlay0.vmesh_c	7266
maps/tatdemo1/worldnodes/node000_lr0_b2907_s_cb_mesh_overlay0.vmesh_c	12322
maps/tatdemo1/worldnodes/node000_lr0_b2908_s_cb_mesh_overlay0.vmesh_c	8786
maps/tatdemo1/worldnodes/node000_lr0_b2910_s_cb_mesh_overlay0.vmesh_c	17976
maps/tatdemo1/worldnodes/node000_lr0_b2911_s_cb_mesh_overlay0.vmesh_c	38544
maps/tatdemo1/worldnodes/node000_lr0_b2912_s_cb_mesh_overlay0.vmesh_c	8552
maps/tatdemo1/worldnodes/node000_lr0_b2913_s_cb_mesh_overlay0.vmesh_c	17108
maps/tatdemo1/worldnodes/node000_lr0_b2914_s_cb_mesh_overlay0.vmesh_c	34984
maps/tatdemo1/worldnodes/node000_lr0_b2915_s_cb_mesh_overlay0.vmesh_c	15714
maps/tatdemo1/worldnodes/node000_lr0_b2916_s_cb_mesh_overlay0.vmesh_c	1542
maps/tatdemo1/worldnodes/node000_lr0_b2920_s_cb_mesh_overlay0.vmesh_c	7810
maps/tatdemo1/worldnodes/node000_lr0_b2921_s_cb_mesh_overlay0.vmesh_c	20084
maps/tatdemo1/worldnodes/node000_lr0_b2922_s_cb_mesh_overlay0.vmesh_c	11200
maps/tatdemo1/worldnodes/node000_lr0_b2930_s_cb_mesh_overlay0.vmesh_c	3058
maps/tatdemo1/worldnodes/node000_lr0_b2931_s_cb_mesh_overlay0.vmesh_c	16472
maps/tatdemo1/worldnodes/node000_lr0_b2932_s_cb_mesh_overlay0.vmesh_c	5394
maps/tatdemo1/worldnodes/node000_lr0_b2933_s_cb_mesh_overlay0.vmesh_c	2968
maps/tatdemo1/worldnodes/node000_lr0_b2934_s_cb_mesh_overlay0.vmesh_c	2964
maps/tatdemo1/worldnodes/node000_lr0_b2936_s_cb_mesh_overlay0.vmesh_c	11200
maps/tatdemo1/worldnodes/node000_lr0_b2937_s_cb_mesh_overlay0.vmesh_c	3880
maps/tatdemo1/worldnodes/node000_lr0_b2939_s_cb_mesh_overlay0.vmesh_c	14830
maps/tatdemo1/worldnodes/node000_lr0_b2940_s_cb_mesh_overlay0.vmesh_c	12714
maps/tatdemo1/worldnodes/node000_lr0_b2941_s_cb_mesh_overlay0.vmesh_c	2824
maps/tatdemo1/worldnodes/node000_lr0_b2942_s_cb_mesh_overlay0.vmesh_c	1542
maps/tatdemo1/worldnodes/node000_lr0_b2943_s_cb_mesh_overlay0.vmesh_c	32976
maps/tatdemo1/worldnodes/node000_lr0_b2949_s_cb_mesh_overlay0.vmesh_c	4332
maps/tatdemo1/worldnodes/node000_lr0_b3016_s_cb_mesh_overlay0.vmesh_c	43068
maps/tatdemo1/worldnodes/node000_lr0_b3017_s_cb_mesh_overlay0.vmesh_c	10066
maps/tatdemo1/worldnodes/node000_lr0_b3018_s_cb_mesh_overlay0.vmesh_c	9634
maps/tatdemo1/worldnodes/node000_lr0_b3019_s_cb_mesh_overlay0.vmesh_c	21160
maps/tatdemo1/worldnodes/node000_lr0_b3020_s_cb_mesh_overlay0.vmesh_c	5038
maps/tatdemo1/worldnodes/node000_lr0_b3021_s_cb_mesh_overlay0.vmesh_c	5830
maps/tatdemo1/worldnodes/node000_lr0_b3022_s_cb_mesh_overlay0.vmesh_c	22448
maps/tatdemo1/worldnodes/node000_lr0_b3023_s_cb_mesh_overlay0.vmesh_c	59236
maps/tatdemo1/worldnodes/node000_lr0_b3045_s_cb_mesh_overlay0.vmesh_c	16870
maps/tatdemo1/worldnodes/node000_lr0_b3052_s_cb_mesh_overlay0.vmesh_c	58494
maps/tatdemo1/worldnodes/node000_lr0_b3053_s_cb_mesh_overlay0.vmesh_c	6996
maps/tatdemo1/worldnodes/node000_lr0_b3074_s_cb_mesh_overlay0.vmesh_c	30526
maps/tatdemo1/worldnodes/node000_lr0_b3081_s_cb_mesh_overlay0.vmesh_c	10782
maps/tatdemo1/worldnodes/node000_lr0_b3082_s_cb_mesh_overlay0.vmesh_c	3724
maps/tatdemo1/worldnodes/node000_lr0_b3103_s_cb_mesh_overlay0.vmesh_c	26776
maps/tatdemo1/worldnodes/node000_lr0_b3120_s_cb_mesh_overlay0.vmesh_c	2082
maps/tatdemo1/worldnodes/node000_lr0_b3132_s_cb_mesh_overlay0.vmesh_c	18190
maps/tatdemo1/worldnodes/node000_lr0_b3139_s_cb_mesh_overlay0.vmesh_c	4230
maps/tatdemo1/worldnodes/node000_lr0_b3149_s_cb_mesh_overlay0.vmesh_c	4938
maps/tatdemo1/worldnodes/node000_lr0_b3150_s_cb_mesh_overlay0.vmesh_c	3140
maps/tatdemo1/worldnodes/node000_lr0_b3161_s_cb_mesh_overlay0.vmesh_c	2290
maps/tatdemo1/worldnodes/node000_lr0_b3168_s_cb_mesh_overlay0.vmesh_c	39484
maps/tatdemo1/worldnodes/node000_lr0_b3178_s_cb_mesh_overlay0.vmesh_c	4102
maps/tatdemo1/worldnodes/node000_lr0_b3179_s_cb_mesh_overlay0.vmesh_c	4518
maps/tatdemo1/worldnodes/node000_lr0_b3180_s_cb_mesh_overlay0.vmesh_c	2816
maps/tatdemo1/worldnodes/node000_lr0_b3181_s_cb_mesh_overlay0.vmesh_c	2414
maps/tatdemo1/worldnodes/node000_lr0_b3197_s_cb_mesh_overlay0.vmesh_c	6316
maps/tatdemo1/worldnodes/node000_lr0_b3219_s_cb_mesh_overlay0.vmesh_c	20662
maps/tatdemo1/worldnodes/node000_lr0_b3223_s_cb_mesh_overlay0.vmesh_c	6988
maps/tatdemo1/worldnodes/node000_lr0_b3224_s_cb_mesh_overlay0.vmesh_c	29620
maps/tatdemo1/worldnodes/node000_lr0_b3225_s_cb_mesh_overlay0.vmesh_c	11644
maps/tatdemo1/worldnodes/node000_lr0_b3226_s_cb_mesh_overlay0.vmesh_c	18068
maps/tatdemo1/worldnodes/node000_lr0_b3306_s_cb_mesh_overlay0.vmesh_c	3206
maps/tatdemo1/worldnodes/node000_lr0_b3307_s_cb_mesh_overlay0.vmesh_c	2612
maps/tatdemo1/worldnodes/node000_lr0_b3316_s_cb_mesh_overlay0.vmesh_c	4316
maps/tatdemo1/worldnodes/node000_lr0_b3317_s_cb_mesh_overlay0.vmesh_c	2276
maps/tatdemo1/worldnodes/node000_lr0_b3345_s_cb_mesh_overlay0.vmesh_c	13214
maps/tatdemo1/worldnodes/node000_lr0_b3346_s_cb_mesh_overlay0.vmesh_c	2080
maps/tatdemo1/worldnodes/node000_lr0_b3374_s_cb_mesh_overlay0.vmesh_c	3860
maps/tatdemo1/worldnodes/node000_lr0_b3391_s_cb_mesh_overlay0.vmesh_c	22382
maps/tatdemo1/worldnodes/node000_lr0_b3419_s_cb_mesh_overlay0.vmesh_c	1676
maps/tatdemo1/worldnodes/node000_lr0_b3420_s_cb_mesh_overlay0.vmesh_c	18550
maps/tatdemo1/worldnodes/node000_lr0_b3449_s_cb_mesh_overlay0.vmesh_c	14440
maps/tatdemo1/worldnodes/node000_lr0_b3478_s_cb_mesh_overlay0.vmesh_c	18676
maps/tatdemo1/worldnodes/node000_lr0_b3494_s_cb_mesh_overlay0.vmesh_c	5224
maps/tatdemo1/worldnodes/node000_lr0_b3507_s_cb_mesh_overlay0.vmesh_c	24732
maps/tatdemo1/worldnodes/node000_lr0_b3519_s_cb_mesh_overlay0.vmesh_c	1756
maps/tatdemo1/worldnodes/node000_lr0_b3523_s_cb_mesh_overlay0.vmesh_c	2332
maps/tatdemo1/worldnodes/node000_lr0_b3536_s_cb_mesh_overlay0.vmesh_c	6068
maps/tatdemo1/worldnodes/node000_lr0_b3548_s_cb_mesh_overlay0.vmesh_c	2110
maps/tatdemo1/worldnodes/node000_lr0_b3561_s_cb_mesh_overlay0.vmesh_c	6686
maps/tatdemo1/worldnodes/node000_lr0_b3590_s_cb_mesh_overlay0.vmesh_c	5468
maps/tatdemo1/worldnodes/node000_lr0_b3594_s_cb_mesh_overlay0.vmesh_c	5918
maps/tatdemo1/worldnodes/node000_lr0_b3619_s_cb_mesh_overlay0.vmesh_c	5864
maps/tatdemo1/worldnodes/node000_lr0_b3623_s_cb_mesh_overlay0.vmesh_c	10748
maps/tatdemo1/worldnodes/node000_lr0_b3648_s_cb_mesh_overlay0.vmesh_c	5468
maps/tatdemo1/worldnodes/node000_lr0_b3652_s_cb_mesh_overlay0.vmesh_c	7514
maps/tatdemo1/worldnodes/node000_lr0_b3664_s_cb_mesh_overlay0.vmesh_c	1602
maps/tatdemo1/worldnodes/node000_lr0_b3677_s_cb_mesh_overlay0.vmesh_c	9524
maps/tatdemo1/worldnodes/node000_lr0_b3681_s_cb_mesh_overlay0.vmesh_c	3920
maps/tatdemo1/worldnodes/node000_lr0_b3684_s_cb_mesh_overlay0.vmesh_c	3178
maps/tatdemo1/worldnodes/node000_lr0_b3685_s_cb_mesh_overlay0.vmesh_c	1788
maps/tatdemo1/worldnodes/node000_lr0_b3686_s_cb_mesh_overlay0.vmesh_c	3670
maps/tatdemo1/worldnodes/node000_lr0_b3693_s_cb_mesh_overlay0.vmesh_c	7396
maps/tatdemo1/worldnodes/node000_lr0_b3694_s_cb_mesh_overlay0.vmesh_c	1966
maps/tatdemo1/worldnodes/node000_lr0_b3697_s_cb_mesh_overlay0.vmesh_c	3814
maps/tatdemo1/worldnodes/node000_lr0_b3715_s_cb_mesh_overlay0.vmesh_c	2176
maps/tatdemo1/worldnodes/node000_lr0_b3722_s_cb_mesh_overlay0.vmesh_c	2308
maps/tatdemo1/worldnodes/node000_lr0_b3723_s_cb_mesh_overlay0.vmesh_c	1752
maps/tatdemo1/worldnodes/node000_lr0_b3726_s_cb_mesh_overlay0.vmesh_c	2064
maps/tatdemo1/worldnodes/node000_lr0_b404_s_cb_mesh_worldspace_texture_blend.vmesh_c	1876
maps/tatdemo1/worldnodes/node000_lr0_b462_s_cb_mesh_worldspace_texture_blend.vmesh_c	1876
maps/tatdemo1/worldnodes/node000_lr0_b491_s_cb_mesh_worldspace_texture_blend.vmesh_c	1876
maps/tatdemo1/worldnodes/node000_lr0_b1129_s_cb_mesh_worldspace_texture_blend.vmesh_c	2768
maps/tatdemo1/worldnodes/node000_lr0_b1158_s_cb_mesh_worldspace_texture_blend.vmesh_c	3188
maps/tatdemo1/worldnodes/node000_lr0_b1187_s_cb_mesh_worldspace_texture_blend.vmesh_c	3244
maps/tatdemo1/worldnodes/node000_lr0_b1216_s_cb_mesh_worldspace_texture_blend.vmesh_c	3628
maps/tatdemo1/worldnodes/node000_lr0_b1245_s_cb_mesh_worldspace_texture_blend.vmesh_c	3706
maps/tatdemo1/worldnodes/node000_lr0_b1274_s_cb_mesh_worldspace_texture_blend.vmesh_c	2104
maps/tatdemo1/worldnodes/node000_lr0_b1517_s_cb_mesh_worldspace_texture_blend.vmesh_c	3056
maps/tatdemo1/worldnodes/node000_lr0_b1518_s_cb_mesh_worldspace_texture_blend.vmesh_c	1940
maps/tatdemo1/worldnodes/node000_lr0_b1540_s_cb_mesh_worldspace_texture_blend.vmesh_c	2346
maps/tatdemo1/worldnodes/node000_lr0_b1541_s_cb_mesh_worldspace_texture_blend.vmesh_c	2274
maps/tatdemo1/worldnodes/node000_lr0_b1546_s_cb_mesh_worldspace_texture_blend.vmesh_c	2984
maps/tatdemo1/worldnodes/node000_lr0_b1547_s_cb_mesh_worldspace_texture_blend.vmesh_c	12440
maps/tatdemo1/worldnodes/node000_lr0_b1569_s_cb_mesh_worldspace_texture_blend.vmesh_c	9160
maps/tatdemo1/worldnodes/node000_lr0_b1570_s_cb_mesh_worldspace_texture_blend.vmesh_c	6244
maps/tatdemo1/worldnodes/node000_lr0_b1576_s_cb_mesh_worldspace_texture_blend.vmesh_c	12152
maps/tatdemo1/worldnodes/node000_lr0_b1598_s_cb_mesh_worldspace_texture_blend.vmesh_c	5752
maps/tatdemo1/worldnodes/node000_lr0_b1605_s_cb_mesh_worldspace_texture_blend.vmesh_c	12050
maps/tatdemo1/worldnodes/node000_lr0_b1634_s_cb_mesh_worldspace_texture_blend.vmesh_c	10418
maps/tatdemo1/worldnodes/node000_lr0_b1663_s_cb_mesh_worldspace_texture_blend.vmesh_c	12584
maps/tatdemo1/worldnodes/node000_lr0_b1692_s_cb_mesh_worldspace_texture_blend.vmesh_c	11828
maps/tatdemo1/worldnodes/node000_lr0_b1693_s_cb_mesh_worldspace_texture_blend.vmesh_c	5414
maps/tatdemo1/worldnodes/node000_lr0_b1694_s_cb_mesh_worldspace_texture_blend.vmesh_c	4004
maps/tatdemo1/worldnodes/node000_lr0_b1695_s_cb_mesh_worldspace_texture_blend.vmesh_c	6872
maps/tatdemo1/worldnodes/node000_lr0_b1711_s_cb_mesh_worldspace_texture_blend.vmesh_c	2462
maps/tatdemo1/worldnodes/node000_lr0_b1712_s_cb_mesh_worldspace_texture_blend.vmesh_c	4418
maps/tatdemo1/worldnodes/node000_lr0_b1713_s_cb_mesh_worldspace_texture_blend.vmesh_c	9530
maps/tatdemo1/worldnodes/node000_lr0_b1714_s_cb_mesh_worldspace_texture_blend.vmesh_c	15746
maps/tatdemo1/worldnodes/node000_lr0_b1715_s_cb_mesh_worldspace_texture_blend.vmesh_c	11078
maps/tatdemo1/worldnodes/node000_lr0_b1716_s_cb_mesh_worldspace_texture_blend.vmesh_c	11396
maps/tatdemo1/worldnodes/node000_lr0_b1717_s_cb_mesh_worldspace_texture_blend.vmesh_c	12536
maps/tatdemo1/worldnodes/node000_lr0_b1718_s_cb_mesh_worldspace_texture_blend.vmesh_c	11528
maps/tatdemo1/worldnodes/node000_lr0_b1719_s_cb_mesh_worldspace_texture_blend.vmesh_c	9164
maps/tatdemo1/worldnodes/node000_lr0_b1720_s_cb_mesh_worldspace_texture_blend.vmesh_c	11504
maps/tatdemo1/worldnodes/node000_lr0_b1721_s_cb_mesh_worldspace_texture_blend.vmesh_c	14708
maps/tatdemo1/worldnodes/node000_lr0_b1722_s_cb_mesh_worldspace_texture_blend.vmesh_c	4520
maps/tatdemo1/worldnodes/node000_lr0_b1723_s_cb_mesh_worldspace_texture_blend.vmesh_c	6356
maps/tatdemo1/worldnodes/node000_lr0_b1724_s_cb_mesh_worldspace_texture_blend.vmesh_c	5942
maps/tatdemo1/worldnodes/node000_lr0_b1740_s_cb_mesh_worldspace_texture_blend.vmesh_c	8966
maps/tatdemo1/worldnodes/node000_lr0_b1741_s_cb_mesh_worldspace_texture_blend.vmesh_c	8978
maps/tatdemo1/worldnodes/node000_lr0_b1742_s_cb_mesh_worldspace_texture_blend.vmesh_c	4190
maps/tatdemo1/worldnodes/node000_lr0_b1743_s_cb_mesh_worldspace_texture_blend.vmesh_c	2426
maps/tatdemo1/worldnodes/node000_lr0_b1744_s_cb_mesh_worldspace_texture_blend.vmesh_c	2798
maps/tatdemo1/worldnodes/node000_lr0_b1751_s_cb_mesh_worldspace_texture_blend.vmesh_c	3884
maps/tatdemo1/worldnodes/node000_lr0_b1752_s_cb_mesh_worldspace_texture_blend.vmesh_c	2732
maps/tatdemo1/worldnodes/node000_lr0_b1753_s_cb_mesh_worldspace_texture_blend.vmesh_c	5396
maps/tatdemo1/worldnodes/node000_lr0_b1754_s_cb_mesh_worldspace_texture_blend.vmesh_c	5012
maps/tatdemo1/worldnodes/node000_lr0_b1759_s_cb_mesh_worldspace_texture_blend.vmesh_c	2368
maps/tatdemo1/worldnodes/node000_lr0_b1780_s_cb_mesh_worldspace_texture_blend.vmesh_c	4010
maps/tatdemo1/worldnodes/node000_lr0_b1781_s_cb_mesh_worldspace_texture_blend.vmesh_c	3038
maps/tatdemo1/worldnodes/node000_lr0_b1782_s_cb_mesh_worldspace_texture_blend.vmesh_c	6686
maps/tatdemo1/worldnodes/node000_lr0_b1788_s_cb_mesh_worldspace_texture_blend.vmesh_c	3438
maps/tatdemo1/worldnodes/node000_lr0_b1810_s_cb_mesh_worldspace_texture_blend.vmesh_c	5738
maps/tatdemo1/worldnodes/node000_lr0_b1811_s_cb_mesh_worldspace_texture_blend.vmesh_c	3038
maps/tatdemo1/worldnodes/node000_lr0_b1883_s_cb_mesh_worldspace_texture_blend.vmesh_c	3734
maps/tatdemo1/worldnodes/node000_lr0_b1912_s_cb_mesh_worldspace_texture_blend.vmesh_c	3344
maps/tatdemo1/worldnodes/node000_lr0_b1941_s_cb_mesh_worldspace_texture_blend.vmesh_c	3572
maps/tatdemo1/worldnodes/node000_lr0_b1970_s_cb_mesh_worldspace_texture_blend.vmesh_c	3494
maps/tatdemo1/worldnodes/node000_lr0_b1999_s_cb_mesh_worldspace_texture_blend.vmesh_c	3386
maps/tatdemo1/worldnodes/node000_lr0_b2018_s_cb_mesh_worldspace_texture_blend.vmesh_c	2102
maps/tatdemo1/worldnodes/node000_lr0_b2019_s_cb_mesh_worldspace_texture_blend.vmesh_c	3708
maps/tatdemo1/worldnodes/node000_lr0_b2028_s_cb_mesh_worldspace_texture_blend.vmesh_c	2774
maps/tatdemo1/worldnodes/node000_lr0_b2045_s_cb_mesh_worldspace_texture_blend.vmesh_c	5810
maps/tatdemo1/worldnodes/node000_lr0_b2046_s_cb_mesh_worldspace_texture_blend.vmesh_c	5708
maps/tatdemo1/worldnodes/node000_lr0_b2047_s_cb_mesh_worldspace_texture_blend.vmesh_c	14072
maps/tatdemo1/worldnodes/node000_lr0_b2048_s_cb_mesh_worldspace_texture_blend.vmesh_c	16238
maps/tatdemo1/worldnodes/node000_lr0_b2054_s_cb_mesh_worldspace_texture_blend.vmesh_c	2674
maps/tatdemo1/worldnodes/node000_lr0_b2055_s_cb_mesh_worldspace_texture_blend.vmesh_c	5140
maps/tatdemo1/worldnodes/node000_lr0_b2057_s_cb_mesh_worldspace_texture_blend.vmesh_c	2302
maps/tatdemo1/worldnodes/node000_lr0_b2074_s_cb_mesh_worldspace_texture_blend.vmesh_c	3320
maps/tatdemo1/worldnodes/node000_lr0_b2076_s_cb_mesh_worldspace_texture_blend.vmesh_c	8138
maps/tatdemo1/worldnodes/node000_lr0_b2077_s_cb_mesh_worldspace_texture_blend.vmesh_c	14930
maps/tatdemo1/worldnodes/node000_lr0_b2082_s_cb_mesh_worldspace_texture_blend.vmesh_c	2416
maps/tatdemo1/worldnodes/node000_lr0_b2103_s_cb_mesh_worldspace_texture_blend.vmesh_c	5258
maps/tatdemo1/worldnodes/node000_lr0_b2105_s_cb_mesh_worldspace_texture_blend.vmesh_c	9140
maps/tatdemo1/worldnodes/node000_lr0_b2106_s_cb_mesh_worldspace_texture_blend.vmesh_c	10910
maps/tatdemo1/worldnodes/node000_lr0_b2111_s_cb_mesh_worldspace_texture_blend.vmesh_c	3740
maps/tatdemo1/worldnodes/node000_lr0_b2132_s_cb_mesh_worldspace_texture_blend.vmesh_c	4406
maps/tatdemo1/worldnodes/node000_lr0_b2133_s_cb_mesh_worldspace_texture_blend.vmesh_c	4172
maps/tatdemo1/worldnodes/node000_lr0_b2134_s_cb_mesh_worldspace_texture_blend.vmesh_c	10712
maps/tatdemo1/worldnodes/node000_lr0_b2135_s_cb_mesh_worldspace_texture_blend.vmesh_c	6038
maps/tatdemo1/worldnodes/node000_lr0_b2139_s_cb_mesh_worldspace_texture_blend.vmesh_c	2416
maps/tatdemo1/worldnodes/node000_lr0_b2140_s_cb_mesh_worldspace_texture_blend.vmesh_c	3188
maps/tatdemo1/worldnodes/node000_lr0_b2162_s_cb_mesh_worldspace_texture_blend.vmesh_c	4856
maps/tatdemo1/worldnodes/node000_lr0_b2163_s_cb_mesh_worldspace_texture_blend.vmesh_c	6800
maps/tatdemo1/worldnodes/node000_lr0_b2167_s_cb_mesh_worldspace_texture_blend.vmesh_c	3314
maps/tatdemo1/worldnodes/node000_lr0_b2168_s_cb_mesh_worldspace_texture_blend.vmesh_c	1762
maps/tatdemo1/worldnodes/node000_lr0_b2195_s_cb_mesh_worldspace_texture_blend.vmesh_c	2188
maps/tatdemo1/worldnodes/node000_lr0_b2262_s_cb_mesh_worldspace_texture_blend.vmesh_c	10198
maps/tatdemo1/worldnodes/node000_lr0_b2263_s_cb_mesh_worldspace_texture_blend.vmesh_c	22432
maps/tatdemo1/worldnodes/node000_lr0_b2264_s_cb_mesh_worldspace_texture_blend.vmesh_c	8128
maps/tatdemo1/worldnodes/node000_lr0_b2265_s_cb_mesh_worldspace_texture_blend.vmesh_c	16180
maps/tatdemo1/worldnodes/node000_lr0_b2266_s_cb_mesh_worldspace_texture_blend.vmesh_c	12808
maps/tatdemo1/worldnodes/node000_lr0_b2267_s_cb_mesh_worldspace_texture_blend.vmesh_c	12688
maps/tatdemo1/worldnodes/node000_lr0_b2268_s_cb_mesh_worldspace_texture_blend.vmesh_c	9760
maps/tatdemo1/worldnodes/node000_lr0_b2269_s_cb_mesh_worldspace_texture_blend.vmesh_c	2326
maps/tatdemo1/worldnodes/node000_lr0_b2271_s_cb_mesh_worldspace_texture_blend.vmesh_c	4608
maps/tatdemo1/worldnodes/node000_lr0_b2272_s_cb_mesh_worldspace_texture_blend.vmesh_c	5868
maps/tatdemo1/worldnodes/node000_lr0_b2291_s_cb_mesh_worldspace_texture_blend.vmesh_c	14242
maps/tatdemo1/worldnodes/node000_lr0_b2292_s_cb_mesh_worldspace_texture_blend.vmesh_c	21718
maps/tatdemo1/worldnodes/node000_lr0_b2293_s_cb_mesh_worldspace_texture_blend.vmesh_c	24490
maps/tatdemo1/worldnodes/node000_lr0_b2294_s_cb_mesh_worldspace_texture_blend.vmesh_c	22254
maps/tatdemo1/worldnodes/node000_lr0_b2295_s_cb_mesh_worldspace_texture_blend.vmesh_c	22954
maps/tatdemo1/worldnodes/node000_lr0_b2296_s_cb_mesh_worldspace_texture_blend.vmesh_c	6940
maps/tatdemo1/worldnodes/node000_lr0_b2297_s_cb_mesh_worldspace_texture_blend.vmesh_c	2944
maps/tatdemo1/worldnodes/node000_lr0_b2298_s_cb_mesh_worldspace_texture_blend.vmesh_c	12940
maps/tatdemo1/worldnodes/node000_lr0_b2299_s_cb_mesh_worldspace_texture_blend.vmesh_c	14720
maps/tatdemo1/worldnodes/node000_lr0_b2300_s_cb_mesh_worldspace_texture_blend.vmesh_c	10412
maps/tatdemo1/worldnodes/node000_lr0_b2301_s_cb_mesh_worldspace_texture_blend.vmesh_c	26604
maps/tatdemo1/worldnodes/node000_lr0_b2302_s_cb_mesh_worldspace_texture_blend.vmesh_c	5088
maps/tatdemo1/worldnodes/node000_lr0_b2303_s_cb_mesh_worldspace_texture_blend.vmesh_c	16010
maps/tatdemo1/worldnodes/node000_lr0_b2304_s_cb_mesh_worldspace_texture_blend.vmesh_c	5000
maps/tatdemo1/worldnodes/node000_lr0_b2320_s_cb_mesh_worldspace_texture_blend.vmesh_c	11296
maps/tatdemo1/worldnodes/node000_lr0_b2321_s_cb_mesh_worldspace_texture_blend.vmesh_c	21592
maps/tatdemo1/worldnodes/node000_lr0_b2322_s_cb_mesh_worldspace_texture_blend.vmesh_c	10144
maps/tatdemo1/worldnodes/node000_lr0_b2323_s_cb_mesh_worldspace_texture_blend.vmesh_c	19108
maps/tatdemo1/worldnodes/node000_lr0_b2324_s_cb_mesh_worldspace_texture_blend.vmesh_c	31728
maps/tatdemo1/worldnodes/node000_lr0_b2325_s_cb_mesh_worldspace_texture_blend.vmesh_c	11062
maps/tatdemo1/worldnodes/node000_lr0_b2327_s_cb_mesh_worldspace_texture_blend.vmesh_c	13840
maps/tatdemo1/worldnodes/node000_lr0_b2328_s_cb_mesh_worldspace_texture_blend.vmesh_c	15932
maps/tatdemo1/worldnodes/node000_lr0_b2330_s_cb_mesh_worldspace_texture_blend.vmesh_c	25860
maps/tatdemo1/worldnodes/node000_lr0_b2331_s_cb_mesh_worldspace_texture_blend.vmesh_c	13154
maps/tatdemo1/worldnodes/node000_lr0_b2332_s_cb_mesh_worldspace_texture_blend.vmesh_c	7412
maps/tatdemo1/worldnodes/node000_lr0_b2333_s_cb_mesh_worldspace_texture_blend.vmesh_c	9746
maps/tatdemo1/worldnodes/node000_lr0_b2349_s_cb_mesh_worldspace_texture_blend.vmesh_c	17404
maps/tatdemo1/worldnodes/node000_lr0_b2350_s_cb_mesh_worldspace_texture_blend.vmesh_c	4528
maps/tatdemo1/worldnodes/node000_lr0_b2351_s_cb_mesh_worldspace_texture_blend.vmesh_c	4000
maps/tatdemo1/worldnodes/node000_lr0_b2352_s_cb_mesh_worldspace_texture_blend.vmesh_c	27502
maps/tatdemo1/worldnodes/node000_lr0_b2353_s_cb_mesh_worldspace_texture_blend.vmesh_c	33988
maps/tatdemo1/worldnodes/node000_lr0_b2354_s_cb_mesh_worldspace_texture_blend.vmesh_c	3144
maps/tatdemo1/worldnodes/node000_lr0_b2356_s_cb_mesh_worldspace_texture_blend.vmesh_c	12604
maps/tatdemo1/worldnodes/node000_lr0_b2357_s_cb_mesh_worldspace_texture_blend.vmesh_c	19136
maps/tatdemo1/worldnodes/node000_lr0_b2358_s_cb_mesh_worldspace_texture_blend.vmesh_c	12878
maps/tatdemo1/worldnodes/node000_lr0_b2359_s_cb_mesh_worldspace_texture_blend.vmesh_c	27642
maps/tatdemo1/worldnodes/node000_lr0_b2360_s_cb_mesh_worldspace_texture_blend.vmesh_c	8904
maps/tatdemo1/worldnodes/node000_lr0_b2361_s_cb_mesh_worldspace_texture_blend.vmesh_c	12476
maps/tatdemo1/worldnodes/node000_lr0_b2362_s_cb_mesh_worldspace_texture_blend.vmesh_c	3482
maps/tatdemo1/worldnodes/node000_lr0_b2363_s_cb_mesh_worldspace_texture_blend.vmesh_c	3306
maps/tatdemo1/worldnodes/node000_lr0_b2364_s_cb_mesh_worldspace_texture_blend.vmesh_c	3832
maps/tatdemo1/worldnodes/node000_lr0_b2378_s_cb_mesh_worldspace_texture_blend.vmesh_c	20224
maps/tatdemo1/worldnodes/node000_lr0_b2379_s_cb_mesh_worldspace_texture_blend.vmesh_c	5002
maps/tatdemo1/worldnodes/node000_lr0_b2380_s_cb_mesh_worldspace_texture_blend.vmesh_c	4870
maps/tatdemo1/worldnodes/node000_lr0_b2381_s_cb_mesh_worldspace_texture_blend.vmesh_c	31336
maps/tatdemo1/worldnodes/node000_lr0_b2382_s_cb_mesh_worldspace_texture_blend.vmesh_c	14014
maps/tatdemo1/worldnodes/node000_lr0_b2385_s_cb_mesh_worldspace_texture_blend.vmesh_c	15988
maps/tatdemo1/worldnodes/node000_lr0_b2386_s_cb_mesh_worldspace_texture_blend.vmesh_c	4354
maps/tatdemo1/worldnodes/node000_lr0_b2387_s_cb_mesh_worldspace_texture_blend.vmesh_c	6586
maps/tatdemo1/worldnodes/node000_lr0_b2388_s_cb_mesh_worldspace_texture_blend.vmesh_c	18038
maps/tatdemo1/worldnodes/node000_lr0_b2389_s_cb_mesh_worldspace_texture_blend.vmesh_c	5954
maps/tatdemo1/worldnodes/node000_lr0_b2391_s_cb_mesh_worldspace_texture_blend.vmesh_c	6672
maps/tatdemo1/worldnodes/node000_lr0_b2392_s_cb_mesh_worldspace_texture_blend.vmesh_c	6406
maps/tatdemo1/worldnodes/node000_lr0_b2393_s_cb_mesh_worldspace_texture_blend.vmesh_c	4632
maps/tatdemo1/worldnodes/node000_lr0_b2394_s_cb_mesh_worldspace_texture_blend.vmesh_c	5304
maps/tatdemo1/worldnodes/node000_lr0_b2402_s_cb_mesh_worldspace_texture_blend.vmesh_c	3804
maps/tatdemo1/worldnodes/node000_lr0_b2403_s_cb_mesh_worldspace_texture_blend.vmesh_c	13918
maps/tatdemo1/worldnodes/node000_lr0_b2404_s_cb_mesh_worldspace_texture_blend.vmesh_c	7278
maps/tatdemo1/worldnodes/node000_lr0_b2407_s_cb_mesh_worldspace_texture_blend.vmesh_c	22726
maps/tatdemo1/worldnodes/node000_lr0_b2410_s_cb_mesh_worldspace_texture_blend.vmesh_c	9006
maps/tatdemo1/worldnodes/node000_lr0_b2413_s_cb_mesh_worldspace_texture_blend.vmesh_c	10624
maps/tatdemo1/worldnodes/node000_lr0_b2414_s_cb_mesh_worldspace_texture_blend.vmesh_c	13356
maps/tatdemo1/worldnodes/node000_lr0_b2415_s_cb_mesh_worldspace_texture_blend.vmesh_c	3934
maps/tatdemo1/worldnodes/node000_lr0_b2416_s_cb_mesh_worldspace_texture_blend.vmesh_c	2406
maps/tatdemo1/worldnodes/node000_lr0_b2417_s_cb_mesh_worldspace_texture_blend.vmesh_c	11350
maps/tatdemo1/worldnodes/node000_lr0_b2418_s_cb_mesh_worldspace_texture_blend.vmesh_c	12476
maps/tatdemo1/worldnodes/node000_lr0_b2419_s_cb_mesh_worldspace_texture_blend.vmesh_c	8702
maps/tatdemo1/worldnodes/node000_lr0_b2420_s_cb_mesh_worldspace_texture_blend.vmesh_c	9088
maps/tatdemo1/worldnodes/node000_lr0_b2421_s_cb_mesh_worldspace_texture_blend.vmesh_c	6498
maps/tatdemo1/worldnodes/node000_lr0_b2423_s_cb_mesh_worldspace_texture_blend.vmesh_c	6342
maps/tatdemo1/worldnodes/node000_lr0_b2431_s_cb_mesh_worldspace_texture_blend.vmesh_c	10038
maps/tatdemo1/worldnodes/node000_lr0_b2432_s_cb_mesh_worldspace_texture_blend.vmesh_c	8860
maps/tatdemo1/worldnodes/node000_lr0_b2433_s_cb_mesh_worldspace_texture_blend.vmesh_c	21184
maps/tatdemo1/worldnodes/node000_lr0_b2434_s_cb_mesh_worldspace_texture_blend.vmesh_c	7300
maps/tatdemo1/worldnodes/node000_lr0_b2436_s_cb_mesh_worldspace_texture_blend.vmesh_c	32320
maps/tatdemo1/worldnodes/node000_lr0_b2437_s_cb_mesh_worldspace_texture_blend.vmesh_c	4306
maps/tatdemo1/worldnodes/node000_lr0_b2438_s_cb_mesh_worldspace_texture_blend.vmesh_c	7228
maps/tatdemo1/worldnodes/node000_lr0_b2439_s_cb_mesh_worldspace_texture_blend.vmesh_c	3128
maps/tatdemo1/worldnodes/node000_lr0_b2441_s_cb_mesh_worldspace_texture_blend.vmesh_c	4564
maps/tatdemo1/worldnodes/node000_lr0_b2442_s_cb_mesh_worldspace_texture_blend.vmesh_c	25816
maps/tatdemo1/worldnodes/node000_lr0_b2443_s_cb_mesh_worldspace_texture_blend.vmesh_c	18520
maps/tatdemo1/worldnodes/node000_lr0_b2444_s_cb_mesh_worldspace_texture_blend.vmesh_c	4306
maps/tatdemo1/worldnodes/node000_lr0_b2445_s_cb_mesh_worldspace_texture_blend.vmesh_c	3598
maps/tatdemo1/worldnodes/node000_lr0_b2446_s_cb_mesh_worldspace_texture_blend.vmesh_c	6160
maps/tatdemo1/worldnodes/node000_lr0_b2447_s_cb_mesh_worldspace_texture_blend.vmesh_c	22230
maps/tatdemo1/worldnodes/node000_lr0_b2448_s_cb_mesh_worldspace_texture_blend.vmesh_c	28106
maps/tatdemo1/worldnodes/node000_lr0_b2449_s_cb_mesh_worldspace_texture_blend.vmesh_c	22682
maps/tatdemo1/worldnodes/node000_lr0_b2450_s_cb_mesh_worldspace_texture_blend.vmesh_c	5244
maps/tatdemo1/worldnodes/node000_lr0_b2451_s_cb_mesh_worldspace_texture_blend.vmesh_c	6702
maps/tatdemo1/worldnodes/node000_lr0_b2452_s_cb_mesh_worldspace_texture_blend.vmesh_c	2880
maps/tatdemo1/worldnodes/node000_lr0_b2453_s_cb_mesh_worldspace_texture_blend.vmesh_c	13378
maps/tatdemo1/worldnodes/node000_lr0_b2454_s_cb_mesh_worldspace_texture_blend.vmesh_c	3670
maps/tatdemo1/worldnodes/node000_lr0_b2460_s_cb_mesh_worldspace_texture_blend.vmesh_c	4278
maps/tatdemo1/worldnodes/node000_lr0_b2461_s_cb_mesh_worldspace_texture_blend.vmesh_c	16050
maps/tatdemo1/worldnodes/node000_lr0_b2462_s_cb_mesh_worldspace_texture_blend.vmesh_c	11002
maps/tatdemo1/worldnodes/node000_lr0_b2463_s_cb_mesh_worldspace_texture_blend.vmesh_c	13090
maps/tatdemo1/worldnodes/node000_lr0_b2465_s_cb_mesh_worldspace_texture_blend.vmesh_c	19786
maps/tatdemo1/worldnodes/node000_lr0_b2466_s_cb_mesh_worldspace_texture_blend.vmesh_c	30922
maps/tatdemo1/worldnodes/node000_lr0_b2467_s_cb_mesh_worldspace_texture_blend.vmesh_c	24692
maps/tatdemo1/worldnodes/node000_lr0_b2468_s_cb_mesh_worldspace_texture_blend.vmesh_c	26306
maps/tatdemo1/worldnodes/node000_lr0_b2469_s_cb_mesh_worldspace_texture_blend.vmesh_c	21770
maps/tatdemo1/worldnodes/node000_lr0_b2470_s_cb_mesh_worldspace_texture_blend.vmesh_c	13802
maps/tatdemo1/worldnodes/node000_lr0_b2471_s_cb_mesh_worldspace_texture_blend.vmesh_c	24194
maps/tatdemo1/worldnodes/node000_lr0_b2472_s_cb_mesh_worldspace_texture_blend.vmesh_c	16022
maps/tatdemo1/worldnodes/node000_lr0_b2473_s_cb_mesh_worldspace_texture_blend.vmesh_c	11426
maps/tatdemo1/worldnodes/node000_lr0_b2474_s_cb_mesh_worldspace_texture_blend.vmesh_c	12122
maps/tatdemo1/worldnodes/node000_lr0_b2475_s_cb_mesh_worldspace_texture_blend.vmesh_c	29588
maps/tatdemo1/worldnodes/node000_lr0_b2476_s_cb_mesh_worldspace_texture_blend.vmesh_c	21206
maps/tatdemo1/worldnodes/node000_lr0_b2477_s_cb_mesh_worldspace_texture_blend.vmesh_c	9962
maps/tatdemo1/worldnodes/node000_lr0_b2478_s_cb_mesh_worldspace_texture_blend.vmesh_c	12314
maps/tatdemo1/worldnodes/node000_lr0_b2479_s_cb_mesh_worldspace_texture_blend.vmesh_c	20978
maps/tatdemo1/worldnodes/node000_lr0_b2480_s_cb_mesh_worldspace_texture_blend.vmesh_c	19908
maps/tatdemo1/worldnodes/node000_lr0_b2481_s_cb_mesh_worldspace_texture_blend.vmesh_c	18660
maps/tatdemo1/worldnodes/node000_lr0_b2482_s_cb_mesh_worldspace_texture_blend.vmesh_c	26122
maps/tatdemo1/worldnodes/node000_lr0_b2483_s_cb_mesh_worldspace_texture_blend.vmesh_c	27400
maps/tatdemo1/worldnodes/node000_lr0_b2484_s_cb_mesh_worldspace_texture_blend.vmesh_c	9532
maps/tatdemo1/worldnodes/node000_lr0_b2489_s_cb_mesh_worldspace_texture_blend.vmesh_c	3090
maps/tatdemo1/worldnodes/node000_lr0_b2490_s_cb_mesh_worldspace_texture_blend.vmesh_c	22020
maps/tatdemo1/worldnodes/node000_lr0_b2491_s_cb_mesh_worldspace_texture_blend.vmesh_c	23442
maps/tatdemo1/worldnodes/node000_lr0_b2492_s_cb_mesh_worldspace_texture_blend.vmesh_c	3522
maps/tatdemo1/worldnodes/node000_lr0_b2494_s_cb_mesh_worldspace_texture_blend.vmesh_c	12404
maps/tatdemo1/worldnodes/node000_lr0_b2495_s_cb_mesh_worldspace_texture_blend.vmesh_c	16120
maps/tatdemo1/worldnodes/node000_lr0_b2496_s_cb_mesh_worldspace_texture_blend.vmesh_c	17110
maps/tatdemo1/worldnodes/node000_lr0_b2497_s_cb_mesh_worldspace_texture_blend.vmesh_c	16986
maps/tatdemo1/worldnodes/node000_lr0_b2498_s_cb_mesh_worldspace_texture_blend.vmesh_c	13804
maps/tatdemo1/worldnodes/node000_lr0_b2499_s_cb_mesh_worldspace_texture_blend.vmesh_c	9158
maps/tatdemo1/worldnodes/node000_lr0_b2500_s_cb_mesh_worldspace_texture_blend.vmesh_c	6428
maps/tatdemo1/worldnodes/node000_lr0_b2501_s_cb_mesh_worldspace_texture_blend.vmesh_c	17972
maps/tatdemo1/worldnodes/node000_lr0_b2502_s_cb_mesh_worldspace_texture_blend.vmesh_c	5990
maps/tatdemo1/worldnodes/node000_lr0_b2503_s_cb_mesh_worldspace_texture_blend.vmesh_c	21896
maps/tatdemo1/worldnodes/node000_lr0_b2504_s_cb_mesh_worldspace_texture_blend.vmesh_c	10358
maps/tatdemo1/worldnodes/node000_lr0_b2505_s_cb_mesh_worldspace_texture_blend.vmesh_c	33320
maps/tatdemo1/worldnodes/node000_lr0_b2506_s_cb_mesh_worldspace_texture_blend.vmesh_c	2456
maps/tatdemo1/worldnodes/node000_lr0_b2507_s_cb_mesh_worldspace_texture_blend.vmesh_c	19412
maps/tatdemo1/worldnodes/node000_lr0_b2508_s_cb_mesh_worldspace_texture_blend.vmesh_c	19368
maps/tatdemo1/worldnodes/node000_lr0_b2509_s_cb_mesh_worldspace_texture_blend.vmesh_c	21728
maps/tatdemo1/worldnodes/node000_lr0_b2510_s_cb_mesh_worldspace_texture_blend.vmesh_c	27292
maps/tatdemo1/worldnodes/node000_lr0_b2511_s_cb_mesh_worldspace_texture_blend.vmesh_c	11898
maps/tatdemo1/worldnodes/node000_lr0_b2512_s_cb_mesh_worldspace_texture_blend.vmesh_c	4210
maps/tatdemo1/worldnodes/node000_lr0_b2513_s_cb_mesh_worldspace_texture_blend.vmesh_c	31336
maps/tatdemo1/worldnodes/node000_lr0_b2514_s_cb_mesh_worldspace_texture_blend.vmesh_c	7614
maps/tatdemo1/worldnodes/node000_lr0_b2519_s_cb_mesh_worldspace_texture_blend.vmesh_c	7290
maps/tatdemo1/worldnodes/node000_lr0_b2520_s_cb_mesh_worldspace_texture_blend.vmesh_c	6558
maps/tatdemo1/worldnodes/node000_lr0_b2524_s_cb_mesh_worldspace_texture_blend.vmesh_c	14784
maps/tatdemo1/worldnodes/node000_lr0_b2525_s_cb_mesh_worldspace_texture_blend.vmesh_c	26878
maps/tatdemo1/worldnodes/node000_lr0_b2526_s_cb_mesh_worldspace_texture_blend.vmesh_c	23146
maps/tatdemo1/worldnodes/node000_lr0_b2527_s_cb_mesh_worldspace_texture_blend.vmesh_c	28168
maps/tatdemo1/worldnodes/node000_lr0_b2528_s_cb_mesh_worldspace_texture_blend.vmesh_c	10672
maps/tatdemo1/worldnodes/node000_lr0_b2529_s_cb_mesh_worldspace_texture_blend.vmesh_c	2444
maps/tatdemo1/worldnodes/node000_lr0_b2530_s_cb_mesh_worldspace_texture_blend.vmesh_c	17972
maps/tatdemo1/worldnodes/node000_lr0_b2531_s_cb_mesh_worldspace_texture_blend.vmesh_c	16664
maps/tatdemo1/worldnodes/node000_lr0_b2532_s_cb_mesh_worldspace_texture_blend.vmesh_c	29396
maps/tatdemo1/worldnodes/node000_lr0_b2533_s_cb_mesh_worldspace_texture_blend.vmesh_c	21272
maps/tatdemo1/worldnodes/node000_lr0_b2534_s_cb_mesh_worldspace_texture_blend.vmesh_c	30900
maps/tatdemo1/worldnodes/node000_lr0_b2535_s_cb_mesh_worldspace_texture_blend.vmesh_c	2144
maps/tatdemo1/worldnodes/node000_lr0_b2536_s_cb_mesh_worldspace_texture_blend.vmesh_c	23060
maps/tatdemo1/worldnodes/node000_lr0_b2537_s_cb_mesh_worldspace_texture_blend.vmesh_c	7844
maps/tatdemo1/worldnodes/node000_lr0_b2538_s_cb_mesh_worldspace_texture_blend.vmesh_c	6452
maps/tatdemo1/worldnodes/node000_lr0_b2539_s_cb_mesh_worldspace_texture_blend.vmesh_c	16260
maps/tatdemo1/worldnodes/node000_lr0_b2540_s_cb_mesh_worldspace_texture_blend.vmesh_c	10062
maps/tatdemo1/worldnodes/node000_lr0_b2541_s_cb_mesh_worldspace_texture_blend.vmesh_c	13864
maps/tatdemo1/worldnodes/node000_lr0_b2542_s_cb_mesh_worldspace_texture_blend.vmesh_c	30184
maps/tatdemo1/worldnodes/node000_lr0_b2543_s_cb_mesh_worldspace_texture_blend.vmesh_c	5326
maps/tatdemo1/worldnodes/node000_lr0_b2545_s_cb_mesh_worldspace_texture_blend.vmesh_c	4090
maps/tatdemo1/worldnodes/node000_lr0_b2546_s_cb_mesh_worldspace_texture_blend.vmesh_c	4414
maps/tatdemo1/worldnodes/node000_lr0_b2553_s_cb_mesh_worldspace_texture_blend.vmesh_c	15010
maps/tatdemo1/worldnodes/node000_lr0_b2554_s_cb_mesh_worldspace_texture_blend.vmesh_c	23158
maps/tatdemo1/worldnodes/node000_lr0_b2556_s_cb_mesh_worldspace_texture_blend.vmesh_c	4528
maps/tatdemo1/worldnodes/node000_lr0_b2557_s_cb_mesh_worldspace_texture_blend.vmesh_c	17200
maps/tatdemo1/worldnodes/node000_lr0_b2559_s_cb_mesh_worldspace_texture_blend.vmesh_c	12104
maps/tatdemo1/worldnodes/node000_lr0_b2560_s_cb_mesh_worldspace_texture_blend.vmesh_c	24218
maps/tatdemo1/worldnodes/node000_lr0_b2561_s_cb_mesh_worldspace_texture_blend.vmesh_c	28412
maps/tatdemo1/worldnodes/node000_lr0_b2562_s_cb_mesh_worldspace_texture_blend.vmesh_c	33146
maps/tatdemo1/worldnodes/node000_lr0_b2563_s_cb_mesh_worldspace_texture_blend.vmesh_c	15720
maps/tatdemo1/worldnodes/node000_lr0_b2564_s_cb_mesh_worldspace_texture_blend.vmesh_c	34214
maps/tatdemo1/worldnodes/node000_lr0_b2565_s_cb_mesh_worldspace_texture_blend.vmesh_c	36212
maps/tatdemo1/worldnodes/node000_lr0_b2566_s_cb_mesh_worldspace_texture_blend.vmesh_c	16532
maps/tatdemo1/worldnodes/node000_lr0_b2567_s_cb_mesh_worldspace_texture_blend.vmesh_c	5288
maps/tatdemo1/worldnodes/node000_lr0_b2568_s_cb_mesh_worldspace_texture_blend.vmesh_c	28204
maps/tatdemo1/worldnodes/node000_lr0_b2569_s_cb_mesh_worldspace_texture_blend.vmesh_c	28150
maps/tatdemo1/worldnodes/node000_lr0_b2570_s_cb_mesh_worldspace_texture_blend.vmesh_c	6300
maps/tatdemo1/worldnodes/node000_lr0_b2571_s_cb_mesh_worldspace_texture_blend.vmesh_c	9154
maps/tatdemo1/worldnodes/node000_lr0_b2572_s_cb_mesh_worldspace_texture_blend.vmesh_c	15934
maps/tatdemo1/worldnodes/node000_lr0_b2573_s_cb_mesh_worldspace_texture_blend.vmesh_c	6666
maps/tatdemo1/worldnodes/node000_lr0_b2574_s_cb_mesh_worldspace_texture_blend.vmesh_c	7282
maps/tatdemo1/worldnodes/node000_lr0_b2575_s_cb_mesh_worldspace_texture_blend.vmesh_c	3658
maps/tatdemo1/worldnodes/node000_lr0_b2576_s_cb_mesh_worldspace_texture_blend.vmesh_c	6538
maps/tatdemo1/worldnodes/node000_lr0_b2582_s_cb_mesh_worldspace_texture_blend.vmesh_c	10182
maps/tatdemo1/worldnodes/node000_lr0_b2583_s_cb_mesh_worldspace_texture_blend.vmesh_c	6936
maps/tatdemo1/worldnodes/node000_lr0_b2586_s_cb_mesh_worldspace_texture_blend.vmesh_c	15488
maps/tatdemo1/worldnodes/node000_lr0_b2588_s_cb_mesh_worldspace_texture_blend.vmesh_c	13112
maps/tatdemo1/worldnodes/node000_lr0_b2589_s_cb_mesh_worldspace_texture_blend.vmesh_c	22706
maps/tatdemo1/worldnodes/node000_lr0_b2590_s_cb_mesh_worldspace_texture_blend.vmesh_c	26390
maps/tatdemo1/worldnodes/node000_lr0_b2591_s_cb_mesh_worldspace_texture_blend.vmesh_c	15470
maps/tatdemo1/worldnodes/node000_lr0_b2592_s_cb_mesh_worldspace_texture_blend.vmesh_c	3860
maps/tatdemo1/worldnodes/node000_lr0_b2593_s_cb_mesh_worldspace_texture_blend.vmesh_c	34178
maps/tatdemo1/worldnodes/node000_lr0_b2594_s_cb_mesh_worldspace_texture_blend.vmesh_c	20618
maps/tatdemo1/worldnodes/node000_lr0_b2595_s_cb_mesh_worldspace_texture_blend.vmesh_c	22622
maps/tatdemo1/worldnodes/node000_lr0_b2596_s_cb_mesh_worldspace_texture_blend.vmesh_c	20306
maps/tatdemo1/worldnodes/node000_lr0_b2597_s_cb_mesh_worldspace_texture_blend.vmesh_c	2980
maps/tatdemo1/worldnodes/node000_lr0_b2598_s_cb_mesh_worldspace_texture_blend.vmesh_c	6778
maps/tatdemo1/worldnodes/node000_lr0_b2599_s_cb_mesh_worldspace_texture_blend.vmesh_c	14406
maps/tatdemo1/worldnodes/node000_lr0_b2600_s_cb_mesh_worldspace_texture_blend.vmesh_c	13612
maps/tatdemo1/worldnodes/node000_lr0_b2601_s_cb_mesh_worldspace_texture_blend.vmesh_c	9984
maps/tatdemo1/worldnodes/node000_lr0_b2602_s_cb_mesh_worldspace_texture_blend.vmesh_c	13464
maps/tatdemo1/worldnodes/node000_lr0_b2603_s_cb_mesh_worldspace_texture_blend.vmesh_c	19264
maps/tatdemo1/worldnodes/node000_lr0_b2604_s_cb_mesh_worldspace_texture_blend.vmesh_c	3796
maps/tatdemo1/worldnodes/node000_lr0_b2605_s_cb_mesh_worldspace_texture_blend.vmesh_c	6514
maps/tatdemo1/worldnodes/node000_lr0_b2611_s_cb_mesh_worldspace_texture_blend.vmesh_c	2814
maps/tatdemo1/worldnodes/node000_lr0_b2612_s_cb_mesh_worldspace_texture_blend.vmesh_c	17480
maps/tatdemo1/worldnodes/node000_lr0_b2613_s_cb_mesh_worldspace_texture_blend.vmesh_c	8162
maps/tatdemo1/worldnodes/node000_lr0_b2614_s_cb_mesh_worldspace_texture_blend.vmesh_c	11870
maps/tatdemo1/worldnodes/node000_lr0_b2615_s_cb_mesh_worldspace_texture_blend.vmesh_c	11722
maps/tatdemo1/worldnodes/node000_lr0_b2617_s_cb_mesh_worldspace_texture_blend.vmesh_c	18836
maps/tatdemo1/worldnodes/node000_lr0_b2618_s_cb_mesh_worldspace_texture_blend.vmesh_c	19802
maps/tatdemo1/worldnodes/node000_lr0_b2619_s_cb_mesh_worldspace_texture_blend.vmesh_c	29054
maps/tatdemo1/worldnodes/node000_lr0_b2620_s_cb_mesh_worldspace_texture_blend.vmesh_c	18590
maps/tatdemo1/worldnodes/node000_lr0_b2621_s_cb_mesh_worldspace_texture_blend.vmesh_c	23756
maps/tatdemo1/worldnodes/node000_lr0_b2622_s_cb_mesh_worldspace_texture_blend.vmesh_c	11930
maps/tatdemo1/worldnodes/node000_lr0_b2623_s_cb_mesh_worldspace_texture_blend.vmesh_c	3716
maps/tatdemo1/worldnodes/node000_lr0_b2624_s_cb_mesh_worldspace_texture_blend.vmesh_c	5132
maps/tatdemo1/worldnodes/node000_lr0_b2625_s_cb_mesh_worldspace_texture_blend.vmesh_c	5412
maps/tatdemo1/worldnodes/node000_lr0_b2627_s_cb_mesh_worldspace_texture_blend.vmesh_c	21130
maps/tatdemo1/worldnodes/node000_lr0_b2628_s_cb_mesh_worldspace_texture_blend.vmesh_c	14450
maps/tatdemo1/worldnodes/node000_lr0_b2629_s_cb_mesh_worldspace_texture_blend.vmesh_c	20912
maps/tatdemo1/worldnodes/node000_lr0_b2630_s_cb_mesh_worldspace_texture_blend.vmesh_c	15788
maps/tatdemo1/worldnodes/node000_lr0_b2631_s_cb_mesh_worldspace_texture_blend.vmesh_c	2650
maps/tatdemo1/worldnodes/node000_lr0_b2632_s_cb_mesh_worldspace_texture_blend.vmesh_c	2988
maps/tatdemo1/worldnodes/node000_lr0_b2633_s_cb_mesh_worldspace_texture_blend.vmesh_c	10326
maps/tatdemo1/worldnodes/node000_lr0_b2634_s_cb_mesh_worldspace_texture_blend.vmesh_c	10428
maps/tatdemo1/worldnodes/node000_lr0_b2635_s_cb_mesh_worldspace_texture_blend.vmesh_c	4386
maps/tatdemo1/worldnodes/node000_lr0_b2637_s_cb_mesh_worldspace_texture_blend.vmesh_c	5654
maps/tatdemo1/worldnodes/node000_lr0_b2642_s_cb_mesh_worldspace_texture_blend.vmesh_c	5978
maps/tatdemo1/worldnodes/node000_lr0_b2643_s_cb_mesh_worldspace_texture_blend.vmesh_c	4938
maps/tatdemo1/worldnodes/node000_lr0_b2646_s_cb_mesh_worldspace_texture_blend.vmesh_c	12926
maps/tatdemo1/worldnodes/node000_lr0_b2647_s_cb_mesh_worldspace_texture_blend.vmesh_c	19988
maps/tatdemo1/worldnodes/node000_lr0_b2648_s_cb_mesh_worldspace_texture_blend.vmesh_c	28730
maps/tatdemo1/worldnodes/node000_lr0_b2649_s_cb_mesh_worldspace_texture_blend.vmesh_c	19640
maps/tatdemo1/worldnodes/node000_lr0_b2650_s_cb_mesh_worldspace_texture_blend.vmesh_c	19538
maps/tatdemo1/worldnodes/node000_lr0_b2651_s_cb_mesh_worldspace_texture_blend.vmesh_c	7046
maps/tatdemo1/worldnodes/node000_lr0_b2652_s_cb_mesh_worldspace_texture_blend.vmesh_c	17942
maps/tatdemo1/worldnodes/node000_lr0_b2653_s_cb_mesh_worldspace_texture_blend.vmesh_c	5972
maps/tatdemo1/worldnodes/node000_lr0_b2654_s_cb_mesh_worldspace_texture_blend.vmesh_c	6710
maps/tatdemo1/worldnodes/node000_lr0_b2655_s_cb_mesh_worldspace_texture_blend.vmesh_c	2106
maps/tatdemo1/worldnodes/node000_lr0_b2656_s_cb_mesh_worldspace_texture_blend.vmesh_c	30096
maps/tatdemo1/worldnodes/node000_lr0_b2657_s_cb_mesh_worldspace_texture_blend.vmesh_c	6174
maps/tatdemo1/worldnodes/node000_lr0_b2658_s_cb_mesh_worldspace_texture_blend.vmesh_c	1876
maps/tatdemo1/worldnodes/node000_lr0_b2659_s_cb_mesh_worldspace_texture_blend.vmesh_c	12644
maps/tatdemo1/worldnodes/node000_lr0_b2661_s_cb_mesh_worldspace_texture_blend.vmesh_c	7146
maps/tatdemo1/worldnodes/node000_lr0_b2662_s_cb_mesh_worldspace_texture_blend.vmesh_c	15714
maps/tatdemo1/worldnodes/node000_lr0_b2663_s_cb_mesh_worldspace_texture_blend.vmesh_c	11410
maps/tatdemo1/worldnodes/node000_lr0_b2664_s_cb_mesh_worldspace_texture_blend.vmesh_c	13258
maps/tatdemo1/worldnodes/node000_lr0_b2665_s_cb_mesh_worldspace_texture_blend.vmesh_c	13378
maps/tatdemo1/worldnodes/node000_lr0_b2666_s_cb_mesh_worldspace_texture_blend.vmesh_c	6146
maps/tatdemo1/worldnodes/node000_lr0_b2675_s_cb_mesh_worldspace_texture_blend.vmesh_c	15362
maps/tatdemo1/worldnodes/node000_lr0_b2676_s_cb_mesh_worldspace_texture_blend.vmesh_c	16682
maps/tatdemo1/worldnodes/node000_lr0_b2677_s_cb_mesh_worldspace_texture_blend.vmesh_c	19904
maps/tatdemo1/worldnodes/node000_lr0_b2678_s_cb_mesh_worldspace_texture_blend.vmesh_c	7808
maps/tatdemo1/worldnodes/node000_lr0_b2679_s_cb_mesh_worldspace_texture_blend.vmesh_c	12824
maps/tatdemo1/worldnodes/node000_lr0_b2680_s_cb_mesh_worldspace_texture_blend.vmesh_c	37370
maps/tatdemo1/worldnodes/node000_lr0_b2681_s_cb_mesh_worldspace_texture_blend.vmesh_c	9336
maps/tatdemo1/worldnodes/node000_lr0_b2683_s_cb_mesh_worldspace_texture_blend.vmesh_c	3134
maps/tatdemo1/worldnodes/node000_lr0_b2684_s_cb_mesh_worldspace_texture_blend.vmesh_c	25692
maps/tatdemo1/worldnodes/node000_lr0_b2685_s_cb_mesh_worldspace_texture_blend.vmesh_c	15534
maps/tatdemo1/worldnodes/node000_lr0_b2686_s_cb_mesh_worldspace_texture_blend.vmesh_c	8960
maps/tatdemo1/worldnodes/node000_lr0_b2687_s_cb_mesh_worldspace_texture_blend.vmesh_c	2814
maps/tatdemo1/worldnodes/node000_lr0_b2688_s_cb_mesh_worldspace_texture_blend.vmesh_c	6690
maps/tatdemo1/worldnodes/node000_lr0_b2690_s_cb_mesh_worldspace_texture_blend.vmesh_c	16254
maps/tatdemo1/worldnodes/node000_lr0_b2691_s_cb_mesh_worldspace_texture_blend.vmesh_c	4842
maps/tatdemo1/worldnodes/node000_lr0_b2694_s_cb_mesh_worldspace_texture_blend.vmesh_c	21712
maps/tatdemo1/worldnodes/node000_lr0_b2695_s_cb_mesh_worldspace_texture_blend.vmesh_c	4862
maps/tatdemo1/worldnodes/node000_lr0_b2703_s_cb_mesh_worldspace_texture_blend.vmesh_c	1814
maps/tatdemo1/worldnodes/node000_lr0_b2704_s_cb_mesh_worldspace_texture_blend.vmesh_c	16784
maps/tatdemo1/worldnodes/node000_lr0_b2705_s_cb_mesh_worldspace_texture_blend.vmesh_c	9452
maps/tatdemo1/worldnodes/node000_lr0_b2706_s_cb_mesh_worldspace_texture_blend.vmesh_c	27176
maps/tatdemo1/worldnodes/node000_lr0_b2707_s_cb_mesh_worldspace_texture_blend.vmesh_c	2024
maps/tatdemo1/worldnodes/node000_lr0_b2708_s_cb_mesh_worldspace_texture_blend.vmesh_c	14480
maps/tatdemo1/worldnodes/node000_lr0_b2709_s_cb_mesh_worldspace_texture_blend.vmesh_c	36344
maps/tatdemo1/worldnodes/node000_lr0_b2710_s_cb_mesh_worldspace_texture_blend.vmesh_c	7660
maps/tatdemo1/worldnodes/node000_lr0_b2711_s_cb_mesh_worldspace_texture_blend.vmesh_c	5250
maps/tatdemo1/worldnodes/node000_lr0_b2712_s_cb_mesh_worldspace_texture_blend.vmesh_c	2088
maps/tatdemo1/worldnodes/node000_lr0_b2713_s_cb_mesh_worldspace_texture_blend.vmesh_c	23924
maps/tatdemo1/worldnodes/node000_lr0_b2714_s_cb_mesh_worldspace_texture_blend.vmesh_c	8784
maps/tatdemo1/worldnodes/node000_lr0_b2715_s_cb_mesh_worldspace_texture_blend.vmesh_c	11150
maps/tatdemo1/worldnodes/node000_lr0_b2716_s_cb_mesh_worldspace_texture_blend.vmesh_c	2104
maps/tatdemo1/worldnodes/node000_lr0_b2717_s_cb_mesh_worldspace_texture_blend.vmesh_c	6984
maps/tatdemo1/worldnodes/node000_lr0_b2719_s_cb_mesh_worldspace_texture_blend.vmesh_c	15936
maps/tatdemo1/worldnodes/node000_lr0_b2720_s_cb_mesh_worldspace_texture_blend.vmesh_c	5364
maps/tatdemo1/worldnodes/node000_lr0_b2723_s_cb_mesh_worldspace_texture_blend.vmesh_c	25470
maps/tatdemo1/worldnodes/node000_lr0_b2724_s_cb_mesh_worldspace_texture_blend.vmesh_c	8420
maps/tatdemo1/worldnodes/node000_lr0_b2727_s_cb_mesh_worldspace_texture_blend.vmesh_c	2576
maps/tatdemo1/worldnodes/node000_lr0_b2728_s_cb_mesh_worldspace_texture_blend.vmesh_c	8318
maps/tatdemo1/worldnodes/node000_lr0_b2729_s_cb_mesh_worldspace_texture_blend.vmesh_c	3492
maps/tatdemo1/worldnodes/node000_lr0_b2730_s_cb_mesh_worldspace_texture_blend.vmesh_c	3900
maps/tatdemo1/worldnodes/node000_lr0_b2731_s_cb_mesh_worldspace_texture_blend.vmesh_c	4040
maps/tatdemo1/worldnodes/node000_lr0_b2732_s_cb_mesh_worldspace_texture_blend.vmesh_c	5042
maps/tatdemo1/worldnodes/node000_lr0_b2733_s_cb_mesh_worldspace_texture_blend.vmesh_c	19062
maps/tatdemo1/worldnodes/node000_lr0_b2734_s_cb_mesh_worldspace_texture_blend.vmesh_c	19356
maps/tatdemo1/worldnodes/node000_lr0_b2735_s_cb_mesh_worldspace_texture_blend.vmesh_c	28958
maps/tatdemo1/worldnodes/node000_lr0_b2736_s_cb_mesh_worldspace_texture_blend.vmesh_c	27352
maps/tatdemo1/worldnodes/node000_lr0_b2737_s_cb_mesh_worldspace_texture_blend.vmesh_c	25204
maps/tatdemo1/worldnodes/node000_lr0_b2738_s_cb_mesh_worldspace_texture_blend.vmesh_c	31084
maps/tatdemo1/worldnodes/node000_lr0_b2739_s_cb_mesh_worldspace_texture_blend.vmesh_c	17664
maps/tatdemo1/worldnodes/node000_lr0_b2740_s_cb_mesh_worldspace_texture_blend.vmesh_c	4860
maps/tatdemo1/worldnodes/node000_lr0_b2741_s_cb_mesh_worldspace_texture_blend.vmesh_c	2500
maps/tatdemo1/worldnodes/node000_lr0_b2742_s_cb_mesh_worldspace_texture_blend.vmesh_c	24172
maps/tatdemo1/worldnodes/node000_lr0_b2743_s_cb_mesh_worldspace_texture_blend.vmesh_c	11508
maps/tatdemo1/worldnodes/node000_lr0_b2744_s_cb_mesh_worldspace_texture_blend.vmesh_c	4096
maps/tatdemo1/worldnodes/node000_lr0_b2745_s_cb_mesh_worldspace_texture_blend.vmesh_c	3166
maps/tatdemo1/worldnodes/node000_lr0_b2746_s_cb_mesh_worldspace_texture_blend.vmesh_c	4028
maps/tatdemo1/worldnodes/node000_lr0_b2748_s_cb_mesh_worldspace_texture_blend.vmesh_c	18076
maps/tatdemo1/worldnodes/node000_lr0_b2751_s_cb_mesh_worldspace_texture_blend.vmesh_c	2106
maps/tatdemo1/worldnodes/node000_lr0_b2752_s_cb_mesh_worldspace_texture_blend.vmesh_c	21366
maps/tatdemo1/worldnodes/node000_lr0_b2753_s_cb_mesh_worldspace_texture_blend.vmesh_c	11444
maps/tatdemo1/worldnodes/node000_lr0_b2756_s_cb_mesh_worldspace_texture_blend.vmesh_c	3160
maps/tatdemo1/worldnodes/node000_lr0_b2757_s_cb_mesh_worldspace_texture_blend.vmesh_c	26422
maps/tatdemo1/worldnodes/node000_lr0_b2758_s_cb_mesh_worldspace_texture_blend.vmesh_c	14596
maps/tatdemo1/worldnodes/node000_lr0_b2759_s_cb_mesh_worldspace_texture_blend.vmesh_c	15116
maps/tatdemo1/worldnodes/node000_lr0_b2760_s_cb_mesh_worldspace_texture_blend.vmesh_c	12730
maps/tatdemo1/worldnodes/node000_lr0_b2761_s_cb_mesh_worldspace_texture_blend.vmesh_c	13750
maps/tatdemo1/worldnodes/node000_lr0_b2762_s_cb_mesh_worldspace_texture_blend.vmesh_c	14188
maps/tatdemo1/worldnodes/node000_lr0_b2763_s_cb_mesh_worldspace_texture_blend.vmesh_c	26824
maps/tatdemo1/worldnodes/node000_lr0_b2764_s_cb_mesh_worldspace_texture_blend.vmesh_c	19112
maps/tatdemo1/worldnodes/node000_lr0_b2765_s_cb_mesh_worldspace_texture_blend.vmesh_c	8374
maps/tatdemo1/worldnodes/node000_lr0_b2766_s_cb_mesh_worldspace_texture_blend.vmesh_c	4684
maps/tatdemo1/worldnodes/node000_lr0_b2767_s_cb_mesh_worldspace_texture_blend.vmesh_c	11146
maps/tatdemo1/worldnodes/node000_lr0_b2768_s_cb_mesh_worldspace_texture_blend.vmesh_c	18616
maps/tatdemo1/worldnodes/node000_lr0_b2769_s_cb_mesh_worldspace_texture_blend.vmesh_c	22378
maps/tatdemo1/worldnodes/node000_lr0_b2770_s_cb_mesh_worldspace_texture_blend.vmesh_c	12228
maps/tatdemo1/worldnodes/node000_lr0_b2771_s_cb_mesh_worldspace_texture_blend.vmesh_c	12352
maps/tatdemo1/worldnodes/node000_lr0_b2772_s_cb_mesh_worldspace_texture_blend.vmesh_c	21886
maps/tatdemo1/worldnodes/node000_lr0_b2773_s_cb_mesh_worldspace_texture_blend.vmesh_c	20050
maps/tatdemo1/worldnodes/node000_lr0_b2774_s_cb_mesh_worldspace_texture_blend.vmesh_c	9920
maps/tatdemo1/worldnodes/node000_lr0_b2777_s_cb_mesh_worldspace_texture_blend.vmesh_c	12576
maps/tatdemo1/worldnodes/node000_lr0_b2778_s_cb_mesh_worldspace_texture_blend.vmesh_c	16288
maps/tatdemo1/worldnodes/node000_lr0_b2779_s_cb_mesh_worldspace_texture_blend.vmesh_c	25180
maps/tatdemo1/worldnodes/node000_lr0_b2780_s_cb_mesh_worldspace_texture_blend.vmesh_c	27804
maps/tatdemo1/worldnodes/node000_lr0_b2781_s_cb_mesh_worldspace_texture_blend.vmesh_c	30274
maps/tatdemo1/worldnodes/node000_lr0_b2782_s_cb_mesh_worldspace_texture_blend.vmesh_c	15656
maps/tatdemo1/worldnodes/node000_lr0_b2785_s_cb_mesh_worldspace_texture_blend.vmesh_c	10924
maps/tatdemo1/worldnodes/node000_lr0_b2786_s_cb_mesh_worldspace_texture_blend.vmesh_c	12574
maps/tatdemo1/worldnodes/node000_lr0_b2787_s_cb_mesh_worldspace_texture_blend.vmesh_c	2440
maps/tatdemo1/worldnodes/node000_lr0_b2788_s_cb_mesh_worldspace_texture_blend.vmesh_c	2860
maps/tatdemo1/worldnodes/node000_lr0_b2789_s_cb_mesh_worldspace_texture_blend.vmesh_c	2542
maps/tatdemo1/worldnodes/node000_lr0_b2790_s_cb_mesh_worldspace_texture_blend.vmesh_c	2440
maps/tatdemo1/worldnodes/node000_lr0_b2791_s_cb_mesh_worldspace_texture_blend.vmesh_c	3250
maps/tatdemo1/worldnodes/node000_lr0_b2792_s_cb_mesh_worldspace_texture_blend.vmesh_c	24586
maps/tatdemo1/worldnodes/node000_lr0_b2793_s_cb_mesh_worldspace_texture_blend.vmesh_c	5144
maps/tatdemo1/worldnodes/node000_lr0_b2794_s_cb_mesh_worldspace_texture_blend.vmesh_c	4312
maps/tatdemo1/worldnodes/node000_lr0_b2795_s_cb_mesh_worldspace_texture_blend.vmesh_c	2494
maps/tatdemo1/worldnodes/node000_lr0_b2796_s_cb_mesh_worldspace_texture_blend.vmesh_c	3122
maps/tatdemo1/worldnodes/node000_lr0_b2797_s_cb_mesh_worldspace_texture_blend.vmesh_c	3124
maps/tatdemo1/worldnodes/node000_lr0_b2798_s_cb_mesh_worldspace_texture_blend.vmesh_c	13648
maps/tatdemo1/worldnodes/node000_lr0_b2799_s_cb_mesh_worldspace_texture_blend.vmesh_c	25802
maps/tatdemo1/worldnodes/node000_lr0_b2800_s_cb_mesh_worldspace_texture_blend.vmesh_c	27420
maps/tatdemo1/worldnodes/node000_lr0_b2801_s_cb_mesh_worldspace_texture_blend.vmesh_c	29104
maps/tatdemo1/worldnodes/node000_lr0_b2802_s_cb_mesh_worldspace_texture_blend.vmesh_c	18814
maps/tatdemo1/worldnodes/node000_lr0_b2803_s_cb_mesh_worldspace_texture_blend.vmesh_c	22170
maps/tatdemo1/worldnodes/node000_lr0_b2804_s_cb_mesh_worldspace_texture_blend.vmesh_c	2518
maps/tatdemo1/worldnodes/node000_lr0_b2806_s_cb_mesh_worldspace_texture_blend.vmesh_c	1944
maps/tatdemo1/worldnodes/node000_lr0_b2807_s_cb_mesh_worldspace_texture_blend.vmesh_c	27558
maps/tatdemo1/worldnodes/node000_lr0_b2808_s_cb_mesh_worldspace_texture_blend.vmesh_c	11678
maps/tatdemo1/worldnodes/node000_lr0_b2809_s_cb_mesh_worldspace_texture_blend.vmesh_c	9758
maps/tatdemo1/worldnodes/node000_lr0_b2810_s_cb_mesh_worldspace_texture_blend.vmesh_c	12250
maps/tatdemo1/worldnodes/node000_lr0_b2811_s_cb_mesh_worldspace_texture_blend.vmesh_c	4410
maps/tatdemo1/worldnodes/node000_lr0_b2814_s_cb_mesh_worldspace_texture_blend.vmesh_c	9532
maps/tatdemo1/worldnodes/node000_lr0_b2815_s_cb_mesh_worldspace_texture_blend.vmesh_c	8212
maps/tatdemo1/worldnodes/node000_lr0_b2816_s_cb_mesh_worldspace_texture_blend.vmesh_c	2440
maps/tatdemo1/worldnodes/node000_lr0_b2817_s_cb_mesh_worldspace_texture_blend.vmesh_c	2812
maps/tatdemo1/worldnodes/node000_lr0_b2818_s_cb_mesh_worldspace_texture_blend.vmesh_c	2620
maps/tatdemo1/worldnodes/node000_lr0_b2819_s_cb_mesh_worldspace_texture_blend.vmesh_c	2398
maps/tatdemo1/worldnodes/node000_lr0_b2820_s_cb_mesh_worldspace_texture_blend.vmesh_c	3154
maps/tatdemo1/worldnodes/node000_lr0_b2821_s_cb_mesh_worldspace_texture_blend.vmesh_c	22750
maps/tatdemo1/worldnodes/node000_lr0_b2822_s_cb_mesh_worldspace_texture_blend.vmesh_c	2024
maps/tatdemo1/worldnodes/node000_lr0_b2823_s_cb_mesh_worldspace_texture_blend.vmesh_c	5140
maps/tatdemo1/worldnodes/node000_lr0_b2824_s_cb_mesh_worldspace_texture_blend.vmesh_c	3358
maps/tatdemo1/worldnodes/node000_lr0_b2825_s_cb_mesh_worldspace_texture_blend.vmesh_c	1944
maps/tatdemo1/worldnodes/node000_lr0_b2826_s_cb_mesh_worldspace_texture_blend.vmesh_c	2734
maps/tatdemo1/worldnodes/node000_lr0_b2827_s_cb_mesh_worldspace_texture_blend.vmesh_c	15954
maps/tatdemo1/worldnodes/node000_lr0_b2828_s_cb_mesh_worldspace_texture_blend.vmesh_c	18818
maps/tatdemo1/worldnodes/node000_lr0_b2829_s_cb_mesh_worldspace_texture_blend.vmesh_c	5444
maps/tatdemo1/worldnodes/node000_lr0_b2830_s_cb_mesh_worldspace_texture_blend.vmesh_c	22916
maps/tatdemo1/worldnodes/node000_lr0_b2831_s_cb_mesh_worldspace_texture_blend.vmesh_c	20574
maps/tatdemo1/worldnodes/node000_lr0_b2832_s_cb_mesh_worldspace_texture_blend.vmesh_c	22506
maps/tatdemo1/worldnodes/node000_lr0_b2833_s_cb_mesh_worldspace_texture_blend.vmesh_c	2012
maps/tatdemo1/worldnodes/node000_lr0_b2836_s_cb_mesh_worldspace_texture_blend.vmesh_c	23298
maps/tatdemo1/worldnodes/node000_lr0_b2843_s_cb_mesh_worldspace_texture_blend.vmesh_c	9352
maps/tatdemo1/worldnodes/node000_lr0_b2844_s_cb_mesh_worldspace_texture_blend.vmesh_c	9700
maps/tatdemo1/worldnodes/node000_lr0_b2849_s_cb_mesh_worldspace_texture_blend.vmesh_c	4180
maps/tatdemo1/worldnodes/node000_lr0_b2850_s_cb_mesh_worldspace_texture_blend.vmesh_c	27790
maps/tatdemo1/worldnodes/node000_lr0_b2851_s_cb_mesh_worldspace_texture_blend.vmesh_c	2024
maps/tatdemo1/worldnodes/node000_lr0_b2852_s_cb_mesh_worldspace_texture_blend.vmesh_c	4966
maps/tatdemo1/worldnodes/node000_lr0_b2853_s_cb_mesh_worldspace_texture_blend.vmesh_c	3700
maps/tatdemo1/worldnodes/node000_lr0_b2854_s_cb_mesh_worldspace_texture_blend.vmesh_c	2272
maps/tatdemo1/worldnodes/node000_lr0_b2855_s_cb_mesh_worldspace_texture_blend.vmesh_c	2896
maps/tatdemo1/worldnodes/node000_lr0_b2856_s_cb_mesh_worldspace_texture_blend.vmesh_c	13624
maps/tatdemo1/worldnodes/node000_lr0_b2857_s_cb_mesh_worldspace_texture_blend.vmesh_c	19670
maps/tatdemo1/worldnodes/node000_lr0_b2858_s_cb_mesh_worldspace_texture_blend.vmesh_c	6986
maps/tatdemo1/worldnodes/node000_lr0_b2859_s_cb_mesh_worldspace_texture_blend.vmesh_c	17948
maps/tatdemo1/worldnodes/node000_lr0_b2860_s_cb_mesh_worldspace_texture_blend.vmesh_c	9816
maps/tatdemo1/worldnodes/node000_lr0_b2861_s_cb_mesh_worldspace_texture_blend.vmesh_c	22480
maps/tatdemo1/worldnodes/node000_lr0_b2862_s_cb_mesh_worldspace_texture_blend.vmesh_c	2446
maps/tatdemo1/worldnodes/node000_lr0_b2864_s_cb_mesh_worldspace_texture_blend.vmesh_c	2244
maps/tatdemo1/worldnodes/node000_lr0_b2865_s_cb_mesh_worldspace_texture_blend.vmesh_c	13256
maps/tatdemo1/worldnodes/node000_lr0_b2872_s_cb_mesh_worldspace_texture_blend.vmesh_c	10720
maps/tatdemo1/worldnodes/node000_lr0_b2873_s_cb_mesh_worldspace_texture_blend.vmesh_c	10108
maps/tatdemo1/worldnodes/node000_lr0_b2878_s_cb_mesh_worldspace_texture_blend.vmesh_c	8986
maps/tatdemo1/worldnodes/node000_lr0_b2879_s_cb_mesh_worldspace_texture_blend.vmesh_c	28996
maps/tatdemo1/worldnodes/node000_lr0_b2880_s_cb_mesh_worldspace_texture_blend.vmesh_c	4916
maps/tatdemo1/worldnodes/node000_lr0_b2881_s_cb_mesh_worldspace_texture_blend.vmesh_c	4384
maps/tatdemo1/worldnodes/node000_lr0_b2882_s_cb_mesh_worldspace_texture_blend.vmesh_c	3496
maps/tatdemo1/worldnodes/node000_lr0_b2883_s_cb_mesh_worldspace_texture_blend.vmesh_c	2424
maps/tatdemo1/worldnodes/node000_lr0_b2884_s_cb_mesh_worldspace_texture_blend.vmesh_c	4918
maps/tatdemo1/worldnodes/node000_lr0_b2885_s_cb_mesh_worldspace_texture_blend.vmesh_c	9934
maps/tatdemo1/worldnodes/node000_lr0_b2886_s_cb_mesh_worldspace_texture_blend.vmesh_c	29930
maps/tatdemo1/worldnodes/node000_lr0_b2887_s_cb_mesh_worldspace_texture_blend.vmesh_c	11850
maps/tatdemo1/worldnodes/node000_lr0_b2888_s_cb_mesh_worldspace_texture_blend.vmesh_c	19692
maps/tatdemo1/worldnodes/node000_lr0_b2889_s_cb_mesh_worldspace_texture_blend.vmesh_c	29094
maps/tatdemo1/worldnodes/node000_lr0_b2890_s_cb_mesh_worldspace_texture_blend.vmesh_c	28870
maps/tatdemo1/worldnodes/node000_lr0_b2891_s_cb_mesh_worldspace_texture_blend.vmesh_c	1814
maps/tatdemo1/worldnodes/node000_lr0_b2892_s_cb_mesh_worldspace_texture_blend.vmesh_c	5882
maps/tatdemo1/worldnodes/node000_lr0_b2893_s_cb_mesh_worldspace_texture_blend.vmesh_c	10260
maps/tatdemo1/worldnodes/node000_lr0_b2894_s_cb_mesh_worldspace_texture_blend.vmesh_c	4950
maps/tatdemo1/worldnodes/node000_lr0_b2901_s_cb_mesh_worldspace_texture_blend.vmesh_c	10588
maps/tatdemo1/worldnodes/node000_lr0_b2902_s_cb_mesh_worldspace_texture_blend.vmesh_c	10702
maps/tatdemo1/worldnodes/node000_lr0_b2903_s_cb_mesh_worldspace_texture_blend.vmesh_c	1824
maps/tatdemo1/worldnodes/node000_lr0_b2904_s_cb_mesh_worldspace_texture_blend.vmesh_c	2272
maps/tatdemo1/worldnodes/node000_lr0_b2905_s_cb_mesh_worldspace_texture_blend.vmesh_c	2044
maps/tatdemo1/worldnodes/node000_lr0_b2906_s_cb_mesh_worldspace_texture_blend.vmesh_c	1980
maps/tatdemo1/worldnodes/node000_lr0_b2907_s_cb_mesh_worldspace_texture_blend.vmesh_c	4618
maps/tatdemo1/worldnodes/node000_lr0_b2908_s_cb_mesh_worldspace_texture_blend.vmesh_c	28510
maps/tatdemo1/worldnodes/node000_lr0_b2909_s_cb_mesh_worldspace_texture_blend.vmesh_c	3722
maps/tatdemo1/worldnodes/node000_lr0_b2910_s_cb_mesh_worldspace_texture_blend.vmesh_c	4906
maps/tatdemo1/worldnodes/node000_lr0_b2911_s_cb_mesh_worldspace_texture_blend.vmesh_c	3490
maps/tatdemo1/worldnodes/node000_lr0_b2912_s_cb_mesh_worldspace_texture_blend.vmesh_c	3688
maps/tatdemo1/worldnodes/node000_lr0_b2913_s_cb_mesh_worldspace_texture_blend.vmesh_c	3562
maps/tatdemo1/worldnodes/node000_lr0_b2914_s_cb_mesh_worldspace_texture_blend.vmesh_c	17614
maps/tatdemo1/worldnodes/node000_lr0_b2915_s_cb_mesh_worldspace_texture_blend.vmesh_c	21790
maps/tatdemo1/worldnodes/node000_lr0_b2916_s_cb_mesh_worldspace_texture_blend.vmesh_c	18420
maps/tatdemo1/worldnodes/node000_lr0_b2917_s_cb_mesh_worldspace_texture_blend.vmesh_c	23016
maps/tatdemo1/worldnodes/node000_lr0_b2918_s_cb_mesh_worldspace_texture_blend.vmesh_c	20190
maps/tatdemo1/worldnodes/node000_lr0_b2919_s_cb_mesh_worldspace_texture_blend.vmesh_c	21732
maps/tatdemo1/worldnodes/node000_lr0_b2920_s_cb_mesh_worldspace_texture_blend.vmesh_c	17864
maps/tatdemo1/worldnodes/node000_lr0_b2921_s_cb_mesh_worldspace_texture_blend.vmesh_c	14348
maps/tatdemo1/worldnodes/node000_lr0_b2922_s_cb_mesh_worldspace_texture_blend.vmesh_c	6078
maps/tatdemo1/worldnodes/node000_lr0_b2930_s_cb_mesh_worldspace_texture_blend.vmesh_c	5398
maps/tatdemo1/worldnodes/node000_lr0_b2931_s_cb_mesh_worldspace_texture_blend.vmesh_c	6262
maps/tatdemo1/worldnodes/node000_lr0_b2932_s_cb_mesh_worldspace_texture_blend.vmesh_c	4174
maps/tatdemo1/worldnodes/node000_lr0_b2933_s_cb_mesh_worldspace_texture_blend.vmesh_c	2692
maps/tatdemo1/worldnodes/node000_lr0_b2934_s_cb_mesh_worldspace_texture_blend.vmesh_c	2578
maps/tatdemo1/worldnodes/node000_lr0_b2935_s_cb_mesh_worldspace_texture_blend.vmesh_c	3736
maps/tatdemo1/worldnodes/node000_lr0_b2936_s_cb_mesh_worldspace_texture_blend.vmesh_c	4444
maps/tatdemo1/worldnodes/node000_lr0_b2937_s_cb_mesh_worldspace_texture_blend.vmesh_c	10840
maps/tatdemo1/worldnodes/node000_lr0_b2938_s_cb_mesh_worldspace_texture_blend.vmesh_c	3998
maps/tatdemo1/worldnodes/node000_lr0_b2939_s_cb_mesh_worldspace_texture_blend.vmesh_c	3688
maps/tatdemo1/worldnodes/node000_lr0_b2940_s_cb_mesh_worldspace_texture_blend.vmesh_c	5320
maps/tatdemo1/worldnodes/node000_lr0_b2941_s_cb_mesh_worldspace_texture_blend.vmesh_c	2806
maps/tatdemo1/worldnodes/node000_lr0_b2942_s_cb_mesh_worldspace_texture_blend.vmesh_c	4498
maps/tatdemo1/worldnodes/node000_lr0_b2943_s_cb_mesh_worldspace_texture_blend.vmesh_c	8650
maps/tatdemo1/worldnodes/node000_lr0_b2944_s_cb_mesh_worldspace_texture_blend.vmesh_c	3046
maps/tatdemo1/worldnodes/node000_lr0_b2945_s_cb_mesh_worldspace_texture_blend.vmesh_c	3974
maps/tatdemo1/worldnodes/node000_lr0_b2946_s_cb_mesh_worldspace_texture_blend.vmesh_c	4748
maps/tatdemo1/worldnodes/node000_lr0_b2947_s_cb_mesh_worldspace_texture_blend.vmesh_c	5210
maps/tatdemo1/worldnodes/node000_lr0_b2949_s_cb_mesh_worldspace_texture_blend.vmesh_c	4370
maps/tatdemo1/worldnodes/node000_lr0_b2959_s_cb_mesh_worldspace_texture_blend.vmesh_c	1762
maps/tatdemo1/worldnodes/node000_lr0_b2961_s_cb_mesh_worldspace_texture_blend.vmesh_c	1746
maps/tatdemo1/worldnodes/node000_lr0_b2963_s_cb_mesh_worldspace_texture_blend.vmesh_c	1788
maps/tatdemo1/worldnodes/node000_lr0_b2970_s_cb_mesh_worldspace_texture_blend.vmesh_c	3526
maps/tatdemo1/worldnodes/node000_lr0_b2971_s_cb_mesh_worldspace_texture_blend.vmesh_c	2374
maps/tatdemo1/worldnodes/node000_lr0_b3016_s_cb_mesh_worldspace_texture_blend.vmesh_c	14560
maps/tatdemo1/worldnodes/node000_lr0_b3017_s_cb_mesh_worldspace_texture_blend.vmesh_c	11284
maps/tatdemo1/worldnodes/node000_lr0_b3018_s_cb_mesh_worldspace_texture_blend.vmesh_c	25354
maps/tatdemo1/worldnodes/node000_lr0_b3019_s_cb_mesh_worldspace_texture_blend.vmesh_c	11536
maps/tatdemo1/worldnodes/node000_lr0_b3020_s_cb_mesh_worldspace_texture_blend.vmesh_c	5824
maps/tatdemo1/worldnodes/node000_lr0_b3021_s_cb_mesh_worldspace_texture_blend.vmesh_c	10096
maps/tatdemo1/worldnodes/node000_lr0_b3022_s_cb_mesh_worldspace_texture_blend.vmesh_c	8512
maps/tatdemo1/worldnodes/node000_lr0_b3023_s_cb_mesh_worldspace_texture_blend.vmesh_c	8086
maps/tatdemo1/worldnodes/node000_lr0_b3024_s_cb_mesh_worldspace_texture_blend.vmesh_c	3722
maps/tatdemo1/worldnodes/node000_lr0_b3025_s_cb_mesh_worldspace_texture_blend.vmesh_c	7658
maps/tatdemo1/worldnodes/node000_lr0_b3026_s_cb_mesh_worldspace_texture_blend.vmesh_c	8424
maps/tatdemo1/worldnodes/node000_lr0_b3038_s_cb_mesh_worldspace_texture_blend.vmesh_c	2820
maps/tatdemo1/worldnodes/node000_lr0_b3045_s_cb_mesh_worldspace_texture_blend.vmesh_c	15706
maps/tatdemo1/worldnodes/node000_lr0_b3047_s_cb_mesh_worldspace_texture_blend.vmesh_c	5778
maps/tatdemo1/worldnodes/node000_lr0_b3048_s_cb_mesh_worldspace_texture_blend.vmesh_c	4684
maps/tatdemo1/worldnodes/node000_lr0_b3052_s_cb_mesh_worldspace_texture_blend.vmesh_c	13792
maps/tatdemo1/worldnodes/node000_lr0_b3053_s_cb_mesh_worldspace_texture_blend.vmesh_c	9638
maps/tatdemo1/worldnodes/node000_lr0_b3054_s_cb_mesh_worldspace_texture_blend.vmesh_c	2498
maps/tatdemo1/worldnodes/node000_lr0_b3055_s_cb_mesh_worldspace_texture_blend.vmesh_c	12904
maps/tatdemo1/worldnodes/node000_lr0_b3056_s_cb_mesh_worldspace_texture_blend.vmesh_c	4604
maps/tatdemo1/worldnodes/node000_lr0_b3057_s_cb_mesh_worldspace_texture_blend.vmesh_c	4824
maps/tatdemo1/worldnodes/node000_lr0_b3058_s_cb_mesh_worldspace_texture_blend.vmesh_c	3236
maps/tatdemo1/worldnodes/node000_lr0_b3067_s_cb_mesh_worldspace_texture_blend.vmesh_c	6784
maps/tatdemo1/worldnodes/node000_lr0_b3074_s_cb_mesh_worldspace_texture_blend.vmesh_c	18100
maps/tatdemo1/worldnodes/node000_lr0_b3075_s_cb_mesh_worldspace_texture_blend.vmesh_c	2836
maps/tatdemo1/worldnodes/node000_lr0_b3078_s_cb_mesh_worldspace_texture_blend.vmesh_c	3064
maps/tatdemo1/worldnodes/node000_lr0_b3081_s_cb_mesh_worldspace_texture_blend.vmesh_c	14788
maps/tatdemo1/worldnodes/node000_lr0_b3082_s_cb_mesh_worldspace_texture_blend.vmesh_c	5276
maps/tatdemo1/worldnodes/node000_lr0_b3084_s_cb_mesh_worldspace_texture_blend.vmesh_c	9360
maps/tatdemo1/worldnodes/node000_lr0_b3085_s_cb_mesh_worldspace_texture_blend.vmesh_c	5672
maps/tatdemo1/worldnodes/node000_lr0_b3086_s_cb_mesh_worldspace_texture_blend.vmesh_c	2060
maps/tatdemo1/worldnodes/node000_lr0_b3087_s_cb_mesh_worldspace_texture_blend.vmesh_c	4352
maps/tatdemo1/worldnodes/node000_lr0_b3092_s_cb_mesh_worldspace_texture_blend.vmesh_c	4992
maps/tatdemo1/worldnodes/node000_lr0_b3093_s_cb_mesh_worldspace_texture_blend.vmesh_c	9852
maps/tatdemo1/worldnodes/node000_lr0_b3096_s_cb_mesh_worldspace_texture_blend.vmesh_c	6528
maps/tatdemo1/worldnodes/node000_lr0_b3103_s_cb_mesh_worldspace_texture_blend.vmesh_c	16996
maps/tatdemo1/worldnodes/node000_lr0_b3106_s_cb_mesh_worldspace_texture_blend.vmesh_c	3418
maps/tatdemo1/worldnodes/node000_lr0_b3107_s_cb_mesh_worldspace_texture_blend.vmesh_c	8998
maps/tatdemo1/worldnodes/node000_lr0_b3110_s_cb_mesh_worldspace_texture_blend.vmesh_c	9964
maps/tatdemo1/worldnodes/node000_lr0_b3111_s_cb_mesh_worldspace_texture_blend.vmesh_c	5834
maps/tatdemo1/worldnodes/node000_lr0_b3112_s_cb_mesh_worldspace_texture_blend.vmesh_c	2420
maps/tatdemo1/worldnodes/node000_lr0_b3113_s_cb_mesh_worldspace_texture_blend.vmesh_c	6276
maps/tatdemo1/worldnodes/node000_lr0_b3114_s_cb_mesh_worldspace_texture_blend.vmesh_c	8348
maps/tatdemo1/worldnodes/node000_lr0_b3115_s_cb_mesh_worldspace_texture_blend.vmesh_c	8156
maps/tatdemo1/worldnodes/node000_lr0_b3116_s_cb_mesh_worldspace_texture_blend.vmesh_c	4040
maps/tatdemo1/worldnodes/node000_lr0_b3117_s_cb_mesh_worldspace_texture_blend.vmesh_c	3250
maps/tatdemo1/worldnodes/node000_lr0_b3118_s_cb_mesh_worldspace_texture_blend.vmesh_c	3688
maps/tatdemo1/worldnodes/node000_lr0_b3120_s_cb_mesh_worldspace_texture_blend.vmesh_c	6042
maps/tatdemo1/worldnodes/node000_lr0_b3121_s_cb_mesh_worldspace_texture_blend.vmesh_c	11880
maps/tatdemo1/worldnodes/node000_lr0_b3122_s_cb_mesh_worldspace_texture_blend.vmesh_c	10716
maps/tatdemo1/worldnodes/node000_lr0_b3123_s_cb_mesh_worldspace_texture_blend.vmesh_c	8982
maps/tatdemo1/worldnodes/node000_lr0_b3125_s_cb_mesh_worldspace_texture_blend.vmesh_c	11194
maps/tatdemo1/worldnodes/node000_lr0_b3126_s_cb_mesh_worldspace_texture_blend.vmesh_c	7456
maps/tatdemo1/worldnodes/node000_lr0_b3127_s_cb_mesh_worldspace_texture_blend.vmesh_c	7456
maps/tatdemo1/worldnodes/node000_lr0_b3128_s_cb_mesh_worldspace_texture_blend.vmesh_c	7456
maps/tatdemo1/worldnodes/node000_lr0_b3129_s_cb_mesh_worldspace_texture_blend.vmesh_c	7456
maps/tatdemo1/worldnodes/node000_lr0_b3130_s_cb_mesh_worldspace_texture_blend.vmesh_c	6376
maps/tatdemo1/worldnodes/node000_lr0_b3132_s_cb_mesh_worldspace_texture_blend.vmesh_c	12898
maps/tatdemo1/worldnodes/node000_lr0_b3135_s_cb_mesh_worldspace_texture_blend.vmesh_c	4882
maps/tatdemo1/worldnodes/node000_lr0_b3136_s_cb_mesh_worldspace_texture_blend.vmesh_c	2314
maps/tatdemo1/worldnodes/node000_lr0_b3139_s_cb_mesh_worldspace_texture_blend.vmesh_c	13708
maps/tatdemo1/worldnodes/node000_lr0_b3140_s_cb_mesh_worldspace_texture_blend.vmesh_c	3412
maps/tatdemo1/worldnodes/node000_lr0_b3141_s_cb_mesh_worldspace_texture_blend.vmesh_c	5116
maps/tatdemo1/worldnodes/node000_lr0_b3142_s_cb_mesh_worldspace_texture_blend.vmesh_c	6580
maps/tatdemo1/worldnodes/node000_lr0_b3143_s_cb_mesh_worldspace_texture_blend.vmesh_c	5696
maps/tatdemo1/worldnodes/node000_lr0_b3145_s_cb_mesh_worldspace_texture_blend.vmesh_c	5232
maps/tatdemo1/worldnodes/node000_lr0_b3146_s_cb_mesh_worldspace_texture_blend.vmesh_c	5266
maps/tatdemo1/worldnodes/node000_lr0_b3147_s_cb_mesh_worldspace_texture_blend.vmesh_c	3616
maps/tatdemo1/worldnodes/node000_lr0_b3148_s_cb_mesh_worldspace_texture_blend.vmesh_c	4912
maps/tatdemo1/worldnodes/node000_lr0_b3149_s_cb_mesh_worldspace_texture_blend.vmesh_c	8022
maps/tatdemo1/worldnodes/node000_lr0_b3152_s_cb_mesh_worldspace_texture_blend.vmesh_c	8256
maps/tatdemo1/worldnodes/node000_lr0_b3153_s_cb_mesh_worldspace_texture_blend.vmesh_c	5172
maps/tatdemo1/worldnodes/node000_lr0_b3156_s_cb_mesh_worldspace_texture_blend.vmesh_c	2892
maps/tatdemo1/worldnodes/node000_lr0_b3157_s_cb_mesh_worldspace_texture_blend.vmesh_c	4810
maps/tatdemo1/worldnodes/node000_lr0_b3158_s_cb_mesh_worldspace_texture_blend.vmesh_c	4126
maps/tatdemo1/worldnodes/node000_lr0_b3161_s_cb_mesh_worldspace_texture_blend.vmesh_c	2404
maps/tatdemo1/worldnodes/node000_lr0_b3168_s_cb_mesh_worldspace_texture_blend.vmesh_c	12700
maps/tatdemo1/worldnodes/node000_lr0_b3169_s_cb_mesh_worldspace_texture_blend.vmesh_c	2400
maps/tatdemo1/worldnodes/node000_lr0_b3171_s_cb_mesh_worldspace_texture_blend.vmesh_c	2560
maps/tatdemo1/worldnodes/node000_lr0_b3172_s_cb_mesh_worldspace_texture_blend.vmesh_c	7592
maps/tatdemo1/worldnodes/node000_lr0_b3173_s_cb_mesh_worldspace_texture_blend.vmesh_c	10034
maps/tatdemo1/worldnodes/node000_lr0_b3174_s_cb_mesh_worldspace_texture_blend.vmesh_c	9562
maps/tatdemo1/worldnodes/node000_lr0_b3175_s_cb_mesh_worldspace_texture_blend.vmesh_c	5328
maps/tatdemo1/worldnodes/node000_lr0_b3177_s_cb_mesh_worldspace_texture_blend.vmesh_c	5662
maps/tatdemo1/worldnodes/node000_lr0_b3178_s_cb_mesh_worldspace_texture_blend.vmesh_c	12396
maps/tatdemo1/worldnodes/node000_lr0_b3179_s_cb_mesh_worldspace_texture_blend.vmesh_c	11406
maps/tatdemo1/worldnodes/node000_lr0_b3180_s_cb_mesh_worldspace_texture_blend.vmesh_c	3558
maps/tatdemo1/worldnodes/node000_lr0_b3181_s_cb_mesh_worldspace_texture_blend.vmesh_c	21370
maps/tatdemo1/worldnodes/node000_lr0_b3182_s_cb_mesh_worldspace_texture_blend.vmesh_c	4894
maps/tatdemo1/worldnodes/node000_lr0_b3185_s_cb_mesh_worldspace_texture_blend.vmesh_c	4632
maps/tatdemo1/worldnodes/node000_lr0_b3187_s_cb_mesh_worldspace_texture_blend.vmesh_c	4020
maps/tatdemo1/worldnodes/node000_lr0_b3188_s_cb_mesh_worldspace_texture_blend.vmesh_c	4132
maps/tatdemo1/worldnodes/node000_lr0_b3190_s_cb_mesh_worldspace_texture_blend.vmesh_c	5392
maps/tatdemo1/worldnodes/node000_lr0_b3197_s_cb_mesh_worldspace_texture_blend.vmesh_c	13780
maps/tatdemo1/worldnodes/node000_lr0_b3198_s_cb_mesh_worldspace_texture_blend.vmesh_c	7042
maps/tatdemo1/worldnodes/node000_lr0_b3199_s_cb_mesh_worldspace_texture_blend.vmesh_c	2436
maps/tatdemo1/worldnodes/node000_lr0_b3200_s_cb_mesh_worldspace_texture_blend.vmesh_c	9604
maps/tatdemo1/worldnodes/node000_lr0_b3201_s_cb_mesh_worldspace_texture_blend.vmesh_c	3228
maps/tatdemo1/worldnodes/node000_lr0_b3202_s_cb_mesh_worldspace_texture_blend.vmesh_c	8288
maps/tatdemo1/worldnodes/node000_lr0_b3203_s_cb_mesh_worldspace_texture_blend.vmesh_c	4080
maps/tatdemo1/worldnodes/node000_lr0_b3204_s_cb_mesh_worldspace_texture_blend.vmesh_c	5326
maps/tatdemo1/worldnodes/node000_lr0_b3205_s_cb_mesh_worldspace_texture_blend.vmesh_c	5154
maps/tatdemo1/worldnodes/node000_lr0_b3206_s_cb_mesh_worldspace_texture_blend.vmesh_c	2850
maps/tatdemo1/worldnodes/node000_lr0_b3207_s_cb_mesh_worldspace_texture_blend.vmesh_c	7426
maps/tatdemo1/worldnodes/node000_lr0_b3208_s_cb_mesh_worldspace_texture_blend.vmesh_c	18148
maps/tatdemo1/worldnodes/node000_lr0_b3209_s_cb_mesh_worldspace_texture_blend.vmesh_c	7758
maps/tatdemo1/worldnodes/node000_lr0_b3210_s_cb_mesh_worldspace_texture_blend.vmesh_c	14244
maps/tatdemo1/worldnodes/node000_lr0_b3214_s_cb_mesh_worldspace_texture_blend.vmesh_c	3654
maps/tatdemo1/worldnodes/node000_lr0_b3217_s_cb_mesh_worldspace_texture_blend.vmesh_c	4828
maps/tatdemo1/worldnodes/node000_lr0_b3219_s_cb_mesh_worldspace_texture_blend.vmesh_c	16396
maps/tatdemo1/worldnodes/node000_lr0_b3220_s_cb_mesh_worldspace_texture_blend.vmesh_c	5008
maps/tatdemo1/worldnodes/node000_lr0_b3221_s_cb_mesh_worldspace_texture_blend.vmesh_c	3820
maps/tatdemo1/worldnodes/node000_lr0_b3222_s_cb_mesh_worldspace_texture_blend.vmesh_c	3148
maps/tatdemo1/worldnodes/node000_lr0_b3223_s_cb_mesh_worldspace_texture_blend.vmesh_c	10756
maps/tatdemo1/worldnodes/node000_lr0_b3224_s_cb_mesh_worldspace_texture_blend.vmesh_c	8872
maps/tatdemo1/worldnodes/node000_lr0_b3225_s_cb_mesh_worldspace_texture_blend.vmesh_c	13156
maps/tatdemo1/worldnodes/node000_lr0_b3226_s_cb_mesh_worldspace_texture_blend.vmesh_c	11842
maps/tatdemo1/worldnodes/node000_lr0_b3233_s_cb_mesh_worldspace_texture_blend.vmesh_c	3684
maps/tatdemo1/worldnodes/node000_lr0_b3234_s_cb_mesh_worldspace_texture_blend.vmesh_c	4196
maps/tatdemo1/worldnodes/node000_lr0_b3235_s_cb_mesh_worldspace_texture_blend.vmesh_c	4276
maps/tatdemo1/worldnodes/node000_lr0_b3237_s_cb_mesh_worldspace_texture_blend.vmesh_c	9610
maps/tatdemo1/worldnodes/node000_lr0_b3238_s_cb_mesh_worldspace_texture_blend.vmesh_c	5370
maps/tatdemo1/worldnodes/node000_lr0_b3239_s_cb_mesh_worldspace_texture_blend.vmesh_c	19236
maps/tatdemo1/worldnodes/node000_lr0_b3243_s_cb_mesh_worldspace_texture_blend.vmesh_c	2982
maps/tatdemo1/worldnodes/node000_lr0_b3244_s_cb_mesh_worldspace_texture_blend.vmesh_c	3412
maps/tatdemo1/worldnodes/node000_lr0_b3245_s_cb_mesh_worldspace_texture_blend.vmesh_c	4188
maps/tatdemo1/worldnodes/node000_lr0_b3246_s_cb_mesh_worldspace_texture_blend.vmesh_c	3280
maps/tatdemo1/worldnodes/node000_lr0_b3248_s_cb_mesh_worldspace_texture_blend.vmesh_c	3812
maps/tatdemo1/worldnodes/node000_lr0_b3249_s_cb_mesh_worldspace_texture_blend.vmesh_c	8718
maps/tatdemo1/worldnodes/node000_lr0_b3250_s_cb_mesh_worldspace_texture_blend.vmesh_c	12850
maps/tatdemo1/worldnodes/node000_lr0_b3251_s_cb_mesh_worldspace_texture_blend.vmesh_c	20884
maps/tatdemo1/worldnodes/node000_lr0_b3252_s_cb_mesh_worldspace_texture_blend.vmesh_c	15238
maps/tatdemo1/worldnodes/node000_lr0_b3253_s_cb_mesh_worldspace_texture_blend.vmesh_c	10732
maps/tatdemo1/worldnodes/node000_lr0_b3254_s_cb_mesh_worldspace_texture_blend.vmesh_c	6608
maps/tatdemo1/worldnodes/node000_lr0_b3255_s_cb_mesh_worldspace_texture_blend.vmesh_c	4820
maps/tatdemo1/worldnodes/node000_lr0_b3258_s_cb_mesh_worldspace_texture_blend.vmesh_c	2372
maps/tatdemo1/worldnodes/node000_lr0_b3259_s_cb_mesh_worldspace_texture_blend.vmesh_c	2252
maps/tatdemo1/worldnodes/node000_lr0_b3267_s_cb_mesh_worldspace_texture_blend.vmesh_c	4240
maps/tatdemo1/worldnodes/node000_lr0_b3268_s_cb_mesh_worldspace_texture_blend.vmesh_c	18948
maps/tatdemo1/worldnodes/node000_lr0_b3273_s_cb_mesh_worldspace_texture_blend.vmesh_c	3828
maps/tatdemo1/worldnodes/node000_lr0_b3274_s_cb_mesh_worldspace_texture_blend.vmesh_c	3732
maps/tatdemo1/worldnodes/node000_lr0_b3277_s_cb_mesh_worldspace_texture_blend.vmesh_c	1940
maps/tatdemo1/worldnodes/node000_lr0_b3278_s_cb_mesh_worldspace_texture_blend.vmesh_c	24114
maps/tatdemo1/worldnodes/node000_lr0_b3279_s_cb_mesh_worldspace_texture_blend.vmesh_c	4350
maps/tatdemo1/worldnodes/node000_lr0_b3280_s_cb_mesh_worldspace_texture_blend.vmesh_c	12240
maps/tatdemo1/worldnodes/node000_lr0_b3281_s_cb_mesh_worldspace_texture_blend.vmesh_c	11716
maps/tatdemo1/worldnodes/node000_lr0_b3282_s_cb_mesh_worldspace_texture_blend.vmesh_c	23592
maps/tatdemo1/worldnodes/node000_lr0_b3283_s_cb_mesh_worldspace_texture_blend.vmesh_c	6400
maps/tatdemo1/worldnodes/node000_lr0_b3284_s_cb_mesh_worldspace_texture_blend.vmesh_c	5852
maps/tatdemo1/worldnodes/node000_lr0_b3286_s_cb_mesh_worldspace_texture_blend.vmesh_c	1730
maps/tatdemo1/worldnodes/node000_lr0_b3287_s_cb_mesh_worldspace_texture_blend.vmesh_c	15230
maps/tatdemo1/worldnodes/node000_lr0_b3288_s_cb_mesh_worldspace_texture_blend.vmesh_c	3872
maps/tatdemo1/worldnodes/node000_lr0_b3296_s_cb_mesh_worldspace_texture_blend.vmesh_c	2220
maps/tatdemo1/worldnodes/node000_lr0_b3297_s_cb_mesh_worldspace_texture_blend.vmesh_c	9088
maps/tatdemo1/worldnodes/node000_lr0_b3298_s_cb_mesh_worldspace_texture_blend.vmesh_c	10398
maps/tatdemo1/worldnodes/node000_lr0_b3299_s_cb_mesh_worldspace_texture_blend.vmesh_c	13354
maps/tatdemo1/worldnodes/node000_lr0_b3300_s_cb_mesh_worldspace_texture_blend.vmesh_c	4204
maps/tatdemo1/worldnodes/node000_lr0_b3306_s_cb_mesh_worldspace_texture_blend.vmesh_c	2106
maps/tatdemo1/worldnodes/node000_lr0_b3307_s_cb_mesh_worldspace_texture_blend.vmesh_c	24916
maps/tatdemo1/worldnodes/node000_lr0_b3311_s_cb_mesh_worldspace_texture_blend.vmesh_c	15718
maps/tatdemo1/worldnodes/node000_lr0_b3312_s_cb_mesh_worldspace_texture_blend.vmesh_c	11304
maps/tatdemo1/worldnodes/node000_lr0_b3313_s_cb_mesh_worldspace_texture_blend.vmesh_c	6020
maps/tatdemo1/worldnodes/node000_lr0_b3315_s_cb_mesh_worldspace_texture_blend.vmesh_c	2474
maps/tatdemo1/worldnodes/node000_lr0_b3316_s_cb_mesh_worldspace_texture_blend.vmesh_c	5804
maps/tatdemo1/worldnodes/node000_lr0_b3317_s_cb_mesh_worldspace_texture_blend.vmesh_c	8842
maps/tatdemo1/worldnodes/node000_lr0_b3318_s_cb_mesh_worldspace_texture_blend.vmesh_c	3710
maps/tatdemo1/worldnodes/node000_lr0_b3319_s_cb_mesh_worldspace_texture_blend.vmesh_c	5352
maps/tatdemo1/worldnodes/node000_lr0_b3326_s_cb_mesh_worldspace_texture_blend.vmesh_c	9316
maps/tatdemo1/worldnodes/node000_lr0_b3327_s_cb_mesh_worldspace_texture_blend.vmesh_c	29110
maps/tatdemo1/worldnodes/node000_lr0_b3328_s_cb_mesh_worldspace_texture_blend.vmesh_c	5710
maps/tatdemo1/worldnodes/node000_lr0_b3329_s_cb_mesh_worldspace_texture_blend.vmesh_c	2800
maps/tatdemo1/worldnodes/node000_lr0_b3330_s_cb_mesh_worldspace_texture_blend.vmesh_c	5356
maps/tatdemo1/worldnodes/node000_lr0_b3335_s_cb_mesh_worldspace_texture_blend.vmesh_c	10050
maps/tatdemo1/worldnodes/node000_lr0_b3336_s_cb_mesh_worldspace_texture_blend.vmesh_c	17284
maps/tatdemo1/worldnodes/node000_lr0_b3340_s_cb_mesh_worldspace_texture_blend.vmesh_c	14992
maps/tatdemo1/worldnodes/node000_lr0_b3341_s_cb_mesh_worldspace_texture_blend.vmesh_c	11076
maps/tatdemo1/worldnodes/node000_lr0_b3342_s_cb_mesh_worldspace_texture_blend.vmesh_c	7772
maps/tatdemo1/worldnodes/node000_lr0_b3343_s_cb_mesh_worldspace_texture_blend.vmesh_c	3056
maps/tatdemo1/worldnodes/node000_lr0_b3345_s_cb_mesh_worldspace_texture_blend.vmesh_c	6614
maps/tatdemo1/worldnodes/node000_lr0_b3346_s_cb_mesh_worldspace_texture_blend.vmesh_c	3488
maps/tatdemo1/worldnodes/node000_lr0_b3347_s_cb_mesh_worldspace_texture_blend.vmesh_c	5618
maps/tatdemo1/worldnodes/node000_lr0_b3356_s_cb_mesh_worldspace_texture_blend.vmesh_c	19528
maps/tatdemo1/worldnodes/node000_lr0_b3357_s_cb_mesh_worldspace_texture_blend.vmesh_c	4782
maps/tatdemo1/worldnodes/node000_lr0_b3358_s_cb_mesh_worldspace_texture_blend.vmesh_c	3264
maps/tatdemo1/worldnodes/node000_lr0_b3359_s_cb_mesh_worldspace_texture_blend.vmesh_c	6064
maps/tatdemo1/worldnodes/node000_lr0_b3365_s_cb_mesh_worldspace_texture_blend.vmesh_c	17974
maps/tatdemo1/worldnodes/node000_lr0_b3366_s_cb_mesh_worldspace_texture_blend.vmesh_c	9882
maps/tatdemo1/worldnodes/node000_lr0_b3367_s_cb_mesh_worldspace_texture_blend.vmesh_c	2012
maps/tatdemo1/worldnodes/node000_lr0_b3368_s_cb_mesh_worldspace_texture_blend.vmesh_c	2852
maps/tatdemo1/worldnodes/node000_lr0_b3369_s_cb_mesh_worldspace_texture_blend.vmesh_c	18558
maps/tatdemo1/worldnodes/node000_lr0_b3370_s_cb_mesh_worldspace_texture_blend.vmesh_c	9252
maps/tatdemo1/worldnodes/node000_lr0_b3371_s_cb_mesh_worldspace_texture_blend.vmesh_c	6164
maps/tatdemo1/worldnodes/node000_lr0_b3374_s_cb_mesh_worldspace_texture_blend.vmesh_c	6380
maps/tatdemo1/worldnodes/node000_lr0_b3375_s_cb_mesh_worldspace_texture_blend.vmesh_c	6524
maps/tatdemo1/worldnodes/node000_lr0_b3381_s_cb_mesh_worldspace_texture_blend.vmesh_c	2724
maps/tatdemo1/worldnodes/node000_lr0_b3382_s_cb_mesh_worldspace_texture_blend.vmesh_c	6020
maps/tatdemo1/worldnodes/node000_lr0_b3383_s_cb_mesh_worldspace_texture_blend.vmesh_c	3536
maps/tatdemo1/worldnodes/node000_lr0_b3384_s_cb_mesh_worldspace_texture_blend.vmesh_c	11810
maps/tatdemo1/worldnodes/node000_lr0_b3385_s_cb_mesh_worldspace_texture_blend.vmesh_c	21924
maps/tatdemo1/worldnodes/node000_lr0_b3386_s_cb_mesh_worldspace_texture_blend.vmesh_c	5338
maps/tatdemo1/worldnodes/node000_lr0_b3387_s_cb_mesh_worldspace_texture_blend.vmesh_c	6888
maps/tatdemo1/worldnodes/node000_lr0_b3388_s_cb_mesh_worldspace_texture_blend.vmesh_c	5892
maps/tatdemo1/worldnodes/node000_lr0_b3389_s_cb_mesh_worldspace_texture_blend.vmesh_c	4420
maps/tatdemo1/worldnodes/node000_lr0_b3391_s_cb_mesh_worldspace_texture_blend.vmesh_c	8762
maps/tatdemo1/worldnodes/node000_lr0_b3394_s_cb_mesh_worldspace_texture_blend.vmesh_c	6298
maps/tatdemo1/worldnodes/node000_lr0_b3395_s_cb_mesh_worldspace_texture_blend.vmesh_c	15366
maps/tatdemo1/worldnodes/node000_lr0_b3396_s_cb_mesh_worldspace_texture_blend.vmesh_c	15628
maps/tatdemo1/worldnodes/node000_lr0_b3397_s_cb_mesh_worldspace_texture_blend.vmesh_c	16036
maps/tatdemo1/worldnodes/node000_lr0_b3398_s_cb_mesh_worldspace_texture_blend.vmesh_c	15310
maps/tatdemo1/worldnodes/node000_lr0_b3400_s_cb_mesh_worldspace_texture_blend.vmesh_c	5036
maps/tatdemo1/worldnodes/node000_lr0_b3410_s_cb_mesh_worldspace_texture_blend.vmesh_c	16278
maps/tatdemo1/worldnodes/node000_lr0_b3411_s_cb_mesh_worldspace_texture_blend.vmesh_c	5248
maps/tatdemo1/worldnodes/node000_lr0_b3413_s_cb_mesh_worldspace_texture_blend.vmesh_c	4762
maps/tatdemo1/worldnodes/node000_lr0_b3414_s_cb_mesh_worldspace_texture_blend.vmesh_c	5524
maps/tatdemo1/worldnodes/node000_lr0_b3415_s_cb_mesh_worldspace_texture_blend.vmesh_c	4164
maps/tatdemo1/worldnodes/node000_lr0_b3416_s_cb_mesh_worldspace_texture_blend.vmesh_c	2988
maps/tatdemo1/worldnodes/node000_lr0_b3418_s_cb_mesh_worldspace_texture_blend.vmesh_c	2692
maps/tatdemo1/worldnodes/node000_lr0_b3419_s_cb_mesh_worldspace_texture_blend.vmesh_c	7258
maps/tatdemo1/worldnodes/node000_lr0_b3420_s_cb_mesh_worldspace_texture_blend.vmesh_c	4888
maps/tatdemo1/worldnodes/node000_lr0_b3425_s_cb_mesh_worldspace_texture_blend.vmesh_c	1860
maps/tatdemo1/worldnodes/node000_lr0_b3426_s_cb_mesh_worldspace_texture_blend.vmesh_c	5512
maps/tatdemo1/worldnodes/node000_lr0_b3429_s_cb_mesh_worldspace_texture_blend.vmesh_c	4196
maps/tatdemo1/worldnodes/node000_lr0_b3438_s_cb_mesh_worldspace_texture_blend.vmesh_c	1730
maps/tatdemo1/worldnodes/node000_lr0_b3439_s_cb_mesh_worldspace_texture_blend.vmesh_c	32016
maps/tatdemo1/worldnodes/node000_lr0_b3440_s_cb_mesh_worldspace_texture_blend.vmesh_c	5872
maps/tatdemo1/worldnodes/node000_lr0_b3442_s_cb_mesh_worldspace_texture_blend.vmesh_c	6438
maps/tatdemo1/worldnodes/node000_lr0_b3444_s_cb_mesh_worldspace_texture_blend.vmesh_c	6532
maps/tatdemo1/worldnodes/node000_lr0_b3448_s_cb_mesh_worldspace_texture_blend.vmesh_c	7674
maps/tatdemo1/worldnodes/node000_lr0_b3449_s_cb_mesh_worldspace_texture_blend.vmesh_c	6856
maps/tatdemo1/worldnodes/node000_lr0_b3457_s_cb_mesh_worldspace_texture_blend.vmesh_c	1928
maps/tatdemo1/worldnodes/node000_lr0_b3458_s_cb_mesh_worldspace_texture_blend.vmesh_c	4172
maps/tatdemo1/worldnodes/node000_lr0_b3467_s_cb_mesh_worldspace_texture_blend.vmesh_c	2382
maps/tatdemo1/worldnodes/node000_lr0_b3468_s_cb_mesh_worldspace_texture_blend.vmesh_c	35004
maps/tatdemo1/worldnodes/node000_lr0_b3469_s_cb_mesh_worldspace_texture_blend.vmesh_c	8604
maps/tatdemo1/worldnodes/node000_lr0_b3471_s_cb_mesh_worldspace_texture_blend.vmesh_c	6496
maps/tatdemo1/worldnodes/node000_lr0_b3473_s_cb_mesh_worldspace_texture_blend.vmesh_c	7248
maps/tatdemo1/worldnodes/node000_lr0_b3477_s_cb_mesh_worldspace_texture_blend.vmesh_c	2418
maps/tatdemo1/worldnodes/node000_lr0_b3478_s_cb_mesh_worldspace_texture_blend.vmesh_c	10966
maps/tatdemo1/worldnodes/node000_lr0_b3481_s_cb_mesh_worldspace_texture_blend.vmesh_c	2540
maps/tatdemo1/worldnodes/node000_lr0_b3482_s_cb_mesh_worldspace_texture_blend.vmesh_c	6188
maps/tatdemo1/worldnodes/node000_lr0_b3483_s_cb_mesh_worldspace_texture_blend.vmesh_c	4020
maps/tatdemo1/worldnodes/node000_lr0_b3484_s_cb_mesh_worldspace_texture_blend.vmesh_c	4380
maps/tatdemo1/worldnodes/node000_lr0_b3485_s_cb_mesh_worldspace_texture_blend.vmesh_c	4008
maps/tatdemo1/worldnodes/node000_lr0_b3486_s_cb_mesh_worldspace_texture_blend.vmesh_c	6036
maps/tatdemo1/worldnodes/node000_lr0_b3487_s_cb_mesh_worldspace_texture_blend.vmesh_c	3956
maps/tatdemo1/worldnodes/node000_lr0_b3493_s_cb_mesh_worldspace_texture_blend.vmesh_c	2804
maps/tatdemo1/worldnodes/node000_lr0_b3494_s_cb_mesh_worldspace_texture_blend.vmesh_c	4094
maps/tatdemo1/worldnodes/node000_lr0_b3497_s_cb_mesh_worldspace_texture_blend.vmesh_c	12300
maps/tatdemo1/worldnodes/node000_lr0_b3498_s_cb_mesh_worldspace_texture_blend.vmesh_c	3228
maps/tatdemo1/worldnodes/node000_lr0_b3499_s_cb_mesh_worldspace_texture_blend.vmesh_c	3208
maps/tatdemo1/worldnodes/node000_lr0_b3500_s_cb_mesh_worldspace_texture_blend.vmesh_c	3914
maps/tatdemo1/worldnodes/node000_lr0_b3502_s_cb_mesh_worldspace_texture_blend.vmesh_c	6124
maps/tatdemo1/worldnodes/node000_lr0_b3507_s_cb_mesh_worldspace_texture_blend.vmesh_c	7990
maps/tatdemo1/worldnodes/node000_lr0_b3510_s_cb_mesh_worldspace_texture_blend.vmesh_c	2708
maps/tatdemo1/worldnodes/node000_lr0_b3511_s_cb_mesh_worldspace_texture_blend.vmesh_c	3500
maps/tatdemo1/worldnodes/node000_lr0_b3517_s_cb_mesh_worldspace_texture_blend.vmesh_c	3500
maps/tatdemo1/worldnodes/node000_lr0_b3522_s_cb_mesh_worldspace_texture_blend.vmesh_c	3464
maps/tatdemo1/worldnodes/node000_lr0_b3523_s_cb_mesh_worldspace_texture_blend.vmesh_c	6120
maps/tatdemo1/worldnodes/node000_lr0_b3524_s_cb_mesh_worldspace_texture_blend.vmesh_c	6986
maps/tatdemo1/worldnodes/node000_lr0_b3525_s_cb_mesh_worldspace_texture_blend.vmesh_c	6936
maps/tatdemo1/worldnodes/node000_lr0_b3526_s_cb_mesh_worldspace_texture_blend.vmesh_c	5084
maps/tatdemo1/worldnodes/node000_lr0_b3527_s_cb_mesh_worldspace_texture_blend.vmesh_c	4744
maps/tatdemo1/worldnodes/node000_lr0_b3528_s_cb_mesh_worldspace_texture_blend.vmesh_c	3536
maps/tatdemo1/worldnodes/node000_lr0_b3531_s_cb_mesh_worldspace_texture_blend.vmesh_c	4908
maps/tatdemo1/worldnodes/node000_lr0_b3532_s_cb_mesh_worldspace_texture_blend.vmesh_c	4492
maps/tatdemo1/worldnodes/node000_lr0_b3533_s_cb_mesh_worldspace_texture_blend.vmesh_c	3900
maps/tatdemo1/worldnodes/node000_lr0_b3534_s_cb_mesh_worldspace_texture_blend.vmesh_c	4560
maps/tatdemo1/worldnodes/node000_lr0_b3535_s_cb_mesh_worldspace_texture_blend.vmesh_c	3808
maps/tatdemo1/worldnodes/node000_lr0_b3536_s_cb_mesh_worldspace_texture_blend.vmesh_c	8314
maps/tatdemo1/worldnodes/node000_lr0_b3539_s_cb_mesh_worldspace_texture_blend.vmesh_c	4676
maps/tatdemo1/worldnodes/node000_lr0_b3557_s_cb_mesh_worldspace_texture_blend.vmesh_c	6528
maps/tatdemo1/worldnodes/node000_lr0_b3558_s_cb_mesh_worldspace_texture_blend.vmesh_c	2228
maps/tatdemo1/worldnodes/node000_lr0_b3561_s_cb_mesh_worldspace_texture_blend.vmesh_c	6916
maps/tatdemo1/worldnodes/node000_lr0_b3562_s_cb_mesh_worldspace_texture_blend.vmesh_c	4022
maps/tatdemo1/worldnodes/node000_lr0_b3563_s_cb_mesh_worldspace_texture_blend.vmesh_c	4738
maps/tatdemo1/worldnodes/node000_lr0_b3564_s_cb_mesh_worldspace_texture_blend.vmesh_c	4496
maps/tatdemo1/worldnodes/node000_lr0_b3565_s_cb_mesh_worldspace_texture_blend.vmesh_c	2342
maps/tatdemo1/worldnodes/node000_lr0_b3568_s_cb_mesh_worldspace_texture_blend.vmesh_c	3668
maps/tatdemo1/worldnodes/node000_lr0_b3586_s_cb_mesh_worldspace_texture_blend.vmesh_c	7370
maps/tatdemo1/worldnodes/node000_lr0_b3590_s_cb_mesh_worldspace_texture_blend.vmesh_c	10404
maps/tatdemo1/worldnodes/node000_lr0_b3591_s_cb_mesh_worldspace_texture_blend.vmesh_c	7356
maps/tatdemo1/worldnodes/node000_lr0_b3592_s_cb_mesh_worldspace_texture_blend.vmesh_c	3444
maps/tatdemo1/worldnodes/node000_lr0_b3593_s_cb_mesh_worldspace_texture_blend.vmesh_c	8358
maps/tatdemo1/worldnodes/node000_lr0_b3594_s_cb_mesh_worldspace_texture_blend.vmesh_c	7170
maps/tatdemo1/worldnodes/node000_lr0_b3597_s_cb_mesh_worldspace_texture_blend.vmesh_c	3848
maps/tatdemo1/worldnodes/node000_lr0_b3615_s_cb_mesh_worldspace_texture_blend.vmesh_c	4528
maps/tatdemo1/worldnodes/node000_lr0_b3616_s_cb_mesh_worldspace_texture_blend.vmesh_c	2140
maps/tatdemo1/worldnodes/node000_lr0_b3619_s_cb_mesh_worldspace_texture_blend.vmesh_c	10806
maps/tatdemo1/worldnodes/node000_lr0_b3620_s_cb_mesh_worldspace_texture_blend.vmesh_c	2136
maps/tatdemo1/worldnodes/node000_lr0_b3622_s_cb_mesh_worldspace_texture_blend.vmesh_c	4560
maps/tatdemo1/worldnodes/node000_lr0_b3623_s_cb_mesh_worldspace_texture_blend.vmesh_c	8712
maps/tatdemo1/worldnodes/node000_lr0_b3626_s_cb_mesh_worldspace_texture_blend.vmesh_c	3992
maps/tatdemo1/worldnodes/node000_lr0_b3633_s_cb_mesh_worldspace_texture_blend.vmesh_c	3464
maps/tatdemo1/worldnodes/node000_lr0_b3644_s_cb_mesh_worldspace_texture_blend.vmesh_c	6394
maps/tatdemo1/worldnodes/node000_lr0_b3645_s_cb_mesh_worldspace_texture_blend.vmesh_c	1928
maps/tatdemo1/worldnodes/node000_lr0_b3646_s_cb_mesh_worldspace_texture_blend.vmesh_c	4010
maps/tatdemo1/worldnodes/node000_lr0_b3648_s_cb_mesh_worldspace_texture_blend.vmesh_c	9660
maps/tatdemo1/worldnodes/node000_lr0_b3649_s_cb_mesh_worldspace_texture_blend.vmesh_c	7002
maps/tatdemo1/worldnodes/node000_lr0_b3650_s_cb_mesh_worldspace_texture_blend.vmesh_c	2448
maps/tatdemo1/worldnodes/node000_lr0_b3651_s_cb_mesh_worldspace_texture_blend.vmesh_c	8454
maps/tatdemo1/worldnodes/node000_lr0_b3652_s_cb_mesh_worldspace_texture_blend.vmesh_c	8496
maps/tatdemo1/worldnodes/node000_lr0_b3655_s_cb_mesh_worldspace_texture_blend.vmesh_c	4028
maps/tatdemo1/worldnodes/node000_lr0_b3669_s_cb_mesh_worldspace_texture_blend.vmesh_c	8184
maps/tatdemo1/worldnodes/node000_lr0_b3670_s_cb_mesh_worldspace_texture_blend.vmesh_c	4932
maps/tatdemo1/worldnodes/node000_lr0_b3673_s_cb_mesh_worldspace_texture_blend.vmesh_c	9396
maps/tatdemo1/worldnodes/node000_lr0_b3674_s_cb_mesh_worldspace_texture_blend.vmesh_c	5672
maps/tatdemo1/worldnodes/node000_lr0_b3677_s_cb_mesh_worldspace_texture_blend.vmesh_c	10818
maps/tatdemo1/worldnodes/node000_lr0_b3678_s_cb_mesh_worldspace_texture_blend.vmesh_c	7574
maps/tatdemo1/worldnodes/node000_lr0_b3679_s_cb_mesh_worldspace_texture_blend.vmesh_c	6708
maps/tatdemo1/worldnodes/node000_lr0_b3680_s_cb_mesh_worldspace_texture_blend.vmesh_c	9486
maps/tatdemo1/worldnodes/node000_lr0_b3681_s_cb_mesh_worldspace_texture_blend.vmesh_c	4570
maps/tatdemo1/worldnodes/node000_lr0_b3684_s_cb_mesh_worldspace_texture_blend.vmesh_c	2528
maps/tatdemo1/worldnodes/node000_lr0_b3686_s_cb_mesh_worldspace_texture_blend.vmesh_c	2806
maps/tatdemo1/worldnodes/node000_lr0_b3687_s_cb_mesh_worldspace_texture_blend.vmesh_c	1902
maps/tatdemo1/worldnodes/node000_lr0_b3688_s_cb_mesh_worldspace_texture_blend.vmesh_c	1788
maps/tatdemo1/worldnodes/node000_lr0_b3689_s_cb_mesh_worldspace_texture_blend.vmesh_c	2458
maps/tatdemo1/worldnodes/node000_lr0_b3693_s_cb_mesh_worldspace_texture_blend.vmesh_c	2358
maps/tatdemo1/worldnodes/node000_lr0_b3694_s_cb_mesh_worldspace_texture_blend.vmesh_c	2716
maps/tatdemo1/worldnodes/node000_lr0_b3696_s_cb_mesh_worldspace_texture_blend.vmesh_c	2088
maps/tatdemo1/worldnodes/node000_lr0_b3697_s_cb_mesh_worldspace_texture_blend.vmesh_c	2794
maps/tatdemo1/worldnodes/node000_lr0_b3698_s_cb_mesh_worldspace_texture_blend.vmesh_c	2584
maps/tatdemo1/worldnodes/node000_lr0_b3699_s_cb_mesh_worldspace_texture_blend.vmesh_c	3896
maps/tatdemo1/worldnodes/node000_lr0_b3700_s_cb_mesh_worldspace_texture_blend.vmesh_c	4028
maps/tatdemo1/worldnodes/node000_lr0_b3701_s_cb_mesh_worldspace_texture_blend.vmesh_c	4376
maps/tatdemo1/worldnodes/node000_lr0_b3703_s_cb_mesh_worldspace_texture_blend.vmesh_c	2108
maps/tatdemo1/worldnodes/node000_lr0_b3715_s_cb_mesh_worldspace_texture_blend.vmesh_c	1746
maps/tatdemo1/worldnodes/node000_lr0_b3717_s_cb_mesh_worldspace_texture_blend.vmesh_c	1788
maps/tatdemo1/worldnodes/node000_lr0_b3718_s_cb_mesh_worldspace_texture_blend.vmesh_c	1788
maps/tatdemo1/worldnodes/node000_lr0_b3724_s_cb_mesh_worldspace_texture_blend.vmesh_c	2716
maps/tatdemo1/worldnodes/node000_lr0_b3725_s_cb_mesh_worldspace_texture_blend.vmesh_c	2088
maps/tatdemo1/worldnodes/node000_lr0_b2302_s_cb_mesh_nocollapse0.vmesh_c	1800
maps/tatdemo1/worldnodes/node000_lr0_b2303_s_cb_mesh_nocollapse0.vmesh_c	2120
maps/tatdemo1/worldnodes/node000_lr0_b2304_s_cb_mesh_nocollapse0.vmesh_c	1544
maps/tatdemo1/worldnodes/node000_lr0_b2331_s_cb_mesh_nocollapse0.vmesh_c	2350
maps/tatdemo1/worldnodes/node000_lr0_b2332_s_cb_mesh_nocollapse0.vmesh_c	2750
maps/tatdemo1/worldnodes/node000_lr0_b2333_s_cb_mesh_nocollapse0.vmesh_c	2052
maps/tatdemo1/worldnodes/node000_lr0_b2360_s_cb_mesh_nocollapse0.vmesh_c	1708
maps/tatdemo1/worldnodes/node000_lr0_b2361_s_cb_mesh_nocollapse0.vmesh_c	1570
maps/tatdemo1/worldnodes/node000_lr0_b2378_s_cb_mesh_nocollapse0.vmesh_c	1740
maps/tatdemo1/worldnodes/node000_lr0_b2379_s_cb_mesh_nocollapse0.vmesh_c	2402
maps/tatdemo1/worldnodes/node000_lr0_b2380_s_cb_mesh_nocollapse0.vmesh_c	2422
maps/tatdemo1/worldnodes/node000_lr0_b2381_s_cb_mesh_nocollapse0.vmesh_c	1876
maps/tatdemo1/worldnodes/node000_lr0_b2407_s_cb_mesh_nocollapse0.vmesh_c	2428
maps/tatdemo1/worldnodes/node000_lr0_b2408_s_cb_mesh_nocollapse0.vmesh_c	2632
maps/tatdemo1/worldnodes/node000_lr0_b2409_s_cb_mesh_nocollapse0.vmesh_c	2496
maps/tatdemo1/worldnodes/node000_lr0_b2410_s_cb_mesh_nocollapse0.vmesh_c	2524
maps/tatdemo1/worldnodes/node000_lr0_b2436_s_cb_mesh_nocollapse0.vmesh_c	1910
maps/tatdemo1/worldnodes/node000_lr0_b2437_s_cb_mesh_nocollapse0.vmesh_c	2596
maps/tatdemo1/worldnodes/node000_lr0_b2438_s_cb_mesh_nocollapse0.vmesh_c	2920
maps/tatdemo1/worldnodes/node000_lr0_b2439_s_cb_mesh_nocollapse0.vmesh_c	2822
maps/tatdemo1/worldnodes/node000_lr0_b2466_s_cb_mesh_nocollapse0.vmesh_c	1910
maps/tatdemo1/worldnodes/node000_lr0_b2467_s_cb_mesh_nocollapse0.vmesh_c	2140
maps/tatdemo1/worldnodes/node000_lr0_b2468_s_cb_mesh_nocollapse0.vmesh_c	2244
maps/tatdemo1/worldnodes/node000_lr0_b2604_s_cb_mesh_nocollapse0.vmesh_c	1770
maps/tatdemo1/worldnodes/node000_lr0_b2605_s_cb_mesh_nocollapse0.vmesh_c	1530
maps/tatdemo1/worldnodes/node000_lr0_b2632_s_cb_mesh_nocollapse0.vmesh_c	1608
maps/tatdemo1/worldnodes/node000_lr0_b2633_s_cb_mesh_nocollapse0.vmesh_c	2752
maps/tatdemo1/worldnodes/node000_lr0_b2634_s_cb_mesh_nocollapse0.vmesh_c	2662
maps/tatdemo1/worldnodes/node000_lr0_b2635_s_cb_mesh_nocollapse0.vmesh_c	1942
maps/tatdemo1/worldnodes/node000_lr0_b2652_s_cb_mesh_nocollapse0.vmesh_c	1868
maps/tatdemo1/worldnodes/node000_lr0_b2653_s_cb_mesh_nocollapse0.vmesh_c	1616
maps/tatdemo1/worldnodes/node000_lr0_b2653_s_cb_mesh_nocollapse1.vmesh_c	1616
maps/tatdemo1/worldnodes/node000_lr0_b2653_s_cb_mesh_nocollapse2.vmesh_c	1590
maps/tatdemo1/worldnodes/node000_lr0_b2654_s_cb_mesh_nocollapse0.vmesh_c	1498
maps/tatdemo1/worldnodes/node000_lr0_b2654_s_cb_mesh_nocollapse1.vmesh_c	2016
maps/tatdemo1/worldnodes/node000_lr0_b2661_s_cb_mesh_nocollapse0.vmesh_c	2328
maps/tatdemo1/worldnodes/node000_lr0_b2661_s_cb_mesh_nocollapse1.vmesh_c	1564
maps/tatdemo1/worldnodes/node000_lr0_b2662_s_cb_mesh_nocollapse0.vmesh_c	2822
maps/tatdemo1/worldnodes/node000_lr0_b2662_s_cb_mesh_nocollapse1.vmesh_c	2888
maps/tatdemo1/worldnodes/node000_lr0_b2663_s_cb_mesh_nocollapse0.vmesh_c	2868
maps/tatdemo1/worldnodes/node000_lr0_b2663_s_cb_mesh_nocollapse1.vmesh_c	2848
maps/tatdemo1/worldnodes/node000_lr0_b2664_s_cb_mesh_nocollapse0.vmesh_c	2842
maps/tatdemo1/worldnodes/node000_lr0_b2664_s_cb_mesh_nocollapse1.vmesh_c	2776
maps/tatdemo1/worldnodes/node000_lr0_b2665_s_cb_mesh_nocollapse0.vmesh_c	2456
maps/tatdemo1/worldnodes/node000_lr0_b2665_s_cb_mesh_nocollapse1.vmesh_c	1892
maps/tatdemo1/worldnodes/node000_lr0_b2666_s_cb_mesh_nocollapse0.vmesh_c	1744
maps/tatdemo1/worldnodes/node000_lr0_b2679_s_cb_mesh_nocollapse0.vmesh_c	1740
maps/tatdemo1/worldnodes/node000_lr0_b2680_s_cb_mesh_nocollapse0.vmesh_c	1630
maps/tatdemo1/worldnodes/node000_lr0_b2681_s_cb_mesh_nocollapse0.vmesh_c	2216
maps/tatdemo1/worldnodes/node000_lr0_b2681_s_cb_mesh_nocollapse1.vmesh_c	2024
maps/tatdemo1/worldnodes/node000_lr0_b2682_s_cb_mesh_nocollapse0.vmesh_c	1774
maps/tatdemo1/worldnodes/node000_lr0_b2682_s_cb_mesh_nocollapse1.vmesh_c	1564
maps/tatdemo1/worldnodes/node000_lr0_b2683_s_cb_mesh_nocollapse0.vmesh_c	2136
maps/tatdemo1/worldnodes/node000_lr0_b2683_s_cb_mesh_nocollapse1.vmesh_c	1754
maps/tatdemo1/worldnodes/node000_lr0_b2684_s_cb_mesh_nocollapse0.vmesh_c	1570
maps/tatdemo1/worldnodes/node000_lr0_b2684_s_cb_mesh_nocollapse1.vmesh_c	1498
maps/tatdemo1/worldnodes/node000_lr0_b2684_s_cb_mesh_nocollapse2.vmesh_c	1940
maps/tatdemo1/worldnodes/node000_lr0_b2689_s_cb_mesh_nocollapse0.vmesh_c	1806
maps/tatdemo1/worldnodes/node000_lr0_b2690_s_cb_mesh_nocollapse0.vmesh_c	2836
maps/tatdemo1/worldnodes/node000_lr0_b2690_s_cb_mesh_nocollapse1.vmesh_c	1970
maps/tatdemo1/worldnodes/node000_lr0_b2691_s_cb_mesh_nocollapse0.vmesh_c	2816
maps/tatdemo1/worldnodes/node000_lr0_b2691_s_cb_mesh_nocollapse1.vmesh_c	2712
maps/tatdemo1/worldnodes/node000_lr0_b2692_s_cb_mesh_nocollapse0.vmesh_c	2848
maps/tatdemo1/worldnodes/node000_lr0_b2692_s_cb_mesh_nocollapse1.vmesh_c	2600
maps/tatdemo1/worldnodes/node000_lr0_b2693_s_cb_mesh_nocollapse0.vmesh_c	2828
maps/tatdemo1/worldnodes/node000_lr0_b2693_s_cb_mesh_nocollapse1.vmesh_c	2600
maps/tatdemo1/worldnodes/node000_lr0_b2694_s_cb_mesh_nocollapse0.vmesh_c	2822
maps/tatdemo1/worldnodes/node000_lr0_b2694_s_cb_mesh_nocollapse1.vmesh_c	2416
maps/tatdemo1/worldnodes/node000_lr0_b2695_s_cb_mesh_nocollapse0.vmesh_c	2796
maps/tatdemo1/worldnodes/node000_lr0_b2696_s_cb_mesh_nocollapse0.vmesh_c	1608
maps/tatdemo1/worldnodes/node000_lr0_b2709_s_cb_mesh_nocollapse0.vmesh_c	1498
maps/tatdemo1/worldnodes/node000_lr0_b2709_s_cb_mesh_nocollapse1.vmesh_c	1630
maps/tatdemo1/worldnodes/node000_lr0_b2710_s_cb_mesh_nocollapse0.vmesh_c	1570
maps/tatdemo1/worldnodes/node000_lr0_b2710_s_cb_mesh_nocollapse1.vmesh_c	1498
maps/tatdemo1/worldnodes/node000_lr0_b2710_s_cb_mesh_nocollapse2.vmesh_c	1702
maps/tatdemo1/worldnodes/node000_lr0_b2710_s_cb_mesh_nocollapse3.vmesh_c	1642
maps/tatdemo1/worldnodes/node000_lr0_b2713_s_cb_mesh_nocollapse0.vmesh_c	1944
maps/tatdemo1/worldnodes/node000_lr0_b2713_s_cb_mesh_nocollapse1.vmesh_c	2064
maps/tatdemo1/worldnodes/node000_lr0_b2718_s_cb_mesh_nocollapse0.vmesh_c	2514
maps/tatdemo1/worldnodes/node000_lr0_b2719_s_cb_mesh_nocollapse0.vmesh_c	2868
maps/tatdemo1/worldnodes/node000_lr0_b2719_s_cb_mesh_nocollapse1.vmesh_c	1948
maps/tatdemo1/worldnodes/node000_lr0_b2720_s_cb_mesh_nocollapse0.vmesh_c	2894
maps/tatdemo1/worldnodes/node000_lr0_b2720_s_cb_mesh_nocollapse1.vmesh_c	2904
maps/tatdemo1/worldnodes/node000_lr0_b2721_s_cb_mesh_nocollapse0.vmesh_c	2882
maps/tatdemo1/worldnodes/node000_lr0_b2721_s_cb_mesh_nocollapse1.vmesh_c	2620
maps/tatdemo1/worldnodes/node000_lr0_b2722_s_cb_mesh_nocollapse0.vmesh_c	2894
maps/tatdemo1/worldnodes/node000_lr0_b2722_s_cb_mesh_nocollapse1.vmesh_c	2564
maps/tatdemo1/worldnodes/node000_lr0_b2723_s_cb_mesh_nocollapse0.vmesh_c	2842
maps/tatdemo1/worldnodes/node000_lr0_b2723_s_cb_mesh_nocollapse1.vmesh_c	2396
maps/tatdemo1/worldnodes/node000_lr0_b2724_s_cb_mesh_nocollapse0.vmesh_c	2308
maps/tatdemo1/worldnodes/node000_lr0_b2746_s_cb_mesh_nocollapse0.vmesh_c	1608
maps/tatdemo1/worldnodes/node000_lr0_b2747_s_cb_mesh_nocollapse0.vmesh_c	2662
maps/tatdemo1/worldnodes/node000_lr0_b2748_s_cb_mesh_nocollapse0.vmesh_c	2848
maps/tatdemo1/worldnodes/node000_lr0_b2748_s_cb_mesh_nocollapse1.vmesh_c	2510
maps/tatdemo1/worldnodes/node000_lr0_b2749_s_cb_mesh_nocollapse0.vmesh_c	2822
maps/tatdemo1/worldnodes/node000_lr0_b2749_s_cb_mesh_nocollapse1.vmesh_c	2600
maps/tatdemo1/worldnodes/node000_lr0_b2750_s_cb_mesh_nocollapse0.vmesh_c	2822
maps/tatdemo1/worldnodes/node000_lr0_b2750_s_cb_mesh_nocollapse1.vmesh_c	2560
maps/tatdemo1/worldnodes/node000_lr0_b2751_s_cb_mesh_nocollapse0.vmesh_c	2842
maps/tatdemo1/worldnodes/node000_lr0_b2751_s_cb_mesh_nocollapse1.vmesh_c	2680
maps/tatdemo1/worldnodes/node000_lr0_b2752_s_cb_mesh_nocollapse0.vmesh_c	2764
maps/tatdemo1/worldnodes/node000_lr0_b2752_s_cb_mesh_nocollapse1.vmesh_c	2710
maps/tatdemo1/worldnodes/node000_lr0_b2753_s_cb_mesh_nocollapse0.vmesh_c	1628
maps/tatdemo1/worldnodes/node000_lr0_b2776_s_cb_mesh_nocollapse0.vmesh_c	1530
maps/tatdemo1/worldnodes/node000_lr0_b2777_s_cb_mesh_nocollapse0.vmesh_c	2128
maps/tatdemo1/worldnodes/node000_lr0_b2777_s_cb_mesh_nocollapse1.vmesh_c	1616
maps/tatdemo1/worldnodes/node000_lr0_b2778_s_cb_mesh_nocollapse0.vmesh_c	2810
maps/tatdemo1/worldnodes/node000_lr0_b2778_s_cb_mesh_nocollapse1.vmesh_c	2308
maps/tatdemo1/worldnodes/node000_lr0_b2779_s_cb_mesh_nocollapse0.vmesh_c	2874
maps/tatdemo1/worldnodes/node000_lr0_b2779_s_cb_mesh_nocollapse1.vmesh_c	2308
maps/tatdemo1/worldnodes/node000_lr0_b2780_s_cb_mesh_nocollapse0.vmesh_c	2816
maps/tatdemo1/worldnodes/node000_lr0_b2780_s_cb_mesh_nocollapse1.vmesh_c	2374
maps/tatdemo1/worldnodes/node000_lr0_b2781_s_cb_mesh_nocollapse0.vmesh_c	2128
maps/tatdemo1/worldnodes/node000_lr0_b2781_s_cb_mesh_nocollapse1.vmesh_c	2092
maps/tatdemo1/worldnodes/node000_lr0_b2795_s_cb_mesh_nocollapse0.vmesh_c	2202
maps/tatdemo1/worldnodes/node000_lr0_b2796_s_cb_mesh_nocollapse0.vmesh_c	2884
maps/tatdemo1/worldnodes/node000_lr0_b2797_s_cb_mesh_nocollapse0.vmesh_c	2858
maps/tatdemo1/worldnodes/node000_lr0_b2798_s_cb_mesh_nocollapse0.vmesh_c	1632
maps/tatdemo1/worldnodes/node000_lr0_b2807_s_cb_mesh_nocollapse0.vmesh_c	1628
maps/tatdemo1/worldnodes/node000_lr0_b2808_s_cb_mesh_nocollapse0.vmesh_c	2366
maps/tatdemo1/worldnodes/node000_lr0_b2809_s_cb_mesh_nocollapse0.vmesh_c	2630
maps/tatdemo1/worldnodes/node000_lr0_b2817_s_cb_mesh_nocollapse0.vmesh_c	1542
maps/tatdemo1/worldnodes/node000_lr0_b2818_s_cb_mesh_nocollapse0.vmesh_c	1542
maps/tatdemo1/worldnodes/node000_lr0_b2823_s_cb_mesh_nocollapse0.vmesh_c	1868
maps/tatdemo1/worldnodes/node000_lr0_b2824_s_cb_mesh_nocollapse0.vmesh_c	2774
maps/tatdemo1/worldnodes/node000_lr0_b2826_s_cb_mesh_nocollapse0.vmesh_c	1960
maps/tatdemo1/worldnodes/node000_lr0_b2827_s_cb_mesh_nocollapse0.vmesh_c	2702
maps/tatdemo1/worldnodes/node000_lr0_b2838_s_cb_mesh_nocollapse0.vmesh_c	1556
maps/tatdemo1/worldnodes/node000_lr0_b2845_s_cb_mesh_nocollapse0.vmesh_c	1542
maps/tatdemo1/worldnodes/node000_lr0_b2846_s_cb_mesh_nocollapse0.vmesh_c	1542
maps/tatdemo1/worldnodes/node000_lr0_b2847_s_cb_mesh_nocollapse0.vmesh_c	1542
maps/tatdemo1/worldnodes/node000_lr0_b2848_s_cb_mesh_nocollapse0.vmesh_c	1542
maps/tatdemo1/worldnodes/node000_lr0_b2852_s_cb_mesh_nocollapse0.vmesh_c	1724
maps/tatdemo1/worldnodes/node000_lr0_b2853_s_cb_mesh_nocollapse0.vmesh_c	2150
maps/tatdemo1/worldnodes/node000_lr0_b2856_s_cb_mesh_nocollapse0.vmesh_c	2426
maps/tatdemo1/worldnodes/node000_lr0_b2874_s_cb_mesh_nocollapse0.vmesh_c	1542
maps/tatdemo1/worldnodes/node000_lr0_b2875_s_cb_mesh_nocollapse0.vmesh_c	1542
maps/tatdemo1/worldnodes/node000_lr0_b2876_s_cb_mesh_nocollapse0.vmesh_c	1542
maps/tatdemo1/worldnodes/node000_lr0_b2877_s_cb_mesh_nocollapse0.vmesh_c	1542
maps/tatdemo1/worldnodes/node000_lr0_b2904_s_cb_mesh_nocollapse0.vmesh_c	1542
maps/tatdemo1/worldnodes/node000_lr0_b2905_s_cb_mesh_nocollapse0.vmesh_c	1542
maps/tatdemo1/worldnodes/node000_lr0_b3562_s_cb_mesh_nocollapse0.vmesh_c	1564
maps/tatdemo1/worldnodes/node000_lr0_b3564_s_cb_mesh_nocollapse0.vmesh_c	1564
maps/tatdemo1/worldnodes/node000_lr0_b3590_s_cb_mesh_nocollapse0.vmesh_c	1740
maps/tatdemo1/worldnodes/node000_lr0_b3591_s_cb_mesh_nocollapse0.vmesh_c	2318
maps/tatdemo1/worldnodes/node000_lr0_b3593_s_cb_mesh_nocollapse0.vmesh_c	2506
maps/tatdemo1/worldnodes/node000_lr0_b3648_s_cb_mesh_nocollapse0.vmesh_c	1740
maps/tatdemo1/worldnodes/node000_lr0_b3649_s_cb_mesh_nocollapse0.vmesh_c	2200
maps/tatdemo1/worldnodes/node000_lr0_b3651_s_cb_mesh_nocollapse0.vmesh_c	2424
maps/tatdemo1/worldnodes/node000_lr0_b3678_s_cb_mesh_nocollapse0.vmesh_c	1642
maps/tatdemo1/worldnodes/node000_lr0_b3680_s_cb_mesh_nocollapse0.vmesh_c	1642
maps/tatdemo1/worldnodes/node000_lr0_b404_s_cb_mesh_base.vmesh_c	1876
maps/tatdemo1/worldnodes/node000_lr0_b462_s_cb_mesh_base.vmesh_c	1876
maps/tatdemo1/worldnodes/node000_lr0_b491_s_cb_mesh_base.vmesh_c	1876
maps/tatdemo1/worldnodes/node000_lr0_b1129_s_cb_mesh_base.vmesh_c	3476
maps/tatdemo1/worldnodes/node000_lr0_b1158_s_cb_mesh_base.vmesh_c	3980
maps/tatdemo1/worldnodes/node000_lr0_b1187_s_cb_mesh_base.vmesh_c	4016
maps/tatdemo1/worldnodes/node000_lr0_b1216_s_cb_mesh_base.vmesh_c	5246
maps/tatdemo1/worldnodes/node000_lr0_b1245_s_cb_mesh_base.vmesh_c	4280
maps/tatdemo1/worldnodes/node000_lr0_b1274_s_cb_mesh_base.vmesh_c	2152
maps/tatdemo1/worldnodes/node000_lr0_b1508_s_cb_mesh_base.vmesh_c	3756
maps/tatdemo1/worldnodes/node000_lr0_b1509_s_cb_mesh_base.vmesh_c	4656
maps/tatdemo1/worldnodes/node000_lr0_b1510_s_cb_mesh_base.vmesh_c	4656
maps/tatdemo1/worldnodes/node000_lr0_b1511_s_cb_mesh_base.vmesh_c	4656
maps/tatdemo1/worldnodes/node000_lr0_b1512_s_cb_mesh_base.vmesh_c	4656
maps/tatdemo1/worldnodes/node000_lr0_b1513_s_cb_mesh_base.vmesh_c	4656
maps/tatdemo1/worldnodes/node000_lr0_b1514_s_cb_mesh_base.vmesh_c	4656
maps/tatdemo1/worldnodes/node000_lr0_b1515_s_cb_mesh_base.vmesh_c	4656
maps/tatdemo1/worldnodes/node000_lr0_b1516_s_cb_mesh_base.vmesh_c	4656
maps/tatdemo1/worldnodes/node000_lr0_b1517_s_cb_mesh_base.vmesh_c	7120
maps/tatdemo1/worldnodes/node000_lr0_b1518_s_cb_mesh_base.vmesh_c	3688
maps/tatdemo1/worldnodes/node000_lr0_b1537_s_cb_mesh_base.vmesh_c	11088
maps/tatdemo1/worldnodes/node000_lr0_b1538_s_cb_mesh_base.vmesh_c	15108
maps/tatdemo1/worldnodes/node000_lr0_b1539_s_cb_mesh_base.vmesh_c	15108
maps/tatdemo1/worldnodes/node000_lr0_b1540_s_cb_mesh_base.vmesh_c	16522
maps/tatdemo1/worldnodes/node000_lr0_b1541_s_cb_mesh_base.vmesh_c	16506
maps/tatdemo1/worldnodes/node000_lr0_b1542_s_cb_mesh_base.vmesh_c	15108
maps/tatdemo1/worldnodes/node000_lr0_b1543_s_cb_mesh_base.vmesh_c	15108
maps/tatdemo1/worldnodes/node000_lr0_b1544_s_cb_mesh_base.vmesh_c	15108
maps/tatdemo1/worldnodes/node000_lr0_b1545_s_cb_mesh_base.vmesh_c	15108
maps/tatdemo1/worldnodes/node000_lr0_b1546_s_cb_mesh_base.vmesh_c	18134
maps/tatdemo1/worldnodes/node000_lr0_b1547_s_cb_mesh_base.vmesh_c	26722
maps/tatdemo1/worldnodes/node000_lr0_b1566_s_cb_mesh_base.vmesh_c	11088
maps/tatdemo1/worldnodes/node000_lr0_b1567_s_cb_mesh_base.vmesh_c	15108
maps/tatdemo1/worldnodes/node000_lr0_b1568_s_cb_mesh_base.vmesh_c	15108
maps/tatdemo1/worldnodes/node000_lr0_b1569_s_cb_mesh_base.vmesh_c	32464
maps/tatdemo1/worldnodes/node000_lr0_b1570_s_cb_mesh_base.vmesh_c	26058
maps/tatdemo1/worldnodes/node000_lr0_b1571_s_cb_mesh_base.vmesh_c	15108
maps/tatdemo1/worldnodes/node000_lr0_b1572_s_cb_mesh_base.vmesh_c	15108
maps/tatdemo1/worldnodes/node000_lr0_b1573_s_cb_mesh_base.vmesh_c	15108
maps/tatdemo1/worldnodes/node000_lr0_b1574_s_cb_mesh_base.vmesh_c	15108
maps/tatdemo1/worldnodes/node000_lr0_b1575_s_cb_mesh_base.vmesh_c	15108
maps/tatdemo1/worldnodes/node000_lr0_b1576_s_cb_mesh_base.vmesh_c	27572
maps/tatdemo1/worldnodes/node000_lr0_b1595_s_cb_mesh_base.vmesh_c	11088
maps/tatdemo1/worldnodes/node000_lr0_b1596_s_cb_mesh_base.vmesh_c	15108
maps/tatdemo1/worldnodes/node000_lr0_b1597_s_cb_mesh_base.vmesh_c	15108
maps/tatdemo1/worldnodes/node000_lr0_b1598_s_cb_mesh_base.vmesh_c	21898
maps/tatdemo1/worldnodes/node000_lr0_b1599_s_cb_mesh_base.vmesh_c	15108
maps/tatdemo1/worldnodes/node000_lr0_b1600_s_cb_mesh_base.vmesh_c	15092
maps/tatdemo1/worldnodes/node000_lr0_b1601_s_cb_mesh_base.vmesh_c	15108
maps/tatdemo1/worldnodes/node000_lr0_b1602_s_cb_mesh_base.vmesh_c	15108
maps/tatdemo1/worldnodes/node000_lr0_b1603_s_cb_mesh_base.vmesh_c	15108
maps/tatdemo1/worldnodes/node000_lr0_b1604_s_cb_mesh_base.vmesh_c	15108
maps/tatdemo1/worldnodes/node000_lr0_b1605_s_cb_mesh_base.vmesh_c	26510
maps/tatdemo1/worldnodes/node000_lr0_b1624_s_cb_mesh_base.vmesh_c	11088
maps/tatdemo1/worldnodes/node000_lr0_b1625_s_cb_mesh_base.vmesh_c	15108
maps/tatdemo1/worldnodes/node000_lr0_b1626_s_cb_mesh_base.vmesh_c	15108
maps/tatdemo1/worldnodes/node000_lr0_b1627_s_cb_mesh_base.vmesh_c	15108
maps/tatdemo1/worldnodes/node000_lr0_b1628_s_cb_mesh_base.vmesh_c	15108
maps/tatdemo1/worldnodes/node000_lr0_b1629_s_cb_mesh_base.vmesh_c	15108
maps/tatdemo1/worldnodes/node000_lr0_b1630_s_cb_mesh_base.vmesh_c	15092
maps/tatdemo1/worldnodes/node000_lr0_b1631_s_cb_mesh_base.vmesh_c	15108
maps/tatdemo1/worldnodes/node000_lr0_b1632_s_cb_mesh_base.vmesh_c	15108
maps/tatdemo1/worldnodes/node000_lr0_b1633_s_cb_mesh_base.vmesh_c	15108
maps/tatdemo1/worldnodes/node000_lr0_b1634_s_cb_mesh_base.vmesh_c	24542
maps/tatdemo1/worldnodes/node000_lr0_b1653_s_cb_mesh_base.vmesh_c	11088
maps/tatdemo1/worldnodes/node000_lr0_b1654_s_cb_mesh_base.vmesh_c	15108
maps/tatdemo1/worldnodes/node000_lr0_b1655_s_cb_mesh_base.vmesh_c	15108
maps/tatdemo1/worldnodes/node000_lr0_b1656_s_cb_mesh_base.vmesh_c	15108
maps/tatdemo1/worldnodes/node000_lr0_b1657_s_cb_mesh_base.vmesh_c	15108
maps/tatdemo1/worldnodes/node000_lr0_b1658_s_cb_mesh_base.vmesh_c	15108
maps/tatdemo1/worldnodes/node000_lr0_b1659_s_cb_mesh_base.vmesh_c	15108
maps/tatdemo1/worldnodes/node000_lr0_b1660_s_cb_mesh_base.vmesh_c	15092
maps/tatdemo1/worldnodes/node000_lr0_b1661_s_cb_mesh_base.vmesh_c	15108
maps/tatdemo1/worldnodes/node000_lr0_b1662_s_cb_mesh_base.vmesh_c	15108
maps/tatdemo1/worldnodes/node000_lr0_b1663_s_cb_mesh_base.vmesh_c	30332
maps/tatdemo1/worldnodes/node000_lr0_b1682_s_cb_mesh_base.vmesh_c	11088
maps/tatdemo1/worldnodes/node000_lr0_b1683_s_cb_mesh_base.vmesh_c	15108
maps/tatdemo1/worldnodes/node000_lr0_b1684_s_cb_mesh_base.vmesh_c	15108
maps/tatdemo1/worldnodes/node000_lr0_b1685_s_cb_mesh_base.vmesh_c	15108
maps/tatdemo1/worldnodes/node000_lr0_b1686_s_cb_mesh_base.vmesh_c	15108
maps/tatdemo1/worldnodes/node000_lr0_b1687_s_cb_mesh_base.vmesh_c	15108
maps/tatdemo1/worldnodes/node000_lr0_b1688_s_cb_mesh_base.vmesh_c	15108
maps/tatdemo1/worldnodes/node000_lr0_b1689_s_cb_mesh_base.vmesh_c	15108
maps/tatdemo1/worldnodes/node000_lr0_b1690_s_cb_mesh_base.vmesh_c	15534
maps/tatdemo1/worldnodes/node000_lr0_b1691_s_cb_mesh_base.vmesh_c	15108
maps/tatdemo1/worldnodes/node000_lr0_b1692_s_cb_mesh_base.vmesh_c	30670
maps/tatdemo1/worldnodes/node000_lr0_b1693_s_cb_mesh_base.vmesh_c	11868
maps/tatdemo1/worldnodes/node000_lr0_b1694_s_cb_mesh_base.vmesh_c	7624
maps/tatdemo1/worldnodes/node000_lr0_b1695_s_cb_mesh_base.vmesh_c	16720
maps/tatdemo1/worldnodes/node000_lr0_b1711_s_cb_mesh_base.vmesh_c	12590
maps/tatdemo1/worldnodes/node000_lr0_b1712_s_cb_mesh_base.vmesh_c	20822
maps/tatdemo1/worldnodes/node000_lr0_b1713_s_cb_mesh_base.vmesh_c	27424
maps/tatdemo1/worldnodes/node000_lr0_b1714_s_cb_mesh_base.vmesh_c	33402
maps/tatdemo1/worldnodes/node000_lr0_b1715_s_cb_mesh_base.vmesh_c	30548
maps/tatdemo1/worldnodes/node000_lr0_b1716_s_cb_mesh_base.vmesh_c	30566
maps/tatdemo1/worldnodes/node000_lr0_b1717_s_cb_mesh_base.vmesh_c	27454
maps/tatdemo1/worldnodes/node000_lr0_b1718_s_cb_mesh_base.vmesh_c	30298
maps/tatdemo1/worldnodes/node000_lr0_b1719_s_cb_mesh_base.vmesh_c	23850
maps/tatdemo1/worldnodes/node000_lr0_b1720_s_cb_mesh_base.vmesh_c	28140
maps/tatdemo1/worldnodes/node000_lr0_b1721_s_cb_mesh_base.vmesh_c	23114
maps/tatdemo1/worldnodes/node000_lr0_b1722_s_cb_mesh_base.vmesh_c	12798
maps/tatdemo1/worldnodes/node000_lr0_b1723_s_cb_mesh_base.vmesh_c	22702
maps/tatdemo1/worldnodes/node000_lr0_b1724_s_cb_mesh_base.vmesh_c	20670
maps/tatdemo1/worldnodes/node000_lr0_b1740_s_cb_mesh_base.vmesh_c	17058
maps/tatdemo1/worldnodes/node000_lr0_b1741_s_cb_mesh_base.vmesh_c	18238
maps/tatdemo1/worldnodes/node000_lr0_b1742_s_cb_mesh_base.vmesh_c	8634
maps/tatdemo1/worldnodes/node000_lr0_b1743_s_cb_mesh_base.vmesh_c	2218
maps/tatdemo1/worldnodes/node000_lr0_b1744_s_cb_mesh_base.vmesh_c	3854
maps/tatdemo1/worldnodes/node000_lr0_b1751_s_cb_mesh_base.vmesh_c	7018
maps/tatdemo1/worldnodes/node000_lr0_b1752_s_cb_mesh_base.vmesh_c	21096
maps/tatdemo1/worldnodes/node000_lr0_b1753_s_cb_mesh_base.vmesh_c	13890
maps/tatdemo1/worldnodes/node000_lr0_b1754_s_cb_mesh_base.vmesh_c	10260
maps/tatdemo1/worldnodes/node000_lr0_b1759_s_cb_mesh_base.vmesh_c	2508
maps/tatdemo1/worldnodes/node000_lr0_b1780_s_cb_mesh_base.vmesh_c	6560
maps/tatdemo1/worldnodes/node000_lr0_b1781_s_cb_mesh_base.vmesh_c	21546
maps/tatdemo1/worldnodes/node000_lr0_b1782_s_cb_mesh_base.vmesh_c	18124
maps/tatdemo1/worldnodes/node000_lr0_b1788_s_cb_mesh_base.vmesh_c	5328
maps/tatdemo1/worldnodes/node000_lr0_b1810_s_cb_mesh_base.vmesh_c	13256
maps/tatdemo1/worldnodes/node000_lr0_b1811_s_cb_mesh_base.vmesh_c	4698
maps/tatdemo1/worldnodes/node000_lr0_b1876_s_cb_mesh_base.vmesh_c	1746
maps/tatdemo1/worldnodes/node000_lr0_b1883_s_cb_mesh_base.vmesh_c	4094
maps/tatdemo1/worldnodes/node000_lr0_b1899_s_cb_mesh_base.vmesh_c	2428
maps/tatdemo1/worldnodes/node000_lr0_b1900_s_cb_mesh_base.vmesh_c	1804
maps/tatdemo1/worldnodes/node000_lr0_b1905_s_cb_mesh_base.vmesh_c	1876
maps/tatdemo1/worldnodes/node000_lr0_b1912_s_cb_mesh_base.vmesh_c	4208
maps/tatdemo1/worldnodes/node000_lr0_b1927_s_cb_mesh_base.vmesh_c	3364
maps/tatdemo1/worldnodes/node000_lr0_b1928_s_cb_mesh_base.vmesh_c	2896
maps/tatdemo1/worldnodes/node000_lr0_b1929_s_cb_mesh_base.vmesh_c	3832
maps/tatdemo1/worldnodes/node000_lr0_b1930_s_cb_mesh_base.vmesh_c	1960
maps/tatdemo1/worldnodes/node000_lr0_b1934_s_cb_mesh_base.vmesh_c	1876
maps/tatdemo1/worldnodes/node000_lr0_b1941_s_cb_mesh_base.vmesh_c	4628
maps/tatdemo1/worldnodes/node000_lr0_b1956_s_cb_mesh_base.vmesh_c	2116
maps/tatdemo1/worldnodes/node000_lr0_b1959_s_cb_mesh_base.vmesh_c	2584
maps/tatdemo1/worldnodes/node000_lr0_b1970_s_cb_mesh_base.vmesh_c	5594
maps/tatdemo1/worldnodes/node000_lr0_b1992_s_cb_mesh_base.vmesh_c	1746
maps/tatdemo1/worldnodes/node000_lr0_b1999_s_cb_mesh_base.vmesh_c	4706
maps/tatdemo1/worldnodes/node000_lr0_b2018_s_cb_mesh_base.vmesh_c	2660
maps/tatdemo1/worldnodes/node000_lr0_b2019_s_cb_mesh_base.vmesh_c	5442
maps/tatdemo1/worldnodes/node000_lr0_b2028_s_cb_mesh_base.vmesh_c	3794
maps/tatdemo1/worldnodes/node000_lr0_b2045_s_cb_mesh_base.vmesh_c	18436
maps/tatdemo1/worldnodes/node000_lr0_b2046_s_cb_mesh_base.vmesh_c	19292
maps/tatdemo1/worldnodes/node000_lr0_b2047_s_cb_mesh_base.vmesh_c	32778
maps/tatdemo1/worldnodes/node000_lr0_b2048_s_cb_mesh_base.vmesh_c	38624
maps/tatdemo1/worldnodes/node000_lr0_b2053_s_cb_mesh_base.vmesh_c	2230
maps/tatdemo1/worldnodes/node000_lr0_b2054_s_cb_mesh_base.vmesh_c	5144
maps/tatdemo1/worldnodes/node000_lr0_b2055_s_cb_mesh_base.vmesh_c	5156
maps/tatdemo1/worldnodes/node000_lr0_b2056_s_cb_mesh_base.vmesh_c	2566
maps/tatdemo1/worldnodes/node000_lr0_b2057_s_cb_mesh_base.vmesh_c	3538
maps/tatdemo1/worldnodes/node000_lr0_b2074_s_cb_mesh_base.vmesh_c	17696
maps/tatdemo1/worldnodes/node000_lr0_b2075_s_cb_mesh_base.vmesh_c	15108
maps/tatdemo1/worldnodes/node000_lr0_b2076_s_cb_mesh_base.vmesh_c	26562
maps/tatdemo1/worldnodes/node000_lr0_b2077_s_cb_mesh_base.vmesh_c	30966
maps/tatdemo1/worldnodes/node000_lr0_b2082_s_cb_mesh_base.vmesh_c	3836
maps/tatdemo1/worldnodes/node000_lr0_b2103_s_cb_mesh_base.vmesh_c	21084
maps/tatdemo1/worldnodes/node000_lr0_b2104_s_cb_mesh_base.vmesh_c	15108
maps/tatdemo1/worldnodes/node000_lr0_b2105_s_cb_mesh_base.vmesh_c	29758
maps/tatdemo1/worldnodes/node000_lr0_b2106_s_cb_mesh_base.vmesh_c	21618
maps/tatdemo1/worldnodes/node000_lr0_b2111_s_cb_mesh_base.vmesh_c	4220
maps/tatdemo1/worldnodes/node000_lr0_b2132_s_cb_mesh_base.vmesh_c	11494
maps/tatdemo1/worldnodes/node000_lr0_b2133_s_cb_mesh_base.vmesh_c	14462
maps/tatdemo1/worldnodes/node000_lr0_b2134_s_cb_mesh_base.vmesh_c	26320
maps/tatdemo1/worldnodes/node000_lr0_b2135_s_cb_mesh_base.vmesh_c	13096
maps/tatdemo1/worldnodes/node000_lr0_b2139_s_cb_mesh_base.vmesh_c	2666
maps/tatdemo1/worldnodes/node000_lr0_b2140_s_cb_mesh_base.vmesh_c	4106
maps/tatdemo1/worldnodes/node000_lr0_b2162_s_cb_mesh_base.vmesh_c	10392
maps/tatdemo1/worldnodes/node000_lr0_b2163_s_cb_mesh_base.vmesh_c	17356
maps/tatdemo1/worldnodes/node000_lr0_b2166_s_cb_mesh_base.vmesh_c	2110
maps/tatdemo1/worldnodes/node000_lr0_b2167_s_cb_mesh_base.vmesh_c	4028
maps/tatdemo1/worldnodes/node000_lr0_b2168_s_cb_mesh_base.vmesh_c	3518
maps/tatdemo1/worldnodes/node000_lr0_b2195_s_cb_mesh_base.vmesh_c	2858
maps/tatdemo1/worldnodes/node000_lr0_b2262_s_cb_mesh_base.vmesh_c	14536
maps/tatdemo1/worldnodes/node000_lr0_b2263_s_cb_mesh_base.vmesh_c	31744
maps/tatdemo1/worldnodes/node000_lr0_b2264_s_cb_mesh_base.vmesh_c	13408
maps/tatdemo1/worldnodes/node000_lr0_b2265_s_cb_mesh_base.vmesh_c	27460
maps/tatdemo1/worldnodes/node000_lr0_b2266_s_cb_mesh_base.vmesh_c	30004
maps/tatdemo1/worldnodes/node000_lr0_b2267_s_cb_mesh_base.vmesh_c	27304
maps/tatdemo1/worldnodes/node000_lr0_b2268_s_cb_mesh_base.vmesh_c	18808
maps/tatdemo1/worldnodes/node000_lr0_b2269_s_cb_mesh_base.vmesh_c	2950
maps/tatdemo1/worldnodes/node000_lr0_b2271_s_cb_mesh_base.vmesh_c	6836
maps/tatdemo1/worldnodes/node000_lr0_b2272_s_cb_mesh_base.vmesh_c	9824
maps/tatdemo1/worldnodes/node000_lr0_b2291_s_cb_mesh_base.vmesh_c	22552
maps/tatdemo1/worldnodes/node000_lr0_b2292_s_cb_mesh_base.vmesh_c	39262
maps/tatdemo1/worldnodes/node000_lr0_b2293_s_cb_mesh_base.vmesh_c	38806
maps/tatdemo1/worldnodes/node000_lr0_b2294_s_cb_mesh_base.vmesh_c	38476
maps/tatdemo1/worldnodes/node000_lr0_b2295_s_cb_mesh_base.vmesh_c	42874
maps/tatdemo1/worldnodes/node000_lr0_b2296_s_cb_mesh_base.vmesh_c	22516
maps/tatdemo1/worldnodes/node000_lr0_b2297_s_cb_mesh_base.vmesh_c	17428
maps/tatdemo1/worldnodes/node000_lr0_b2298_s_cb_mesh_base.vmesh_c	24292
maps/tatdemo1/worldnodes/node000_lr0_b2299_s_cb_mesh_base.vmesh_c	20978
maps/tatdemo1/worldnodes/node000_lr0_b2300_s_cb_mesh_base.vmesh_c	24902
maps/tatdemo1/worldnodes/node000_lr0_b2301_s_cb_mesh_base.vmesh_c	44960
maps/tatdemo1/worldnodes/node000_lr0_b2302_s_cb_mesh_base.vmesh_c	12864
maps/tatdemo1/worldnodes/node000_lr0_b2303_s_cb_mesh_base.vmesh_c	25584
maps/tatdemo1/worldnodes/node000_lr0_b2304_s_cb_mesh_base.vmesh_c	7278
maps/tatdemo1/worldnodes/node000_lr0_b2320_s_cb_mesh_base.vmesh_c	19624
maps/tatdemo1/worldnodes/node000_lr0_b2321_s_cb_mesh_base.vmesh_c	38152
maps/tatdemo1/worldnodes/node000_lr0_b2322_s_cb_mesh_base.vmesh_c	26284
maps/tatdemo1/worldnodes/node000_lr0_b2323_s_cb_mesh_base.vmesh_c	26356
maps/tatdemo1/worldnodes/node000_lr0_b2324_s_cb_mesh_base.vmesh_c	42586
maps/tatdemo1/worldnodes/node000_lr0_b2325_s_cb_mesh_base.vmesh_c	26086
maps/tatdemo1/worldnodes/node000_lr0_b2326_s_cb_mesh_base.vmesh_c	15124
maps/tatdemo1/worldnodes/node000_lr0_b2327_s_cb_mesh_base.vmesh_c	25600
maps/tatdemo1/worldnodes/node000_lr0_b2328_s_cb_mesh_base.vmesh_c	24380
maps/tatdemo1/worldnodes/node000_lr0_b2329_s_cb_mesh_base.vmesh_c	15092
maps/tatdemo1/worldnodes/node000_lr0_b2330_s_cb_mesh_base.vmesh_c	45568
maps/tatdemo1/worldnodes/node000_lr0_b2331_s_cb_mesh_base.vmesh_c	32080
maps/tatdemo1/worldnodes/node000_lr0_b2332_s_cb_mesh_base.vmesh_c	24960
maps/tatdemo1/worldnodes/node000_lr0_b2333_s_cb_mesh_base.vmesh_c	19700
maps/tatdemo1/worldnodes/node000_lr0_b2349_s_cb_mesh_base.vmesh_c	27548
maps/tatdemo1/worldnodes/node000_lr0_b2350_s_cb_mesh_base.vmesh_c	19420
maps/tatdemo1/worldnodes/node000_lr0_b2351_s_cb_mesh_base.vmesh_c	18028
maps/tatdemo1/worldnodes/node000_lr0_b2352_s_cb_mesh_base.vmesh_c	37504
maps/tatdemo1/worldnodes/node000_lr0_b2353_s_cb_mesh_base.vmesh_c	46378
maps/tatdemo1/worldnodes/node000_lr0_b2354_s_cb_mesh_base.vmesh_c	17356
maps/tatdemo1/worldnodes/node000_lr0_b2355_s_cb_mesh_base.vmesh_c	15124
maps/tatdemo1/worldnodes/node000_lr0_b2356_s_cb_mesh_base.vmesh_c	26956
maps/tatdemo1/worldnodes/node000_lr0_b2357_s_cb_mesh_base.vmesh_c	27566
maps/tatdemo1/worldnodes/node000_lr0_b2358_s_cb_mesh_base.vmesh_c	26768
maps/tatdemo1/worldnodes/node000_lr0_b2359_s_cb_mesh_base.vmesh_c	48272
maps/tatdemo1/worldnodes/node000_lr0_b2360_s_cb_mesh_base.vmesh_c	21640
maps/tatdemo1/worldnodes/node000_lr0_b2361_s_cb_mesh_base.vmesh_c	30032
maps/tatdemo1/worldnodes/node000_lr0_b2362_s_cb_mesh_base.vmesh_c	7494
maps/tatdemo1/worldnodes/node000_lr0_b2363_s_cb_mesh_base.vmesh_c	6520
maps/tatdemo1/worldnodes/node000_lr0_b2364_s_cb_mesh_base.vmesh_c	7978
maps/tatdemo1/worldnodes/node000_lr0_b2378_s_cb_mesh_base.vmesh_c	29330
maps/tatdemo1/worldnodes/node000_lr0_b2379_s_cb_mesh_base.vmesh_c	23114
maps/tatdemo1/worldnodes/node000_lr0_b2380_s_cb_mesh_base.vmesh_c	22514
maps/tatdemo1/worldnodes/node000_lr0_b2381_s_cb_mesh_base.vmesh_c	49088
maps/tatdemo1/worldnodes/node000_lr0_b2382_s_cb_mesh_base.vmesh_c	29758
maps/tatdemo1/worldnodes/node000_lr0_b2383_s_cb_mesh_base.vmesh_c	15108
maps/tatdemo1/worldnodes/node000_lr0_b2384_s_cb_mesh_base.vmesh_c	15108
maps/tatdemo1/worldnodes/node000_lr0_b2385_s_cb_mesh_base.vmesh_c	27628
maps/tatdemo1/worldnodes/node000_lr0_b2386_s_cb_mesh_base.vmesh_c	11208
maps/tatdemo1/worldnodes/node000_lr0_b2387_s_cb_mesh_base.vmesh_c	17614
maps/tatdemo1/worldnodes/node000_lr0_b2388_s_cb_mesh_base.vmesh_c	39172
maps/tatdemo1/worldnodes/node000_lr0_b2389_s_cb_mesh_base.vmesh_c	24594
maps/tatdemo1/worldnodes/node000_lr0_b2390_s_cb_mesh_base.vmesh_c	15730
maps/tatdemo1/worldnodes/node000_lr0_b2391_s_cb_mesh_base.vmesh_c	20728
maps/tatdemo1/worldnodes/node000_lr0_b2392_s_cb_mesh_base.vmesh_c	18904
maps/tatdemo1/worldnodes/node000_lr0_b2393_s_cb_mesh_base.vmesh_c	18928
maps/tatdemo1/worldnodes/node000_lr0_b2394_s_cb_mesh_base.vmesh_c	12322
maps/tatdemo1/worldnodes/node000_lr0_b2402_s_cb_mesh_base.vmesh_c	4344
maps/tatdemo1/worldnodes/node000_lr0_b2403_s_cb_mesh_base.vmesh_c	23824
maps/tatdemo1/worldnodes/node000_lr0_b2404_s_cb_mesh_base.vmesh_c	11764
maps/tatdemo1/worldnodes/node000_lr0_b2407_s_cb_mesh_base.vmesh_c	35846
maps/tatdemo1/worldnodes/node000_lr0_b2408_s_cb_mesh_base.vmesh_c	18000
maps/tatdemo1/worldnodes/node000_lr0_b2409_s_cb_mesh_base.vmesh_c	17676
maps/tatdemo1/worldnodes/node000_lr0_b2410_s_cb_mesh_base.vmesh_c	26402
maps/tatdemo1/worldnodes/node000_lr0_b2411_s_cb_mesh_base.vmesh_c	15124
maps/tatdemo1/worldnodes/node000_lr0_b2412_s_cb_mesh_base.vmesh_c	15124
maps/tatdemo1/worldnodes/node000_lr0_b2413_s_cb_mesh_base.vmesh_c	25168
maps/tatdemo1/worldnodes/node000_lr0_b2414_s_cb_mesh_base.vmesh_c	21748
maps/tatdemo1/worldnodes/node000_lr0_b2415_s_cb_mesh_base.vmesh_c	14104
maps/tatdemo1/worldnodes/node000_lr0_b2416_s_cb_mesh_base.vmesh_c	17014
maps/tatdemo1/worldnodes/node000_lr0_b2417_s_cb_mesh_base.vmesh_c	27768
maps/tatdemo1/worldnodes/node000_lr0_b2418_s_cb_mesh_base.vmesh_c	32608
maps/tatdemo1/worldnodes/node000_lr0_b2419_s_cb_mesh_base.vmesh_c	26008
maps/tatdemo1/worldnodes/node000_lr0_b2420_s_cb_mesh_base.vmesh_c	18990
maps/tatdemo1/worldnodes/node000_lr0_b2421_s_cb_mesh_base.vmesh_c	22072
maps/tatdemo1/worldnodes/node000_lr0_b2422_s_cb_mesh_base.vmesh_c	15108
maps/tatdemo1/worldnodes/node000_lr0_b2423_s_cb_mesh_base.vmesh_c	16780
maps/tatdemo1/worldnodes/node000_lr0_b2429_s_cb_mesh_base.vmesh_c	1714
maps/tatdemo1/worldnodes/node000_lr0_b2431_s_cb_mesh_base.vmesh_c	16432
maps/tatdemo1/worldnodes/node000_lr0_b2432_s_cb_mesh_base.vmesh_c	26128
maps/tatdemo1/worldnodes/node000_lr0_b2433_s_cb_mesh_base.vmesh_c	36730
maps/tatdemo1/worldnodes/node000_lr0_b2434_s_cb_mesh_base.vmesh_c	12370
maps/tatdemo1/worldnodes/node000_lr0_b2436_s_cb_mesh_base.vmesh_c	44936
maps/tatdemo1/worldnodes/node000_lr0_b2437_s_cb_mesh_base.vmesh_c	20678
maps/tatdemo1/worldnodes/node000_lr0_b2438_s_cb_mesh_base.vmesh_c	23904
maps/tatdemo1/worldnodes/node000_lr0_b2439_s_cb_mesh_base.vmesh_c	18296
maps/tatdemo1/worldnodes/node000_lr0_b2440_s_cb_mesh_base.vmesh_c	15160
maps/tatdemo1/worldnodes/node000_lr0_b2441_s_cb_mesh_base.vmesh_c	19348
maps/tatdemo1/worldnodes/node000_lr0_b2442_s_cb_mesh_base.vmesh_c	43292
maps/tatdemo1/worldnodes/node000_lr0_b2443_s_cb_mesh_base.vmesh_c	31816
maps/tatdemo1/worldnodes/node000_lr0_b2444_s_cb_mesh_base.vmesh_c	9592
maps/tatdemo1/worldnodes/node000_lr0_b2445_s_cb_mesh_base.vmesh_c	13018
maps/tatdemo1/worldnodes/node000_lr0_b2446_s_cb_mesh_base.vmesh_c	11742
maps/tatdemo1/worldnodes/node000_lr0_b2447_s_cb_mesh_base.vmesh_c	42010
maps/tatdemo1/worldnodes/node000_lr0_b2448_s_cb_mesh_base.vmesh_c	42550
maps/tatdemo1/worldnodes/node000_lr0_b2449_s_cb_mesh_base.vmesh_c	36068
maps/tatdemo1/worldnodes/node000_lr0_b2450_s_cb_mesh_base.vmesh_c	12792
maps/tatdemo1/worldnodes/node000_lr0_b2451_s_cb_mesh_base.vmesh_c	14326
maps/tatdemo1/worldnodes/node000_lr0_b2452_s_cb_mesh_base.vmesh_c	4320
maps/tatdemo1/worldnodes/node000_lr0_b2453_s_cb_mesh_base.vmesh_c	24274
maps/tatdemo1/worldnodes/node000_lr0_b2454_s_cb_mesh_base.vmesh_c	7540
maps/tatdemo1/worldnodes/node000_lr0_b2457_s_cb_mesh_base.vmesh_c	1714
maps/tatdemo1/worldnodes/node000_lr0_b2460_s_cb_mesh_base.vmesh_c	7494
maps/tatdemo1/worldnodes/node000_lr0_b2461_s_cb_mesh_base.vmesh_c	36418
maps/tatdemo1/worldnodes/node000_lr0_b2462_s_cb_mesh_base.vmesh_c	26014
maps/tatdemo1/worldnodes/node000_lr0_b2463_s_cb_mesh_base.vmesh_c	29056
maps/tatdemo1/worldnodes/node000_lr0_b2465_s_cb_mesh_base.vmesh_c	26404
maps/tatdemo1/worldnodes/node000_lr0_b2466_s_cb_mesh_base.vmesh_c	44912
maps/tatdemo1/worldnodes/node000_lr0_b2467_s_cb_mesh_base.vmesh_c	42008
maps/tatdemo1/worldnodes/node000_lr0_b2468_s_cb_mesh_base.vmesh_c	48022
maps/tatdemo1/worldnodes/node000_lr0_b2469_s_cb_mesh_base.vmesh_c	38326
maps/tatdemo1/worldnodes/node000_lr0_b2470_s_cb_mesh_base.vmesh_c	29264
maps/tatdemo1/worldnodes/node000_lr0_b2471_s_cb_mesh_base.vmesh_c	45822
maps/tatdemo1/worldnodes/node000_lr0_b2472_s_cb_mesh_base.vmesh_c	31196
maps/tatdemo1/worldnodes/node000_lr0_b2473_s_cb_mesh_base.vmesh_c	27500
maps/tatdemo1/worldnodes/node000_lr0_b2474_s_cb_mesh_base.vmesh_c	23404
maps/tatdemo1/worldnodes/node000_lr0_b2475_s_cb_mesh_base.vmesh_c	38188
maps/tatdemo1/worldnodes/node000_lr0_b2476_s_cb_mesh_base.vmesh_c	37978
maps/tatdemo1/worldnodes/node000_lr0_b2477_s_cb_mesh_base.vmesh_c	15710
maps/tatdemo1/worldnodes/node000_lr0_b2478_s_cb_mesh_base.vmesh_c	21984
maps/tatdemo1/worldnodes/node000_lr0_b2479_s_cb_mesh_base.vmesh_c	43760
maps/tatdemo1/worldnodes/node000_lr0_b2480_s_cb_mesh_base.vmesh_c	36892
maps/tatdemo1/worldnodes/node000_lr0_b2481_s_cb_mesh_base.vmesh_c	34832
maps/tatdemo1/worldnodes/node000_lr0_b2482_s_cb_mesh_base.vmesh_c	47986
maps/tatdemo1/worldnodes/node000_lr0_b2483_s_cb_mesh_base.vmesh_c	42340
maps/tatdemo1/worldnodes/node000_lr0_b2484_s_cb_mesh_base.vmesh_c	16450
maps/tatdemo1/worldnodes/node000_lr0_b2485_s_cb_mesh_base.vmesh_c	1714
maps/tatdemo1/worldnodes/node000_lr0_b2487_s_cb_mesh_base.vmesh_c	1714
maps/tatdemo1/worldnodes/node000_lr0_b2489_s_cb_mesh_base.vmesh_c	4194
maps/tatdemo1/worldnodes/node000_lr0_b2490_s_cb_mesh_base.vmesh_c	40270
maps/tatdemo1/worldnodes/node000_lr0_b2491_s_cb_mesh_base.vmesh_c	39334
maps/tatdemo1/worldnodes/node000_lr0_b2492_s_cb_mesh_base.vmesh_c	6922
maps/tatdemo1/worldnodes/node000_lr0_b2494_s_cb_mesh_base.vmesh_c	23206
maps/tatdemo1/worldnodes/node000_lr0_b2495_s_cb_mesh_base.vmesh_c	31802
maps/tatdemo1/worldnodes/node000_lr0_b2496_s_cb_mesh_base.vmesh_c	32944
maps/tatdemo1/worldnodes/node000_lr0_b2497_s_cb_mesh_base.vmesh_c	26948
maps/tatdemo1/worldnodes/node000_lr0_b2498_s_cb_mesh_base.vmesh_c	28524
maps/tatdemo1/worldnodes/node000_lr0_b2499_s_cb_mesh_base.vmesh_c	24648
maps/tatdemo1/worldnodes/node000_lr0_b2500_s_cb_mesh_base.vmesh_c	19048
maps/tatdemo1/worldnodes/node000_lr0_b2501_s_cb_mesh_base.vmesh_c	37258
maps/tatdemo1/worldnodes/node000_lr0_b2502_s_cb_mesh_base.vmesh_c	24676
maps/tatdemo1/worldnodes/node000_lr0_b2503_s_cb_mesh_base.vmesh_c	41024
maps/tatdemo1/worldnodes/node000_lr0_b2504_s_cb_mesh_base.vmesh_c	30148
maps/tatdemo1/worldnodes/node000_lr0_b2505_s_cb_mesh_base.vmesh_c	52864
maps/tatdemo1/worldnodes/node000_lr0_b2506_s_cb_mesh_base.vmesh_c	2432
maps/tatdemo1/worldnodes/node000_lr0_b2507_s_cb_mesh_base.vmesh_c	38666
maps/tatdemo1/worldnodes/node000_lr0_b2508_s_cb_mesh_base.vmesh_c	38652
maps/tatdemo1/worldnodes/node000_lr0_b2509_s_cb_mesh_base.vmesh_c	44620
maps/tatdemo1/worldnodes/node000_lr0_b2510_s_cb_mesh_base.vmesh_c	53492
maps/tatdemo1/worldnodes/node000_lr0_b2511_s_cb_mesh_base.vmesh_c	30292
maps/tatdemo1/worldnodes/node000_lr0_b2512_s_cb_mesh_base.vmesh_c	18892
maps/tatdemo1/worldnodes/node000_lr0_b2513_s_cb_mesh_base.vmesh_c	46480
maps/tatdemo1/worldnodes/node000_lr0_b2514_s_cb_mesh_base.vmesh_c	9496
maps/tatdemo1/worldnodes/node000_lr0_b2519_s_cb_mesh_base.vmesh_c	12766
maps/tatdemo1/worldnodes/node000_lr0_b2520_s_cb_mesh_base.vmesh_c	10726
maps/tatdemo1/worldnodes/node000_lr0_b2523_s_cb_mesh_base.vmesh_c	1882
maps/tatdemo1/worldnodes/node000_lr0_b2524_s_cb_mesh_base.vmesh_c	18668
maps/tatdemo1/worldnodes/node000_lr0_b2525_s_cb_mesh_base.vmesh_c	45984
maps/tatdemo1/worldnodes/node000_lr0_b2526_s_cb_mesh_base.vmesh_c	37788
maps/tatdemo1/worldnodes/node000_lr0_b2527_s_cb_mesh_base.vmesh_c	41412
maps/tatdemo1/worldnodes/node000_lr0_b2528_s_cb_mesh_base.vmesh_c	16414
maps/tatdemo1/worldnodes/node000_lr0_b2529_s_cb_mesh_base.vmesh_c	3914
maps/tatdemo1/worldnodes/node000_lr0_b2530_s_cb_mesh_base.vmesh_c	37186
maps/tatdemo1/worldnodes/node000_lr0_b2531_s_cb_mesh_base.vmesh_c	34668
maps/tatdemo1/worldnodes/node000_lr0_b2532_s_cb_mesh_base.vmesh_c	52184
maps/tatdemo1/worldnodes/node000_lr0_b2533_s_cb_mesh_base.vmesh_c	33332
maps/tatdemo1/worldnodes/node000_lr0_b2534_s_cb_mesh_base.vmesh_c	49520
maps/tatdemo1/worldnodes/node000_lr0_b2535_s_cb_mesh_base.vmesh_c	2516
maps/tatdemo1/worldnodes/node000_lr0_b2536_s_cb_mesh_base.vmesh_c	38180
maps/tatdemo1/worldnodes/node000_lr0_b2537_s_cb_mesh_base.vmesh_c	26532
maps/tatdemo1/worldnodes/node000_lr0_b2538_s_cb_mesh_base.vmesh_c	24368
maps/tatdemo1/worldnodes/node000_lr0_b2539_s_cb_mesh_base.vmesh_c	36328
maps/tatdemo1/worldnodes/node000_lr0_b2540_s_cb_mesh_base.vmesh_c	24658
maps/tatdemo1/worldnodes/node000_lr0_b2541_s_cb_mesh_base.vmesh_c	30082
maps/tatdemo1/worldnodes/node000_lr0_b2542_s_cb_mesh_base.vmesh_c	46804
maps/tatdemo1/worldnodes/node000_lr0_b2543_s_cb_mesh_base.vmesh_c	10042
maps/tatdemo1/worldnodes/node000_lr0_b2545_s_cb_mesh_base.vmesh_c	7500
maps/tatdemo1/worldnodes/node000_lr0_b2546_s_cb_mesh_base.vmesh_c	7382
maps/tatdemo1/worldnodes/node000_lr0_b2552_s_cb_mesh_base.vmesh_c	1756
maps/tatdemo1/worldnodes/node000_lr0_b2553_s_cb_mesh_base.vmesh_c	19548
maps/tatdemo1/worldnodes/node000_lr0_b2554_s_cb_mesh_base.vmesh_c	44060
maps/tatdemo1/worldnodes/node000_lr0_b2555_s_cb_mesh_base.vmesh_c	17182
maps/tatdemo1/worldnodes/node000_lr0_b2556_s_cb_mesh_base.vmesh_c	21462
maps/tatdemo1/worldnodes/node000_lr0_b2557_s_cb_mesh_base.vmesh_c	30668
maps/tatdemo1/worldnodes/node000_lr0_b2558_s_cb_mesh_base.vmesh_c	2138
maps/tatdemo1/worldnodes/node000_lr0_b2559_s_cb_mesh_base.vmesh_c	19402
maps/tatdemo1/worldnodes/node000_lr0_b2560_s_cb_mesh_base.vmesh_c	42588
maps/tatdemo1/worldnodes/node000_lr0_b2561_s_cb_mesh_base.vmesh_c	46002
maps/tatdemo1/worldnodes/node000_lr0_b2562_s_cb_mesh_base.vmesh_c	49604
maps/tatdemo1/worldnodes/node000_lr0_b2563_s_cb_mesh_base.vmesh_c	24280
maps/tatdemo1/worldnodes/node000_lr0_b2564_s_cb_mesh_base.vmesh_c	47928
maps/tatdemo1/worldnodes/node000_lr0_b2565_s_cb_mesh_base.vmesh_c	51654
maps/tatdemo1/worldnodes/node000_lr0_b2566_s_cb_mesh_base.vmesh_c	38536
maps/tatdemo1/worldnodes/node000_lr0_b2567_s_cb_mesh_base.vmesh_c	21960
maps/tatdemo1/worldnodes/node000_lr0_b2568_s_cb_mesh_base.vmesh_c	51180
maps/tatdemo1/worldnodes/node000_lr0_b2569_s_cb_mesh_base.vmesh_c	47398
maps/tatdemo1/worldnodes/node000_lr0_b2570_s_cb_mesh_base.vmesh_c	22768
maps/tatdemo1/worldnodes/node000_lr0_b2571_s_cb_mesh_base.vmesh_c	25096
maps/tatdemo1/worldnodes/node000_lr0_b2572_s_cb_mesh_base.vmesh_c	30250
maps/tatdemo1/worldnodes/node000_lr0_b2573_s_cb_mesh_base.vmesh_c	9520
maps/tatdemo1/worldnodes/node000_lr0_b2574_s_cb_mesh_base.vmesh_c	22960
maps/tatdemo1/worldnodes/node000_lr0_b2575_s_cb_mesh_base.vmesh_c	18638
maps/tatdemo1/worldnodes/node000_lr0_b2576_s_cb_mesh_base.vmesh_c	14734
maps/tatdemo1/worldnodes/node000_lr0_b2581_s_cb_mesh_base.vmesh_c	1714
maps/tatdemo1/worldnodes/node000_lr0_b2582_s_cb_mesh_base.vmesh_c	17476
maps/tatdemo1/worldnodes/node000_lr0_b2583_s_cb_mesh_base.vmesh_c	25154
maps/tatdemo1/worldnodes/node000_lr0_b2584_s_cb_mesh_base.vmesh_c	16030
maps/tatdemo1/worldnodes/node000_lr0_b2585_s_cb_mesh_base.vmesh_c	16144
maps/tatdemo1/worldnodes/node000_lr0_b2586_s_cb_mesh_base.vmesh_c	28260
maps/tatdemo1/worldnodes/node000_lr0_b2587_s_cb_mesh_base.vmesh_c	2096
maps/tatdemo1/worldnodes/node000_lr0_b2588_s_cb_mesh_base.vmesh_c	20880
maps/tatdemo1/worldnodes/node000_lr0_b2589_s_cb_mesh_base.vmesh_c	46022
maps/tatdemo1/worldnodes/node000_lr0_b2590_s_cb_mesh_base.vmesh_c	45638
maps/tatdemo1/worldnodes/node000_lr0_b2591_s_cb_mesh_base.vmesh_c	26628
maps/tatdemo1/worldnodes/node000_lr0_b2592_s_cb_mesh_base.vmesh_c	3716
maps/tatdemo1/worldnodes/node000_lr0_b2593_s_cb_mesh_base.vmesh_c	49438
maps/tatdemo1/worldnodes/node000_lr0_b2594_s_cb_mesh_base.vmesh_c	40932
maps/tatdemo1/worldnodes/node000_lr0_b2595_s_cb_mesh_base.vmesh_c	46022
maps/tatdemo1/worldnodes/node000_lr0_b2596_s_cb_mesh_base.vmesh_c	40688
maps/tatdemo1/worldnodes/node000_lr0_b2597_s_cb_mesh_base.vmesh_c	19282
maps/tatdemo1/worldnodes/node000_lr0_b2598_s_cb_mesh_base.vmesh_c	24850
maps/tatdemo1/worldnodes/node000_lr0_b2599_s_cb_mesh_base.vmesh_c	31756
maps/tatdemo1/worldnodes/node000_lr0_b2600_s_cb_mesh_base.vmesh_c	31102
maps/tatdemo1/worldnodes/node000_lr0_b2601_s_cb_mesh_base.vmesh_c	27016
maps/tatdemo1/worldnodes/node000_lr0_b2602_s_cb_mesh_base.vmesh_c	21646
maps/tatdemo1/worldnodes/node000_lr0_b2603_s_cb_mesh_base.vmesh_c	34648
maps/tatdemo1/worldnodes/node000_lr0_b2604_s_cb_mesh_base.vmesh_c	18208
maps/tatdemo1/worldnodes/node000_lr0_b2605_s_cb_mesh_base.vmesh_c	16660
maps/tatdemo1/worldnodes/node000_lr0_b2610_s_cb_mesh_base.vmesh_c	1882
maps/tatdemo1/worldnodes/node000_lr0_b2611_s_cb_mesh_base.vmesh_c	3778
maps/tatdemo1/worldnodes/node000_lr0_b2612_s_cb_mesh_base.vmesh_c	32028
maps/tatdemo1/worldnodes/node000_lr0_b2613_s_cb_mesh_base.vmesh_c	27352
maps/tatdemo1/worldnodes/node000_lr0_b2614_s_cb_mesh_base.vmesh_c	31084
maps/tatdemo1/worldnodes/node000_lr0_b2615_s_cb_mesh_base.vmesh_c	21366
maps/tatdemo1/worldnodes/node000_lr0_b2616_s_cb_mesh_base.vmesh_c	2222
maps/tatdemo1/worldnodes/node000_lr0_b2617_s_cb_mesh_base.vmesh_c	28420
maps/tatdemo1/worldnodes/node000_lr0_b2618_s_cb_mesh_base.vmesh_c	45936
maps/tatdemo1/worldnodes/node000_lr0_b2619_s_cb_mesh_base.vmesh_c	48422
maps/tatdemo1/worldnodes/node000_lr0_b2620_s_cb_mesh_base.vmesh_c	29860
maps/tatdemo1/worldnodes/node000_lr0_b2621_s_cb_mesh_base.vmesh_c	36138
maps/tatdemo1/worldnodes/node000_lr0_b2622_s_cb_mesh_base.vmesh_c	30720
maps/tatdemo1/worldnodes/node000_lr0_b2623_s_cb_mesh_base.vmesh_c	18624
maps/tatdemo1/worldnodes/node000_lr0_b2624_s_cb_mesh_base.vmesh_c	20980
maps/tatdemo1/worldnodes/node000_lr0_b2625_s_cb_mesh_base.vmesh_c	22554
maps/tatdemo1/worldnodes/node000_lr0_b2626_s_cb_mesh_base.vmesh_c	15108
maps/tatdemo1/worldnodes/node000_lr0_b2627_s_cb_mesh_base.vmesh_c	36358
maps/tatdemo1/worldnodes/node000_lr0_b2628_s_cb_mesh_base.vmesh_c	34324
maps/tatdemo1/worldnodes/node000_lr0_b2629_s_cb_mesh_base.vmesh_c	69344
maps/tatdemo1/worldnodes/node000_lr0_b2630_s_cb_mesh_base.vmesh_c	44350
maps/tatdemo1/worldnodes/node000_lr0_b2631_s_cb_mesh_base.vmesh_c	4348
maps/tatdemo1/worldnodes/node000_lr0_b2632_s_cb_mesh_base.vmesh_c	5422
maps/tatdemo1/worldnodes/node000_lr0_b2633_s_cb_mesh_base.vmesh_c	21040
maps/tatdemo1/worldnodes/node000_lr0_b2634_s_cb_mesh_base.vmesh_c	14964
maps/tatdemo1/worldnodes/node000_lr0_b2635_s_cb_mesh_base.vmesh_c	6982
maps/tatdemo1/worldnodes/node000_lr0_b2637_s_cb_mesh_base.vmesh_c	9422
maps/tatdemo1/worldnodes/node000_lr0_b2639_s_cb_mesh_base.vmesh_c	1798
maps/tatdemo1/worldnodes/node000_lr0_b2640_s_cb_mesh_base.vmesh_c	2390
maps/tatdemo1/worldnodes/node000_lr0_b2641_s_cb_mesh_base.vmesh_c	2216
maps/tatdemo1/worldnodes/node000_lr0_b2642_s_cb_mesh_base.vmesh_c	12316
maps/tatdemo1/worldnodes/node000_lr0_b2643_s_cb_mesh_base.vmesh_c	11036
maps/tatdemo1/worldnodes/node000_lr0_b2644_s_cb_mesh_base.vmesh_c	2360
maps/tatdemo1/worldnodes/node000_lr0_b2645_s_cb_mesh_base.vmesh_c	2210
maps/tatdemo1/worldnodes/node000_lr0_b2646_s_cb_mesh_base.vmesh_c	30284
maps/tatdemo1/worldnodes/node000_lr0_b2647_s_cb_mesh_base.vmesh_c	41710
maps/tatdemo1/worldnodes/node000_lr0_b2648_s_cb_mesh_base.vmesh_c	48794
maps/tatdemo1/worldnodes/node000_lr0_b2649_s_cb_mesh_base.vmesh_c	45806
maps/tatdemo1/worldnodes/node000_lr0_b2650_s_cb_mesh_base.vmesh_c	45584
maps/tatdemo1/worldnodes/node000_lr0_b2651_s_cb_mesh_base.vmesh_c	25468
maps/tatdemo1/worldnodes/node000_lr0_b2652_s_cb_mesh_base.vmesh_c	37838
maps/tatdemo1/worldnodes/node000_lr0_b2653_s_cb_mesh_base.vmesh_c	71828
maps/tatdemo1/worldnodes/node000_lr0_b2654_s_cb_mesh_base.vmesh_c	25892
maps/tatdemo1/worldnodes/node000_lr0_b2655_s_cb_mesh_base.vmesh_c	15970
maps/tatdemo1/worldnodes/node000_lr0_b2656_s_cb_mesh_base.vmesh_c	39100
maps/tatdemo1/worldnodes/node000_lr0_b2657_s_cb_mesh_base.vmesh_c	206456
maps/tatdemo1/worldnodes/node000_lr0_b2658_s_cb_mesh_base.vmesh_c	180456
maps/tatdemo1/worldnodes/node000_lr0_b2659_s_cb_mesh_base.vmesh_c	137296
maps/tatdemo1/worldnodes/node000_lr0_b2661_s_cb_mesh_base.vmesh_c	8628
maps/tatdemo1/worldnodes/node000_lr0_b2662_s_cb_mesh_base.vmesh_c	32710
maps/tatdemo1/worldnodes/node000_lr0_b2663_s_cb_mesh_base.vmesh_c	27908
maps/tatdemo1/worldnodes/node000_lr0_b2664_s_cb_mesh_base.vmesh_c	29438
maps/tatdemo1/worldnodes/node000_lr0_b2665_s_cb_mesh_base.vmesh_c	24088
maps/tatdemo1/worldnodes/node000_lr0_b2666_s_cb_mesh_base.vmesh_c	7712
maps/tatdemo1/worldnodes/node000_lr0_b2675_s_cb_mesh_base.vmesh_c	40616
maps/tatdemo1/worldnodes/node000_lr0_b2676_s_cb_mesh_base.vmesh_c	41256
maps/tatdemo1/worldnodes/node000_lr0_b2677_s_cb_mesh_base.vmesh_c	45978
maps/tatdemo1/worldnodes/node000_lr0_b2678_s_cb_mesh_base.vmesh_c	29428
maps/tatdemo1/worldnodes/node000_lr0_b2679_s_cb_mesh_base.vmesh_c	30180
maps/tatdemo1/worldnodes/node000_lr0_b2680_s_cb_mesh_base.vmesh_c	57042
maps/tatdemo1/worldnodes/node000_lr0_b2681_s_cb_mesh_base.vmesh_c	120968
maps/tatdemo1/worldnodes/node000_lr0_b2682_s_cb_mesh_base.vmesh_c	95958
maps/tatdemo1/worldnodes/node000_lr0_b2683_s_cb_mesh_base.vmesh_c	136700
maps/tatdemo1/worldnodes/node000_lr0_b2684_s_cb_mesh_base.vmesh_c	56584
maps/tatdemo1/worldnodes/node000_lr0_b2685_s_cb_mesh_base.vmesh_c	21142
maps/tatdemo1/worldnodes/node000_lr0_b2686_s_cb_mesh_base.vmesh_c	126568
maps/tatdemo1/worldnodes/node000_lr0_b2687_s_cb_mesh_base.vmesh_c	36756
maps/tatdemo1/worldnodes/node000_lr0_b2688_s_cb_mesh_base.vmesh_c	160228
maps/tatdemo1/worldnodes/node000_lr0_b2690_s_cb_mesh_base.vmesh_c	21532
maps/tatdemo1/worldnodes/node000_lr0_b2691_s_cb_mesh_base.vmesh_c	19386
maps/tatdemo1/worldnodes/node000_lr0_b2692_s_cb_mesh_base.vmesh_c	15124
maps/tatdemo1/worldnodes/node000_lr0_b2693_s_cb_mesh_base.vmesh_c	15124
maps/tatdemo1/worldnodes/node000_lr0_b2694_s_cb_mesh_base.vmesh_c	34306
maps/tatdemo1/worldnodes/node000_lr0_b2695_s_cb_mesh_base.vmesh_c	8492
maps/tatdemo1/worldnodes/node000_lr0_b2703_s_cb_mesh_base.vmesh_c	1730
maps/tatdemo1/worldnodes/node000_lr0_b2704_s_cb_mesh_base.vmesh_c	42596
maps/tatdemo1/worldnodes/node000_lr0_b2705_s_cb_mesh_base.vmesh_c	30074
maps/tatdemo1/worldnodes/node000_lr0_b2706_s_cb_mesh_base.vmesh_c	49964
maps/tatdemo1/worldnodes/node000_lr0_b2707_s_cb_mesh_base.vmesh_c	18350
maps/tatdemo1/worldnodes/node000_lr0_b2708_s_cb_mesh_base.vmesh_c	33320
maps/tatdemo1/worldnodes/node000_lr0_b2709_s_cb_mesh_base.vmesh_c	55372
maps/tatdemo1/worldnodes/node000_lr0_b2710_s_cb_mesh_base.vmesh_c	214492
maps/tatdemo1/worldnodes/node000_lr0_b2711_s_cb_mesh_base.vmesh_c	381582
maps/tatdemo1/worldnodes/node000_lr0_b2712_s_cb_mesh_base.vmesh_c	285572
maps/tatdemo1/worldnodes/node000_lr0_b2713_s_cb_mesh_base.vmesh_c	134666
maps/tatdemo1/worldnodes/node000_lr0_b2714_s_cb_mesh_base.vmesh_c	12178
maps/tatdemo1/worldnodes/node000_lr0_b2715_s_cb_mesh_base.vmesh_c	246440
maps/tatdemo1/worldnodes/node000_lr0_b2716_s_cb_mesh_base.vmesh_c	107704
maps/tatdemo1/worldnodes/node000_lr0_b2717_s_cb_mesh_base.vmesh_c	123616
maps/tatdemo1/worldnodes/node000_lr0_b2719_s_cb_mesh_base.vmesh_c	22420
maps/tatdemo1/worldnodes/node000_lr0_b2720_s_cb_mesh_base.vmesh_c	20718
maps/tatdemo1/worldnodes/node000_lr0_b2721_s_cb_mesh_base.vmesh_c	15124
maps/tatdemo1/worldnodes/node000_lr0_b2722_s_cb_mesh_base.vmesh_c	15108
maps/tatdemo1/worldnodes/node000_lr0_b2723_s_cb_mesh_base.vmesh_c	39772
maps/tatdemo1/worldnodes/node000_lr0_b2724_s_cb_mesh_base.vmesh_c	12208
maps/tatdemo1/worldnodes/node000_lr0_b2727_s_cb_mesh_base.vmesh_c	2552
maps/tatdemo1/worldnodes/node000_lr0_b2728_s_cb_mesh_base.vmesh_c	13926
maps/tatdemo1/worldnodes/node000_lr0_b2729_s_cb_mesh_base.vmesh_c	7308
maps/tatdemo1/worldnodes/node000_lr0_b2730_s_cb_mesh_base.vmesh_c	7504
maps/tatdemo1/worldnodes/node000_lr0_b2731_s_cb_mesh_base.vmesh_c	7790
maps/tatdemo1/worldnodes/node000_lr0_b2732_s_cb_mesh_base.vmesh_c	10652
maps/tatdemo1/worldnodes/node000_lr0_b2733_s_cb_mesh_base.vmesh_c	44878
maps/tatdemo1/worldnodes/node000_lr0_b2734_s_cb_mesh_base.vmesh_c	48604
maps/tatdemo1/worldnodes/node000_lr0_b2735_s_cb_mesh_base.vmesh_c	54864
maps/tatdemo1/worldnodes/node000_lr0_b2736_s_cb_mesh_base.vmesh_c	52670
maps/tatdemo1/worldnodes/node000_lr0_b2737_s_cb_mesh_base.vmesh_c	52480
maps/tatdemo1/worldnodes/node000_lr0_b2738_s_cb_mesh_base.vmesh_c	54756
maps/tatdemo1/worldnodes/node000_lr0_b2739_s_cb_mesh_base.vmesh_c	89180
maps/tatdemo1/worldnodes/node000_lr0_b2740_s_cb_mesh_base.vmesh_c	175878
maps/tatdemo1/worldnodes/node000_lr0_b2741_s_cb_mesh_base.vmesh_c	103996
maps/tatdemo1/worldnodes/node000_lr0_b2742_s_cb_mesh_base.vmesh_c	85920
maps/tatdemo1/worldnodes/node000_lr0_b2743_s_cb_mesh_base.vmesh_c	25234
maps/tatdemo1/worldnodes/node000_lr0_b2744_s_cb_mesh_base.vmesh_c	100568
maps/tatdemo1/worldnodes/node000_lr0_b2745_s_cb_mesh_base.vmesh_c	97896
maps/tatdemo1/worldnodes/node000_lr0_b2746_s_cb_mesh_base.vmesh_c	66322
maps/tatdemo1/worldnodes/node000_lr0_b2747_s_cb_mesh_base.vmesh_c	1556
maps/tatdemo1/worldnodes/node000_lr0_b2748_s_cb_mesh_base.vmesh_c	33164
maps/tatdemo1/worldnodes/node000_lr0_b2749_s_cb_mesh_base.vmesh_c	15432
maps/tatdemo1/worldnodes/node000_lr0_b2750_s_cb_mesh_base.vmesh_c	15108
maps/tatdemo1/worldnodes/node000_lr0_b2751_s_cb_mesh_base.vmesh_c	15754
maps/tatdemo1/worldnodes/node000_lr0_b2752_s_cb_mesh_base.vmesh_c	35128
maps/tatdemo1/worldnodes/node000_lr0_b2753_s_cb_mesh_base.vmesh_c	17546
maps/tatdemo1/worldnodes/node000_lr0_b2756_s_cb_mesh_base.vmesh_c	5752
maps/tatdemo1/worldnodes/node000_lr0_b2757_s_cb_mesh_base.vmesh_c	57018
maps/tatdemo1/worldnodes/node000_lr0_b2758_s_cb_mesh_base.vmesh_c	44750
maps/tatdemo1/worldnodes/node000_lr0_b2759_s_cb_mesh_base.vmesh_c	47114
maps/tatdemo1/worldnodes/node000_lr0_b2760_s_cb_mesh_base.vmesh_c	42682
maps/tatdemo1/worldnodes/node000_lr0_b2761_s_cb_mesh_base.vmesh_c	45110
maps/tatdemo1/worldnodes/node000_lr0_b2762_s_cb_mesh_base.vmesh_c	44358
maps/tatdemo1/worldnodes/node000_lr0_b2763_s_cb_mesh_base.vmesh_c	56380
maps/tatdemo1/worldnodes/node000_lr0_b2764_s_cb_mesh_base.vmesh_c	42672
maps/tatdemo1/worldnodes/node000_lr0_b2765_s_cb_mesh_base.vmesh_c	35492
maps/tatdemo1/worldnodes/node000_lr0_b2766_s_cb_mesh_base.vmesh_c	35280
maps/tatdemo1/worldnodes/node000_lr0_b2767_s_cb_mesh_base.vmesh_c	45862
maps/tatdemo1/worldnodes/node000_lr0_b2768_s_cb_mesh_base.vmesh_c	57934
maps/tatdemo1/worldnodes/node000_lr0_b2769_s_cb_mesh_base.vmesh_c	53832
maps/tatdemo1/worldnodes/node000_lr0_b2770_s_cb_mesh_base.vmesh_c	27576
maps/tatdemo1/worldnodes/node000_lr0_b2771_s_cb_mesh_base.vmesh_c	25776
maps/tatdemo1/worldnodes/node000_lr0_b2772_s_cb_mesh_base.vmesh_c	40342
maps/tatdemo1/worldnodes/node000_lr0_b2773_s_cb_mesh_base.vmesh_c	37610
maps/tatdemo1/worldnodes/node000_lr0_b2774_s_cb_mesh_base.vmesh_c	12810
maps/tatdemo1/worldnodes/node000_lr0_b2777_s_cb_mesh_base.vmesh_c	20174
maps/tatdemo1/worldnodes/node000_lr0_b2778_s_cb_mesh_base.vmesh_c	34168
maps/tatdemo1/worldnodes/node000_lr0_b2779_s_cb_mesh_base.vmesh_c	42178
maps/tatdemo1/worldnodes/node000_lr0_b2780_s_cb_mesh_base.vmesh_c	43574
maps/tatdemo1/worldnodes/node000_lr0_b2781_s_cb_mesh_base.vmesh_c	49594
maps/tatdemo1/worldnodes/node000_lr0_b2782_s_cb_mesh_base.vmesh_c	32414
maps/tatdemo1/worldnodes/node000_lr0_b2785_s_cb_mesh_base.vmesh_c	22566
maps/tatdemo1/worldnodes/node000_lr0_b2786_s_cb_mesh_base.vmesh_c	49396
maps/tatdemo1/worldnodes/node000_lr0_b2787_s_cb_mesh_base.vmesh_c	32096
maps/tatdemo1/worldnodes/node000_lr0_b2788_s_cb_mesh_base.vmesh_c	32214
maps/tatdemo1/worldnodes/node000_lr0_b2789_s_cb_mesh_base.vmesh_c	31940
maps/tatdemo1/worldnodes/node000_lr0_b2790_s_cb_mesh_base.vmesh_c	32096
maps/tatdemo1/worldnodes/node000_lr0_b2791_s_cb_mesh_base.vmesh_c	33258
maps/tatdemo1/worldnodes/node000_lr0_b2792_s_cb_mesh_base.vmesh_c	54820
maps/tatdemo1/worldnodes/node000_lr0_b2793_s_cb_mesh_base.vmesh_c	23296
maps/tatdemo1/worldnodes/node000_lr0_b2794_s_cb_mesh_base.vmesh_c	27392
maps/tatdemo1/worldnodes/node000_lr0_b2795_s_cb_mesh_base.vmesh_c	31488
maps/tatdemo1/worldnodes/node000_lr0_b2796_s_cb_mesh_base.vmesh_c	34980
maps/tatdemo1/worldnodes/node000_lr0_b2797_s_cb_mesh_base.vmesh_c	33744
maps/tatdemo1/worldnodes/node000_lr0_b2798_s_cb_mesh_base.vmesh_c	47418
maps/tatdemo1/worldnodes/node000_lr0_b2799_s_cb_mesh_base.vmesh_c	48866
maps/tatdemo1/worldnodes/node000_lr0_b2800_s_cb_mesh_base.vmesh_c	51312
maps/tatdemo1/worldnodes/node000_lr0_b2801_s_cb_mesh_base.vmesh_c	48624
maps/tatdemo1/worldnodes/node000_lr0_b2802_s_cb_mesh_base.vmesh_c	34624
maps/tatdemo1/worldnodes/node000_lr0_b2803_s_cb_mesh_base.vmesh_c	46756
maps/tatdemo1/worldnodes/node000_lr0_b2804_s_cb_mesh_base.vmesh_c	101264
maps/tatdemo1/worldnodes/node000_lr0_b2805_s_cb_mesh_base.vmesh_c	108256
maps/tatdemo1/worldnodes/node000_lr0_b2806_s_cb_mesh_base.vmesh_c	114778
maps/tatdemo1/worldnodes/node000_lr0_b2807_s_cb_mesh_base.vmesh_c	51098
maps/tatdemo1/worldnodes/node000_lr0_b2808_s_cb_mesh_base.vmesh_c	30474
maps/tatdemo1/worldnodes/node000_lr0_b2809_s_cb_mesh_base.vmesh_c	28602
maps/tatdemo1/worldnodes/node000_lr0_b2810_s_cb_mesh_base.vmesh_c	28568
maps/tatdemo1/worldnodes/node000_lr0_b2811_s_cb_mesh_base.vmesh_c	8380
maps/tatdemo1/worldnodes/node000_lr0_b2814_s_cb_mesh_base.vmesh_c	22492
maps/tatdemo1/worldnodes/node000_lr0_b2815_s_cb_mesh_base.vmesh_c	45144
maps/tatdemo1/worldnodes/node000_lr0_b2816_s_cb_mesh_base.vmesh_c	29468
maps/tatdemo1/worldnodes/node000_lr0_b2817_s_cb_mesh_base.vmesh_c	31766
maps/tatdemo1/worldnodes/node000_lr0_b2818_s_cb_mesh_base.vmesh_c	31346
maps/tatdemo1/worldnodes/node000_lr0_b2819_s_cb_mesh_base.vmesh_c	30590
maps/tatdemo1/worldnodes/node000_lr0_b2820_s_cb_mesh_base.vmesh_c	32072
maps/tatdemo1/worldnodes/node000_lr0_b2821_s_cb_mesh_base.vmesh_c	53140
maps/tatdemo1/worldnodes/node000_lr0_b2822_s_cb_mesh_base.vmesh_c	18686
maps/tatdemo1/worldnodes/node000_lr0_b2823_s_cb_mesh_base.vmesh_c	29144
maps/tatdemo1/worldnodes/node000_lr0_b2824_s_cb_mesh_base.vmesh_c	34074
maps/tatdemo1/worldnodes/node000_lr0_b2825_s_cb_mesh_base.vmesh_c	28854
maps/tatdemo1/worldnodes/node000_lr0_b2826_s_cb_mesh_base.vmesh_c	31506
maps/tatdemo1/worldnodes/node000_lr0_b2827_s_cb_mesh_base.vmesh_c	52490
maps/tatdemo1/worldnodes/node000_lr0_b2828_s_cb_mesh_base.vmesh_c	37166
maps/tatdemo1/worldnodes/node000_lr0_b2829_s_cb_mesh_base.vmesh_c	19958
maps/tatdemo1/worldnodes/node000_lr0_b2830_s_cb_mesh_base.vmesh_c	37592
maps/tatdemo1/worldnodes/node000_lr0_b2831_s_cb_mesh_base.vmesh_c	42470
maps/tatdemo1/worldnodes/node000_lr0_b2832_s_cb_mesh_base.vmesh_c	47436
maps/tatdemo1/worldnodes/node000_lr0_b2833_s_cb_mesh_base.vmesh_c	125746
maps/tatdemo1/worldnodes/node000_lr0_b2834_s_cb_mesh_base.vmesh_c	15124
maps/tatdemo1/worldnodes/node000_lr0_b2835_s_cb_mesh_base.vmesh_c	127030
maps/tatdemo1/worldnodes/node000_lr0_b2836_s_cb_mesh_base.vmesh_c	51280
maps/tatdemo1/worldnodes/node000_lr0_b2843_s_cb_mesh_base.vmesh_c	21628
maps/tatdemo1/worldnodes/node000_lr0_b2844_s_cb_mesh_base.vmesh_c	43004
maps/tatdemo1/worldnodes/node000_lr0_b2845_s_cb_mesh_base.vmesh_c	28820
maps/tatdemo1/worldnodes/node000_lr0_b2846_s_cb_mesh_base.vmesh_c	28748
maps/tatdemo1/worldnodes/node000_lr0_b2847_s_cb_mesh_base.vmesh_c	28712
maps/tatdemo1/worldnodes/node000_lr0_b2848_s_cb_mesh_base.vmesh_c	28820
maps/tatdemo1/worldnodes/node000_lr0_b2849_s_cb_mesh_base.vmesh_c	32636
maps/tatdemo1/worldnodes/node000_lr0_b2850_s_cb_mesh_base.vmesh_c	57226
maps/tatdemo1/worldnodes/node000_lr0_b2851_s_cb_mesh_base.vmesh_c	18122
maps/tatdemo1/worldnodes/node000_lr0_b2852_s_cb_mesh_base.vmesh_c	29870
maps/tatdemo1/worldnodes/node000_lr0_b2853_s_cb_mesh_base.vmesh_c	33626
maps/tatdemo1/worldnodes/node000_lr0_b2854_s_cb_mesh_base.vmesh_c	31080
maps/tatdemo1/worldnodes/node000_lr0_b2855_s_cb_mesh_base.vmesh_c	31688
maps/tatdemo1/worldnodes/node000_lr0_b2856_s_cb_mesh_base.vmesh_c	48934
maps/tatdemo1/worldnodes/node000_lr0_b2857_s_cb_mesh_base.vmesh_c	37588
maps/tatdemo1/worldnodes/node000_lr0_b2858_s_cb_mesh_base.vmesh_c	21458
maps/tatdemo1/worldnodes/node000_lr0_b2859_s_cb_mesh_base.vmesh_c	33806
maps/tatdemo1/worldnodes/node000_lr0_b2860_s_cb_mesh_base.vmesh_c	36728
maps/tatdemo1/worldnodes/node000_lr0_b2861_s_cb_mesh_base.vmesh_c	51776
maps/tatdemo1/worldnodes/node000_lr0_b2862_s_cb_mesh_base.vmesh_c	113962
maps/tatdemo1/worldnodes/node000_lr0_b2863_s_cb_mesh_base.vmesh_c	109408
maps/tatdemo1/worldnodes/node000_lr0_b2864_s_cb_mesh_base.vmesh_c	193396
maps/tatdemo1/worldnodes/node000_lr0_b2865_s_cb_mesh_base.vmesh_c	29540
maps/tatdemo1/worldnodes/node000_lr0_b2872_s_cb_mesh_base.vmesh_c	23838
maps/tatdemo1/worldnodes/node000_lr0_b2873_s_cb_mesh_base.vmesh_c	43298
maps/tatdemo1/worldnodes/node000_lr0_b2874_s_cb_mesh_base.vmesh_c	28712
maps/tatdemo1/worldnodes/node000_lr0_b2875_s_cb_mesh_base.vmesh_c	28712
maps/tatdemo1/worldnodes/node000_lr0_b2876_s_cb_mesh_base.vmesh_c	28712
maps/tatdemo1/worldnodes/node000_lr0_b2877_s_cb_mesh_base.vmesh_c	28712
maps/tatdemo1/worldnodes/node000_lr0_b2878_s_cb_mesh_base.vmesh_c	39880
maps/tatdemo1/worldnodes/node000_lr0_b2879_s_cb_mesh_base.vmesh_c	54226
maps/tatdemo1/worldnodes/node000_lr0_b2880_s_cb_mesh_base.vmesh_c	22906
maps/tatdemo1/worldnodes/node000_lr0_b2881_s_cb_mesh_base.vmesh_c	28616
maps/tatdemo1/worldnodes/node000_lr0_b2882_s_cb_mesh_base.vmesh_c	31992
maps/tatdemo1/worldnodes/node000_lr0_b2883_s_cb_mesh_base.vmesh_c	30780
maps/tatdemo1/worldnodes/node000_lr0_b2884_s_cb_mesh_base.vmesh_c	33686
maps/tatdemo1/worldnodes/node000_lr0_b2885_s_cb_mesh_base.vmesh_c	42574
maps/tatdemo1/worldnodes/node000_lr0_b2886_s_cb_mesh_base.vmesh_c	59270
maps/tatdemo1/worldnodes/node000_lr0_b2887_s_cb_mesh_base.vmesh_c	37028
maps/tatdemo1/worldnodes/node000_lr0_b2888_s_cb_mesh_base.vmesh_c	43884
maps/tatdemo1/worldnodes/node000_lr0_b2889_s_cb_mesh_base.vmesh_c	58016
maps/tatdemo1/worldnodes/node000_lr0_b2890_s_cb_mesh_base.vmesh_c	55320
maps/tatdemo1/worldnodes/node000_lr0_b2891_s_cb_mesh_base.vmesh_c	1730
maps/tatdemo1/worldnodes/node000_lr0_b2892_s_cb_mesh_base.vmesh_c	16162
maps/tatdemo1/worldnodes/node000_lr0_b2893_s_cb_mesh_base.vmesh_c	105850
maps/tatdemo1/worldnodes/node000_lr0_b2894_s_cb_mesh_base.vmesh_c	11934
maps/tatdemo1/worldnodes/node000_lr0_b2901_s_cb_mesh_base.vmesh_c	23420
maps/tatdemo1/worldnodes/node000_lr0_b2902_s_cb_mesh_base.vmesh_c	44888
maps/tatdemo1/worldnodes/node000_lr0_b2903_s_cb_mesh_base.vmesh_c	31184
maps/tatdemo1/worldnodes/node000_lr0_b2904_s_cb_mesh_base.vmesh_c	34124
maps/tatdemo1/worldnodes/node000_lr0_b2905_s_cb_mesh_base.vmesh_c	32612
maps/tatdemo1/worldnodes/node000_lr0_b2906_s_cb_mesh_base.vmesh_c	33368
maps/tatdemo1/worldnodes/node000_lr0_b2907_s_cb_mesh_base.vmesh_c	33906
maps/tatdemo1/worldnodes/node000_lr0_b2908_s_cb_mesh_base.vmesh_c	58148
maps/tatdemo1/worldnodes/node000_lr0_b2909_s_cb_mesh_base.vmesh_c	21514
maps/tatdemo1/worldnodes/node000_lr0_b2910_s_cb_mesh_base.vmesh_c	29270
maps/tatdemo1/worldnodes/node000_lr0_b2911_s_cb_mesh_base.vmesh_c	32840
maps/tatdemo1/worldnodes/node000_lr0_b2912_s_cb_mesh_base.vmesh_c	34736
maps/tatdemo1/worldnodes/node000_lr0_b2913_s_cb_mesh_base.vmesh_c	35444
maps/tatdemo1/worldnodes/node000_lr0_b2914_s_cb_mesh_base.vmesh_c	55052
maps/tatdemo1/worldnodes/node000_lr0_b2915_s_cb_mesh_base.vmesh_c	48740
maps/tatdemo1/worldnodes/node000_lr0_b2916_s_cb_mesh_base.vmesh_c	44382
maps/tatdemo1/worldnodes/node000_lr0_b2917_s_cb_mesh_base.vmesh_c	48752
maps/tatdemo1/worldnodes/node000_lr0_b2918_s_cb_mesh_base.vmesh_c	44572
maps/tatdemo1/worldnodes/node000_lr0_b2919_s_cb_mesh_base.vmesh_c	42440
maps/tatdemo1/worldnodes/node000_lr0_b2920_s_cb_mesh_base.vmesh_c	30032
maps/tatdemo1/worldnodes/node000_lr0_b2921_s_cb_mesh_base.vmesh_c	33344
maps/tatdemo1/worldnodes/node000_lr0_b2922_s_cb_mesh_base.vmesh_c	13156
maps/tatdemo1/worldnodes/node000_lr0_b2930_s_cb_mesh_base.vmesh_c	11202
maps/tatdemo1/worldnodes/node000_lr0_b2931_s_cb_mesh_base.vmesh_c	33054
maps/tatdemo1/worldnodes/node000_lr0_b2932_s_cb_mesh_base.vmesh_c	22550
maps/tatdemo1/worldnodes/node000_lr0_b2933_s_cb_mesh_base.vmesh_c	22808
maps/tatdemo1/worldnodes/node000_lr0_b2934_s_cb_mesh_base.vmesh_c	22856
maps/tatdemo1/worldnodes/node000_lr0_b2935_s_cb_mesh_base.vmesh_c	21722
maps/tatdemo1/worldnodes/node000_lr0_b2936_s_cb_mesh_base.vmesh_c	27800
maps/tatdemo1/worldnodes/node000_lr0_b2937_s_cb_mesh_base.vmesh_c	24732
maps/tatdemo1/worldnodes/node000_lr0_b2938_s_cb_mesh_base.vmesh_c	11284
maps/tatdemo1/worldnodes/node000_lr0_b2939_s_cb_mesh_base.vmesh_c	15590
maps/tatdemo1/worldnodes/node000_lr0_b2940_s_cb_mesh_base.vmesh_c	19856
maps/tatdemo1/worldnodes/node000_lr0_b2941_s_cb_mesh_base.vmesh_c	23786
maps/tatdemo1/worldnodes/node000_lr0_b2942_s_cb_mesh_base.vmesh_c	25682
maps/tatdemo1/worldnodes/node000_lr0_b2943_s_cb_mesh_base.vmesh_c	28468
maps/tatdemo1/worldnodes/node000_lr0_b2944_s_cb_mesh_base.vmesh_c	8624
maps/tatdemo1/worldnodes/node000_lr0_b2945_s_cb_mesh_base.vmesh_c	8576
maps/tatdemo1/worldnodes/node000_lr0_b2946_s_cb_mesh_base.vmesh_c	12504
maps/tatdemo1/worldnodes/node000_lr0_b2947_s_cb_mesh_base.vmesh_c	13176
maps/tatdemo1/worldnodes/node000_lr0_b2949_s_cb_mesh_base.vmesh_c	11604
maps/tatdemo1/worldnodes/node000_lr0_b2959_s_cb_mesh_base.vmesh_c	1872
maps/tatdemo1/worldnodes/node000_lr0_b2960_s_cb_mesh_base.vmesh_c	1788
maps/tatdemo1/worldnodes/node000_lr0_b2962_s_cb_mesh_base.vmesh_c	2704
maps/tatdemo1/worldnodes/node000_lr0_b2963_s_cb_mesh_base.vmesh_c	2716
maps/tatdemo1/worldnodes/node000_lr0_b2969_s_cb_mesh_base.vmesh_c	1746
maps/tatdemo1/worldnodes/node000_lr0_b2970_s_cb_mesh_base.vmesh_c	7396
maps/tatdemo1/worldnodes/node000_lr0_b2971_s_cb_mesh_base.vmesh_c	4594
maps/tatdemo1/worldnodes/node000_lr0_b3016_s_cb_mesh_base.vmesh_c	27742
maps/tatdemo1/worldnodes/node000_lr0_b3017_s_cb_mesh_base.vmesh_c	21404
maps/tatdemo1/worldnodes/node000_lr0_b3018_s_cb_mesh_base.vmesh_c	44350
maps/tatdemo1/worldnodes/node000_lr0_b3019_s_cb_mesh_base.vmesh_c	21796
maps/tatdemo1/worldnodes/node000_lr0_b3020_s_cb_mesh_base.vmesh_c	8512
maps/tatdemo1/worldnodes/node000_lr0_b3021_s_cb_mesh_base.vmesh_c	17872
maps/tatdemo1/worldnodes/node000_lr0_b3022_s_cb_mesh_base.vmesh_c	20188
maps/tatdemo1/worldnodes/node000_lr0_b3023_s_cb_mesh_base.vmesh_c	24670
maps/tatdemo1/worldnodes/node000_lr0_b3024_s_cb_mesh_base.vmesh_c	7562
maps/tatdemo1/worldnodes/node000_lr0_b3025_s_cb_mesh_base.vmesh_c	11090
maps/tatdemo1/worldnodes/node000_lr0_b3026_s_cb_mesh_base.vmesh_c	12438
maps/tatdemo1/worldnodes/node000_lr0_b3027_s_cb_mesh_base.vmesh_c	4656
maps/tatdemo1/worldnodes/node000_lr0_b3028_s_cb_mesh_base.vmesh_c	4656
maps/tatdemo1/worldnodes/node000_lr0_b3029_s_cb_mesh_base.vmesh_c	4912
maps/tatdemo1/worldnodes/node000_lr0_b3030_s_cb_mesh_base.vmesh_c	4656
maps/tatdemo1/worldnodes/node000_lr0_b3031_s_cb_mesh_base.vmesh_c	4656
maps/tatdemo1/worldnodes/node000_lr0_b3032_s_cb_mesh_base.vmesh_c	4656
maps/tatdemo1/worldnodes/node000_lr0_b3033_s_cb_mesh_base.vmesh_c	4656
maps/tatdemo1/worldnodes/node000_lr0_b3034_s_cb_mesh_base.vmesh_c	4656
maps/tatdemo1/worldnodes/node000_lr0_b3035_s_cb_mesh_base.vmesh_c	4656
maps/tatdemo1/worldnodes/node000_lr0_b3036_s_cb_mesh_base.vmesh_c	4656
maps/tatdemo1/worldnodes/node000_lr0_b3037_s_cb_mesh_base.vmesh_c	4656
maps/tatdemo1/worldnodes/node000_lr0_b3038_s_cb_mesh_base.vmesh_c	6922
maps/tatdemo1/worldnodes/node000_lr0_b3039_s_cb_mesh_base.vmesh_c	4656
maps/tatdemo1/worldnodes/node000_lr0_b3040_s_cb_mesh_base.vmesh_c	4656
maps/tatdemo1/worldnodes/node000_lr0_b3041_s_cb_mesh_base.vmesh_c	4656
maps/tatdemo1/worldnodes/node000_lr0_b3042_s_cb_mesh_base.vmesh_c	4656
maps/tatdemo1/worldnodes/node000_lr0_b3043_s_cb_mesh_base.vmesh_c	4116
maps/tatdemo1/worldnodes/node000_lr0_b3045_s_cb_mesh_base.vmesh_c	26392
maps/tatdemo1/worldnodes/node000_lr0_b3047_s_cb_mesh_base.vmesh_c	7282
maps/tatdemo1/worldnodes/node000_lr0_b3048_s_cb_mesh_base.vmesh_c	7858
maps/tatdemo1/worldnodes/node000_lr0_b3052_s_cb_mesh_base.vmesh_c	25216
maps/tatdemo1/worldnodes/node000_lr0_b3053_s_cb_mesh_base.vmesh_c	14468
maps/tatdemo1/worldnodes/node000_lr0_b3054_s_cb_mesh_base.vmesh_c	3074
maps/tatdemo1/worldnodes/node000_lr0_b3055_s_cb_mesh_base.vmesh_c	20214
maps/tatdemo1/worldnodes/node000_lr0_b3056_s_cb_mesh_base.vmesh_c	15834
maps/tatdemo1/worldnodes/node000_lr0_b3057_s_cb_mesh_base.vmesh_c	12972
maps/tatdemo1/worldnodes/node000_lr0_b3058_s_cb_mesh_base.vmesh_c	17066
maps/tatdemo1/worldnodes/node000_lr0_b3059_s_cb_mesh_base.vmesh_c	15108
maps/tatdemo1/worldnodes/node000_lr0_b3060_s_cb_mesh_base.vmesh_c	15108
maps/tatdemo1/worldnodes/node000_lr0_b3061_s_cb_mesh_base.vmesh_c	15108
maps/tatdemo1/worldnodes/node000_lr0_b3062_s_cb_mesh_base.vmesh_c	15108
maps/tatdemo1/worldnodes/node000_lr0_b3063_s_cb_mesh_base.vmesh_c	15108
maps/tatdemo1/worldnodes/node000_lr0_b3064_s_cb_mesh_base.vmesh_c	15108
maps/tatdemo1/worldnodes/node000_lr0_b3065_s_cb_mesh_base.vmesh_c	15108
maps/tatdemo1/worldnodes/node000_lr0_b3066_s_cb_mesh_base.vmesh_c	15108
maps/tatdemo1/worldnodes/node000_lr0_b3067_s_cb_mesh_base.vmesh_c	24286
maps/tatdemo1/worldnodes/node000_lr0_b3068_s_cb_mesh_base.vmesh_c	15108
maps/tatdemo1/worldnodes/node000_lr0_b3069_s_cb_mesh_base.vmesh_c	15108
maps/tatdemo1/worldnodes/node000_lr0_b3070_s_cb_mesh_base.vmesh_c	15108
maps/tatdemo1/worldnodes/node000_lr0_b3071_s_cb_mesh_base.vmesh_c	15108
maps/tatdemo1/worldnodes/node000_lr0_b3072_s_cb_mesh_base.vmesh_c	12696
maps/tatdemo1/worldnodes/node000_lr0_b3074_s_cb_mesh_base.vmesh_c	27676
maps/tatdemo1/worldnodes/node000_lr0_b3075_s_cb_mesh_base.vmesh_c	3340
maps/tatdemo1/worldnodes/node000_lr0_b3078_s_cb_mesh_base.vmesh_c	3700
maps/tatdemo1/worldnodes/node000_lr0_b3081_s_cb_mesh_base.vmesh_c	24568
maps/tatdemo1/worldnodes/node000_lr0_b3082_s_cb_mesh_base.vmesh_c	7112
maps/tatdemo1/worldnodes/node000_lr0_b3084_s_cb_mesh_base.vmesh_c	12492
maps/tatdemo1/worldnodes/node000_lr0_b3085_s_cb_mesh_base.vmesh_c	8588
maps/tatdemo1/worldnodes/node000_lr0_b3086_s_cb_mesh_base.vmesh_c	1976
maps/tatdemo1/worldnodes/node000_lr0_b3087_s_cb_mesh_base.vmesh_c	14102
maps/tatdemo1/worldnodes/node000_lr0_b3088_s_cb_mesh_base.vmesh_c	15108
maps/tatdemo1/worldnodes/node000_lr0_b3089_s_cb_mesh_base.vmesh_c	15108
maps/tatdemo1/worldnodes/node000_lr0_b3090_s_cb_mesh_base.vmesh_c	15108
maps/tatdemo1/worldnodes/node000_lr0_b3091_s_cb_mesh_base.vmesh_c	15108
maps/tatdemo1/worldnodes/node000_lr0_b3092_s_cb_mesh_base.vmesh_c	18688
maps/tatdemo1/worldnodes/node000_lr0_b3093_s_cb_mesh_base.vmesh_c	26266
maps/tatdemo1/worldnodes/node000_lr0_b3094_s_cb_mesh_base.vmesh_c	15108
maps/tatdemo1/worldnodes/node000_lr0_b3095_s_cb_mesh_base.vmesh_c	15108
maps/tatdemo1/worldnodes/node000_lr0_b3096_s_cb_mesh_base.vmesh_c	24232
maps/tatdemo1/worldnodes/node000_lr0_b3097_s_cb_mesh_base.vmesh_c	15108
maps/tatdemo1/worldnodes/node000_lr0_b3098_s_cb_mesh_base.vmesh_c	15108
maps/tatdemo1/worldnodes/node000_lr0_b3099_s_cb_mesh_base.vmesh_c	15108
maps/tatdemo1/worldnodes/node000_lr0_b3100_s_cb_mesh_base.vmesh_c	15108
maps/tatdemo1/worldnodes/node000_lr0_b3101_s_cb_mesh_base.vmesh_c	12696
maps/tatdemo1/worldnodes/node000_lr0_b3103_s_cb_mesh_base.vmesh_c	22144
maps/tatdemo1/worldnodes/node000_lr0_b3106_s_cb_mesh_base.vmesh_c	4198
maps/tatdemo1/worldnodes/node000_lr0_b3107_s_cb_mesh_base.vmesh_c	11728
maps/tatdemo1/worldnodes/node000_lr0_b3110_s_cb_mesh_base.vmesh_c	15148
maps/tatdemo1/worldnodes/node000_lr0_b3111_s_cb_mesh_base.vmesh_c	9020
maps/tatdemo1/worldnodes/node000_lr0_b3112_s_cb_mesh_base.vmesh_c	2924
maps/tatdemo1/worldnodes/node000_lr0_b3113_s_cb_mesh_base.vmesh_c	9186
maps/tatdemo1/worldnodes/node000_lr0_b3114_s_cb_mesh_base.vmesh_c	17418
maps/tatdemo1/worldnodes/node000_lr0_b3115_s_cb_mesh_base.vmesh_c	14136
maps/tatdemo1/worldnodes/node000_lr0_b3116_s_cb_mesh_base.vmesh_c	18152
maps/tatdemo1/worldnodes/node000_lr0_b3117_s_cb_mesh_base.vmesh_c	15526
maps/tatdemo1/worldnodes/node000_lr0_b3118_s_cb_mesh_base.vmesh_c	15622
maps/tatdemo1/worldnodes/node000_lr0_b3119_s_cb_mesh_base.vmesh_c	15108
maps/tatdemo1/worldnodes/node000_lr0_b3120_s_cb_mesh_base.vmesh_c	21694
maps/tatdemo1/worldnodes/node000_lr0_b3121_s_cb_mesh_base.vmesh_c	28792
maps/tatdemo1/worldnodes/node000_lr0_b3122_s_cb_mesh_base.vmesh_c	28624
maps/tatdemo1/worldnodes/node000_lr0_b3123_s_cb_mesh_base.vmesh_c	26308
maps/tatdemo1/worldnodes/node000_lr0_b3124_s_cb_mesh_base.vmesh_c	15252
maps/tatdemo1/worldnodes/node000_lr0_b3125_s_cb_mesh_base.vmesh_c	29674
maps/tatdemo1/worldnodes/node000_lr0_b3126_s_cb_mesh_base.vmesh_c	25228
maps/tatdemo1/worldnodes/node000_lr0_b3127_s_cb_mesh_base.vmesh_c	25372
maps/tatdemo1/worldnodes/node000_lr0_b3128_s_cb_mesh_base.vmesh_c	25300
maps/tatdemo1/worldnodes/node000_lr0_b3129_s_cb_mesh_base.vmesh_c	25300
maps/tatdemo1/worldnodes/node000_lr0_b3130_s_cb_mesh_base.vmesh_c	20992
maps/tatdemo1/worldnodes/node000_lr0_b3132_s_cb_mesh_base.vmesh_c	16288
maps/tatdemo1/worldnodes/node000_lr0_b3135_s_cb_mesh_base.vmesh_c	5950
maps/tatdemo1/worldnodes/node000_lr0_b3136_s_cb_mesh_base.vmesh_c	2650
maps/tatdemo1/worldnodes/node000_lr0_b3139_s_cb_mesh_base.vmesh_c	20920
maps/tatdemo1/worldnodes/node000_lr0_b3140_s_cb_mesh_base.vmesh_c	7966
maps/tatdemo1/worldnodes/node000_lr0_b3141_s_cb_mesh_base.vmesh_c	8968
maps/tatdemo1/worldnodes/node000_lr0_b3142_s_cb_mesh_base.vmesh_c	10170
maps/tatdemo1/worldnodes/node000_lr0_b3143_s_cb_mesh_base.vmesh_c	6852
maps/tatdemo1/worldnodes/node000_lr0_b3145_s_cb_mesh_base.vmesh_c	12836
maps/tatdemo1/worldnodes/node000_lr0_b3146_s_cb_mesh_base.vmesh_c	10366
maps/tatdemo1/worldnodes/node000_lr0_b3147_s_cb_mesh_base.vmesh_c	5422
maps/tatdemo1/worldnodes/node000_lr0_b3148_s_cb_mesh_base.vmesh_c	15504
maps/tatdemo1/worldnodes/node000_lr0_b3149_s_cb_mesh_base.vmesh_c	25504
maps/tatdemo1/worldnodes/node000_lr0_b3150_s_cb_mesh_base.vmesh_c	15108
maps/tatdemo1/worldnodes/node000_lr0_b3151_s_cb_mesh_base.vmesh_c	15108
maps/tatdemo1/worldnodes/node000_lr0_b3152_s_cb_mesh_base.vmesh_c	23884
maps/tatdemo1/worldnodes/node000_lr0_b3153_s_cb_mesh_base.vmesh_c	20800
maps/tatdemo1/worldnodes/node000_lr0_b3154_s_cb_mesh_base.vmesh_c	15544
maps/tatdemo1/worldnodes/node000_lr0_b3155_s_cb_mesh_base.vmesh_c	15816
maps/tatdemo1/worldnodes/node000_lr0_b3156_s_cb_mesh_base.vmesh_c	16884
maps/tatdemo1/worldnodes/node000_lr0_b3157_s_cb_mesh_base.vmesh_c	13870
maps/tatdemo1/worldnodes/node000_lr0_b3158_s_cb_mesh_base.vmesh_c	16626
maps/tatdemo1/worldnodes/node000_lr0_b3159_s_cb_mesh_base.vmesh_c	13296
maps/tatdemo1/worldnodes/node000_lr0_b3161_s_cb_mesh_base.vmesh_c	3088
maps/tatdemo1/worldnodes/node000_lr0_b3168_s_cb_mesh_base.vmesh_c	20824
maps/tatdemo1/worldnodes/node000_lr0_b3169_s_cb_mesh_base.vmesh_c	3928
maps/tatdemo1/worldnodes/node000_lr0_b3171_s_cb_mesh_base.vmesh_c	3928
maps/tatdemo1/worldnodes/node000_lr0_b3172_s_cb_mesh_base.vmesh_c	12290
maps/tatdemo1/worldnodes/node000_lr0_b3173_s_cb_mesh_base.vmesh_c	11672
maps/tatdemo1/worldnodes/node000_lr0_b3174_s_cb_mesh_base.vmesh_c	20322
maps/tatdemo1/worldnodes/node000_lr0_b3175_s_cb_mesh_base.vmesh_c	7972
maps/tatdemo1/worldnodes/node000_lr0_b3177_s_cb_mesh_base.vmesh_c	13786
maps/tatdemo1/worldnodes/node000_lr0_b3178_s_cb_mesh_base.vmesh_c	31450
maps/tatdemo1/worldnodes/node000_lr0_b3179_s_cb_mesh_base.vmesh_c	30370
maps/tatdemo1/worldnodes/node000_lr0_b3180_s_cb_mesh_base.vmesh_c	17776
maps/tatdemo1/worldnodes/node000_lr0_b3181_s_cb_mesh_base.vmesh_c	42624
maps/tatdemo1/worldnodes/node000_lr0_b3182_s_cb_mesh_base.vmesh_c	21252
maps/tatdemo1/worldnodes/node000_lr0_b3183_s_cb_mesh_base.vmesh_c	15760
maps/tatdemo1/worldnodes/node000_lr0_b3184_s_cb_mesh_base.vmesh_c	16020
maps/tatdemo1/worldnodes/node000_lr0_b3185_s_cb_mesh_base.vmesh_c	15438
maps/tatdemo1/worldnodes/node000_lr0_b3187_s_cb_mesh_base.vmesh_c	5916
maps/tatdemo1/worldnodes/node000_lr0_b3188_s_cb_mesh_base.vmesh_c	13750
maps/tatdemo1/worldnodes/node000_lr0_b3190_s_cb_mesh_base.vmesh_c	6856
maps/tatdemo1/worldnodes/node000_lr0_b3197_s_cb_mesh_base.vmesh_c	20740
maps/tatdemo1/worldnodes/node000_lr0_b3198_s_cb_mesh_base.vmesh_c	11020
maps/tatdemo1/worldnodes/node000_lr0_b3199_s_cb_mesh_base.vmesh_c	3928
maps/tatdemo1/worldnodes/node000_lr0_b3200_s_cb_mesh_base.vmesh_c	13078
maps/tatdemo1/worldnodes/node000_lr0_b3201_s_cb_mesh_base.vmesh_c	4320
maps/tatdemo1/worldnodes/node000_lr0_b3202_s_cb_mesh_base.vmesh_c	11664
maps/tatdemo1/worldnodes/node000_lr0_b3203_s_cb_mesh_base.vmesh_c	7284
maps/tatdemo1/worldnodes/node000_lr0_b3204_s_cb_mesh_base.vmesh_c	18186
maps/tatdemo1/worldnodes/node000_lr0_b3205_s_cb_mesh_base.vmesh_c	15142
maps/tatdemo1/worldnodes/node000_lr0_b3206_s_cb_mesh_base.vmesh_c	16390
maps/tatdemo1/worldnodes/node000_lr0_b3207_s_cb_mesh_base.vmesh_c	14044
maps/tatdemo1/worldnodes/node000_lr0_b3208_s_cb_mesh_base.vmesh_c	35890
maps/tatdemo1/worldnodes/node000_lr0_b3209_s_cb_mesh_base.vmesh_c	25768
maps/tatdemo1/worldnodes/node000_lr0_b3210_s_cb_mesh_base.vmesh_c	35970
maps/tatdemo1/worldnodes/node000_lr0_b3211_s_cb_mesh_base.vmesh_c	16750
maps/tatdemo1/worldnodes/node000_lr0_b3212_s_cb_mesh_base.vmesh_c	16696
maps/tatdemo1/worldnodes/node000_lr0_b3213_s_cb_mesh_base.vmesh_c	16750
maps/tatdemo1/worldnodes/node000_lr0_b3214_s_cb_mesh_base.vmesh_c	16650
maps/tatdemo1/worldnodes/node000_lr0_b3217_s_cb_mesh_base.vmesh_c	6448
maps/tatdemo1/worldnodes/node000_lr0_b3219_s_cb_mesh_base.vmesh_c	26302
maps/tatdemo1/worldnodes/node000_lr0_b3220_s_cb_mesh_base.vmesh_c	5638
maps/tatdemo1/worldnodes/node000_lr0_b3221_s_cb_mesh_base.vmesh_c	6712
maps/tatdemo1/worldnodes/node000_lr0_b3222_s_cb_mesh_base.vmesh_c	4912
maps/tatdemo1/worldnodes/node000_lr0_b3223_s_cb_mesh_base.vmesh_c	16312
maps/tatdemo1/worldnodes/node000_lr0_b3224_s_cb_mesh_base.vmesh_c	20740
maps/tatdemo1/worldnodes/node000_lr0_b3225_s_cb_mesh_base.vmesh_c	23692
maps/tatdemo1/worldnodes/node000_lr0_b3226_s_cb_mesh_base.vmesh_c	25894
maps/tatdemo1/worldnodes/node000_lr0_b3233_s_cb_mesh_base.vmesh_c	5922
maps/tatdemo1/worldnodes/node000_lr0_b3234_s_cb_mesh_base.vmesh_c	10284
maps/tatdemo1/worldnodes/node000_lr0_b3235_s_cb_mesh_base.vmesh_c	9350
maps/tatdemo1/worldnodes/node000_lr0_b3237_s_cb_mesh_base.vmesh_c	12988
maps/tatdemo1/worldnodes/node000_lr0_b3238_s_cb_mesh_base.vmesh_c	15610
maps/tatdemo1/worldnodes/node000_lr0_b3239_s_cb_mesh_base.vmesh_c	41904
maps/tatdemo1/worldnodes/node000_lr0_b3240_s_cb_mesh_base.vmesh_c	16714
maps/tatdemo1/worldnodes/node000_lr0_b3241_s_cb_mesh_base.vmesh_c	16750
maps/tatdemo1/worldnodes/node000_lr0_b3242_s_cb_mesh_base.vmesh_c	16750
maps/tatdemo1/worldnodes/node000_lr0_b3243_s_cb_mesh_base.vmesh_c	16896
maps/tatdemo1/worldnodes/node000_lr0_b3244_s_cb_mesh_base.vmesh_c	5148
maps/tatdemo1/worldnodes/node000_lr0_b3245_s_cb_mesh_base.vmesh_c	5688
maps/tatdemo1/worldnodes/node000_lr0_b3246_s_cb_mesh_base.vmesh_c	13936
maps/tatdemo1/worldnodes/node000_lr0_b3248_s_cb_mesh_base.vmesh_c	4028
maps/tatdemo1/worldnodes/node000_lr0_b3249_s_cb_mesh_base.vmesh_c	10722
maps/tatdemo1/worldnodes/node000_lr0_b3250_s_cb_mesh_base.vmesh_c	17020
maps/tatdemo1/worldnodes/node000_lr0_b3251_s_cb_mesh_base.vmesh_c	29264
maps/tatdemo1/worldnodes/node000_lr0_b3252_s_cb_mesh_base.vmesh_c	24068
maps/tatdemo1/worldnodes/node000_lr0_b3253_s_cb_mesh_base.vmesh_c	19308
maps/tatdemo1/worldnodes/node000_lr0_b3254_s_cb_mesh_base.vmesh_c	14762
maps/tatdemo1/worldnodes/node000_lr0_b3255_s_cb_mesh_base.vmesh_c	6092
maps/tatdemo1/worldnodes/node000_lr0_b3258_s_cb_mesh_base.vmesh_c	3086
maps/tatdemo1/worldnodes/node000_lr0_b3259_s_cb_mesh_base.vmesh_c	2654
maps/tatdemo1/worldnodes/node000_lr0_b3267_s_cb_mesh_base.vmesh_c	5002
maps/tatdemo1/worldnodes/node000_lr0_b3268_s_cb_mesh_base.vmesh_c	37200
maps/tatdemo1/worldnodes/node000_lr0_b3269_s_cb_mesh_base.vmesh_c	16750
maps/tatdemo1/worldnodes/node000_lr0_b3270_s_cb_mesh_base.vmesh_c	16750
maps/tatdemo1/worldnodes/node000_lr0_b3271_s_cb_mesh_base.vmesh_c	16734
maps/tatdemo1/worldnodes/node000_lr0_b3272_s_cb_mesh_base.vmesh_c	16038
maps/tatdemo1/worldnodes/node000_lr0_b3273_s_cb_mesh_base.vmesh_c	15414
maps/tatdemo1/worldnodes/node000_lr0_b3274_s_cb_mesh_base.vmesh_c	15850
maps/tatdemo1/worldnodes/node000_lr0_b3275_s_cb_mesh_base.vmesh_c	12712
maps/tatdemo1/worldnodes/node000_lr0_b3277_s_cb_mesh_base.vmesh_c	11916
maps/tatdemo1/worldnodes/node000_lr0_b3278_s_cb_mesh_base.vmesh_c	37272
maps/tatdemo1/worldnodes/node000_lr0_b3279_s_cb_mesh_base.vmesh_c	8052
maps/tatdemo1/worldnodes/node000_lr0_b3280_s_cb_mesh_base.vmesh_c	15220
maps/tatdemo1/worldnodes/node000_lr0_b3281_s_cb_mesh_base.vmesh_c	17440
maps/tatdemo1/worldnodes/node000_lr0_b3282_s_cb_mesh_base.vmesh_c	34794
maps/tatdemo1/worldnodes/node000_lr0_b3283_s_cb_mesh_base.vmesh_c	21464
maps/tatdemo1/worldnodes/node000_lr0_b3284_s_cb_mesh_base.vmesh_c	8228
maps/tatdemo1/worldnodes/node000_lr0_b3287_s_cb_mesh_base.vmesh_c	24846
maps/tatdemo1/worldnodes/node000_lr0_b3288_s_cb_mesh_base.vmesh_c	6288
maps/tatdemo1/worldnodes/node000_lr0_b3296_s_cb_mesh_base.vmesh_c	1992
maps/tatdemo1/worldnodes/node000_lr0_b3297_s_cb_mesh_base.vmesh_c	22008
maps/tatdemo1/worldnodes/node000_lr0_b3298_s_cb_mesh_base.vmesh_c	25116
maps/tatdemo1/worldnodes/node000_lr0_b3299_s_cb_mesh_base.vmesh_c	27322
maps/tatdemo1/worldnodes/node000_lr0_b3300_s_cb_mesh_base.vmesh_c	17270
maps/tatdemo1/worldnodes/node000_lr0_b3301_s_cb_mesh_base.vmesh_c	15318
maps/tatdemo1/worldnodes/node000_lr0_b3302_s_cb_mesh_base.vmesh_c	15108
maps/tatdemo1/worldnodes/node000_lr0_b3303_s_cb_mesh_base.vmesh_c	15108
maps/tatdemo1/worldnodes/node000_lr0_b3304_s_cb_mesh_base.vmesh_c	12696
maps/tatdemo1/worldnodes/node000_lr0_b3306_s_cb_mesh_base.vmesh_c	11806
maps/tatdemo1/worldnodes/node000_lr0_b3307_s_cb_mesh_base.vmesh_c	36492
maps/tatdemo1/worldnodes/node000_lr0_b3308_s_cb_mesh_base.vmesh_c	1886
maps/tatdemo1/worldnodes/node000_lr0_b3311_s_cb_mesh_base.vmesh_c	21588
maps/tatdemo1/worldnodes/node000_lr0_b3312_s_cb_mesh_base.vmesh_c	26044
maps/tatdemo1/worldnodes/node000_lr0_b3313_s_cb_mesh_base.vmesh_c	13350
maps/tatdemo1/worldnodes/node000_lr0_b3315_s_cb_mesh_base.vmesh_c	2336
maps/tatdemo1/worldnodes/node000_lr0_b3316_s_cb_mesh_base.vmesh_c	8864
maps/tatdemo1/worldnodes/node000_lr0_b3317_s_cb_mesh_base.vmesh_c	15922
maps/tatdemo1/worldnodes/node000_lr0_b3318_s_cb_mesh_base.vmesh_c	4722
maps/tatdemo1/worldnodes/node000_lr0_b3319_s_cb_mesh_base.vmesh_c	7500
maps/tatdemo1/worldnodes/node000_lr0_b3326_s_cb_mesh_base.vmesh_c	15010
maps/tatdemo1/worldnodes/node000_lr0_b3327_s_cb_mesh_base.vmesh_c	45352
maps/tatdemo1/worldnodes/node000_lr0_b3328_s_cb_mesh_base.vmesh_c	8290
maps/tatdemo1/worldnodes/node000_lr0_b3329_s_cb_mesh_base.vmesh_c	3652
maps/tatdemo1/worldnodes/node000_lr0_b3330_s_cb_mesh_base.vmesh_c	14476
maps/tatdemo1/worldnodes/node000_lr0_b3331_s_cb_mesh_base.vmesh_c	15216
maps/tatdemo1/worldnodes/node000_lr0_b3332_s_cb_mesh_base.vmesh_c	15108
maps/tatdemo1/worldnodes/node000_lr0_b3333_s_cb_mesh_base.vmesh_c	12712
maps/tatdemo1/worldnodes/node000_lr0_b3335_s_cb_mesh_base.vmesh_c	18838
maps/tatdemo1/worldnodes/node000_lr0_b3336_s_cb_mesh_base.vmesh_c	28224
maps/tatdemo1/worldnodes/node000_lr0_b3337_s_cb_mesh_base.vmesh_c	1808
maps/tatdemo1/worldnodes/node000_lr0_b3340_s_cb_mesh_base.vmesh_c	16416
maps/tatdemo1/worldnodes/node000_lr0_b3341_s_cb_mesh_base.vmesh_c	25306
maps/tatdemo1/worldnodes/node000_lr0_b3342_s_cb_mesh_base.vmesh_c	16244
maps/tatdemo1/worldnodes/node000_lr0_b3343_s_cb_mesh_base.vmesh_c	3288
maps/tatdemo1/worldnodes/node000_lr0_b3345_s_cb_mesh_base.vmesh_c	14232
maps/tatdemo1/worldnodes/node000_lr0_b3346_s_cb_mesh_base.vmesh_c	18718
maps/tatdemo1/worldnodes/node000_lr0_b3347_s_cb_mesh_base.vmesh_c	10470
maps/tatdemo1/worldnodes/node000_lr0_b3356_s_cb_mesh_base.vmesh_c	31882
maps/tatdemo1/worldnodes/node000_lr0_b3357_s_cb_mesh_base.vmesh_c	8158
maps/tatdemo1/worldnodes/node000_lr0_b3358_s_cb_mesh_base.vmesh_c	4780
maps/tatdemo1/worldnodes/node000_lr0_b3359_s_cb_mesh_base.vmesh_c	14206
maps/tatdemo1/worldnodes/node000_lr0_b3360_s_cb_mesh_base.vmesh_c	15400
maps/tatdemo1/worldnodes/node000_lr0_b3361_s_cb_mesh_base.vmesh_c	15108
maps/tatdemo1/worldnodes/node000_lr0_b3362_s_cb_mesh_base.vmesh_c	12712
maps/tatdemo1/worldnodes/node000_lr0_b3364_s_cb_mesh_base.vmesh_c	11396
maps/tatdemo1/worldnodes/node000_lr0_b3365_s_cb_mesh_base.vmesh_c	34230
maps/tatdemo1/worldnodes/node000_lr0_b3366_s_cb_mesh_base.vmesh_c	16236
maps/tatdemo1/worldnodes/node000_lr0_b3367_s_cb_mesh_base.vmesh_c	1954
maps/tatdemo1/worldnodes/node000_lr0_b3368_s_cb_mesh_base.vmesh_c	3378
maps/tatdemo1/worldnodes/node000_lr0_b3369_s_cb_mesh_base.vmesh_c	29370
maps/tatdemo1/worldnodes/node000_lr0_b3370_s_cb_mesh_base.vmesh_c	25330
maps/tatdemo1/worldnodes/node000_lr0_b3371_s_cb_mesh_base.vmesh_c	12722
maps/tatdemo1/worldnodes/node000_lr0_b3374_s_cb_mesh_base.vmesh_c	13848
maps/tatdemo1/worldnodes/node000_lr0_b3375_s_cb_mesh_base.vmesh_c	13626
maps/tatdemo1/worldnodes/node000_lr0_b3381_s_cb_mesh_base.vmesh_c	2988
maps/tatdemo1/worldnodes/node000_lr0_b3382_s_cb_mesh_base.vmesh_c	26042
maps/tatdemo1/worldnodes/node000_lr0_b3383_s_cb_mesh_base.vmesh_c	54266
maps/tatdemo1/worldnodes/node000_lr0_b3384_s_cb_mesh_base.vmesh_c	50238
maps/tatdemo1/worldnodes/node000_lr0_b3385_s_cb_mesh_base.vmesh_c	43252
maps/tatdemo1/worldnodes/node000_lr0_b3386_s_cb_mesh_base.vmesh_c	20778
maps/tatdemo1/worldnodes/node000_lr0_b3387_s_cb_mesh_base.vmesh_c	16512
maps/tatdemo1/worldnodes/node000_lr0_b3388_s_cb_mesh_base.vmesh_c	17032
maps/tatdemo1/worldnodes/node000_lr0_b3389_s_cb_mesh_base.vmesh_c	18178
maps/tatdemo1/worldnodes/node000_lr0_b3390_s_cb_mesh_base.vmesh_c	16300
maps/tatdemo1/worldnodes/node000_lr0_b3391_s_cb_mesh_base.vmesh_c	19634
maps/tatdemo1/worldnodes/node000_lr0_b3393_s_cb_mesh_base.vmesh_c	11104
maps/tatdemo1/worldnodes/node000_lr0_b3394_s_cb_mesh_base.vmesh_c	20848
maps/tatdemo1/worldnodes/node000_lr0_b3395_s_cb_mesh_base.vmesh_c	34554
maps/tatdemo1/worldnodes/node000_lr0_b3396_s_cb_mesh_base.vmesh_c	33480
maps/tatdemo1/worldnodes/node000_lr0_b3397_s_cb_mesh_base.vmesh_c	32238
maps/tatdemo1/worldnodes/node000_lr0_b3398_s_cb_mesh_base.vmesh_c	33136
maps/tatdemo1/worldnodes/node000_lr0_b3399_s_cb_mesh_base.vmesh_c	15640
maps/tatdemo1/worldnodes/node000_lr0_b3400_s_cb_mesh_base.vmesh_c	8582
maps/tatdemo1/worldnodes/node000_lr0_b3410_s_cb_mesh_base.vmesh_c	20050
maps/tatdemo1/worldnodes/node000_lr0_b3411_s_cb_mesh_base.vmesh_c	7840
maps/tatdemo1/worldnodes/node000_lr0_b3413_s_cb_mesh_base.vmesh_c	5632
maps/tatdemo1/worldnodes/node000_lr0_b3414_s_cb_mesh_base.vmesh_c	21928
maps/tatdemo1/worldnodes/node000_lr0_b3415_s_cb_mesh_base.vmesh_c	16272
maps/tatdemo1/worldnodes/node000_lr0_b3416_s_cb_mesh_base.vmesh_c	3876
maps/tatdemo1/worldnodes/node000_lr0_b3418_s_cb_mesh_base.vmesh_c	2340
maps/tatdemo1/worldnodes/node000_lr0_b3419_s_cb_mesh_base.vmesh_c	14530
maps/tatdemo1/worldnodes/node000_lr0_b3420_s_cb_mesh_base.vmesh_c	15106
maps/tatdemo1/worldnodes/node000_lr0_b3422_s_cb_mesh_base.vmesh_c	11104
maps/tatdemo1/worldnodes/node000_lr0_b3423_s_cb_mesh_base.vmesh_c	15108
maps/tatdemo1/worldnodes/node000_lr0_b3424_s_cb_mesh_base.vmesh_c	15712
maps/tatdemo1/worldnodes/node000_lr0_b3425_s_cb_mesh_base.vmesh_c	16552
maps/tatdemo1/worldnodes/node000_lr0_b3426_s_cb_mesh_base.vmesh_c	21196
maps/tatdemo1/worldnodes/node000_lr0_b3427_s_cb_mesh_base.vmesh_c	15676
maps/tatdemo1/worldnodes/node000_lr0_b3428_s_cb_mesh_base.vmesh_c	15108
maps/tatdemo1/worldnodes/node000_lr0_b3429_s_cb_mesh_base.vmesh_c	5720
maps/tatdemo1/worldnodes/node000_lr0_b3439_s_cb_mesh_base.vmesh_c	38776
maps/tatdemo1/worldnodes/node000_lr0_b3440_s_cb_mesh_base.vmesh_c	6760
maps/tatdemo1/worldnodes/node000_lr0_b3442_s_cb_mesh_base.vmesh_c	9298
maps/tatdemo1/worldnodes/node000_lr0_b3443_s_cb_mesh_base.vmesh_c	15108
maps/tatdemo1/worldnodes/node000_lr0_b3444_s_cb_mesh_base.vmesh_c	14880
maps/tatdemo1/worldnodes/node000_lr0_b3448_s_cb_mesh_base.vmesh_c	7924
maps/tatdemo1/worldnodes/node000_lr0_b3449_s_cb_mesh_base.vmesh_c	18364
maps/tatdemo1/worldnodes/node000_lr0_b3451_s_cb_mesh_base.vmesh_c	11088
maps/tatdemo1/worldnodes/node000_lr0_b3452_s_cb_mesh_base.vmesh_c	15108
maps/tatdemo1/worldnodes/node000_lr0_b3453_s_cb_mesh_base.vmesh_c	15108
maps/tatdemo1/worldnodes/node000_lr0_b3454_s_cb_mesh_base.vmesh_c	15108
maps/tatdemo1/worldnodes/node000_lr0_b3455_s_cb_mesh_base.vmesh_c	15108
maps/tatdemo1/worldnodes/node000_lr0_b3456_s_cb_mesh_base.vmesh_c	15108
maps/tatdemo1/worldnodes/node000_lr0_b3457_s_cb_mesh_base.vmesh_c	15752
maps/tatdemo1/worldnodes/node000_lr0_b3458_s_cb_mesh_base.vmesh_c	6122
maps/tatdemo1/worldnodes/node000_lr0_b3467_s_cb_mesh_base.vmesh_c	2316
maps/tatdemo1/worldnodes/node000_lr0_b3468_s_cb_mesh_base.vmesh_c	44422
maps/tatdemo1/worldnodes/node000_lr0_b3469_s_cb_mesh_base.vmesh_c	9568
maps/tatdemo1/worldnodes/node000_lr0_b3471_s_cb_mesh_base.vmesh_c	8872
maps/tatdemo1/worldnodes/node000_lr0_b3472_s_cb_mesh_base.vmesh_c	16192
maps/tatdemo1/worldnodes/node000_lr0_b3473_s_cb_mesh_base.vmesh_c	16428
maps/tatdemo1/worldnodes/node000_lr0_b3477_s_cb_mesh_base.vmesh_c	2346
maps/tatdemo1/worldnodes/node000_lr0_b3478_s_cb_mesh_base.vmesh_c	19696
maps/tatdemo1/worldnodes/node000_lr0_b3480_s_cb_mesh_base.vmesh_c	11088
maps/tatdemo1/worldnodes/node000_lr0_b3481_s_cb_mesh_base.vmesh_c	16520
maps/tatdemo1/worldnodes/node000_lr0_b3482_s_cb_mesh_base.vmesh_c	18138
maps/tatdemo1/worldnodes/node000_lr0_b3483_s_cb_mesh_base.vmesh_c	16674
maps/tatdemo1/worldnodes/node000_lr0_b3484_s_cb_mesh_base.vmesh_c	16578
maps/tatdemo1/worldnodes/node000_lr0_b3485_s_cb_mesh_base.vmesh_c	16476
maps/tatdemo1/worldnodes/node000_lr0_b3486_s_cb_mesh_base.vmesh_c	17916
maps/tatdemo1/worldnodes/node000_lr0_b3487_s_cb_mesh_base.vmesh_c	5016
maps/tatdemo1/worldnodes/node000_lr0_b3490_s_cb_mesh_base.vmesh_c	3178
maps/tatdemo1/worldnodes/node000_lr0_b3491_s_cb_mesh_base.vmesh_c	3208
maps/tatdemo1/worldnodes/node000_lr0_b3492_s_cb_mesh_base.vmesh_c	3208
maps/tatdemo1/worldnodes/node000_lr0_b3493_s_cb_mesh_base.vmesh_c	55644
maps/tatdemo1/worldnodes/node000_lr0_b3494_s_cb_mesh_base.vmesh_c	114564
maps/tatdemo1/worldnodes/node000_lr0_b3495_s_cb_mesh_base.vmesh_c	114912
maps/tatdemo1/worldnodes/node000_lr0_b3497_s_cb_mesh_base.vmesh_c	16750
maps/tatdemo1/worldnodes/node000_lr0_b3498_s_cb_mesh_base.vmesh_c	113562
maps/tatdemo1/worldnodes/node000_lr0_b3499_s_cb_mesh_base.vmesh_c	43358
maps/tatdemo1/worldnodes/node000_lr0_b3500_s_cb_mesh_base.vmesh_c	49530
maps/tatdemo1/worldnodes/node000_lr0_b3501_s_cb_mesh_base.vmesh_c	15108
maps/tatdemo1/worldnodes/node000_lr0_b3502_s_cb_mesh_base.vmesh_c	8780
maps/tatdemo1/worldnodes/node000_lr0_b3507_s_cb_mesh_base.vmesh_c	17806
maps/tatdemo1/worldnodes/node000_lr0_b3509_s_cb_mesh_base.vmesh_c	11088
maps/tatdemo1/worldnodes/node000_lr0_b3510_s_cb_mesh_base.vmesh_c	16810
maps/tatdemo1/worldnodes/node000_lr0_b3511_s_cb_mesh_base.vmesh_c	5114
maps/tatdemo1/worldnodes/node000_lr0_b3517_s_cb_mesh_base.vmesh_c	4128
maps/tatdemo1/worldnodes/node000_lr0_b3519_s_cb_mesh_base.vmesh_c	4402
maps/tatdemo1/worldnodes/node000_lr0_b3522_s_cb_mesh_base.vmesh_c	4668
maps/tatdemo1/worldnodes/node000_lr0_b3523_s_cb_mesh_base.vmesh_c	13384
maps/tatdemo1/worldnodes/node000_lr0_b3524_s_cb_mesh_base.vmesh_c	24578
maps/tatdemo1/worldnodes/node000_lr0_b3525_s_cb_mesh_base.vmesh_c	15392
maps/tatdemo1/worldnodes/node000_lr0_b3526_s_cb_mesh_base.vmesh_c	7634
maps/tatdemo1/worldnodes/node000_lr0_b3527_s_cb_mesh_base.vmesh_c	12586
maps/tatdemo1/worldnodes/node000_lr0_b3528_s_cb_mesh_base.vmesh_c	15758
maps/tatdemo1/worldnodes/node000_lr0_b3529_s_cb_mesh_base.vmesh_c	16064
maps/tatdemo1/worldnodes/node000_lr0_b3530_s_cb_mesh_base.vmesh_c	16136
maps/tatdemo1/worldnodes/node000_lr0_b3531_s_cb_mesh_base.vmesh_c	15378
maps/tatdemo1/worldnodes/node000_lr0_b3532_s_cb_mesh_base.vmesh_c	7382
maps/tatdemo1/worldnodes/node000_lr0_b3533_s_cb_mesh_base.vmesh_c	4072
maps/tatdemo1/worldnodes/node000_lr0_b3534_s_cb_mesh_base.vmesh_c	4484
maps/tatdemo1/worldnodes/node000_lr0_b3535_s_cb_mesh_base.vmesh_c	4196
maps/tatdemo1/worldnodes/node000_lr0_b3536_s_cb_mesh_base.vmesh_c	11736
maps/tatdemo1/worldnodes/node000_lr0_b3538_s_cb_mesh_base.vmesh_c	11104
maps/tatdemo1/worldnodes/node000_lr0_b3539_s_cb_mesh_base.vmesh_c	15628
maps/tatdemo1/worldnodes/node000_lr0_b3546_s_cb_mesh_base.vmesh_c	3172
maps/tatdemo1/worldnodes/node000_lr0_b3548_s_cb_mesh_base.vmesh_c	3192
maps/tatdemo1/worldnodes/node000_lr0_b3553_s_cb_mesh_base.vmesh_c	3192
maps/tatdemo1/worldnodes/node000_lr0_b3557_s_cb_mesh_base.vmesh_c	7196
maps/tatdemo1/worldnodes/node000_lr0_b3558_s_cb_mesh_base.vmesh_c	101652
maps/tatdemo1/worldnodes/node000_lr0_b3559_s_cb_mesh_base.vmesh_c	57220
maps/tatdemo1/worldnodes/node000_lr0_b3560_s_cb_mesh_base.vmesh_c	127180
maps/tatdemo1/worldnodes/node000_lr0_b3561_s_cb_mesh_base.vmesh_c	109268
maps/tatdemo1/worldnodes/node000_lr0_b3562_s_cb_mesh_base.vmesh_c	67032
maps/tatdemo1/worldnodes/node000_lr0_b3563_s_cb_mesh_base.vmesh_c	77610
maps/tatdemo1/worldnodes/node000_lr0_b3564_s_cb_mesh_base.vmesh_c	68082
maps/tatdemo1/worldnodes/node000_lr0_b3565_s_cb_mesh_base.vmesh_c	43224
maps/tatdemo1/worldnodes/node000_lr0_b3567_s_cb_mesh_base.vmesh_c	11088
maps/tatdemo1/worldnodes/node000_lr0_b3568_s_cb_mesh_base.vmesh_c	14008
maps/tatdemo1/worldnodes/node000_lr0_b3575_s_cb_mesh_base.vmesh_c	3156
maps/tatdemo1/worldnodes/node000_lr0_b3577_s_cb_mesh_base.vmesh_c	3192
maps/tatdemo1/worldnodes/node000_lr0_b3582_s_cb_mesh_base.vmesh_c	3192
maps/tatdemo1/worldnodes/node000_lr0_b3586_s_cb_mesh_base.vmesh_c	9296
maps/tatdemo1/worldnodes/node000_lr0_b3587_s_cb_mesh_base.vmesh_c	110326
maps/tatdemo1/worldnodes/node000_lr0_b3589_s_cb_mesh_base.vmesh_c	118480
maps/tatdemo1/worldnodes/node000_lr0_b3590_s_cb_mesh_base.vmesh_c	88502
maps/tatdemo1/worldnodes/node000_lr0_b3591_s_cb_mesh_base.vmesh_c	69408
maps/tatdemo1/worldnodes/node000_lr0_b3592_s_cb_mesh_base.vmesh_c	30422
maps/tatdemo1/worldnodes/node000_lr0_b3593_s_cb_mesh_base.vmesh_c	89562
maps/tatdemo1/worldnodes/node000_lr0_b3594_s_cb_mesh_base.vmesh_c	87060
maps/tatdemo1/worldnodes/node000_lr0_b3596_s_cb_mesh_base.vmesh_c	11088
maps/tatdemo1/worldnodes/node000_lr0_b3597_s_cb_mesh_base.vmesh_c	13908
maps/tatdemo1/worldnodes/node000_lr0_b3604_s_cb_mesh_base.vmesh_c	3156
maps/tatdemo1/worldnodes/node000_lr0_b3606_s_cb_mesh_base.vmesh_c	3192
maps/tatdemo1/worldnodes/node000_lr0_b3611_s_cb_mesh_base.vmesh_c	3208
maps/tatdemo1/worldnodes/node000_lr0_b3615_s_cb_mesh_base.vmesh_c	37386
maps/tatdemo1/worldnodes/node000_lr0_b3616_s_cb_mesh_base.vmesh_c	117838
maps/tatdemo1/worldnodes/node000_lr0_b3617_s_cb_mesh_base.vmesh_c	55336
maps/tatdemo1/worldnodes/node000_lr0_b3618_s_cb_mesh_base.vmesh_c	142354
maps/tatdemo1/worldnodes/node000_lr0_b3619_s_cb_mesh_base.vmesh_c	111410
maps/tatdemo1/worldnodes/node000_lr0_b3620_s_cb_mesh_base.vmesh_c	15872
maps/tatdemo1/worldnodes/node000_lr0_b3621_s_cb_mesh_base.vmesh_c	15108
maps/tatdemo1/worldnodes/node000_lr0_b3622_s_cb_mesh_base.vmesh_c	32192
maps/tatdemo1/worldnodes/node000_lr0_b3623_s_cb_mesh_base.vmesh_c	101412
maps/tatdemo1/worldnodes/node000_lr0_b3625_s_cb_mesh_base.vmesh_c	11088
maps/tatdemo1/worldnodes/node000_lr0_b3626_s_cb_mesh_base.vmesh_c	14316
maps/tatdemo1/worldnodes/node000_lr0_b3633_s_cb_mesh_base.vmesh_c	5352
maps/tatdemo1/worldnodes/node000_lr0_b3635_s_cb_mesh_base.vmesh_c	3208
maps/tatdemo1/worldnodes/node000_lr0_b3640_s_cb_mesh_base.vmesh_c	3208
maps/tatdemo1/worldnodes/node000_lr0_b3644_s_cb_mesh_base.vmesh_c	9462
maps/tatdemo1/worldnodes/node000_lr0_b3645_s_cb_mesh_base.vmesh_c	18336
maps/tatdemo1/worldnodes/node000_lr0_b3646_s_cb_mesh_base.vmesh_c	54732
maps/tatdemo1/worldnodes/node000_lr0_b3647_s_cb_mesh_base.vmesh_c	99358
maps/tatdemo1/worldnodes/node000_lr0_b3648_s_cb_mesh_base.vmesh_c	64932
maps/tatdemo1/worldnodes/node000_lr0_b3649_s_cb_mesh_base.vmesh_c	62064
maps/tatdemo1/worldnodes/node000_lr0_b3650_s_cb_mesh_base.vmesh_c	30900
maps/tatdemo1/worldnodes/node000_lr0_b3651_s_cb_mesh_base.vmesh_c	78794
maps/tatdemo1/worldnodes/node000_lr0_b3652_s_cb_mesh_base.vmesh_c	42084
maps/tatdemo1/worldnodes/node000_lr0_b3654_s_cb_mesh_base.vmesh_c	11088
maps/tatdemo1/worldnodes/node000_lr0_b3655_s_cb_mesh_base.vmesh_c	13782
maps/tatdemo1/worldnodes/node000_lr0_b3662_s_cb_mesh_base.vmesh_c	3156
maps/tatdemo1/worldnodes/node000_lr0_b3664_s_cb_mesh_base.vmesh_c	3192
maps/tatdemo1/worldnodes/node000_lr0_b3669_s_cb_mesh_base.vmesh_c	13878
maps/tatdemo1/worldnodes/node000_lr0_b3670_s_cb_mesh_base.vmesh_c	6900
maps/tatdemo1/worldnodes/node000_lr0_b3672_s_cb_mesh_base.vmesh_c	1808
maps/tatdemo1/worldnodes/node000_lr0_b3673_s_cb_mesh_base.vmesh_c	13694
maps/tatdemo1/worldnodes/node000_lr0_b3674_s_cb_mesh_base.vmesh_c	13526
maps/tatdemo1/worldnodes/node000_lr0_b3677_s_cb_mesh_base.vmesh_c	64842
maps/tatdemo1/worldnodes/node000_lr0_b3678_s_cb_mesh_base.vmesh_c	72926
maps/tatdemo1/worldnodes/node000_lr0_b3679_s_cb_mesh_base.vmesh_c	88476
maps/tatdemo1/worldnodes/node000_lr0_b3680_s_cb_mesh_base.vmesh_c	59838
maps/tatdemo1/worldnodes/node000_lr0_b3681_s_cb_mesh_base.vmesh_c	64080
maps/tatdemo1/worldnodes/node000_lr0_b3683_s_cb_mesh_base.vmesh_c	4884
maps/tatdemo1/worldnodes/node000_lr0_b3684_s_cb_mesh_base.vmesh_c	7606
maps/tatdemo1/worldnodes/node000_lr0_b3685_s_cb_mesh_base.vmesh_c	2616
maps/tatdemo1/worldnodes/node000_lr0_b3686_s_cb_mesh_base.vmesh_c	9154
maps/tatdemo1/worldnodes/node000_lr0_b3687_s_cb_mesh_base.vmesh_c	5452
maps/tatdemo1/worldnodes/node000_lr0_b3688_s_cb_mesh_base.vmesh_c	3742
maps/tatdemo1/worldnodes/node000_lr0_b3689_s_cb_mesh_base.vmesh_c	11512
maps/tatdemo1/worldnodes/node000_lr0_b3690_s_cb_mesh_base.vmesh_c	1788
maps/tatdemo1/worldnodes/node000_lr0_b3691_s_cb_mesh_base.vmesh_c	3462
maps/tatdemo1/worldnodes/node000_lr0_b3693_s_cb_mesh_base.vmesh_c	7954
maps/tatdemo1/worldnodes/node000_lr0_b3694_s_cb_mesh_base.vmesh_c	5086
maps/tatdemo1/worldnodes/node000_lr0_b3696_s_cb_mesh_base.vmesh_c	3310
maps/tatdemo1/worldnodes/node000_lr0_b3697_s_cb_mesh_base.vmesh_c	5986
maps/tatdemo1/worldnodes/node000_lr0_b3698_s_cb_mesh_base.vmesh_c	9240
maps/tatdemo1/worldnodes/node000_lr0_b3699_s_cb_mesh_base.vmesh_c	6926
maps/tatdemo1/worldnodes/node000_lr0_b3700_s_cb_mesh_base.vmesh_c	4358
maps/tatdemo1/worldnodes/node000_lr0_b3701_s_cb_mesh_base.vmesh_c	5240
maps/tatdemo1/worldnodes/node000_lr0_b3702_s_cb_mesh_base.vmesh_c	7436
maps/tatdemo1/worldnodes/node000_lr0_b3703_s_cb_mesh_base.vmesh_c	2972
maps/tatdemo1/worldnodes/node000_lr0_b3713_s_cb_mesh_base.vmesh_c	1746
maps/tatdemo1/worldnodes/node000_lr0_b3714_s_cb_mesh_base.vmesh_c	3172
maps/tatdemo1/worldnodes/node000_lr0_b3715_s_cb_mesh_base.vmesh_c	3220
maps/tatdemo1/worldnodes/node000_lr0_b3716_s_cb_mesh_base.vmesh_c	2440
maps/tatdemo1/worldnodes/node000_lr0_b3717_s_cb_mesh_base.vmesh_c	2028
maps/tatdemo1/worldnodes/node000_lr0_b3718_s_cb_mesh_base.vmesh_c	3190
maps/tatdemo1/worldnodes/node000_lr0_b3719_s_cb_mesh_base.vmesh_c	3244
maps/tatdemo1/worldnodes/node000_lr0_b3720_s_cb_mesh_base.vmesh_c	2160
maps/tatdemo1/worldnodes/node000_lr0_b3722_s_cb_mesh_base.vmesh_c	5902
maps/tatdemo1/worldnodes/node000_lr0_b3723_s_cb_mesh_base.vmesh_c	7156
maps/tatdemo1/worldnodes/node000_lr0_b3724_s_cb_mesh_base.vmesh_c	4750
maps/tatdemo1/worldnodes/node000_lr0_b3725_s_cb_mesh_base.vmesh_c	6478
maps/tatdemo1/worldnodes/node000_lr0_b3726_s_cb_mesh_base.vmesh_c	7084
maps/tatdemo1/worldnodes/node000_lr0_b3727_s_cb_mesh_base.vmesh_c	3310
maps/tatdemo1/entities/muzhuangtohome_1862.vmdl_c	1455
maps/tatdemo1/entities/tomuzhuang_1856.vmdl_c	1435
maps/tatdemo1/entities/begginerchesttrigger_3_1851.vmdl_c	1495
maps/tatdemo1/entities/begginerchesttrigger_2_1849.vmdl_c	1495
maps/tatdemo1/entities/begginerchesttrigger_1_1847.vmdl_c	1495
maps/tatdemo1/entities/to_woodboss_1840.vmdl_c	1436
maps/tatdemo1/entities/home_shop2_1833.vmdl_c	1435
maps/tatdemo1/entities/home_shop_1826.vmdl_c	1434
maps/tatdemo1/entities/to_sanrenzu_exit_1823.vmdl_c	1473
maps/tatdemo1/entities/to_xuedi_1805.vmdl_c	1433
maps/tatdemo1/entities/teleport_all_7_1795.vmdl_c	1455
maps/tatdemo1/entities/to_shamanboss_exit_1682.vmdl_c	1475
maps/tatdemo1/entities/teleport_all_5_1620.vmdl_c	1455
maps/tatdemo1/entities/teleport_all_6_1598.vmdl_c	1455
maps/tatdemo1/entities/teleport_all_4_1593.vmdl_c	1455
maps/tatdemo1/entities/teleport_all_3_1588.vmdl_c	1455
maps/tatdemo1/entities/to_owlboss_exit_1582.vmdl_c	1456
maps/tatdemo1/entities/to_bearboss_exit_1577.vmdl_c	1473
maps/tatdemo1/entities/to_drawboss_exit_1572.vmdl_c	1473
maps/tatdemo1/entities/to_mineboss_exit_1567.vmdl_c	1473
maps/tatdemo1/entities/to_tinyboss_exit_1562.vmdl_c	1473
maps/tatdemo1/entities/to_woodboss_exit_1557.vmdl_c	1473
maps/tatdemo1/entities/to_shamanboss_1541.vmdl_c	1438
maps/tatdemo1/entities/to_owlboss_1526.vmdl_c	1435
maps/tatdemo1/entities/to_bearboss_1521.vmdl_c	1436
maps/tatdemo1/entities/to_drawboss_1506.vmdl_c	1436
maps/tatdemo1/entities/to_mineboss_1501.vmdl_c	1436
maps/tatdemo1/entities/to_tinyboss_1496.vmdl_c	1436
maps/tatdemo1/entities/to_sanrenzu_1487.vmdl_c	1436
maps/tatdemo1/entities/teleport_all_0_1411.vmdl_c	1455
maps/tatdemo1/entities/totreebossentry_1393.vmdl_c	1456
maps/tatdemo1/entities/buchangtrigger_1391.vmdl_c	1455
maps/tatdemo1/entities/togate1_1378.vmdl_c	1416
maps/tatdemo1/entities/to_ghostboss_1373.vmdl_c	1437
maps/tatdemo1/entities/to_zombieboss_1370.vmdl_c	1438
maps/tatdemo1/entities/to_ghostboss_exit_1363.vmdl_c	1474
maps/tatdemo1/entities/to_zombieboss_exit_1357.vmdl_c	1475
maps/tatdemo1/entities/to_wolfboss_1345.vmdl_c	1436
maps/tatdemo1/entities/to_spiderboss_1335.vmdl_c	1438
maps/tatdemo1/entities/to_souldeer_1316.vmdl_c	1436
maps/tatdemo1/entities/teleport_all_2_1310.vmdl_c	1455
maps/tatdemo1/entities/teleport_all_1_1279.vmdl_c	1455
maps/tatdemo1/entities/begginerchesttrigger_1230.vmdl_c	1477
maps/tatdemo1/entities/diming1_557.vmdl_c	1415
maps/tatdemo1/entities/to_wolfboss_exit_1352.vmdl_c	1473
maps/tatdemo1/entities/to_spiderboss_exit_1341.vmdl_c	1475
maps/tatdemo1/entities/to_souldeer_exit_1323.vmdl_c	1473
maps/tatdemo1/entities/storytunnel_1249.vmdl_c	1436
maps/tatdemo1/entities/diming12_1247.vmdl_c	1433
maps/tatdemo1/entities/todidaorukou_1244.vmdl_c	1437
maps/tatdemo1/entities/todafenghuang_932.vmdl_c	1437
maps/tatdemo1/entities/tohome1_160.vmdl_c	1415
maps/tatdemo1/worldnodes/node000_lr0_b1695_s_cb_mesh_overlay0.vmdl_c	1633
maps/tatdemo1/worldnodes/node000_lr0_b1722_s_cb_mesh_overlay0.vmdl_c	1633
maps/tatdemo1/worldnodes/node000_lr0_b1723_s_cb_mesh_overlay0.vmdl_c	1633
maps/tatdemo1/worldnodes/node000_lr0_b1724_s_cb_mesh_overlay0.vmdl_c	1633
maps/tatdemo1/worldnodes/node000_lr0_b1752_s_cb_mesh_overlay0.vmdl_c	1633
maps/tatdemo1/worldnodes/node000_lr0_b1780_s_cb_mesh_overlay0.vmdl_c	1633
maps/tatdemo1/worldnodes/node000_lr0_b1781_s_cb_mesh_overlay0.vmdl_c	1633
maps/tatdemo1/worldnodes/node000_lr0_b2262_s_cb_mesh_overlay0.vmdl_c	1633
maps/tatdemo1/worldnodes/node000_lr0_b2263_s_cb_mesh_overlay0.vmdl_c	1633
maps/tatdemo1/worldnodes/node000_lr0_b2264_s_cb_mesh_overlay0.vmdl_c	1633
maps/tatdemo1/worldnodes/node000_lr0_b2265_s_cb_mesh_overlay0.vmdl_c	1633
maps/tatdemo1/worldnodes/node000_lr0_b2266_s_cb_mesh_overlay0.vmdl_c	1633
maps/tatdemo1/worldnodes/node000_lr0_b2267_s_cb_mesh_overlay0.vmdl_c	1633
maps/tatdemo1/worldnodes/node000_lr0_b2268_s_cb_mesh_overlay0.vmdl_c	1633
maps/tatdemo1/worldnodes/node000_lr0_b2291_s_cb_mesh_overlay0.vmdl_c	1633
maps/tatdemo1/worldnodes/node000_lr0_b2292_s_cb_mesh_overlay0.vmdl_c	1633
maps/tatdemo1/worldnodes/node000_lr0_b2294_s_cb_mesh_overlay0.vmdl_c	1633
maps/tatdemo1/worldnodes/node000_lr0_b2295_s_cb_mesh_overlay0.vmdl_c	1633
maps/tatdemo1/worldnodes/node000_lr0_b2296_s_cb_mesh_overlay0.vmdl_c	1633
maps/tatdemo1/worldnodes/node000_lr0_b2297_s_cb_mesh_overlay0.vmdl_c	1633
maps/tatdemo1/worldnodes/node000_lr0_b2298_s_cb_mesh_overlay0.vmdl_c	1633
maps/tatdemo1/worldnodes/node000_lr0_b2299_s_cb_mesh_overlay0.vmdl_c	1633
maps/tatdemo1/worldnodes/node000_lr0_b2320_s_cb_mesh_overlay0.vmdl_c	1633
maps/tatdemo1/worldnodes/node000_lr0_b2321_s_cb_mesh_overlay0.vmdl_c	1633
maps/tatdemo1/worldnodes/node000_lr0_b2326_s_cb_mesh_overlay0.vmdl_c	1633
maps/tatdemo1/worldnodes/node000_lr0_b2327_s_cb_mesh_overlay0.vmdl_c	1633
maps/tatdemo1/worldnodes/node000_lr0_b2328_s_cb_mesh_overlay0.vmdl_c	1633
maps/tatdemo1/worldnodes/node000_lr0_b2349_s_cb_mesh_overlay0.vmdl_c	1633
maps/tatdemo1/worldnodes/node000_lr0_b2350_s_cb_mesh_overlay0.vmdl_c	1633
maps/tatdemo1/worldnodes/node000_lr0_b2355_s_cb_mesh_overlay0.vmdl_c	1633
maps/tatdemo1/worldnodes/node000_lr0_b2356_s_cb_mesh_overlay0.vmdl_c	1633
maps/tatdemo1/worldnodes/node000_lr0_b2360_s_cb_mesh_overlay0.vmdl_c	1633
maps/tatdemo1/worldnodes/node000_lr0_b2361_s_cb_mesh_overlay0.vmdl_c	1633
maps/tatdemo1/worldnodes/node000_lr0_b2362_s_cb_mesh_overlay0.vmdl_c	1633
maps/tatdemo1/worldnodes/node000_lr0_b2378_s_cb_mesh_overlay0.vmdl_c	1633
maps/tatdemo1/worldnodes/node000_lr0_b2379_s_cb_mesh_overlay0.vmdl_c	1633
maps/tatdemo1/worldnodes/node000_lr0_b2384_s_cb_mesh_overlay0.vmdl_c	1633
maps/tatdemo1/worldnodes/node000_lr0_b2385_s_cb_mesh_overlay0.vmdl_c	1633
maps/tatdemo1/worldnodes/node000_lr0_b2389_s_cb_mesh_overlay0.vmdl_c	1633
maps/tatdemo1/worldnodes/node000_lr0_b2390_s_cb_mesh_overlay0.vmdl_c	1633
maps/tatdemo1/worldnodes/node000_lr0_b2391_s_cb_mesh_overlay0.vmdl_c	1633
maps/tatdemo1/worldnodes/node000_lr0_b2407_s_cb_mesh_overlay0.vmdl_c	1633
maps/tatdemo1/worldnodes/node000_lr0_b2408_s_cb_mesh_overlay0.vmdl_c	1633
maps/tatdemo1/worldnodes/node000_lr0_b2414_s_cb_mesh_overlay0.vmdl_c	1633
maps/tatdemo1/worldnodes/node000_lr0_b2419_s_cb_mesh_overlay0.vmdl_c	1633
maps/tatdemo1/worldnodes/node000_lr0_b2420_s_cb_mesh_overlay0.vmdl_c	1633
maps/tatdemo1/worldnodes/node000_lr0_b2436_s_cb_mesh_overlay0.vmdl_c	1633
maps/tatdemo1/worldnodes/node000_lr0_b2437_s_cb_mesh_overlay0.vmdl_c	1633
maps/tatdemo1/worldnodes/node000_lr0_b2438_s_cb_mesh_overlay0.vmdl_c	1633
maps/tatdemo1/worldnodes/node000_lr0_b2440_s_cb_mesh_overlay0.vmdl_c	1633
maps/tatdemo1/worldnodes/node000_lr0_b2441_s_cb_mesh_overlay0.vmdl_c	1633
maps/tatdemo1/worldnodes/node000_lr0_b2442_s_cb_mesh_overlay0.vmdl_c	1633
maps/tatdemo1/worldnodes/node000_lr0_b2443_s_cb_mesh_overlay0.vmdl_c	1633
maps/tatdemo1/worldnodes/node000_lr0_b2466_s_cb_mesh_overlay0.vmdl_c	1633
maps/tatdemo1/worldnodes/node000_lr0_b2468_s_cb_mesh_overlay0.vmdl_c	1633
maps/tatdemo1/worldnodes/node000_lr0_b2469_s_cb_mesh_overlay0.vmdl_c	1633
maps/tatdemo1/worldnodes/node000_lr0_b2470_s_cb_mesh_overlay0.vmdl_c	1633
maps/tatdemo1/worldnodes/node000_lr0_b2471_s_cb_mesh_overlay0.vmdl_c	1633
maps/tatdemo1/worldnodes/node000_lr0_b2472_s_cb_mesh_overlay0.vmdl_c	1633
maps/tatdemo1/worldnodes/node000_lr0_b2503_s_cb_mesh_overlay0.vmdl_c	1633
maps/tatdemo1/worldnodes/node000_lr0_b2504_s_cb_mesh_overlay0.vmdl_c	1633
maps/tatdemo1/worldnodes/node000_lr0_b2505_s_cb_mesh_overlay0.vmdl_c	1633
maps/tatdemo1/worldnodes/node000_lr0_b2510_s_cb_mesh_overlay0.vmdl_c	1633
maps/tatdemo1/worldnodes/node000_lr0_b2511_s_cb_mesh_overlay0.vmdl_c	1633
maps/tatdemo1/worldnodes/node000_lr0_b2512_s_cb_mesh_overlay0.vmdl_c	1633
maps/tatdemo1/worldnodes/node000_lr0_b2538_s_cb_mesh_overlay0.vmdl_c	1633
maps/tatdemo1/worldnodes/node000_lr0_b2539_s_cb_mesh_overlay0.vmdl_c	1633
maps/tatdemo1/worldnodes/node000_lr0_b2540_s_cb_mesh_overlay0.vmdl_c	1633
maps/tatdemo1/worldnodes/node000_lr0_b2541_s_cb_mesh_overlay0.vmdl_c	1633
maps/tatdemo1/worldnodes/node000_lr0_b2567_s_cb_mesh_overlay0.vmdl_c	1633
maps/tatdemo1/worldnodes/node000_lr0_b2568_s_cb_mesh_overlay0.vmdl_c	1633
maps/tatdemo1/worldnodes/node000_lr0_b2569_s_cb_mesh_overlay0.vmdl_c	1633
maps/tatdemo1/worldnodes/node000_lr0_b2596_s_cb_mesh_overlay0.vmdl_c	1633
maps/tatdemo1/worldnodes/node000_lr0_b2597_s_cb_mesh_overlay0.vmdl_c	1633
maps/tatdemo1/worldnodes/node000_lr0_b2598_s_cb_mesh_overlay0.vmdl_c	1633
maps/tatdemo1/worldnodes/node000_lr0_b2625_s_cb_mesh_overlay0.vmdl_c	1633
maps/tatdemo1/worldnodes/node000_lr0_b2626_s_cb_mesh_overlay0.vmdl_c	1633
maps/tatdemo1/worldnodes/node000_lr0_b2627_s_cb_mesh_overlay0.vmdl_c	1633
maps/tatdemo1/worldnodes/node000_lr0_b2651_s_cb_mesh_overlay0.vmdl_c	1633
maps/tatdemo1/worldnodes/node000_lr0_b2652_s_cb_mesh_overlay0.vmdl_c	1633
maps/tatdemo1/worldnodes/node000_lr0_b2653_s_cb_mesh_overlay0.vmdl_c	1633
maps/tatdemo1/worldnodes/node000_lr0_b2654_s_cb_mesh_overlay0.vmdl_c	1633
maps/tatdemo1/worldnodes/node000_lr0_b2655_s_cb_mesh_overlay0.vmdl_c	1633
maps/tatdemo1/worldnodes/node000_lr0_b2656_s_cb_mesh_overlay0.vmdl_c	1633
maps/tatdemo1/worldnodes/node000_lr0_b2657_s_cb_mesh_overlay0.vmdl_c	1633
maps/tatdemo1/worldnodes/node000_lr0_b2658_s_cb_mesh_overlay0.vmdl_c	1633
maps/tatdemo1/worldnodes/node000_lr0_b2659_s_cb_mesh_overlay0.vmdl_c	1633
maps/tatdemo1/worldnodes/node000_lr0_b2675_s_cb_mesh_overlay0.vmdl_c	1633
maps/tatdemo1/worldnodes/node000_lr0_b2681_s_cb_mesh_overlay0.vmdl_c	1633
maps/tatdemo1/worldnodes/node000_lr0_b2682_s_cb_mesh_overlay0.vmdl_c	1633
maps/tatdemo1/worldnodes/node000_lr0_b2683_s_cb_mesh_overlay0.vmdl_c	1633
maps/tatdemo1/worldnodes/node000_lr0_b2684_s_cb_mesh_overlay0.vmdl_c	1633
maps/tatdemo1/worldnodes/node000_lr0_b2686_s_cb_mesh_overlay0.vmdl_c	1633
maps/tatdemo1/worldnodes/node000_lr0_b2687_s_cb_mesh_overlay0.vmdl_c	1633
maps/tatdemo1/worldnodes/node000_lr0_b2688_s_cb_mesh_overlay0.vmdl_c	1633
maps/tatdemo1/worldnodes/node000_lr0_b2691_s_cb_mesh_overlay0.vmdl_c	1633
maps/tatdemo1/worldnodes/node000_lr0_b2692_s_cb_mesh_overlay0.vmdl_c	1633
maps/tatdemo1/worldnodes/node000_lr0_b2705_s_cb_mesh_overlay0.vmdl_c	1633
maps/tatdemo1/worldnodes/node000_lr0_b2706_s_cb_mesh_overlay0.vmdl_c	1633
maps/tatdemo1/worldnodes/node000_lr0_b2707_s_cb_mesh_overlay0.vmdl_c	1633
maps/tatdemo1/worldnodes/node000_lr0_b2708_s_cb_mesh_overlay0.vmdl_c	1633
maps/tatdemo1/worldnodes/node000_lr0_b2710_s_cb_mesh_overlay0.vmdl_c	1633
maps/tatdemo1/worldnodes/node000_lr0_b2711_s_cb_mesh_overlay0.vmdl_c	1633
maps/tatdemo1/worldnodes/node000_lr0_b2712_s_cb_mesh_overlay0.vmdl_c	1633
maps/tatdemo1/worldnodes/node000_lr0_b2713_s_cb_mesh_overlay0.vmdl_c	1633
maps/tatdemo1/worldnodes/node000_lr0_b2714_s_cb_mesh_overlay0.vmdl_c	1633
maps/tatdemo1/worldnodes/node000_lr0_b2715_s_cb_mesh_overlay0.vmdl_c	1633
maps/tatdemo1/worldnodes/node000_lr0_b2716_s_cb_mesh_overlay0.vmdl_c	1633
maps/tatdemo1/worldnodes/node000_lr0_b2717_s_cb_mesh_overlay0.vmdl_c	1633
maps/tatdemo1/worldnodes/node000_lr0_b2720_s_cb_mesh_overlay0.vmdl_c	1633
maps/tatdemo1/worldnodes/node000_lr0_b2721_s_cb_mesh_overlay0.vmdl_c	1633
maps/tatdemo1/worldnodes/node000_lr0_b2736_s_cb_mesh_overlay0.vmdl_c	1633
maps/tatdemo1/worldnodes/node000_lr0_b2737_s_cb_mesh_overlay0.vmdl_c	1633
maps/tatdemo1/worldnodes/node000_lr0_b2738_s_cb_mesh_overlay0.vmdl_c	1633
maps/tatdemo1/worldnodes/node000_lr0_b2739_s_cb_mesh_overlay0.vmdl_c	1633
maps/tatdemo1/worldnodes/node000_lr0_b2740_s_cb_mesh_overlay0.vmdl_c	1633
maps/tatdemo1/worldnodes/node000_lr0_b2741_s_cb_mesh_overlay0.vmdl_c	1633
maps/tatdemo1/worldnodes/node000_lr0_b2756_s_cb_mesh_overlay0.vmdl_c	1633
maps/tatdemo1/worldnodes/node000_lr0_b2757_s_cb_mesh_overlay0.vmdl_c	1633
maps/tatdemo1/worldnodes/node000_lr0_b2758_s_cb_mesh_overlay0.vmdl_c	1633
maps/tatdemo1/worldnodes/node000_lr0_b2758_s_cb_mesh_overlay1.vmdl_c	1633
maps/tatdemo1/worldnodes/node000_lr0_b2759_s_cb_mesh_overlay0.vmdl_c	1633
maps/tatdemo1/worldnodes/node000_lr0_b2759_s_cb_mesh_overlay1.vmdl_c	1633
maps/tatdemo1/worldnodes/node000_lr0_b2760_s_cb_mesh_overlay0.vmdl_c	1633
maps/tatdemo1/worldnodes/node000_lr0_b2761_s_cb_mesh_overlay0.vmdl_c	1633
maps/tatdemo1/worldnodes/node000_lr0_b2762_s_cb_mesh_overlay0.vmdl_c	1633
maps/tatdemo1/worldnodes/node000_lr0_b2762_s_cb_mesh_overlay1.vmdl_c	1633
maps/tatdemo1/worldnodes/node000_lr0_b2763_s_cb_mesh_overlay0.vmdl_c	1633
maps/tatdemo1/worldnodes/node000_lr0_b2765_s_cb_mesh_overlay0.vmdl_c	1633
maps/tatdemo1/worldnodes/node000_lr0_b2766_s_cb_mesh_overlay0.vmdl_c	1633
maps/tatdemo1/worldnodes/node000_lr0_b2767_s_cb_mesh_overlay0.vmdl_c	1633
maps/tatdemo1/worldnodes/node000_lr0_b2768_s_cb_mesh_overlay0.vmdl_c	1633
maps/tatdemo1/worldnodes/node000_lr0_b2769_s_cb_mesh_overlay0.vmdl_c	1633
maps/tatdemo1/worldnodes/node000_lr0_b2770_s_cb_mesh_overlay0.vmdl_c	1633
maps/tatdemo1/worldnodes/node000_lr0_b2782_s_cb_mesh_overlay0.vmdl_c	1633
maps/tatdemo1/worldnodes/node000_lr0_b2785_s_cb_mesh_overlay0.vmdl_c	1633
maps/tatdemo1/worldnodes/node000_lr0_b2785_s_cb_mesh_overlay1.vmdl_c	1633
maps/tatdemo1/worldnodes/node000_lr0_b2786_s_cb_mesh_overlay0.vmdl_c	1633
maps/tatdemo1/worldnodes/node000_lr0_b2786_s_cb_mesh_overlay1.vmdl_c	1633
maps/tatdemo1/worldnodes/node000_lr0_b2787_s_cb_mesh_overlay0.vmdl_c	1633
maps/tatdemo1/worldnodes/node000_lr0_b2788_s_cb_mesh_overlay0.vmdl_c	1633
maps/tatdemo1/worldnodes/node000_lr0_b2789_s_cb_mesh_overlay0.vmdl_c	1633
maps/tatdemo1/worldnodes/node000_lr0_b2790_s_cb_mesh_overlay0.vmdl_c	1633
maps/tatdemo1/worldnodes/node000_lr0_b2791_s_cb_mesh_overlay0.vmdl_c	1633
maps/tatdemo1/worldnodes/node000_lr0_b2791_s_cb_mesh_overlay1.vmdl_c	1633
maps/tatdemo1/worldnodes/node000_lr0_b2792_s_cb_mesh_overlay0.vmdl_c	1633
maps/tatdemo1/worldnodes/node000_lr0_b2792_s_cb_mesh_overlay1.vmdl_c	1633
maps/tatdemo1/worldnodes/node000_lr0_b2794_s_cb_mesh_overlay0.vmdl_c	1633
maps/tatdemo1/worldnodes/node000_lr0_b2795_s_cb_mesh_overlay0.vmdl_c	1633
maps/tatdemo1/worldnodes/node000_lr0_b2797_s_cb_mesh_overlay0.vmdl_c	1633
maps/tatdemo1/worldnodes/node000_lr0_b2798_s_cb_mesh_overlay0.vmdl_c	1633
maps/tatdemo1/worldnodes/node000_lr0_b2807_s_cb_mesh_overlay0.vmdl_c	1633
maps/tatdemo1/worldnodes/node000_lr0_b2808_s_cb_mesh_overlay0.vmdl_c	1633
maps/tatdemo1/worldnodes/node000_lr0_b2809_s_cb_mesh_overlay0.vmdl_c	1633
maps/tatdemo1/worldnodes/node000_lr0_b2810_s_cb_mesh_overlay0.vmdl_c	1633
maps/tatdemo1/worldnodes/node000_lr0_b2811_s_cb_mesh_overlay0.vmdl_c	1633
maps/tatdemo1/worldnodes/node000_lr0_b2814_s_cb_mesh_overlay0.vmdl_c	1633
maps/tatdemo1/worldnodes/node000_lr0_b2815_s_cb_mesh_overlay0.vmdl_c	1633
maps/tatdemo1/worldnodes/node000_lr0_b2815_s_cb_mesh_overlay1.vmdl_c	1633
maps/tatdemo1/worldnodes/node000_lr0_b2816_s_cb_mesh_overlay0.vmdl_c	1633
maps/tatdemo1/worldnodes/node000_lr0_b2817_s_cb_mesh_overlay0.vmdl_c	1633
maps/tatdemo1/worldnodes/node000_lr0_b2818_s_cb_mesh_overlay0.vmdl_c	1633
maps/tatdemo1/worldnodes/node000_lr0_b2819_s_cb_mesh_overlay0.vmdl_c	1633
maps/tatdemo1/worldnodes/node000_lr0_b2820_s_cb_mesh_overlay0.vmdl_c	1633
maps/tatdemo1/worldnodes/node000_lr0_b2821_s_cb_mesh_overlay0.vmdl_c	1633
maps/tatdemo1/worldnodes/node000_lr0_b2823_s_cb_mesh_overlay0.vmdl_c	1633
maps/tatdemo1/worldnodes/node000_lr0_b2824_s_cb_mesh_overlay0.vmdl_c	1633
maps/tatdemo1/worldnodes/node000_lr0_b2825_s_cb_mesh_overlay0.vmdl_c	1633
maps/tatdemo1/worldnodes/node000_lr0_b2826_s_cb_mesh_overlay0.vmdl_c	1633
maps/tatdemo1/worldnodes/node000_lr0_b2827_s_cb_mesh_overlay0.vmdl_c	1633
maps/tatdemo1/worldnodes/node000_lr0_b2836_s_cb_mesh_overlay0.vmdl_c	1633
maps/tatdemo1/worldnodes/node000_lr0_b2844_s_cb_mesh_overlay0.vmdl_c	1633
maps/tatdemo1/worldnodes/node000_lr0_b2845_s_cb_mesh_overlay0.vmdl_c	1633
maps/tatdemo1/worldnodes/node000_lr0_b2846_s_cb_mesh_overlay0.vmdl_c	1633
maps/tatdemo1/worldnodes/node000_lr0_b2847_s_cb_mesh_overlay0.vmdl_c	1633
maps/tatdemo1/worldnodes/node000_lr0_b2849_s_cb_mesh_overlay0.vmdl_c	1633
maps/tatdemo1/worldnodes/node000_lr0_b2850_s_cb_mesh_overlay0.vmdl_c	1633
maps/tatdemo1/worldnodes/node000_lr0_b2852_s_cb_mesh_overlay0.vmdl_c	1633
maps/tatdemo1/worldnodes/node000_lr0_b2853_s_cb_mesh_overlay0.vmdl_c	1633
maps/tatdemo1/worldnodes/node000_lr0_b2855_s_cb_mesh_overlay0.vmdl_c	1633
maps/tatdemo1/worldnodes/node000_lr0_b2856_s_cb_mesh_overlay0.vmdl_c	1633
maps/tatdemo1/worldnodes/node000_lr0_b2857_s_cb_mesh_overlay0.vmdl_c	1633
maps/tatdemo1/worldnodes/node000_lr0_b2865_s_cb_mesh_overlay0.vmdl_c	1633
maps/tatdemo1/worldnodes/node000_lr0_b2873_s_cb_mesh_overlay0.vmdl_c	1633
maps/tatdemo1/worldnodes/node000_lr0_b2875_s_cb_mesh_overlay0.vmdl_c	1633
maps/tatdemo1/worldnodes/node000_lr0_b2876_s_cb_mesh_overlay0.vmdl_c	1633
maps/tatdemo1/worldnodes/node000_lr0_b2877_s_cb_mesh_overlay0.vmdl_c	1633
maps/tatdemo1/worldnodes/node000_lr0_b2878_s_cb_mesh_overlay0.vmdl_c	1633
maps/tatdemo1/worldnodes/node000_lr0_b2879_s_cb_mesh_overlay0.vmdl_c	1633
maps/tatdemo1/worldnodes/node000_lr0_b2881_s_cb_mesh_overlay0.vmdl_c	1633
maps/tatdemo1/worldnodes/node000_lr0_b2882_s_cb_mesh_overlay0.vmdl_c	1633
maps/tatdemo1/worldnodes/node000_lr0_b2883_s_cb_mesh_overlay0.vmdl_c	1633
maps/tatdemo1/worldnodes/node000_lr0_b2884_s_cb_mesh_overlay0.vmdl_c	1633
maps/tatdemo1/worldnodes/node000_lr0_b2885_s_cb_mesh_overlay0.vmdl_c	1633
maps/tatdemo1/worldnodes/node000_lr0_b2886_s_cb_mesh_overlay0.vmdl_c	1633
maps/tatdemo1/worldnodes/node000_lr0_b2887_s_cb_mesh_overlay0.vmdl_c	1633
maps/tatdemo1/worldnodes/node000_lr0_b2893_s_cb_mesh_overlay0.vmdl_c	1633
maps/tatdemo1/worldnodes/node000_lr0_b2894_s_cb_mesh_overlay0.vmdl_c	1633
maps/tatdemo1/worldnodes/node000_lr0_b2902_s_cb_mesh_overlay0.vmdl_c	1633
maps/tatdemo1/worldnodes/node000_lr0_b2904_s_cb_mesh_overlay0.vmdl_c	1633
maps/tatdemo1/worldnodes/node000_lr0_b2905_s_cb_mesh_overlay0.vmdl_c	1633
maps/tatdemo1/worldnodes/node000_lr0_b2906_s_cb_mesh_overlay0.vmdl_c	1633
maps/tatdemo1/worldnodes/node000_lr0_b2907_s_cb_mesh_overlay0.vmdl_c	1633
maps/tatdemo1/worldnodes/node000_lr0_b2908_s_cb_mesh_overlay0.vmdl_c	1633
maps/tatdemo1/worldnodes/node000_lr0_b2910_s_cb_mesh_overlay0.vmdl_c	1633
maps/tatdemo1/worldnodes/node000_lr0_b2911_s_cb_mesh_overlay0.vmdl_c	1633
maps/tatdemo1/worldnodes/node000_lr0_b2912_s_cb_mesh_overlay0.vmdl_c	1633
maps/tatdemo1/worldnodes/node000_lr0_b2913_s_cb_mesh_overlay0.vmdl_c	1633
maps/tatdemo1/worldnodes/node000_lr0_b2914_s_cb_mesh_overlay0.vmdl_c	1633
maps/tatdemo1/worldnodes/node000_lr0_b2915_s_cb_mesh_overlay0.vmdl_c	1633
maps/tatdemo1/worldnodes/node000_lr0_b2916_s_cb_mesh_overlay0.vmdl_c	1633
maps/tatdemo1/worldnodes/node000_lr0_b2920_s_cb_mesh_overlay0.vmdl_c	1633
maps/tatdemo1/worldnodes/node000_lr0_b2921_s_cb_mesh_overlay0.vmdl_c	1633
maps/tatdemo1/worldnodes/node000_lr0_b2922_s_cb_mesh_overlay0.vmdl_c	1633
maps/tatdemo1/worldnodes/node000_lr0_b2930_s_cb_mesh_overlay0.vmdl_c	1633
maps/tatdemo1/worldnodes/node000_lr0_b2931_s_cb_mesh_overlay0.vmdl_c	1633
maps/tatdemo1/worldnodes/node000_lr0_b2932_s_cb_mesh_overlay0.vmdl_c	1633
maps/tatdemo1/worldnodes/node000_lr0_b2933_s_cb_mesh_overlay0.vmdl_c	1633
maps/tatdemo1/worldnodes/node000_lr0_b2934_s_cb_mesh_overlay0.vmdl_c	1633
maps/tatdemo1/worldnodes/node000_lr0_b2936_s_cb_mesh_overlay0.vmdl_c	1633
maps/tatdemo1/worldnodes/node000_lr0_b2937_s_cb_mesh_overlay0.vmdl_c	1633
maps/tatdemo1/worldnodes/node000_lr0_b2939_s_cb_mesh_overlay0.vmdl_c	1633
maps/tatdemo1/worldnodes/node000_lr0_b2940_s_cb_mesh_overlay0.vmdl_c	1633
maps/tatdemo1/worldnodes/node000_lr0_b2941_s_cb_mesh_overlay0.vmdl_c	1633
maps/tatdemo1/worldnodes/node000_lr0_b2942_s_cb_mesh_overlay0.vmdl_c	1633
maps/tatdemo1/worldnodes/node000_lr0_b2943_s_cb_mesh_overlay0.vmdl_c	1633
maps/tatdemo1/worldnodes/node000_lr0_b2949_s_cb_mesh_overlay0.vmdl_c	1633
maps/tatdemo1/worldnodes/node000_lr0_b3016_s_cb_mesh_overlay0.vmdl_c	1633
maps/tatdemo1/worldnodes/node000_lr0_b3017_s_cb_mesh_overlay0.vmdl_c	1633
maps/tatdemo1/worldnodes/node000_lr0_b3018_s_cb_mesh_overlay0.vmdl_c	1633
maps/tatdemo1/worldnodes/node000_lr0_b3019_s_cb_mesh_overlay0.vmdl_c	1633
maps/tatdemo1/worldnodes/node000_lr0_b3020_s_cb_mesh_overlay0.vmdl_c	1633
maps/tatdemo1/worldnodes/node000_lr0_b3021_s_cb_mesh_overlay0.vmdl_c	1633
maps/tatdemo1/worldnodes/node000_lr0_b3022_s_cb_mesh_overlay0.vmdl_c	1633
maps/tatdemo1/worldnodes/node000_lr0_b3023_s_cb_mesh_overlay0.vmdl_c	1633
maps/tatdemo1/worldnodes/node000_lr0_b3045_s_cb_mesh_overlay0.vmdl_c	1633
maps/tatdemo1/worldnodes/node000_lr0_b3052_s_cb_mesh_overlay0.vmdl_c	1633
maps/tatdemo1/worldnodes/node000_lr0_b3053_s_cb_mesh_overlay0.vmdl_c	1633
maps/tatdemo1/worldnodes/node000_lr0_b3074_s_cb_mesh_overlay0.vmdl_c	1633
maps/tatdemo1/worldnodes/node000_lr0_b3081_s_cb_mesh_overlay0.vmdl_c	1633
maps/tatdemo1/worldnodes/node000_lr0_b3082_s_cb_mesh_overlay0.vmdl_c	1633
maps/tatdemo1/worldnodes/node000_lr0_b3103_s_cb_mesh_overlay0.vmdl_c	1633
maps/tatdemo1/worldnodes/node000_lr0_b3120_s_cb_mesh_overlay0.vmdl_c	1633
maps/tatdemo1/worldnodes/node000_lr0_b3132_s_cb_mesh_overlay0.vmdl_c	1633
maps/tatdemo1/worldnodes/node000_lr0_b3139_s_cb_mesh_overlay0.vmdl_c	1633
maps/tatdemo1/worldnodes/node000_lr0_b3149_s_cb_mesh_overlay0.vmdl_c	1633
maps/tatdemo1/worldnodes/node000_lr0_b3150_s_cb_mesh_overlay0.vmdl_c	1633
maps/tatdemo1/worldnodes/node000_lr0_b3161_s_cb_mesh_overlay0.vmdl_c	1633
maps/tatdemo1/worldnodes/node000_lr0_b3168_s_cb_mesh_overlay0.vmdl_c	1633
maps/tatdemo1/worldnodes/node000_lr0_b3178_s_cb_mesh_overlay0.vmdl_c	1633
maps/tatdemo1/worldnodes/node000_lr0_b3179_s_cb_mesh_overlay0.vmdl_c	1633
maps/tatdemo1/worldnodes/node000_lr0_b3180_s_cb_mesh_overlay0.vmdl_c	1633
maps/tatdemo1/worldnodes/node000_lr0_b3181_s_cb_mesh_overlay0.vmdl_c	1633
maps/tatdemo1/worldnodes/node000_lr0_b3197_s_cb_mesh_overlay0.vmdl_c	1633
maps/tatdemo1/worldnodes/node000_lr0_b3219_s_cb_mesh_overlay0.vmdl_c	1633
maps/tatdemo1/worldnodes/node000_lr0_b3223_s_cb_mesh_overlay0.vmdl_c	1633
maps/tatdemo1/worldnodes/node000_lr0_b3224_s_cb_mesh_overlay0.vmdl_c	1633
maps/tatdemo1/worldnodes/node000_lr0_b3225_s_cb_mesh_overlay0.vmdl_c	1633
maps/tatdemo1/worldnodes/node000_lr0_b3226_s_cb_mesh_overlay0.vmdl_c	1633
maps/tatdemo1/worldnodes/node000_lr0_b3306_s_cb_mesh_overlay0.vmdl_c	1633
maps/tatdemo1/worldnodes/node000_lr0_b3307_s_cb_mesh_overlay0.vmdl_c	1633
maps/tatdemo1/worldnodes/node000_lr0_b3316_s_cb_mesh_overlay0.vmdl_c	1633
maps/tatdemo1/worldnodes/node000_lr0_b3317_s_cb_mesh_overlay0.vmdl_c	1633
maps/tatdemo1/worldnodes/node000_lr0_b3345_s_cb_mesh_overlay0.vmdl_c	1633
maps/tatdemo1/worldnodes/node000_lr0_b3346_s_cb_mesh_overlay0.vmdl_c	1633
maps/tatdemo1/worldnodes/node000_lr0_b3374_s_cb_mesh_overlay0.vmdl_c	1633
maps/tatdemo1/worldnodes/node000_lr0_b3391_s_cb_mesh_overlay0.vmdl_c	1633
maps/tatdemo1/worldnodes/node000_lr0_b3419_s_cb_mesh_overlay0.vmdl_c	1633
maps/tatdemo1/worldnodes/node000_lr0_b3420_s_cb_mesh_overlay0.vmdl_c	1633
maps/tatdemo1/worldnodes/node000_lr0_b3449_s_cb_mesh_overlay0.vmdl_c	1633
maps/tatdemo1/worldnodes/node000_lr0_b3478_s_cb_mesh_overlay0.vmdl_c	1633
maps/tatdemo1/worldnodes/node000_lr0_b3494_s_cb_mesh_overlay0.vmdl_c	1633
maps/tatdemo1/worldnodes/node000_lr0_b3507_s_cb_mesh_overlay0.vmdl_c	1633
maps/tatdemo1/worldnodes/node000_lr0_b3519_s_cb_mesh_overlay0.vmdl_c	1633
maps/tatdemo1/worldnodes/node000_lr0_b3523_s_cb_mesh_overlay0.vmdl_c	1633
maps/tatdemo1/worldnodes/node000_lr0_b3536_s_cb_mesh_overlay0.vmdl_c	1633
maps/tatdemo1/worldnodes/node000_lr0_b3548_s_cb_mesh_overlay0.vmdl_c	1633
maps/tatdemo1/worldnodes/node000_lr0_b3561_s_cb_mesh_overlay0.vmdl_c	1633
maps/tatdemo1/worldnodes/node000_lr0_b3590_s_cb_mesh_overlay0.vmdl_c	1633
maps/tatdemo1/worldnodes/node000_lr0_b3594_s_cb_mesh_overlay0.vmdl_c	1633
maps/tatdemo1/worldnodes/node000_lr0_b3619_s_cb_mesh_overlay0.vmdl_c	1633
maps/tatdemo1/worldnodes/node000_lr0_b3623_s_cb_mesh_overlay0.vmdl_c	1633
maps/tatdemo1/worldnodes/node000_lr0_b3648_s_cb_mesh_overlay0.vmdl_c	1633
maps/tatdemo1/worldnodes/node000_lr0_b3652_s_cb_mesh_overlay0.vmdl_c	1633
maps/tatdemo1/worldnodes/node000_lr0_b3664_s_cb_mesh_overlay0.vmdl_c	1633
maps/tatdemo1/worldnodes/node000_lr0_b3677_s_cb_mesh_overlay0.vmdl_c	1633
maps/tatdemo1/worldnodes/node000_lr0_b3681_s_cb_mesh_overlay0.vmdl_c	1633
maps/tatdemo1/worldnodes/node000_lr0_b3684_s_cb_mesh_overlay0.vmdl_c	1633
maps/tatdemo1/worldnodes/node000_lr0_b3685_s_cb_mesh_overlay0.vmdl_c	1633
maps/tatdemo1/worldnodes/node000_lr0_b3686_s_cb_mesh_overlay0.vmdl_c	1633
maps/tatdemo1/worldnodes/node000_lr0_b3693_s_cb_mesh_overlay0.vmdl_c	1633
maps/tatdemo1/worldnodes/node000_lr0_b3694_s_cb_mesh_overlay0.vmdl_c	1633
maps/tatdemo1/worldnodes/node000_lr0_b3697_s_cb_mesh_overlay0.vmdl_c	1633
maps/tatdemo1/worldnodes/node000_lr0_b3715_s_cb_mesh_overlay0.vmdl_c	1633
maps/tatdemo1/worldnodes/node000_lr0_b3722_s_cb_mesh_overlay0.vmdl_c	1633
maps/tatdemo1/worldnodes/node000_lr0_b3723_s_cb_mesh_overlay0.vmdl_c	1633
maps/tatdemo1/worldnodes/node000_lr0_b3726_s_cb_mesh_overlay0.vmdl_c	1633
maps/tatdemo1/worldnodes/node000_lr0_b404_s_cb_mesh_worldspace_texture_blend.vmdl_c	1711
maps/tatdemo1/worldnodes/node000_lr0_b462_s_cb_mesh_worldspace_texture_blend.vmdl_c	1711
maps/tatdemo1/worldnodes/node000_lr0_b491_s_cb_mesh_worldspace_texture_blend.vmdl_c	1711
maps/tatdemo1/worldnodes/node000_lr0_b1129_s_cb_mesh_worldspace_texture_blend.vmdl_c	1712
maps/tatdemo1/worldnodes/node000_lr0_b1158_s_cb_mesh_worldspace_texture_blend.vmdl_c	1712
maps/tatdemo1/worldnodes/node000_lr0_b1187_s_cb_mesh_worldspace_texture_blend.vmdl_c	1712
maps/tatdemo1/worldnodes/node000_lr0_b1216_s_cb_mesh_worldspace_texture_blend.vmdl_c	1712
maps/tatdemo1/worldnodes/node000_lr0_b1245_s_cb_mesh_worldspace_texture_blend.vmdl_c	1712
maps/tatdemo1/worldnodes/node000_lr0_b1274_s_cb_mesh_worldspace_texture_blend.vmdl_c	1712
maps/tatdemo1/worldnodes/node000_lr0_b1517_s_cb_mesh_worldspace_texture_blend.vmdl_c	1712
maps/tatdemo1/worldnodes/node000_lr0_b1518_s_cb_mesh_worldspace_texture_blend.vmdl_c	1712
maps/tatdemo1/worldnodes/node000_lr0_b1540_s_cb_mesh_worldspace_texture_blend.vmdl_c	1712
maps/tatdemo1/worldnodes/node000_lr0_b1541_s_cb_mesh_worldspace_texture_blend.vmdl_c	1712
maps/tatdemo1/worldnodes/node000_lr0_b1546_s_cb_mesh_worldspace_texture_blend.vmdl_c	1712
maps/tatdemo1/worldnodes/node000_lr0_b1547_s_cb_mesh_worldspace_texture_blend.vmdl_c	1712
maps/tatdemo1/worldnodes/node000_lr0_b1569_s_cb_mesh_worldspace_texture_blend.vmdl_c	1712
maps/tatdemo1/worldnodes/node000_lr0_b1570_s_cb_mesh_worldspace_texture_blend.vmdl_c	1712
maps/tatdemo1/worldnodes/node000_lr0_b1576_s_cb_mesh_worldspace_texture_blend.vmdl_c	1712
maps/tatdemo1/worldnodes/node000_lr0_b1598_s_cb_mesh_worldspace_texture_blend.vmdl_c	1712
maps/tatdemo1/worldnodes/node000_lr0_b1605_s_cb_mesh_worldspace_texture_blend.vmdl_c	1712
maps/tatdemo1/worldnodes/node000_lr0_b1634_s_cb_mesh_worldspace_texture_blend.vmdl_c	1712
maps/tatdemo1/worldnodes/node000_lr0_b1663_s_cb_mesh_worldspace_texture_blend.vmdl_c	1712
maps/tatdemo1/worldnodes/node000_lr0_b1692_s_cb_mesh_worldspace_texture_blend.vmdl_c	1712
maps/tatdemo1/worldnodes/node000_lr0_b1693_s_cb_mesh_worldspace_texture_blend.vmdl_c	1712
maps/tatdemo1/worldnodes/node000_lr0_b1694_s_cb_mesh_worldspace_texture_blend.vmdl_c	1712
maps/tatdemo1/worldnodes/node000_lr0_b1695_s_cb_mesh_worldspace_texture_blend.vmdl_c	1712
maps/tatdemo1/worldnodes/node000_lr0_b1711_s_cb_mesh_worldspace_texture_blend.vmdl_c	1712
maps/tatdemo1/worldnodes/node000_lr0_b1712_s_cb_mesh_worldspace_texture_blend.vmdl_c	1712
maps/tatdemo1/worldnodes/node000_lr0_b1713_s_cb_mesh_worldspace_texture_blend.vmdl_c	1712
maps/tatdemo1/worldnodes/node000_lr0_b1714_s_cb_mesh_worldspace_texture_blend.vmdl_c	1712
maps/tatdemo1/worldnodes/node000_lr0_b1715_s_cb_mesh_worldspace_texture_blend.vmdl_c	1712
maps/tatdemo1/worldnodes/node000_lr0_b1716_s_cb_mesh_worldspace_texture_blend.vmdl_c	1712
maps/tatdemo1/worldnodes/node000_lr0_b1717_s_cb_mesh_worldspace_texture_blend.vmdl_c	1712
maps/tatdemo1/worldnodes/node000_lr0_b1718_s_cb_mesh_worldspace_texture_blend.vmdl_c	1712
maps/tatdemo1/worldnodes/node000_lr0_b1719_s_cb_mesh_worldspace_texture_blend.vmdl_c	1712
maps/tatdemo1/worldnodes/node000_lr0_b1720_s_cb_mesh_worldspace_texture_blend.vmdl_c	1712
maps/tatdemo1/worldnodes/node000_lr0_b1721_s_cb_mesh_worldspace_texture_blend.vmdl_c	1712
maps/tatdemo1/worldnodes/node000_lr0_b1722_s_cb_mesh_worldspace_texture_blend.vmdl_c	1712
maps/tatdemo1/worldnodes/node000_lr0_b1723_s_cb_mesh_worldspace_texture_blend.vmdl_c	1712
maps/tatdemo1/worldnodes/node000_lr0_b1724_s_cb_mesh_worldspace_texture_blend.vmdl_c	1712
maps/tatdemo1/worldnodes/node000_lr0_b1740_s_cb_mesh_worldspace_texture_blend.vmdl_c	1712
maps/tatdemo1/worldnodes/node000_lr0_b1741_s_cb_mesh_worldspace_texture_blend.vmdl_c	1712
maps/tatdemo1/worldnodes/node000_lr0_b1742_s_cb_mesh_worldspace_texture_blend.vmdl_c	1712
maps/tatdemo1/worldnodes/node000_lr0_b1743_s_cb_mesh_worldspace_texture_blend.vmdl_c	1712
maps/tatdemo1/worldnodes/node000_lr0_b1744_s_cb_mesh_worldspace_texture_blend.vmdl_c	1712
maps/tatdemo1/worldnodes/node000_lr0_b1751_s_cb_mesh_worldspace_texture_blend.vmdl_c	1712
maps/tatdemo1/worldnodes/node000_lr0_b1752_s_cb_mesh_worldspace_texture_blend.vmdl_c	1712
maps/tatdemo1/worldnodes/node000_lr0_b1753_s_cb_mesh_worldspace_texture_blend.vmdl_c	1712
maps/tatdemo1/worldnodes/node000_lr0_b1754_s_cb_mesh_worldspace_texture_blend.vmdl_c	1712
maps/tatdemo1/worldnodes/node000_lr0_b1759_s_cb_mesh_worldspace_texture_blend.vmdl_c	1712
maps/tatdemo1/worldnodes/node000_lr0_b1780_s_cb_mesh_worldspace_texture_blend.vmdl_c	1712
maps/tatdemo1/worldnodes/node000_lr0_b1781_s_cb_mesh_worldspace_texture_blend.vmdl_c	1712
maps/tatdemo1/worldnodes/node000_lr0_b1782_s_cb_mesh_worldspace_texture_blend.vmdl_c	1712
maps/tatdemo1/worldnodes/node000_lr0_b1788_s_cb_mesh_worldspace_texture_blend.vmdl_c	1712
maps/tatdemo1/worldnodes/node000_lr0_b1810_s_cb_mesh_worldspace_texture_blend.vmdl_c	1712
maps/tatdemo1/worldnodes/node000_lr0_b1811_s_cb_mesh_worldspace_texture_blend.vmdl_c	1712
maps/tatdemo1/worldnodes/node000_lr0_b1883_s_cb_mesh_worldspace_texture_blend.vmdl_c	1712
maps/tatdemo1/worldnodes/node000_lr0_b1912_s_cb_mesh_worldspace_texture_blend.vmdl_c	1712
maps/tatdemo1/worldnodes/node000_lr0_b1941_s_cb_mesh_worldspace_texture_blend.vmdl_c	1712
maps/tatdemo1/worldnodes/node000_lr0_b1970_s_cb_mesh_worldspace_texture_blend.vmdl_c	1712
maps/tatdemo1/worldnodes/node000_lr0_b1999_s_cb_mesh_worldspace_texture_blend.vmdl_c	1712
maps/tatdemo1/worldnodes/node000_lr0_b2018_s_cb_mesh_worldspace_texture_blend.vmdl_c	1712
maps/tatdemo1/worldnodes/node000_lr0_b2019_s_cb_mesh_worldspace_texture_blend.vmdl_c	1712
maps/tatdemo1/worldnodes/node000_lr0_b2028_s_cb_mesh_worldspace_texture_blend.vmdl_c	1712
maps/tatdemo1/worldnodes/node000_lr0_b2045_s_cb_mesh_worldspace_texture_blend.vmdl_c	1712
maps/tatdemo1/worldnodes/node000_lr0_b2046_s_cb_mesh_worldspace_texture_blend.vmdl_c	1712
maps/tatdemo1/worldnodes/node000_lr0_b2047_s_cb_mesh_worldspace_texture_blend.vmdl_c	1712
maps/tatdemo1/worldnodes/node000_lr0_b2048_s_cb_mesh_worldspace_texture_blend.vmdl_c	1712
maps/tatdemo1/worldnodes/node000_lr0_b2054_s_cb_mesh_worldspace_texture_blend.vmdl_c	1712
maps/tatdemo1/worldnodes/node000_lr0_b2055_s_cb_mesh_worldspace_texture_blend.vmdl_c	1712
maps/tatdemo1/worldnodes/node000_lr0_b2057_s_cb_mesh_worldspace_texture_blend.vmdl_c	1712
maps/tatdemo1/worldnodes/node000_lr0_b2074_s_cb_mesh_worldspace_texture_blend.vmdl_c	1712
maps/tatdemo1/worldnodes/node000_lr0_b2076_s_cb_mesh_worldspace_texture_blend.vmdl_c	1712
maps/tatdemo1/worldnodes/node000_lr0_b2077_s_cb_mesh_worldspace_texture_blend.vmdl_c	1712
maps/tatdemo1/worldnodes/node000_lr0_b2082_s_cb_mesh_worldspace_texture_blend.vmdl_c	1712
maps/tatdemo1/worldnodes/node000_lr0_b2103_s_cb_mesh_worldspace_texture_blend.vmdl_c	1712
maps/tatdemo1/worldnodes/node000_lr0_b2105_s_cb_mesh_worldspace_texture_blend.vmdl_c	1712
maps/tatdemo1/worldnodes/node000_lr0_b2106_s_cb_mesh_worldspace_texture_blend.vmdl_c	1712
maps/tatdemo1/worldnodes/node000_lr0_b2111_s_cb_mesh_worldspace_texture_blend.vmdl_c	1712
maps/tatdemo1/worldnodes/node000_lr0_b2132_s_cb_mesh_worldspace_texture_blend.vmdl_c	1712
maps/tatdemo1/worldnodes/node000_lr0_b2133_s_cb_mesh_worldspace_texture_blend.vmdl_c	1712
maps/tatdemo1/worldnodes/node000_lr0_b2134_s_cb_mesh_worldspace_texture_blend.vmdl_c	1712
maps/tatdemo1/worldnodes/node000_lr0_b2135_s_cb_mesh_worldspace_texture_blend.vmdl_c	1712
maps/tatdemo1/worldnodes/node000_lr0_b2139_s_cb_mesh_worldspace_texture_blend.vmdl_c	1712
maps/tatdemo1/worldnodes/node000_lr0_b2140_s_cb_mesh_worldspace_texture_blend.vmdl_c	1712
maps/tatdemo1/worldnodes/node000_lr0_b2162_s_cb_mesh_worldspace_texture_blend.vmdl_c	1712
maps/tatdemo1/worldnodes/node000_lr0_b2163_s_cb_mesh_worldspace_texture_blend.vmdl_c	1712
maps/tatdemo1/worldnodes/node000_lr0_b2167_s_cb_mesh_worldspace_texture_blend.vmdl_c	1712
maps/tatdemo1/worldnodes/node000_lr0_b2168_s_cb_mesh_worldspace_texture_blend.vmdl_c	1712
maps/tatdemo1/worldnodes/node000_lr0_b2195_s_cb_mesh_worldspace_texture_blend.vmdl_c	1712
maps/tatdemo1/worldnodes/node000_lr0_b2262_s_cb_mesh_worldspace_texture_blend.vmdl_c	1712
maps/tatdemo1/worldnodes/node000_lr0_b2263_s_cb_mesh_worldspace_texture_blend.vmdl_c	1712
maps/tatdemo1/worldnodes/node000_lr0_b2264_s_cb_mesh_worldspace_texture_blend.vmdl_c	1712
maps/tatdemo1/worldnodes/node000_lr0_b2265_s_cb_mesh_worldspace_texture_blend.vmdl_c	1712
maps/tatdemo1/worldnodes/node000_lr0_b2266_s_cb_mesh_worldspace_texture_blend.vmdl_c	1712
maps/tatdemo1/worldnodes/node000_lr0_b2267_s_cb_mesh_worldspace_texture_blend.vmdl_c	1712
maps/tatdemo1/worldnodes/node000_lr0_b2268_s_cb_mesh_worldspace_texture_blend.vmdl_c	1712
maps/tatdemo1/worldnodes/node000_lr0_b2269_s_cb_mesh_worldspace_texture_blend.vmdl_c	1712
maps/tatdemo1/worldnodes/node000_lr0_b2271_s_cb_mesh_worldspace_texture_blend.vmdl_c	1712
maps/tatdemo1/worldnodes/node000_lr0_b2272_s_cb_mesh_worldspace_texture_blend.vmdl_c	1712
maps/tatdemo1/worldnodes/node000_lr0_b2291_s_cb_mesh_worldspace_texture_blend.vmdl_c	1712
maps/tatdemo1/worldnodes/node000_lr0_b2292_s_cb_mesh_worldspace_texture_blend.vmdl_c	1712
maps/tatdemo1/worldnodes/node000_lr0_b2293_s_cb_mesh_worldspace_texture_blend.vmdl_c	1712
maps/tatdemo1/worldnodes/node000_lr0_b2294_s_cb_mesh_worldspace_texture_blend.vmdl_c	1712
maps/tatdemo1/worldnodes/node000_lr0_b2295_s_cb_mesh_worldspace_texture_blend.vmdl_c	1712
maps/tatdemo1/worldnodes/node000_lr0_b2296_s_cb_mesh_worldspace_texture_blend.vmdl_c	1712
maps/tatdemo1/worldnodes/node000_lr0_b2297_s_cb_mesh_worldspace_texture_blend.vmdl_c	1712
maps/tatdemo1/worldnodes/node000_lr0_b2298_s_cb_mesh_worldspace_texture_blend.vmdl_c	1712
maps/tatdemo1/worldnodes/node000_lr0_b2299_s_cb_mesh_worldspace_texture_blend.vmdl_c	1712
maps/tatdemo1/worldnodes/node000_lr0_b2300_s_cb_mesh_worldspace_texture_blend.vmdl_c	1712
maps/tatdemo1/worldnodes/node000_lr0_b2301_s_cb_mesh_worldspace_texture_blend.vmdl_c	1712
maps/tatdemo1/worldnodes/node000_lr0_b2302_s_cb_mesh_worldspace_texture_blend.vmdl_c	1712
maps/tatdemo1/worldnodes/node000_lr0_b2303_s_cb_mesh_worldspace_texture_blend.vmdl_c	1712
maps/tatdemo1/worldnodes/node000_lr0_b2304_s_cb_mesh_worldspace_texture_blend.vmdl_c	1712
maps/tatdemo1/worldnodes/node000_lr0_b2320_s_cb_mesh_worldspace_texture_blend.vmdl_c	1712
maps/tatdemo1/worldnodes/node000_lr0_b2321_s_cb_mesh_worldspace_texture_blend.vmdl_c	1712
maps/tatdemo1/worldnodes/node000_lr0_b2322_s_cb_mesh_worldspace_texture_blend.vmdl_c	1712
maps/tatdemo1/worldnodes/node000_lr0_b2323_s_cb_mesh_worldspace_texture_blend.vmdl_c	1712
maps/tatdemo1/worldnodes/node000_lr0_b2324_s_cb_mesh_worldspace_texture_blend.vmdl_c	1712
maps/tatdemo1/worldnodes/node000_lr0_b2325_s_cb_mesh_worldspace_texture_blend.vmdl_c	1712
maps/tatdemo1/worldnodes/node000_lr0_b2327_s_cb_mesh_worldspace_texture_blend.vmdl_c	1712
maps/tatdemo1/worldnodes/node000_lr0_b2328_s_cb_mesh_worldspace_texture_blend.vmdl_c	1712
maps/tatdemo1/worldnodes/node000_lr0_b2330_s_cb_mesh_worldspace_texture_blend.vmdl_c	1712
maps/tatdemo1/worldnodes/node000_lr0_b2331_s_cb_mesh_worldspace_texture_blend.vmdl_c	1712
maps/tatdemo1/worldnodes/node000_lr0_b2332_s_cb_mesh_worldspace_texture_blend.vmdl_c	1712
maps/tatdemo1/worldnodes/node000_lr0_b2333_s_cb_mesh_worldspace_texture_blend.vmdl_c	1712
maps/tatdemo1/worldnodes/node000_lr0_b2349_s_cb_mesh_worldspace_texture_blend.vmdl_c	1712
maps/tatdemo1/worldnodes/node000_lr0_b2350_s_cb_mesh_worldspace_texture_blend.vmdl_c	1712
maps/tatdemo1/worldnodes/node000_lr0_b2351_s_cb_mesh_worldspace_texture_blend.vmdl_c	1712
maps/tatdemo1/worldnodes/node000_lr0_b2352_s_cb_mesh_worldspace_texture_blend.vmdl_c	1712
maps/tatdemo1/worldnodes/node000_lr0_b2353_s_cb_mesh_worldspace_texture_blend.vmdl_c	1712
maps/tatdemo1/worldnodes/node000_lr0_b2354_s_cb_mesh_worldspace_texture_blend.vmdl_c	1712
maps/tatdemo1/worldnodes/node000_lr0_b2356_s_cb_mesh_worldspace_texture_blend.vmdl_c	1712
maps/tatdemo1/worldnodes/node000_lr0_b2357_s_cb_mesh_worldspace_texture_blend.vmdl_c	1712
maps/tatdemo1/worldnodes/node000_lr0_b2358_s_cb_mesh_worldspace_texture_blend.vmdl_c	1712
maps/tatdemo1/worldnodes/node000_lr0_b2359_s_cb_mesh_worldspace_texture_blend.vmdl_c	1712
maps/tatdemo1/worldnodes/node000_lr0_b2360_s_cb_mesh_worldspace_texture_blend.vmdl_c	1712
maps/tatdemo1/worldnodes/node000_lr0_b2361_s_cb_mesh_worldspace_texture_blend.vmdl_c	1712
maps/tatdemo1/worldnodes/node000_lr0_b2362_s_cb_mesh_worldspace_texture_blend.vmdl_c	1712
maps/tatdemo1/worldnodes/node000_lr0_b2363_s_cb_mesh_worldspace_texture_blend.vmdl_c	1712
maps/tatdemo1/worldnodes/node000_lr0_b2364_s_cb_mesh_worldspace_texture_blend.vmdl_c	1712
maps/tatdemo1/worldnodes/node000_lr0_b2378_s_cb_mesh_worldspace_texture_blend.vmdl_c	1712
maps/tatdemo1/worldnodes/node000_lr0_b2379_s_cb_mesh_worldspace_texture_blend.vmdl_c	1712
maps/tatdemo1/worldnodes/node000_lr0_b2380_s_cb_mesh_worldspace_texture_blend.vmdl_c	1712
maps/tatdemo1/worldnodes/node000_lr0_b2381_s_cb_mesh_worldspace_texture_blend.vmdl_c	1712
maps/tatdemo1/worldnodes/node000_lr0_b2382_s_cb_mesh_worldspace_texture_blend.vmdl_c	1712
maps/tatdemo1/worldnodes/node000_lr0_b2385_s_cb_mesh_worldspace_texture_blend.vmdl_c	1712
maps/tatdemo1/worldnodes/node000_lr0_b2386_s_cb_mesh_worldspace_texture_blend.vmdl_c	1712
maps/tatdemo1/worldnodes/node000_lr0_b2387_s_cb_mesh_worldspace_texture_blend.vmdl_c	1712
maps/tatdemo1/worldnodes/node000_lr0_b2388_s_cb_mesh_worldspace_texture_blend.vmdl_c	1712
maps/tatdemo1/worldnodes/node000_lr0_b2389_s_cb_mesh_worldspace_texture_blend.vmdl_c	1712
maps/tatdemo1/worldnodes/node000_lr0_b2391_s_cb_mesh_worldspace_texture_blend.vmdl_c	1712
maps/tatdemo1/worldnodes/node000_lr0_b2392_s_cb_mesh_worldspace_texture_blend.vmdl_c	1712
maps/tatdemo1/worldnodes/node000_lr0_b2393_s_cb_mesh_worldspace_texture_blend.vmdl_c	1712
maps/tatdemo1/worldnodes/node000_lr0_b2394_s_cb_mesh_worldspace_texture_blend.vmdl_c	1712
maps/tatdemo1/worldnodes/node000_lr0_b2402_s_cb_mesh_worldspace_texture_blend.vmdl_c	1712
maps/tatdemo1/worldnodes/node000_lr0_b2403_s_cb_mesh_worldspace_texture_blend.vmdl_c	1712
maps/tatdemo1/worldnodes/node000_lr0_b2404_s_cb_mesh_worldspace_texture_blend.vmdl_c	1712
maps/tatdemo1/worldnodes/node000_lr0_b2407_s_cb_mesh_worldspace_texture_blend.vmdl_c	1712
maps/tatdemo1/worldnodes/node000_lr0_b2410_s_cb_mesh_worldspace_texture_blend.vmdl_c	1712
maps/tatdemo1/worldnodes/node000_lr0_b2413_s_cb_mesh_worldspace_texture_blend.vmdl_c	1712
maps/tatdemo1/worldnodes/node000_lr0_b2414_s_cb_mesh_worldspace_texture_blend.vmdl_c	1712
maps/tatdemo1/worldnodes/node000_lr0_b2415_s_cb_mesh_worldspace_texture_blend.vmdl_c	1712
maps/tatdemo1/worldnodes/node000_lr0_b2416_s_cb_mesh_worldspace_texture_blend.vmdl_c	1712
maps/tatdemo1/worldnodes/node000_lr0_b2417_s_cb_mesh_worldspace_texture_blend.vmdl_c	1712
maps/tatdemo1/worldnodes/node000_lr0_b2418_s_cb_mesh_worldspace_texture_blend.vmdl_c	1712
maps/tatdemo1/worldnodes/node000_lr0_b2419_s_cb_mesh_worldspace_texture_blend.vmdl_c	1712
maps/tatdemo1/worldnodes/node000_lr0_b2420_s_cb_mesh_worldspace_texture_blend.vmdl_c	1712
maps/tatdemo1/worldnodes/node000_lr0_b2421_s_cb_mesh_worldspace_texture_blend.vmdl_c	1712
maps/tatdemo1/worldnodes/node000_lr0_b2423_s_cb_mesh_worldspace_texture_blend.vmdl_c	1712
maps/tatdemo1/worldnodes/node000_lr0_b2431_s_cb_mesh_worldspace_texture_blend.vmdl_c	1712
maps/tatdemo1/worldnodes/node000_lr0_b2432_s_cb_mesh_worldspace_texture_blend.vmdl_c	1712
maps/tatdemo1/worldnodes/node000_lr0_b2433_s_cb_mesh_worldspace_texture_blend.vmdl_c	1712
maps/tatdemo1/worldnodes/node000_lr0_b2434_s_cb_mesh_worldspace_texture_blend.vmdl_c	1712
maps/tatdemo1/worldnodes/node000_lr0_b2436_s_cb_mesh_worldspace_texture_blend.vmdl_c	1712
maps/tatdemo1/worldnodes/node000_lr0_b2437_s_cb_mesh_worldspace_texture_blend.vmdl_c	1712
maps/tatdemo1/worldnodes/node000_lr0_b2438_s_cb_mesh_worldspace_texture_blend.vmdl_c	1712
maps/tatdemo1/worldnodes/node000_lr0_b2439_s_cb_mesh_worldspace_texture_blend.vmdl_c	1712
maps/tatdemo1/worldnodes/node000_lr0_b2441_s_cb_mesh_worldspace_texture_blend.vmdl_c	1712
maps/tatdemo1/worldnodes/node000_lr0_b2442_s_cb_mesh_worldspace_texture_blend.vmdl_c	1712
maps/tatdemo1/worldnodes/node000_lr0_b2443_s_cb_mesh_worldspace_texture_blend.vmdl_c	1712
maps/tatdemo1/worldnodes/node000_lr0_b2444_s_cb_mesh_worldspace_texture_blend.vmdl_c	1712
maps/tatdemo1/worldnodes/node000_lr0_b2445_s_cb_mesh_worldspace_texture_blend.vmdl_c	1712
maps/tatdemo1/worldnodes/node000_lr0_b2446_s_cb_mesh_worldspace_texture_blend.vmdl_c	1712
maps/tatdemo1/worldnodes/node000_lr0_b2447_s_cb_mesh_worldspace_texture_blend.vmdl_c	1712
maps/tatdemo1/worldnodes/node000_lr0_b2448_s_cb_mesh_worldspace_texture_blend.vmdl_c	1712
maps/tatdemo1/worldnodes/node000_lr0_b2449_s_cb_mesh_worldspace_texture_blend.vmdl_c	1712
maps/tatdemo1/worldnodes/node000_lr0_b2450_s_cb_mesh_worldspace_texture_blend.vmdl_c	1712
maps/tatdemo1/worldnodes/node000_lr0_b2451_s_cb_mesh_worldspace_texture_blend.vmdl_c	1712
maps/tatdemo1/worldnodes/node000_lr0_b2452_s_cb_mesh_worldspace_texture_blend.vmdl_c	1712
maps/tatdemo1/worldnodes/node000_lr0_b2453_s_cb_mesh_worldspace_texture_blend.vmdl_c	1712
maps/tatdemo1/worldnodes/node000_lr0_b2454_s_cb_mesh_worldspace_texture_blend.vmdl_c	1712
maps/tatdemo1/worldnodes/node000_lr0_b2460_s_cb_mesh_worldspace_texture_blend.vmdl_c	1712
maps/tatdemo1/worldnodes/node000_lr0_b2461_s_cb_mesh_worldspace_texture_blend.vmdl_c	1712
maps/tatdemo1/worldnodes/node000_lr0_b2462_s_cb_mesh_worldspace_texture_blend.vmdl_c	1712
maps/tatdemo1/worldnodes/node000_lr0_b2463_s_cb_mesh_worldspace_texture_blend.vmdl_c	1712
maps/tatdemo1/worldnodes/node000_lr0_b2465_s_cb_mesh_worldspace_texture_blend.vmdl_c	1712
maps/tatdemo1/worldnodes/node000_lr0_b2466_s_cb_mesh_worldspace_texture_blend.vmdl_c	1712
maps/tatdemo1/worldnodes/node000_lr0_b2467_s_cb_mesh_worldspace_texture_blend.vmdl_c	1712
maps/tatdemo1/worldnodes/node000_lr0_b2468_s_cb_mesh_worldspace_texture_blend.vmdl_c	1712
maps/tatdemo1/worldnodes/node000_lr0_b2469_s_cb_mesh_worldspace_texture_blend.vmdl_c	1712
maps/tatdemo1/worldnodes/node000_lr0_b2470_s_cb_mesh_worldspace_texture_blend.vmdl_c	1712
maps/tatdemo1/worldnodes/node000_lr0_b2471_s_cb_mesh_worldspace_texture_blend.vmdl_c	1712
maps/tatdemo1/worldnodes/node000_lr0_b2472_s_cb_mesh_worldspace_texture_blend.vmdl_c	1712
maps/tatdemo1/worldnodes/node000_lr0_b2473_s_cb_mesh_worldspace_texture_blend.vmdl_c	1712
maps/tatdemo1/worldnodes/node000_lr0_b2474_s_cb_mesh_worldspace_texture_blend.vmdl_c	1712
maps/tatdemo1/worldnodes/node000_lr0_b2475_s_cb_mesh_worldspace_texture_blend.vmdl_c	1712
maps/tatdemo1/worldnodes/node000_lr0_b2476_s_cb_mesh_worldspace_texture_blend.vmdl_c	1712
maps/tatdemo1/worldnodes/node000_lr0_b2477_s_cb_mesh_worldspace_texture_blend.vmdl_c	1712
maps/tatdemo1/worldnodes/node000_lr0_b2478_s_cb_mesh_worldspace_texture_blend.vmdl_c	1712
maps/tatdemo1/worldnodes/node000_lr0_b2479_s_cb_mesh_worldspace_texture_blend.vmdl_c	1712
maps/tatdemo1/worldnodes/node000_lr0_b2480_s_cb_mesh_worldspace_texture_blend.vmdl_c	1712
maps/tatdemo1/worldnodes/node000_lr0_b2481_s_cb_mesh_worldspace_texture_blend.vmdl_c	1712
maps/tatdemo1/worldnodes/node000_lr0_b2482_s_cb_mesh_worldspace_texture_blend.vmdl_c	1712
maps/tatdemo1/worldnodes/node000_lr0_b2483_s_cb_mesh_worldspace_texture_blend.vmdl_c	1712
maps/tatdemo1/worldnodes/node000_lr0_b2484_s_cb_mesh_worldspace_texture_blend.vmdl_c	1712
maps/tatdemo1/worldnodes/node000_lr0_b2489_s_cb_mesh_worldspace_texture_blend.vmdl_c	1712
maps/tatdemo1/worldnodes/node000_lr0_b2490_s_cb_mesh_worldspace_texture_blend.vmdl_c	1712
maps/tatdemo1/worldnodes/node000_lr0_b2491_s_cb_mesh_worldspace_texture_blend.vmdl_c	1712
maps/tatdemo1/worldnodes/node000_lr0_b2492_s_cb_mesh_worldspace_texture_blend.vmdl_c	1712
maps/tatdemo1/worldnodes/node000_lr0_b2494_s_cb_mesh_worldspace_texture_blend.vmdl_c	1712
maps/tatdemo1/worldnodes/node000_lr0_b2495_s_cb_mesh_worldspace_texture_blend.vmdl_c	1712
maps/tatdemo1/worldnodes/node000_lr0_b2496_s_cb_mesh_worldspace_texture_blend.vmdl_c	1712
maps/tatdemo1/worldnodes/node000_lr0_b2497_s_cb_mesh_worldspace_texture_blend.vmdl_c	1712
maps/tatdemo1/worldnodes/node000_lr0_b2498_s_cb_mesh_worldspace_texture_blend.vmdl_c	1712
maps/tatdemo1/worldnodes/node000_lr0_b2499_s_cb_mesh_worldspace_texture_blend.vmdl_c	1712
maps/tatdemo1/worldnodes/node000_lr0_b2500_s_cb_mesh_worldspace_texture_blend.vmdl_c	1712
maps/tatdemo1/worldnodes/node000_lr0_b2501_s_cb_mesh_worldspace_texture_blend.vmdl_c	1712
maps/tatdemo1/worldnodes/node000_lr0_b2502_s_cb_mesh_worldspace_texture_blend.vmdl_c	1712
maps/tatdemo1/worldnodes/node000_lr0_b2503_s_cb_mesh_worldspace_texture_blend.vmdl_c	1712
maps/tatdemo1/worldnodes/node000_lr0_b2504_s_cb_mesh_worldspace_texture_blend.vmdl_c	1712
maps/tatdemo1/worldnodes/node000_lr0_b2505_s_cb_mesh_worldspace_texture_blend.vmdl_c	1712
maps/tatdemo1/worldnodes/node000_lr0_b2506_s_cb_mesh_worldspace_texture_blend.vmdl_c	1712
maps/tatdemo1/worldnodes/node000_lr0_b2507_s_cb_mesh_worldspace_texture_blend.vmdl_c	1712
maps/tatdemo1/worldnodes/node000_lr0_b2508_s_cb_mesh_worldspace_texture_blend.vmdl_c	1712
maps/tatdemo1/worldnodes/node000_lr0_b2509_s_cb_mesh_worldspace_texture_blend.vmdl_c	1712
maps/tatdemo1/worldnodes/node000_lr0_b2510_s_cb_mesh_worldspace_texture_blend.vmdl_c	1712
maps/tatdemo1/worldnodes/node000_lr0_b2511_s_cb_mesh_worldspace_texture_blend.vmdl_c	1712
maps/tatdemo1/worldnodes/node000_lr0_b2512_s_cb_mesh_worldspace_texture_blend.vmdl_c	1712
maps/tatdemo1/worldnodes/node000_lr0_b2513_s_cb_mesh_worldspace_texture_blend.vmdl_c	1712
maps/tatdemo1/worldnodes/node000_lr0_b2514_s_cb_mesh_worldspace_texture_blend.vmdl_c	1712
maps/tatdemo1/worldnodes/node000_lr0_b2519_s_cb_mesh_worldspace_texture_blend.vmdl_c	1712
maps/tatdemo1/worldnodes/node000_lr0_b2520_s_cb_mesh_worldspace_texture_blend.vmdl_c	1712
maps/tatdemo1/worldnodes/node000_lr0_b2524_s_cb_mesh_worldspace_texture_blend.vmdl_c	1712
maps/tatdemo1/worldnodes/node000_lr0_b2525_s_cb_mesh_worldspace_texture_blend.vmdl_c	1712
maps/tatdemo1/worldnodes/node000_lr0_b2526_s_cb_mesh_worldspace_texture_blend.vmdl_c	1712
maps/tatdemo1/worldnodes/node000_lr0_b2527_s_cb_mesh_worldspace_texture_blend.vmdl_c	1712
maps/tatdemo1/worldnodes/node000_lr0_b2528_s_cb_mesh_worldspace_texture_blend.vmdl_c	1712
maps/tatdemo1/worldnodes/node000_lr0_b2529_s_cb_mesh_worldspace_texture_blend.vmdl_c	1712
maps/tatdemo1/worldnodes/node000_lr0_b2530_s_cb_mesh_worldspace_texture_blend.vmdl_c	1712
maps/tatdemo1/worldnodes/node000_lr0_b2531_s_cb_mesh_worldspace_texture_blend.vmdl_c	1712
maps/tatdemo1/worldnodes/node000_lr0_b2532_s_cb_mesh_worldspace_texture_blend.vmdl_c	1712
maps/tatdemo1/worldnodes/node000_lr0_b2533_s_cb_mesh_worldspace_texture_blend.vmdl_c	1712
maps/tatdemo1/worldnodes/node000_lr0_b2534_s_cb_mesh_worldspace_texture_blend.vmdl_c	1712
maps/tatdemo1/worldnodes/node000_lr0_b2535_s_cb_mesh_worldspace_texture_blend.vmdl_c	1712
maps/tatdemo1/worldnodes/node000_lr0_b2536_s_cb_mesh_worldspace_texture_blend.vmdl_c	1712
maps/tatdemo1/worldnodes/node000_lr0_b2537_s_cb_mesh_worldspace_texture_blend.vmdl_c	1712
maps/tatdemo1/worldnodes/node000_lr0_b2538_s_cb_mesh_worldspace_texture_blend.vmdl_c	1712
maps/tatdemo1/worldnodes/node000_lr0_b2539_s_cb_mesh_worldspace_texture_blend.vmdl_c	1712
maps/tatdemo1/worldnodes/node000_lr0_b2540_s_cb_mesh_worldspace_texture_blend.vmdl_c	1712
maps/tatdemo1/worldnodes/node000_lr0_b2541_s_cb_mesh_worldspace_texture_blend.vmdl_c	1712
maps/tatdemo1/worldnodes/node000_lr0_b2542_s_cb_mesh_worldspace_texture_blend.vmdl_c	1712
maps/tatdemo1/worldnodes/node000_lr0_b2543_s_cb_mesh_worldspace_texture_blend.vmdl_c	1712
maps/tatdemo1/worldnodes/node000_lr0_b2545_s_cb_mesh_worldspace_texture_blend.vmdl_c	1712
maps/tatdemo1/worldnodes/node000_lr0_b2546_s_cb_mesh_worldspace_texture_blend.vmdl_c	1712
maps/tatdemo1/worldnodes/node000_lr0_b2553_s_cb_mesh_worldspace_texture_blend.vmdl_c	1712
maps/tatdemo1/worldnodes/node000_lr0_b2554_s_cb_mesh_worldspace_texture_blend.vmdl_c	1712
maps/tatdemo1/worldnodes/node000_lr0_b2556_s_cb_mesh_worldspace_texture_blend.vmdl_c	1712
maps/tatdemo1/worldnodes/node000_lr0_b2557_s_cb_mesh_worldspace_texture_blend.vmdl_c	1712
maps/tatdemo1/worldnodes/node000_lr0_b2559_s_cb_mesh_worldspace_texture_blend.vmdl_c	1712
maps/tatdemo1/worldnodes/node000_lr0_b2560_s_cb_mesh_worldspace_texture_blend.vmdl_c	1712
maps/tatdemo1/worldnodes/node000_lr0_b2561_s_cb_mesh_worldspace_texture_blend.vmdl_c	1712
maps/tatdemo1/worldnodes/node000_lr0_b2562_s_cb_mesh_worldspace_texture_blend.vmdl_c	1712
maps/tatdemo1/worldnodes/node000_lr0_b2563_s_cb_mesh_worldspace_texture_blend.vmdl_c	1712
maps/tatdemo1/worldnodes/node000_lr0_b2564_s_cb_mesh_worldspace_texture_blend.vmdl_c	1712
maps/tatdemo1/worldnodes/node000_lr0_b2565_s_cb_mesh_worldspace_texture_blend.vmdl_c	1712
maps/tatdemo1/worldnodes/node000_lr0_b2566_s_cb_mesh_worldspace_texture_blend.vmdl_c	1712
maps/tatdemo1/worldnodes/node000_lr0_b2567_s_cb_mesh_worldspace_texture_blend.vmdl_c	1712
maps/tatdemo1/worldnodes/node000_lr0_b2568_s_cb_mesh_worldspace_texture_blend.vmdl_c	1712
maps/tatdemo1/worldnodes/node000_lr0_b2569_s_cb_mesh_worldspace_texture_blend.vmdl_c	1712
maps/tatdemo1/worldnodes/node000_lr0_b2570_s_cb_mesh_worldspace_texture_blend.vmdl_c	1712
maps/tatdemo1/worldnodes/node000_lr0_b2571_s_cb_mesh_worldspace_texture_blend.vmdl_c	1712
maps/tatdemo1/worldnodes/node000_lr0_b2572_s_cb_mesh_worldspace_texture_blend.vmdl_c	1712
maps/tatdemo1/worldnodes/node000_lr0_b2573_s_cb_mesh_worldspace_texture_blend.vmdl_c	1712
maps/tatdemo1/worldnodes/node000_lr0_b2574_s_cb_mesh_worldspace_texture_blend.vmdl_c	1712
maps/tatdemo1/worldnodes/node000_lr0_b2575_s_cb_mesh_worldspace_texture_blend.vmdl_c	1712
maps/tatdemo1/worldnodes/node000_lr0_b2576_s_cb_mesh_worldspace_texture_blend.vmdl_c	1712
maps/tatdemo1/worldnodes/node000_lr0_b2582_s_cb_mesh_worldspace_texture_blend.vmdl_c	1712
maps/tatdemo1/worldnodes/node000_lr0_b2583_s_cb_mesh_worldspace_texture_blend.vmdl_c	1712
maps/tatdemo1/worldnodes/node000_lr0_b2586_s_cb_mesh_worldspace_texture_blend.vmdl_c	1712
maps/tatdemo1/worldnodes/node000_lr0_b2588_s_cb_mesh_worldspace_texture_blend.vmdl_c	1712
maps/tatdemo1/worldnodes/node000_lr0_b2589_s_cb_mesh_worldspace_texture_blend.vmdl_c	1712
maps/tatdemo1/worldnodes/node000_lr0_b2590_s_cb_mesh_worldspace_texture_blend.vmdl_c	1712
maps/tatdemo1/worldnodes/node000_lr0_b2591_s_cb_mesh_worldspace_texture_blend.vmdl_c	1712
maps/tatdemo1/worldnodes/node000_lr0_b2592_s_cb_mesh_worldspace_texture_blend.vmdl_c	1712
maps/tatdemo1/worldnodes/node000_lr0_b2593_s_cb_mesh_worldspace_texture_blend.vmdl_c	1712
maps/tatdemo1/worldnodes/node000_lr0_b2594_s_cb_mesh_worldspace_texture_blend.vmdl_c	1712
maps/tatdemo1/worldnodes/node000_lr0_b2595_s_cb_mesh_worldspace_texture_blend.vmdl_c	1712
maps/tatdemo1/worldnodes/node000_lr0_b2596_s_cb_mesh_worldspace_texture_blend.vmdl_c	1712
maps/tatdemo1/worldnodes/node000_lr0_b2597_s_cb_mesh_worldspace_texture_blend.vmdl_c	1712
maps/tatdemo1/worldnodes/node000_lr0_b2598_s_cb_mesh_worldspace_texture_blend.vmdl_c	1712
maps/tatdemo1/worldnodes/node000_lr0_b2599_s_cb_mesh_worldspace_texture_blend.vmdl_c	1712
maps/tatdemo1/worldnodes/node000_lr0_b2600_s_cb_mesh_worldspace_texture_blend.vmdl_c	1712
maps/tatdemo1/worldnodes/node000_lr0_b2601_s_cb_mesh_worldspace_texture_blend.vmdl_c	1712
maps/tatdemo1/worldnodes/node000_lr0_b2602_s_cb_mesh_worldspace_texture_blend.vmdl_c	1712
maps/tatdemo1/worldnodes/node000_lr0_b2603_s_cb_mesh_worldspace_texture_blend.vmdl_c	1712
maps/tatdemo1/worldnodes/node000_lr0_b2604_s_cb_mesh_worldspace_texture_blend.vmdl_c	1712
maps/tatdemo1/worldnodes/node000_lr0_b2605_s_cb_mesh_worldspace_texture_blend.vmdl_c	1712
maps/tatdemo1/worldnodes/node000_lr0_b2611_s_cb_mesh_worldspace_texture_blend.vmdl_c	1712
maps/tatdemo1/worldnodes/node000_lr0_b2612_s_cb_mesh_worldspace_texture_blend.vmdl_c	1712
maps/tatdemo1/worldnodes/node000_lr0_b2613_s_cb_mesh_worldspace_texture_blend.vmdl_c	1712
maps/tatdemo1/worldnodes/node000_lr0_b2614_s_cb_mesh_worldspace_texture_blend.vmdl_c	1712
maps/tatdemo1/worldnodes/node000_lr0_b2615_s_cb_mesh_worldspace_texture_blend.vmdl_c	1712
maps/tatdemo1/worldnodes/node000_lr0_b2617_s_cb_mesh_worldspace_texture_blend.vmdl_c	1712
maps/tatdemo1/worldnodes/node000_lr0_b2618_s_cb_mesh_worldspace_texture_blend.vmdl_c	1712
maps/tatdemo1/worldnodes/node000_lr0_b2619_s_cb_mesh_worldspace_texture_blend.vmdl_c	1712
maps/tatdemo1/worldnodes/node000_lr0_b2620_s_cb_mesh_worldspace_texture_blend.vmdl_c	1712
maps/tatdemo1/worldnodes/node000_lr0_b2621_s_cb_mesh_worldspace_texture_blend.vmdl_c	1712
maps/tatdemo1/worldnodes/node000_lr0_b2622_s_cb_mesh_worldspace_texture_blend.vmdl_c	1712
maps/tatdemo1/worldnodes/node000_lr0_b2623_s_cb_mesh_worldspace_texture_blend.vmdl_c	1712
maps/tatdemo1/worldnodes/node000_lr0_b2624_s_cb_mesh_worldspace_texture_blend.vmdl_c	1712
maps/tatdemo1/worldnodes/node000_lr0_b2625_s_cb_mesh_worldspace_texture_blend.vmdl_c	1712
maps/tatdemo1/worldnodes/node000_lr0_b2627_s_cb_mesh_worldspace_texture_blend.vmdl_c	1712
maps/tatdemo1/worldnodes/node000_lr0_b2628_s_cb_mesh_worldspace_texture_blend.vmdl_c	1712
maps/tatdemo1/worldnodes/node000_lr0_b2629_s_cb_mesh_worldspace_texture_blend.vmdl_c	1712
maps/tatdemo1/worldnodes/node000_lr0_b2630_s_cb_mesh_worldspace_texture_blend.vmdl_c	1712
maps/tatdemo1/worldnodes/node000_lr0_b2631_s_cb_mesh_worldspace_texture_blend.vmdl_c	1712
maps/tatdemo1/worldnodes/node000_lr0_b2632_s_cb_mesh_worldspace_texture_blend.vmdl_c	1712
maps/tatdemo1/worldnodes/node000_lr0_b2633_s_cb_mesh_worldspace_texture_blend.vmdl_c	1712
maps/tatdemo1/worldnodes/node000_lr0_b2634_s_cb_mesh_worldspace_texture_blend.vmdl_c	1712
maps/tatdemo1/worldnodes/node000_lr0_b2635_s_cb_mesh_worldspace_texture_blend.vmdl_c	1712
maps/tatdemo1/worldnodes/node000_lr0_b2637_s_cb_mesh_worldspace_texture_blend.vmdl_c	1712
maps/tatdemo1/worldnodes/node000_lr0_b2642_s_cb_mesh_worldspace_texture_blend.vmdl_c	1712
maps/tatdemo1/worldnodes/node000_lr0_b2643_s_cb_mesh_worldspace_texture_blend.vmdl_c	1712
maps/tatdemo1/worldnodes/node000_lr0_b2646_s_cb_mesh_worldspace_texture_blend.vmdl_c	1712
maps/tatdemo1/worldnodes/node000_lr0_b2647_s_cb_mesh_worldspace_texture_blend.vmdl_c	1712
maps/tatdemo1/worldnodes/node000_lr0_b2648_s_cb_mesh_worldspace_texture_blend.vmdl_c	1712
maps/tatdemo1/worldnodes/node000_lr0_b2649_s_cb_mesh_worldspace_texture_blend.vmdl_c	1712
maps/tatdemo1/worldnodes/node000_lr0_b2650_s_cb_mesh_worldspace_texture_blend.vmdl_c	1712
maps/tatdemo1/worldnodes/node000_lr0_b2651_s_cb_mesh_worldspace_texture_blend.vmdl_c	1712
maps/tatdemo1/worldnodes/node000_lr0_b2652_s_cb_mesh_worldspace_texture_blend.vmdl_c	1712
maps/tatdemo1/worldnodes/node000_lr0_b2653_s_cb_mesh_worldspace_texture_blend.vmdl_c	1712
maps/tatdemo1/worldnodes/node000_lr0_b2654_s_cb_mesh_worldspace_texture_blend.vmdl_c	1712
maps/tatdemo1/worldnodes/node000_lr0_b2655_s_cb_mesh_worldspace_texture_blend.vmdl_c	1712
maps/tatdemo1/worldnodes/node000_lr0_b2656_s_cb_mesh_worldspace_texture_blend.vmdl_c	1712
maps/tatdemo1/worldnodes/node000_lr0_b2657_s_cb_mesh_worldspace_texture_blend.vmdl_c	1712
maps/tatdemo1/worldnodes/node000_lr0_b2658_s_cb_mesh_worldspace_texture_blend.vmdl_c	1712
maps/tatdemo1/worldnodes/node000_lr0_b2659_s_cb_mesh_worldspace_texture_blend.vmdl_c	1712
maps/tatdemo1/worldnodes/node000_lr0_b2661_s_cb_mesh_worldspace_texture_blend.vmdl_c	1712
maps/tatdemo1/worldnodes/node000_lr0_b2662_s_cb_mesh_worldspace_texture_blend.vmdl_c	1712
maps/tatdemo1/worldnodes/node000_lr0_b2663_s_cb_mesh_worldspace_texture_blend.vmdl_c	1712
maps/tatdemo1/worldnodes/node000_lr0_b2664_s_cb_mesh_worldspace_texture_blend.vmdl_c	1712
maps/tatdemo1/worldnodes/node000_lr0_b2665_s_cb_mesh_worldspace_texture_blend.vmdl_c	1712
maps/tatdemo1/worldnodes/node000_lr0_b2666_s_cb_mesh_worldspace_texture_blend.vmdl_c	1712
maps/tatdemo1/worldnodes/node000_lr0_b2675_s_cb_mesh_worldspace_texture_blend.vmdl_c	1712
maps/tatdemo1/worldnodes/node000_lr0_b2676_s_cb_mesh_worldspace_texture_blend.vmdl_c	1712
maps/tatdemo1/worldnodes/node000_lr0_b2677_s_cb_mesh_worldspace_texture_blend.vmdl_c	1712
maps/tatdemo1/worldnodes/node000_lr0_b2678_s_cb_mesh_worldspace_texture_blend.vmdl_c	1712
maps/tatdemo1/worldnodes/node000_lr0_b2679_s_cb_mesh_worldspace_texture_blend.vmdl_c	1712
maps/tatdemo1/worldnodes/node000_lr0_b2680_s_cb_mesh_worldspace_texture_blend.vmdl_c	1712
maps/tatdemo1/worldnodes/node000_lr0_b2681_s_cb_mesh_worldspace_texture_blend.vmdl_c	1712
maps/tatdemo1/worldnodes/node000_lr0_b2683_s_cb_mesh_worldspace_texture_blend.vmdl_c	1712
maps/tatdemo1/worldnodes/node000_lr0_b2684_s_cb_mesh_worldspace_texture_blend.vmdl_c	1712
maps/tatdemo1/worldnodes/node000_lr0_b2685_s_cb_mesh_worldspace_texture_blend.vmdl_c	1712
maps/tatdemo1/worldnodes/node000_lr0_b2686_s_cb_mesh_worldspace_texture_blend.vmdl_c	1712
maps/tatdemo1/worldnodes/node000_lr0_b2687_s_cb_mesh_worldspace_texture_blend.vmdl_c	1712
maps/tatdemo1/worldnodes/node000_lr0_b2688_s_cb_mesh_worldspace_texture_blend.vmdl_c	1712
maps/tatdemo1/worldnodes/node000_lr0_b2690_s_cb_mesh_worldspace_texture_blend.vmdl_c	1712
maps/tatdemo1/worldnodes/node000_lr0_b2691_s_cb_mesh_worldspace_texture_blend.vmdl_c	1712
maps/tatdemo1/worldnodes/node000_lr0_b2694_s_cb_mesh_worldspace_texture_blend.vmdl_c	1712
maps/tatdemo1/worldnodes/node000_lr0_b2695_s_cb_mesh_worldspace_texture_blend.vmdl_c	1712
maps/tatdemo1/worldnodes/node000_lr0_b2703_s_cb_mesh_worldspace_texture_blend.vmdl_c	1712
maps/tatdemo1/worldnodes/node000_lr0_b2704_s_cb_mesh_worldspace_texture_blend.vmdl_c	1712
maps/tatdemo1/worldnodes/node000_lr0_b2705_s_cb_mesh_worldspace_texture_blend.vmdl_c	1712
maps/tatdemo1/worldnodes/node000_lr0_b2706_s_cb_mesh_worldspace_texture_blend.vmdl_c	1712
maps/tatdemo1/worldnodes/node000_lr0_b2707_s_cb_mesh_worldspace_texture_blend.vmdl_c	1712
maps/tatdemo1/worldnodes/node000_lr0_b2708_s_cb_mesh_worldspace_texture_blend.vmdl_c	1712
maps/tatdemo1/worldnodes/node000_lr0_b2709_s_cb_mesh_worldspace_texture_blend.vmdl_c	1712
maps/tatdemo1/worldnodes/node000_lr0_b2710_s_cb_mesh_worldspace_texture_blend.vmdl_c	1712
maps/tatdemo1/worldnodes/node000_lr0_b2711_s_cb_mesh_worldspace_texture_blend.vmdl_c	1712
maps/tatdemo1/worldnodes/node000_lr0_b2712_s_cb_mesh_worldspace_texture_blend.vmdl_c	1712
maps/tatdemo1/worldnodes/node000_lr0_b2713_s_cb_mesh_worldspace_texture_blend.vmdl_c	1712
maps/tatdemo1/worldnodes/node000_lr0_b2714_s_cb_mesh_worldspace_texture_blend.vmdl_c	1712
maps/tatdemo1/worldnodes/node000_lr0_b2715_s_cb_mesh_worldspace_texture_blend.vmdl_c	1712
maps/tatdemo1/worldnodes/node000_lr0_b2716_s_cb_mesh_worldspace_texture_blend.vmdl_c	1712
maps/tatdemo1/worldnodes/node000_lr0_b2717_s_cb_mesh_worldspace_texture_blend.vmdl_c	1712
maps/tatdemo1/worldnodes/node000_lr0_b2719_s_cb_mesh_worldspace_texture_blend.vmdl_c	1712
maps/tatdemo1/worldnodes/node000_lr0_b2720_s_cb_mesh_worldspace_texture_blend.vmdl_c	1712
maps/tatdemo1/worldnodes/node000_lr0_b2723_s_cb_mesh_worldspace_texture_blend.vmdl_c	1712
maps/tatdemo1/worldnodes/node000_lr0_b2724_s_cb_mesh_worldspace_texture_blend.vmdl_c	1712
maps/tatdemo1/worldnodes/node000_lr0_b2727_s_cb_mesh_worldspace_texture_blend.vmdl_c	1712
maps/tatdemo1/worldnodes/node000_lr0_b2728_s_cb_mesh_worldspace_texture_blend.vmdl_c	1712
maps/tatdemo1/worldnodes/node000_lr0_b2729_s_cb_mesh_worldspace_texture_blend.vmdl_c	1712
maps/tatdemo1/worldnodes/node000_lr0_b2730_s_cb_mesh_worldspace_texture_blend.vmdl_c	1712
maps/tatdemo1/worldnodes/node000_lr0_b2731_s_cb_mesh_worldspace_texture_blend.vmdl_c	1712
maps/tatdemo1/worldnodes/node000_lr0_b2732_s_cb_mesh_worldspace_texture_blend.vmdl_c	1712
maps/tatdemo1/worldnodes/node000_lr0_b2733_s_cb_mesh_worldspace_texture_blend.vmdl_c	1712
maps/tatdemo1/worldnodes/node000_lr0_b2734_s_cb_mesh_worldspace_texture_blend.vmdl_c	1712
maps/tatdemo1/worldnodes/node000_lr0_b2735_s_cb_mesh_worldspace_texture_blend.vmdl_c	1712
maps/tatdemo1/worldnodes/node000_lr0_b2736_s_cb_mesh_worldspace_texture_blend.vmdl_c	1712
maps/tatdemo1/worldnodes/node000_lr0_b2737_s_cb_mesh_worldspace_texture_blend.vmdl_c	1712
maps/tatdemo1/worldnodes/node000_lr0_b2738_s_cb_mesh_worldspace_texture_blend.vmdl_c	1712
maps/tatdemo1/worldnodes/node000_lr0_b2739_s_cb_mesh_worldspace_texture_blend.vmdl_c	1712
maps/tatdemo1/worldnodes/node000_lr0_b2740_s_cb_mesh_worldspace_texture_blend.vmdl_c	1712
maps/tatdemo1/worldnodes/node000_lr0_b2741_s_cb_mesh_worldspace_texture_blend.vmdl_c	1712
maps/tatdemo1/worldnodes/node000_lr0_b2742_s_cb_mesh_worldspace_texture_blend.vmdl_c	1712
maps/tatdemo1/worldnodes/node000_lr0_b2743_s_cb_mesh_worldspace_texture_blend.vmdl_c	1712
maps/tatdemo1/worldnodes/node000_lr0_b2744_s_cb_mesh_worldspace_texture_blend.vmdl_c	1712
maps/tatdemo1/worldnodes/node000_lr0_b2745_s_cb_mesh_worldspace_texture_blend.vmdl_c	1712
maps/tatdemo1/worldnodes/node000_lr0_b2746_s_cb_mesh_worldspace_texture_blend.vmdl_c	1712
maps/tatdemo1/worldnodes/node000_lr0_b2748_s_cb_mesh_worldspace_texture_blend.vmdl_c	1712
maps/tatdemo1/worldnodes/node000_lr0_b2751_s_cb_mesh_worldspace_texture_blend.vmdl_c	1712
maps/tatdemo1/worldnodes/node000_lr0_b2752_s_cb_mesh_worldspace_texture_blend.vmdl_c	1712
maps/tatdemo1/worldnodes/node000_lr0_b2753_s_cb_mesh_worldspace_texture_blend.vmdl_c	1712
maps/tatdemo1/worldnodes/node000_lr0_b2756_s_cb_mesh_worldspace_texture_blend.vmdl_c	1712
maps/tatdemo1/worldnodes/node000_lr0_b2757_s_cb_mesh_worldspace_texture_blend.vmdl_c	1712
maps/tatdemo1/worldnodes/node000_lr0_b2758_s_cb_mesh_worldspace_texture_blend.vmdl_c	1712
maps/tatdemo1/worldnodes/node000_lr0_b2759_s_cb_mesh_worldspace_texture_blend.vmdl_c	1712
maps/tatdemo1/worldnodes/node000_lr0_b2760_s_cb_mesh_worldspace_texture_blend.vmdl_c	1712
maps/tatdemo1/worldnodes/node000_lr0_b2761_s_cb_mesh_worldspace_texture_blend.vmdl_c	1712
maps/tatdemo1/worldnodes/node000_lr0_b2762_s_cb_mesh_worldspace_texture_blend.vmdl_c	1712
maps/tatdemo1/worldnodes/node000_lr0_b2763_s_cb_mesh_worldspace_texture_blend.vmdl_c	1712
maps/tatdemo1/worldnodes/node000_lr0_b2764_s_cb_mesh_worldspace_texture_blend.vmdl_c	1712
maps/tatdemo1/worldnodes/node000_lr0_b2765_s_cb_mesh_worldspace_texture_blend.vmdl_c	1712
maps/tatdemo1/worldnodes/node000_lr0_b2766_s_cb_mesh_worldspace_texture_blend.vmdl_c	1712
maps/tatdemo1/worldnodes/node000_lr0_b2767_s_cb_mesh_worldspace_texture_blend.vmdl_c	1712
maps/tatdemo1/worldnodes/node000_lr0_b2768_s_cb_mesh_worldspace_texture_blend.vmdl_c	1712
maps/tatdemo1/worldnodes/node000_lr0_b2769_s_cb_mesh_worldspace_texture_blend.vmdl_c	1712
maps/tatdemo1/worldnodes/node000_lr0_b2770_s_cb_mesh_worldspace_texture_blend.vmdl_c	1712
maps/tatdemo1/worldnodes/node000_lr0_b2771_s_cb_mesh_worldspace_texture_blend.vmdl_c	1712
maps/tatdemo1/worldnodes/node000_lr0_b2772_s_cb_mesh_worldspace_texture_blend.vmdl_c	1712
maps/tatdemo1/worldnodes/node000_lr0_b2773_s_cb_mesh_worldspace_texture_blend.vmdl_c	1712
maps/tatdemo1/worldnodes/node000_lr0_b2774_s_cb_mesh_worldspace_texture_blend.vmdl_c	1712
maps/tatdemo1/worldnodes/node000_lr0_b2777_s_cb_mesh_worldspace_texture_blend.vmdl_c	1712
maps/tatdemo1/worldnodes/node000_lr0_b2778_s_cb_mesh_worldspace_texture_blend.vmdl_c	1712
maps/tatdemo1/worldnodes/node000_lr0_b2779_s_cb_mesh_worldspace_texture_blend.vmdl_c	1712
maps/tatdemo1/worldnodes/node000_lr0_b2780_s_cb_mesh_worldspace_texture_blend.vmdl_c	1712
maps/tatdemo1/worldnodes/node000_lr0_b2781_s_cb_mesh_worldspace_texture_blend.vmdl_c	1712
maps/tatdemo1/worldnodes/node000_lr0_b2782_s_cb_mesh_worldspace_texture_blend.vmdl_c	1712
maps/tatdemo1/worldnodes/node000_lr0_b2785_s_cb_mesh_worldspace_texture_blend.vmdl_c	1712
maps/tatdemo1/worldnodes/node000_lr0_b2786_s_cb_mesh_worldspace_texture_blend.vmdl_c	1712
maps/tatdemo1/worldnodes/node000_lr0_b2787_s_cb_mesh_worldspace_texture_blend.vmdl_c	1712
maps/tatdemo1/worldnodes/node000_lr0_b2788_s_cb_mesh_worldspace_texture_blend.vmdl_c	1712
maps/tatdemo1/worldnodes/node000_lr0_b2789_s_cb_mesh_worldspace_texture_blend.vmdl_c	1712
maps/tatdemo1/worldnodes/node000_lr0_b2790_s_cb_mesh_worldspace_texture_blend.vmdl_c	1712
maps/tatdemo1/worldnodes/node000_lr0_b2791_s_cb_mesh_worldspace_texture_blend.vmdl_c	1712
maps/tatdemo1/worldnodes/node000_lr0_b2792_s_cb_mesh_worldspace_texture_blend.vmdl_c	1712
maps/tatdemo1/worldnodes/node000_lr0_b2793_s_cb_mesh_worldspace_texture_blend.vmdl_c	1712
maps/tatdemo1/worldnodes/node000_lr0_b2794_s_cb_mesh_worldspace_texture_blend.vmdl_c	1712
maps/tatdemo1/worldnodes/node000_lr0_b2795_s_cb_mesh_worldspace_texture_blend.vmdl_c	1712
maps/tatdemo1/worldnodes/node000_lr0_b2796_s_cb_mesh_worldspace_texture_blend.vmdl_c	1712
maps/tatdemo1/worldnodes/node000_lr0_b2797_s_cb_mesh_worldspace_texture_blend.vmdl_c	1712
maps/tatdemo1/worldnodes/node000_lr0_b2798_s_cb_mesh_worldspace_texture_blend.vmdl_c	1712
maps/tatdemo1/worldnodes/node000_lr0_b2799_s_cb_mesh_worldspace_texture_blend.vmdl_c	1712
maps/tatdemo1/worldnodes/node000_lr0_b2800_s_cb_mesh_worldspace_texture_blend.vmdl_c	1712
maps/tatdemo1/worldnodes/node000_lr0_b2801_s_cb_mesh_worldspace_texture_blend.vmdl_c	1712
maps/tatdemo1/worldnodes/node000_lr0_b2802_s_cb_mesh_worldspace_texture_blend.vmdl_c	1712
maps/tatdemo1/worldnodes/node000_lr0_b2803_s_cb_mesh_worldspace_texture_blend.vmdl_c	1712
maps/tatdemo1/worldnodes/node000_lr0_b2804_s_cb_mesh_worldspace_texture_blend.vmdl_c	1712
maps/tatdemo1/worldnodes/node000_lr0_b2806_s_cb_mesh_worldspace_texture_blend.vmdl_c	1712
maps/tatdemo1/worldnodes/node000_lr0_b2807_s_cb_mesh_worldspace_texture_blend.vmdl_c	1712
maps/tatdemo1/worldnodes/node000_lr0_b2808_s_cb_mesh_worldspace_texture_blend.vmdl_c	1712
maps/tatdemo1/worldnodes/node000_lr0_b2809_s_cb_mesh_worldspace_texture_blend.vmdl_c	1712
maps/tatdemo1/worldnodes/node000_lr0_b2810_s_cb_mesh_worldspace_texture_blend.vmdl_c	1712
maps/tatdemo1/worldnodes/node000_lr0_b2811_s_cb_mesh_worldspace_texture_blend.vmdl_c	1712
maps/tatdemo1/worldnodes/node000_lr0_b2814_s_cb_mesh_worldspace_texture_blend.vmdl_c	1712
maps/tatdemo1/worldnodes/node000_lr0_b2815_s_cb_mesh_worldspace_texture_blend.vmdl_c	1712
maps/tatdemo1/worldnodes/node000_lr0_b2816_s_cb_mesh_worldspace_texture_blend.vmdl_c	1712
maps/tatdemo1/worldnodes/node000_lr0_b2817_s_cb_mesh_worldspace_texture_blend.vmdl_c	1712
maps/tatdemo1/worldnodes/node000_lr0_b2818_s_cb_mesh_worldspace_texture_blend.vmdl_c	1712
maps/tatdemo1/worldnodes/node000_lr0_b2819_s_cb_mesh_worldspace_texture_blend.vmdl_c	1712
maps/tatdemo1/worldnodes/node000_lr0_b2820_s_cb_mesh_worldspace_texture_blend.vmdl_c	1712
maps/tatdemo1/worldnodes/node000_lr0_b2821_s_cb_mesh_worldspace_texture_blend.vmdl_c	1712
maps/tatdemo1/worldnodes/node000_lr0_b2822_s_cb_mesh_worldspace_texture_blend.vmdl_c	1712
maps/tatdemo1/worldnodes/node000_lr0_b2823_s_cb_mesh_worldspace_texture_blend.vmdl_c	1712
maps/tatdemo1/worldnodes/node000_lr0_b2824_s_cb_mesh_worldspace_texture_blend.vmdl_c	1712
maps/tatdemo1/worldnodes/node000_lr0_b2825_s_cb_mesh_worldspace_texture_blend.vmdl_c	1712
maps/tatdemo1/worldnodes/node000_lr0_b2826_s_cb_mesh_worldspace_texture_blend.vmdl_c	1712
maps/tatdemo1/worldnodes/node000_lr0_b2827_s_cb_mesh_worldspace_texture_blend.vmdl_c	1712
maps/tatdemo1/worldnodes/node000_lr0_b2828_s_cb_mesh_worldspace_texture_blend.vmdl_c	1712
maps/tatdemo1/worldnodes/node000_lr0_b2829_s_cb_mesh_worldspace_texture_blend.vmdl_c	1712
maps/tatdemo1/worldnodes/node000_lr0_b2830_s_cb_mesh_worldspace_texture_blend.vmdl_c	1712
maps/tatdemo1/worldnodes/node000_lr0_b2831_s_cb_mesh_worldspace_texture_blend.vmdl_c	1712
maps/tatdemo1/worldnodes/node000_lr0_b2832_s_cb_mesh_worldspace_texture_blend.vmdl_c	1712
maps/tatdemo1/worldnodes/node000_lr0_b2833_s_cb_mesh_worldspace_texture_blend.vmdl_c	1712
maps/tatdemo1/worldnodes/node000_lr0_b2836_s_cb_mesh_worldspace_texture_blend.vmdl_c	1712
maps/tatdemo1/worldnodes/node000_lr0_b2843_s_cb_mesh_worldspace_texture_blend.vmdl_c	1712
maps/tatdemo1/worldnodes/node000_lr0_b2844_s_cb_mesh_worldspace_texture_blend.vmdl_c	1712
maps/tatdemo1/worldnodes/node000_lr0_b2849_s_cb_mesh_worldspace_texture_blend.vmdl_c	1712
maps/tatdemo1/worldnodes/node000_lr0_b2850_s_cb_mesh_worldspace_texture_blend.vmdl_c	1712
maps/tatdemo1/worldnodes/node000_lr0_b2851_s_cb_mesh_worldspace_texture_blend.vmdl_c	1712
maps/tatdemo1/worldnodes/node000_lr0_b2852_s_cb_mesh_worldspace_texture_blend.vmdl_c	1712
maps/tatdemo1/worldnodes/node000_lr0_b2853_s_cb_mesh_worldspace_texture_blend.vmdl_c	1712
maps/tatdemo1/worldnodes/node000_lr0_b2854_s_cb_mesh_worldspace_texture_blend.vmdl_c	1712
maps/tatdemo1/worldnodes/node000_lr0_b2855_s_cb_mesh_worldspace_texture_blend.vmdl_c	1712
maps/tatdemo1/worldnodes/node000_lr0_b2856_s_cb_mesh_worldspace_texture_blend.vmdl_c	1712
maps/tatdemo1/worldnodes/node000_lr0_b2857_s_cb_mesh_worldspace_texture_blend.vmdl_c	1712
maps/tatdemo1/worldnodes/node000_lr0_b2858_s_cb_mesh_worldspace_texture_blend.vmdl_c	1712
maps/tatdemo1/worldnodes/node000_lr0_b2859_s_cb_mesh_worldspace_texture_blend.vmdl_c	1712
maps/tatdemo1/worldnodes/node000_lr0_b2860_s_cb_mesh_worldspace_texture_blend.vmdl_c	1712
maps/tatdemo1/worldnodes/node000_lr0_b2861_s_cb_mesh_worldspace_texture_blend.vmdl_c	1712
maps/tatdemo1/worldnodes/node000_lr0_b2862_s_cb_mesh_worldspace_texture_blend.vmdl_c	1712
maps/tatdemo1/worldnodes/node000_lr0_b2864_s_cb_mesh_worldspace_texture_blend.vmdl_c	1712
maps/tatdemo1/worldnodes/node000_lr0_b2865_s_cb_mesh_worldspace_texture_blend.vmdl_c	1712
maps/tatdemo1/worldnodes/node000_lr0_b2872_s_cb_mesh_worldspace_texture_blend.vmdl_c	1712
maps/tatdemo1/worldnodes/node000_lr0_b2873_s_cb_mesh_worldspace_texture_blend.vmdl_c	1712
maps/tatdemo1/worldnodes/node000_lr0_b2878_s_cb_mesh_worldspace_texture_blend.vmdl_c	1712
maps/tatdemo1/worldnodes/node000_lr0_b2879_s_cb_mesh_worldspace_texture_blend.vmdl_c	1712
maps/tatdemo1/worldnodes/node000_lr0_b2880_s_cb_mesh_worldspace_texture_blend.vmdl_c	1712
maps/tatdemo1/worldnodes/node000_lr0_b2881_s_cb_mesh_worldspace_texture_blend.vmdl_c	1712
maps/tatdemo1/worldnodes/node000_lr0_b2882_s_cb_mesh_worldspace_texture_blend.vmdl_c	1712
maps/tatdemo1/worldnodes/node000_lr0_b2883_s_cb_mesh_worldspace_texture_blend.vmdl_c	1712
maps/tatdemo1/worldnodes/node000_lr0_b2884_s_cb_mesh_worldspace_texture_blend.vmdl_c	1712
maps/tatdemo1/worldnodes/node000_lr0_b2885_s_cb_mesh_worldspace_texture_blend.vmdl_c	1712
maps/tatdemo1/worldnodes/node000_lr0_b2886_s_cb_mesh_worldspace_texture_blend.vmdl_c	1712
maps/tatdemo1/worldnodes/node000_lr0_b2887_s_cb_mesh_worldspace_texture_blend.vmdl_c	1712
maps/tatdemo1/worldnodes/node000_lr0_b2888_s_cb_mesh_worldspace_texture_blend.vmdl_c	1712
maps/tatdemo1/worldnodes/node000_lr0_b2889_s_cb_mesh_worldspace_texture_blend.vmdl_c	1712
maps/tatdemo1/worldnodes/node000_lr0_b2890_s_cb_mesh_worldspace_texture_blend.vmdl_c	1712
maps/tatdemo1/worldnodes/node000_lr0_b2891_s_cb_mesh_worldspace_texture_blend.vmdl_c	1712
maps/tatdemo1/worldnodes/node000_lr0_b2892_s_cb_mesh_worldspace_texture_blend.vmdl_c	1712
maps/tatdemo1/worldnodes/node000_lr0_b2893_s_cb_mesh_worldspace_texture_blend.vmdl_c	1712
maps/tatdemo1/worldnodes/node000_lr0_b2894_s_cb_mesh_worldspace_texture_blend.vmdl_c	1712
maps/tatdemo1/worldnodes/node000_lr0_b2901_s_cb_mesh_worldspace_texture_blend.vmdl_c	1712
maps/tatdemo1/worldnodes/node000_lr0_b2902_s_cb_mesh_worldspace_texture_blend.vmdl_c	1712
maps/tatdemo1/worldnodes/node000_lr0_b2903_s_cb_mesh_worldspace_texture_blend.vmdl_c	1712
maps/tatdemo1/worldnodes/node000_lr0_b2904_s_cb_mesh_worldspace_texture_blend.vmdl_c	1712
maps/tatdemo1/worldnodes/node000_lr0_b2905_s_cb_mesh_worldspace_texture_blend.vmdl_c	1712
maps/tatdemo1/worldnodes/node000_lr0_b2906_s_cb_mesh_worldspace_texture_blend.vmdl_c	1712
maps/tatdemo1/worldnodes/node000_lr0_b2907_s_cb_mesh_worldspace_texture_blend.vmdl_c	1712
maps/tatdemo1/worldnodes/node000_lr0_b2908_s_cb_mesh_worldspace_texture_blend.vmdl_c	1712
maps/tatdemo1/worldnodes/node000_lr0_b2909_s_cb_mesh_worldspace_texture_blend.vmdl_c	1712
maps/tatdemo1/worldnodes/node000_lr0_b2910_s_cb_mesh_worldspace_texture_blend.vmdl_c	1712
maps/tatdemo1/worldnodes/node000_lr0_b2911_s_cb_mesh_worldspace_texture_blend.vmdl_c	1712
maps/tatdemo1/worldnodes/node000_lr0_b2912_s_cb_mesh_worldspace_texture_blend.vmdl_c	1712
maps/tatdemo1/worldnodes/node000_lr0_b2913_s_cb_mesh_worldspace_texture_blend.vmdl_c	1712
maps/tatdemo1/worldnodes/node000_lr0_b2914_s_cb_mesh_worldspace_texture_blend.vmdl_c	1712
maps/tatdemo1/worldnodes/node000_lr0_b2915_s_cb_mesh_worldspace_texture_blend.vmdl_c	1712
maps/tatdemo1/worldnodes/node000_lr0_b2916_s_cb_mesh_worldspace_texture_blend.vmdl_c	1712
maps/tatdemo1/worldnodes/node000_lr0_b2917_s_cb_mesh_worldspace_texture_blend.vmdl_c	1712
maps/tatdemo1/worldnodes/node000_lr0_b2918_s_cb_mesh_worldspace_texture_blend.vmdl_c	1712
maps/tatdemo1/worldnodes/node000_lr0_b2919_s_cb_mesh_worldspace_texture_blend.vmdl_c	1712
maps/tatdemo1/worldnodes/node000_lr0_b2920_s_cb_mesh_worldspace_texture_blend.vmdl_c	1712
maps/tatdemo1/worldnodes/node000_lr0_b2921_s_cb_mesh_worldspace_texture_blend.vmdl_c	1712
maps/tatdemo1/worldnodes/node000_lr0_b2922_s_cb_mesh_worldspace_texture_blend.vmdl_c	1712
maps/tatdemo1/worldnodes/node000_lr0_b2930_s_cb_mesh_worldspace_texture_blend.vmdl_c	1712
maps/tatdemo1/worldnodes/node000_lr0_b2931_s_cb_mesh_worldspace_texture_blend.vmdl_c	1712
maps/tatdemo1/worldnodes/node000_lr0_b2932_s_cb_mesh_worldspace_texture_blend.vmdl_c	1712
maps/tatdemo1/worldnodes/node000_lr0_b2933_s_cb_mesh_worldspace_texture_blend.vmdl_c	1712
maps/tatdemo1/worldnodes/node000_lr0_b2934_s_cb_mesh_worldspace_texture_blend.vmdl_c	1712
maps/tatdemo1/worldnodes/node000_lr0_b2935_s_cb_mesh_worldspace_texture_blend.vmdl_c	1712
maps/tatdemo1/worldnodes/node000_lr0_b2936_s_cb_mesh_worldspace_texture_blend.vmdl_c	1712
maps/tatdemo1/worldnodes/node000_lr0_b2937_s_cb_mesh_worldspace_texture_blend.vmdl_c	1712
maps/tatdemo1/worldnodes/node000_lr0_b2938_s_cb_mesh_worldspace_texture_blend.vmdl_c	1712
maps/tatdemo1/worldnodes/node000_lr0_b2939_s_cb_mesh_worldspace_texture_blend.vmdl_c	1712
maps/tatdemo1/worldnodes/node000_lr0_b2940_s_cb_mesh_worldspace_texture_blend.vmdl_c	1712
maps/tatdemo1/worldnodes/node000_lr0_b2941_s_cb_mesh_worldspace_texture_blend.vmdl_c	1712
maps/tatdemo1/worldnodes/node000_lr0_b2942_s_cb_mesh_worldspace_texture_blend.vmdl_c	1712
maps/tatdemo1/worldnodes/node000_lr0_b2943_s_cb_mesh_worldspace_texture_blend.vmdl_c	1712
maps/tatdemo1/worldnodes/node000_lr0_b2944_s_cb_mesh_worldspace_texture_blend.vmdl_c	1712
maps/tatdemo1/worldnodes/node000_lr0_b2945_s_cb_mesh_worldspace_texture_blend.vmdl_c	1712
maps/tatdemo1/worldnodes/node000_lr0_b2946_s_cb_mesh_worldspace_texture_blend.vmdl_c	1712
maps/tatdemo1/worldnodes/node000_lr0_b2947_s_cb_mesh_worldspace_texture_blend.vmdl_c	1712
maps/tatdemo1/worldnodes/node000_lr0_b2949_s_cb_mesh_worldspace_texture_blend.vmdl_c	1712
maps/tatdemo1/worldnodes/node000_lr0_b2959_s_cb_mesh_worldspace_texture_blend.vmdl_c	1712
maps/tatdemo1/worldnodes/node000_lr0_b2961_s_cb_mesh_worldspace_texture_blend.vmdl_c	1712
maps/tatdemo1/worldnodes/node000_lr0_b2963_s_cb_mesh_worldspace_texture_blend.vmdl_c	1712
maps/tatdemo1/worldnodes/node000_lr0_b2970_s_cb_mesh_worldspace_texture_blend.vmdl_c	1712
maps/tatdemo1/worldnodes/node000_lr0_b2971_s_cb_mesh_worldspace_texture_blend.vmdl_c	1712
maps/tatdemo1/worldnodes/node000_lr0_b3016_s_cb_mesh_worldspace_texture_blend.vmdl_c	1712
maps/tatdemo1/worldnodes/node000_lr0_b3017_s_cb_mesh_worldspace_texture_blend.vmdl_c	1712
maps/tatdemo1/worldnodes/node000_lr0_b3018_s_cb_mesh_worldspace_texture_blend.vmdl_c	1712
maps/tatdemo1/worldnodes/node000_lr0_b3019_s_cb_mesh_worldspace_texture_blend.vmdl_c	1712
maps/tatdemo1/worldnodes/node000_lr0_b3020_s_cb_mesh_worldspace_texture_blend.vmdl_c	1712
maps/tatdemo1/worldnodes/node000_lr0_b3021_s_cb_mesh_worldspace_texture_blend.vmdl_c	1712
maps/tatdemo1/worldnodes/node000_lr0_b3022_s_cb_mesh_worldspace_texture_blend.vmdl_c	1712
maps/tatdemo1/worldnodes/node000_lr0_b3023_s_cb_mesh_worldspace_texture_blend.vmdl_c	1712
maps/tatdemo1/worldnodes/node000_lr0_b3024_s_cb_mesh_worldspace_texture_blend.vmdl_c	1712
maps/tatdemo1/worldnodes/node000_lr0_b3025_s_cb_mesh_worldspace_texture_blend.vmdl_c	1712
maps/tatdemo1/worldnodes/node000_lr0_b3026_s_cb_mesh_worldspace_texture_blend.vmdl_c	1712
maps/tatdemo1/worldnodes/node000_lr0_b3038_s_cb_mesh_worldspace_texture_blend.vmdl_c	1712
maps/tatdemo1/worldnodes/node000_lr0_b3045_s_cb_mesh_worldspace_texture_blend.vmdl_c	1712
maps/tatdemo1/worldnodes/node000_lr0_b3047_s_cb_mesh_worldspace_texture_blend.vmdl_c	1712
maps/tatdemo1/worldnodes/node000_lr0_b3048_s_cb_mesh_worldspace_texture_blend.vmdl_c	1712
maps/tatdemo1/worldnodes/node000_lr0_b3052_s_cb_mesh_worldspace_texture_blend.vmdl_c	1712
maps/tatdemo1/worldnodes/node000_lr0_b3053_s_cb_mesh_worldspace_texture_blend.vmdl_c	1712
maps/tatdemo1/worldnodes/node000_lr0_b3054_s_cb_mesh_worldspace_texture_blend.vmdl_c	1712
maps/tatdemo1/worldnodes/node000_lr0_b3055_s_cb_mesh_worldspace_texture_blend.vmdl_c	1712
maps/tatdemo1/worldnodes/node000_lr0_b3056_s_cb_mesh_worldspace_texture_blend.vmdl_c	1712
maps/tatdemo1/worldnodes/node000_lr0_b3057_s_cb_mesh_worldspace_texture_blend.vmdl_c	1712
maps/tatdemo1/worldnodes/node000_lr0_b3058_s_cb_mesh_worldspace_texture_blend.vmdl_c	1712
maps/tatdemo1/worldnodes/node000_lr0_b3067_s_cb_mesh_worldspace_texture_blend.vmdl_c	1712
maps/tatdemo1/worldnodes/node000_lr0_b3074_s_cb_mesh_worldspace_texture_blend.vmdl_c	1712
maps/tatdemo1/worldnodes/node000_lr0_b3075_s_cb_mesh_worldspace_texture_blend.vmdl_c	1712
maps/tatdemo1/worldnodes/node000_lr0_b3078_s_cb_mesh_worldspace_texture_blend.vmdl_c	1712
maps/tatdemo1/worldnodes/node000_lr0_b3081_s_cb_mesh_worldspace_texture_blend.vmdl_c	1712
maps/tatdemo1/worldnodes/node000_lr0_b3082_s_cb_mesh_worldspace_texture_blend.vmdl_c	1712
maps/tatdemo1/worldnodes/node000_lr0_b3084_s_cb_mesh_worldspace_texture_blend.vmdl_c	1712
maps/tatdemo1/worldnodes/node000_lr0_b3085_s_cb_mesh_worldspace_texture_blend.vmdl_c	1712
maps/tatdemo1/worldnodes/node000_lr0_b3086_s_cb_mesh_worldspace_texture_blend.vmdl_c	1712
maps/tatdemo1/worldnodes/node000_lr0_b3087_s_cb_mesh_worldspace_texture_blend.vmdl_c	1712
maps/tatdemo1/worldnodes/node000_lr0_b3092_s_cb_mesh_worldspace_texture_blend.vmdl_c	1712
maps/tatdemo1/worldnodes/node000_lr0_b3093_s_cb_mesh_worldspace_texture_blend.vmdl_c	1712
maps/tatdemo1/worldnodes/node000_lr0_b3096_s_cb_mesh_worldspace_texture_blend.vmdl_c	1712
maps/tatdemo1/worldnodes/node000_lr0_b3103_s_cb_mesh_worldspace_texture_blend.vmdl_c	1712
maps/tatdemo1/worldnodes/node000_lr0_b3106_s_cb_mesh_worldspace_texture_blend.vmdl_c	1712
maps/tatdemo1/worldnodes/node000_lr0_b3107_s_cb_mesh_worldspace_texture_blend.vmdl_c	1712
maps/tatdemo1/worldnodes/node000_lr0_b3110_s_cb_mesh_worldspace_texture_blend.vmdl_c	1712
maps/tatdemo1/worldnodes/node000_lr0_b3111_s_cb_mesh_worldspace_texture_blend.vmdl_c	1712
maps/tatdemo1/worldnodes/node000_lr0_b3112_s_cb_mesh_worldspace_texture_blend.vmdl_c	1712
maps/tatdemo1/worldnodes/node000_lr0_b3113_s_cb_mesh_worldspace_texture_blend.vmdl_c	1712
maps/tatdemo1/worldnodes/node000_lr0_b3114_s_cb_mesh_worldspace_texture_blend.vmdl_c	1712
maps/tatdemo1/worldnodes/node000_lr0_b3115_s_cb_mesh_worldspace_texture_blend.vmdl_c	1712
maps/tatdemo1/worldnodes/node000_lr0_b3116_s_cb_mesh_worldspace_texture_blend.vmdl_c	1712
maps/tatdemo1/worldnodes/node000_lr0_b3117_s_cb_mesh_worldspace_texture_blend.vmdl_c	1712
maps/tatdemo1/worldnodes/node000_lr0_b3118_s_cb_mesh_worldspace_texture_blend.vmdl_c	1712
maps/tatdemo1/worldnodes/node000_lr0_b3120_s_cb_mesh_worldspace_texture_blend.vmdl_c	1712
maps/tatdemo1/worldnodes/node000_lr0_b3121_s_cb_mesh_worldspace_texture_blend.vmdl_c	1712
maps/tatdemo1/worldnodes/node000_lr0_b3122_s_cb_mesh_worldspace_texture_blend.vmdl_c	1712
maps/tatdemo1/worldnodes/node000_lr0_b3123_s_cb_mesh_worldspace_texture_blend.vmdl_c	1712
maps/tatdemo1/worldnodes/node000_lr0_b3125_s_cb_mesh_worldspace_texture_blend.vmdl_c	1712
maps/tatdemo1/worldnodes/node000_lr0_b3126_s_cb_mesh_worldspace_texture_blend.vmdl_c	1712
maps/tatdemo1/worldnodes/node000_lr0_b3127_s_cb_mesh_worldspace_texture_blend.vmdl_c	1712
maps/tatdemo1/worldnodes/node000_lr0_b3128_s_cb_mesh_worldspace_texture_blend.vmdl_c	1712
maps/tatdemo1/worldnodes/node000_lr0_b3129_s_cb_mesh_worldspace_texture_blend.vmdl_c	1712
maps/tatdemo1/worldnodes/node000_lr0_b3130_s_cb_mesh_worldspace_texture_blend.vmdl_c	1712
maps/tatdemo1/worldnodes/node000_lr0_b3132_s_cb_mesh_worldspace_texture_blend.vmdl_c	1712
maps/tatdemo1/worldnodes/node000_lr0_b3135_s_cb_mesh_worldspace_texture_blend.vmdl_c	1712
maps/tatdemo1/worldnodes/node000_lr0_b3136_s_cb_mesh_worldspace_texture_blend.vmdl_c	1712
maps/tatdemo1/worldnodes/node000_lr0_b3139_s_cb_mesh_worldspace_texture_blend.vmdl_c	1712
maps/tatdemo1/worldnodes/node000_lr0_b3140_s_cb_mesh_worldspace_texture_blend.vmdl_c	1712
maps/tatdemo1/worldnodes/node000_lr0_b3141_s_cb_mesh_worldspace_texture_blend.vmdl_c	1712
maps/tatdemo1/worldnodes/node000_lr0_b3142_s_cb_mesh_worldspace_texture_blend.vmdl_c	1712
maps/tatdemo1/worldnodes/node000_lr0_b3143_s_cb_mesh_worldspace_texture_blend.vmdl_c	1712
maps/tatdemo1/worldnodes/node000_lr0_b3145_s_cb_mesh_worldspace_texture_blend.vmdl_c	1712
maps/tatdemo1/worldnodes/node000_lr0_b3146_s_cb_mesh_worldspace_texture_blend.vmdl_c	1712
maps/tatdemo1/worldnodes/node000_lr0_b3147_s_cb_mesh_worldspace_texture_blend.vmdl_c	1712
maps/tatdemo1/worldnodes/node000_lr0_b3148_s_cb_mesh_worldspace_texture_blend.vmdl_c	1712
maps/tatdemo1/worldnodes/node000_lr0_b3149_s_cb_mesh_worldspace_texture_blend.vmdl_c	1712
maps/tatdemo1/worldnodes/node000_lr0_b3152_s_cb_mesh_worldspace_texture_blend.vmdl_c	1712
maps/tatdemo1/worldnodes/node000_lr0_b3153_s_cb_mesh_worldspace_texture_blend.vmdl_c	1712
maps/tatdemo1/worldnodes/node000_lr0_b3156_s_cb_mesh_worldspace_texture_blend.vmdl_c	1712
maps/tatdemo1/worldnodes/node000_lr0_b3157_s_cb_mesh_worldspace_texture_blend.vmdl_c	1712
maps/tatdemo1/worldnodes/node000_lr0_b3158_s_cb_mesh_worldspace_texture_blend.vmdl_c	1712
maps/tatdemo1/worldnodes/node000_lr0_b3161_s_cb_mesh_worldspace_texture_blend.vmdl_c	1712
maps/tatdemo1/worldnodes/node000_lr0_b3168_s_cb_mesh_worldspace_texture_blend.vmdl_c	1712
maps/tatdemo1/worldnodes/node000_lr0_b3169_s_cb_mesh_worldspace_texture_blend.vmdl_c	1712
maps/tatdemo1/worldnodes/node000_lr0_b3171_s_cb_mesh_worldspace_texture_blend.vmdl_c	1712
maps/tatdemo1/worldnodes/node000_lr0_b3172_s_cb_mesh_worldspace_texture_blend.vmdl_c	1712
maps/tatdemo1/worldnodes/node000_lr0_b3173_s_cb_mesh_worldspace_texture_blend.vmdl_c	1712
maps/tatdemo1/worldnodes/node000_lr0_b3174_s_cb_mesh_worldspace_texture_blend.vmdl_c	1712
maps/tatdemo1/worldnodes/node000_lr0_b3175_s_cb_mesh_worldspace_texture_blend.vmdl_c	1712
maps/tatdemo1/worldnodes/node000_lr0_b3177_s_cb_mesh_worldspace_texture_blend.vmdl_c	1712
maps/tatdemo1/worldnodes/node000_lr0_b3178_s_cb_mesh_worldspace_texture_blend.vmdl_c	1712
maps/tatdemo1/worldnodes/node000_lr0_b3179_s_cb_mesh_worldspace_texture_blend.vmdl_c	1712
maps/tatdemo1/worldnodes/node000_lr0_b3180_s_cb_mesh_worldspace_texture_blend.vmdl_c	1712
maps/tatdemo1/worldnodes/node000_lr0_b3181_s_cb_mesh_worldspace_texture_blend.vmdl_c	1712
maps/tatdemo1/worldnodes/node000_lr0_b3182_s_cb_mesh_worldspace_texture_blend.vmdl_c	1712
maps/tatdemo1/worldnodes/node000_lr0_b3185_s_cb_mesh_worldspace_texture_blend.vmdl_c	1712
maps/tatdemo1/worldnodes/node000_lr0_b3187_s_cb_mesh_worldspace_texture_blend.vmdl_c	1712
maps/tatdemo1/worldnodes/node000_lr0_b3188_s_cb_mesh_worldspace_texture_blend.vmdl_c	1712
maps/tatdemo1/worldnodes/node000_lr0_b3190_s_cb_mesh_worldspace_texture_blend.vmdl_c	1712
maps/tatdemo1/worldnodes/node000_lr0_b3197_s_cb_mesh_worldspace_texture_blend.vmdl_c	1712
maps/tatdemo1/worldnodes/node000_lr0_b3198_s_cb_mesh_worldspace_texture_blend.vmdl_c	1712
maps/tatdemo1/worldnodes/node000_lr0_b3199_s_cb_mesh_worldspace_texture_blend.vmdl_c	1712
maps/tatdemo1/worldnodes/node000_lr0_b3200_s_cb_mesh_worldspace_texture_blend.vmdl_c	1712
maps/tatdemo1/worldnodes/node000_lr0_b3201_s_cb_mesh_worldspace_texture_blend.vmdl_c	1712
maps/tatdemo1/worldnodes/node000_lr0_b3202_s_cb_mesh_worldspace_texture_blend.vmdl_c	1712
maps/tatdemo1/worldnodes/node000_lr0_b3203_s_cb_mesh_worldspace_texture_blend.vmdl_c	1712
maps/tatdemo1/worldnodes/node000_lr0_b3204_s_cb_mesh_worldspace_texture_blend.vmdl_c	1712
maps/tatdemo1/worldnodes/node000_lr0_b3205_s_cb_mesh_worldspace_texture_blend.vmdl_c	1712
maps/tatdemo1/worldnodes/node000_lr0_b3206_s_cb_mesh_worldspace_texture_blend.vmdl_c	1712
maps/tatdemo1/worldnodes/node000_lr0_b3207_s_cb_mesh_worldspace_texture_blend.vmdl_c	1712
maps/tatdemo1/worldnodes/node000_lr0_b3208_s_cb_mesh_worldspace_texture_blend.vmdl_c	1712
maps/tatdemo1/worldnodes/node000_lr0_b3209_s_cb_mesh_worldspace_texture_blend.vmdl_c	1712
maps/tatdemo1/worldnodes/node000_lr0_b3210_s_cb_mesh_worldspace_texture_blend.vmdl_c	1712
maps/tatdemo1/worldnodes/node000_lr0_b3214_s_cb_mesh_worldspace_texture_blend.vmdl_c	1712
maps/tatdemo1/worldnodes/node000_lr0_b3217_s_cb_mesh_worldspace_texture_blend.vmdl_c	1712
maps/tatdemo1/worldnodes/node000_lr0_b3219_s_cb_mesh_worldspace_texture_blend.vmdl_c	1712
maps/tatdemo1/worldnodes/node000_lr0_b3220_s_cb_mesh_worldspace_texture_blend.vmdl_c	1712
maps/tatdemo1/worldnodes/node000_lr0_b3221_s_cb_mesh_worldspace_texture_blend.vmdl_c	1712
maps/tatdemo1/worldnodes/node000_lr0_b3222_s_cb_mesh_worldspace_texture_blend.vmdl_c	1712
maps/tatdemo1/worldnodes/node000_lr0_b3223_s_cb_mesh_worldspace_texture_blend.vmdl_c	1712
maps/tatdemo1/worldnodes/node000_lr0_b3224_s_cb_mesh_worldspace_texture_blend.vmdl_c	1712
maps/tatdemo1/worldnodes/node000_lr0_b3225_s_cb_mesh_worldspace_texture_blend.vmdl_c	1712
maps/tatdemo1/worldnodes/node000_lr0_b3226_s_cb_mesh_worldspace_texture_blend.vmdl_c	1712
maps/tatdemo1/worldnodes/node000_lr0_b3233_s_cb_mesh_worldspace_texture_blend.vmdl_c	1712
maps/tatdemo1/worldnodes/node000_lr0_b3234_s_cb_mesh_worldspace_texture_blend.vmdl_c	1712
maps/tatdemo1/worldnodes/node000_lr0_b3235_s_cb_mesh_worldspace_texture_blend.vmdl_c	1712
maps/tatdemo1/worldnodes/node000_lr0_b3237_s_cb_mesh_worldspace_texture_blend.vmdl_c	1712
maps/tatdemo1/worldnodes/node000_lr0_b3238_s_cb_mesh_worldspace_texture_blend.vmdl_c	1712
maps/tatdemo1/worldnodes/node000_lr0_b3239_s_cb_mesh_worldspace_texture_blend.vmdl_c	1712
maps/tatdemo1/worldnodes/node000_lr0_b3243_s_cb_mesh_worldspace_texture_blend.vmdl_c	1712
maps/tatdemo1/worldnodes/node000_lr0_b3244_s_cb_mesh_worldspace_texture_blend.vmdl_c	1712
maps/tatdemo1/worldnodes/node000_lr0_b3245_s_cb_mesh_worldspace_texture_blend.vmdl_c	1712
maps/tatdemo1/worldnodes/node000_lr0_b3246_s_cb_mesh_worldspace_texture_blend.vmdl_c	1712
maps/tatdemo1/worldnodes/node000_lr0_b3248_s_cb_mesh_worldspace_texture_blend.vmdl_c	1712
maps/tatdemo1/worldnodes/node000_lr0_b3249_s_cb_mesh_worldspace_texture_blend.vmdl_c	1712
maps/tatdemo1/worldnodes/node000_lr0_b3250_s_cb_mesh_worldspace_texture_blend.vmdl_c	1712
maps/tatdemo1/worldnodes/node000_lr0_b3251_s_cb_mesh_worldspace_texture_blend.vmdl_c	1712
maps/tatdemo1/worldnodes/node000_lr0_b3252_s_cb_mesh_worldspace_texture_blend.vmdl_c	1712
maps/tatdemo1/worldnodes/node000_lr0_b3253_s_cb_mesh_worldspace_texture_blend.vmdl_c	1712
maps/tatdemo1/worldnodes/node000_lr0_b3254_s_cb_mesh_worldspace_texture_blend.vmdl_c	1712
maps/tatdemo1/worldnodes/node000_lr0_b3255_s_cb_mesh_worldspace_texture_blend.vmdl_c	1712
maps/tatdemo1/worldnodes/node000_lr0_b3258_s_cb_mesh_worldspace_texture_blend.vmdl_c	1712
maps/tatdemo1/worldnodes/node000_lr0_b3259_s_cb_mesh_worldspace_texture_blend.vmdl_c	1712
maps/tatdemo1/worldnodes/node000_lr0_b3267_s_cb_mesh_worldspace_texture_blend.vmdl_c	1712
maps/tatdemo1/worldnodes/node000_lr0_b3268_s_cb_mesh_worldspace_texture_blend.vmdl_c	1712
maps/tatdemo1/worldnodes/node000_lr0_b3273_s_cb_mesh_worldspace_texture_blend.vmdl_c	1712
maps/tatdemo1/worldnodes/node000_lr0_b3274_s_cb_mesh_worldspace_texture_blend.vmdl_c	1712
maps/tatdemo1/worldnodes/node000_lr0_b3277_s_cb_mesh_worldspace_texture_blend.vmdl_c	1712
maps/tatdemo1/worldnodes/node000_lr0_b3278_s_cb_mesh_worldspace_texture_blend.vmdl_c	1712
maps/tatdemo1/worldnodes/node000_lr0_b3279_s_cb_mesh_worldspace_texture_blend.vmdl_c	1712
maps/tatdemo1/worldnodes/node000_lr0_b3280_s_cb_mesh_worldspace_texture_blend.vmdl_c	1712
maps/tatdemo1/worldnodes/node000_lr0_b3281_s_cb_mesh_worldspace_texture_blend.vmdl_c	1712
maps/tatdemo1/worldnodes/node000_lr0_b3282_s_cb_mesh_worldspace_texture_blend.vmdl_c	1712
maps/tatdemo1/worldnodes/node000_lr0_b3283_s_cb_mesh_worldspace_texture_blend.vmdl_c	1712
maps/tatdemo1/worldnodes/node000_lr0_b3284_s_cb_mesh_worldspace_texture_blend.vmdl_c	1712
maps/tatdemo1/worldnodes/node000_lr0_b3286_s_cb_mesh_worldspace_texture_blend.vmdl_c	1712
maps/tatdemo1/worldnodes/node000_lr0_b3287_s_cb_mesh_worldspace_texture_blend.vmdl_c	1712
maps/tatdemo1/worldnodes/node000_lr0_b3288_s_cb_mesh_worldspace_texture_blend.vmdl_c	1712
maps/tatdemo1/worldnodes/node000_lr0_b3296_s_cb_mesh_worldspace_texture_blend.vmdl_c	1712
maps/tatdemo1/worldnodes/node000_lr0_b3297_s_cb_mesh_worldspace_texture_blend.vmdl_c	1712
maps/tatdemo1/worldnodes/node000_lr0_b3298_s_cb_mesh_worldspace_texture_blend.vmdl_c	1712
maps/tatdemo1/worldnodes/node000_lr0_b3299_s_cb_mesh_worldspace_texture_blend.vmdl_c	1712
maps/tatdemo1/worldnodes/node000_lr0_b3300_s_cb_mesh_worldspace_texture_blend.vmdl_c	1712
maps/tatdemo1/worldnodes/node000_lr0_b3306_s_cb_mesh_worldspace_texture_blend.vmdl_c	1712
maps/tatdemo1/worldnodes/node000_lr0_b3307_s_cb_mesh_worldspace_texture_blend.vmdl_c	1712
maps/tatdemo1/worldnodes/node000_lr0_b3311_s_cb_mesh_worldspace_texture_blend.vmdl_c	1712
maps/tatdemo1/worldnodes/node000_lr0_b3312_s_cb_mesh_worldspace_texture_blend.vmdl_c	1712
maps/tatdemo1/worldnodes/node000_lr0_b3313_s_cb_mesh_worldspace_texture_blend.vmdl_c	1712
maps/tatdemo1/worldnodes/node000_lr0_b3315_s_cb_mesh_worldspace_texture_blend.vmdl_c	1712
maps/tatdemo1/worldnodes/node000_lr0_b3316_s_cb_mesh_worldspace_texture_blend.vmdl_c	1712
maps/tatdemo1/worldnodes/node000_lr0_b3317_s_cb_mesh_worldspace_texture_blend.vmdl_c	1712
maps/tatdemo1/worldnodes/node000_lr0_b3318_s_cb_mesh_worldspace_texture_blend.vmdl_c	1712
maps/tatdemo1/worldnodes/node000_lr0_b3319_s_cb_mesh_worldspace_texture_blend.vmdl_c	1712
maps/tatdemo1/worldnodes/node000_lr0_b3326_s_cb_mesh_worldspace_texture_blend.vmdl_c	1712
maps/tatdemo1/worldnodes/node000_lr0_b3327_s_cb_mesh_worldspace_texture_blend.vmdl_c	1712
maps/tatdemo1/worldnodes/node000_lr0_b3328_s_cb_mesh_worldspace_texture_blend.vmdl_c	1712
maps/tatdemo1/worldnodes/node000_lr0_b3329_s_cb_mesh_worldspace_texture_blend.vmdl_c	1712
maps/tatdemo1/worldnodes/node000_lr0_b3330_s_cb_mesh_worldspace_texture_blend.vmdl_c	1712
maps/tatdemo1/worldnodes/node000_lr0_b3335_s_cb_mesh_worldspace_texture_blend.vmdl_c	1712
maps/tatdemo1/worldnodes/node000_lr0_b3336_s_cb_mesh_worldspace_texture_blend.vmdl_c	1712
maps/tatdemo1/worldnodes/node000_lr0_b3340_s_cb_mesh_worldspace_texture_blend.vmdl_c	1712
maps/tatdemo1/worldnodes/node000_lr0_b3341_s_cb_mesh_worldspace_texture_blend.vmdl_c	1712
maps/tatdemo1/worldnodes/node000_lr0_b3342_s_cb_mesh_worldspace_texture_blend.vmdl_c	1712
maps/tatdemo1/worldnodes/node000_lr0_b3343_s_cb_mesh_worldspace_texture_blend.vmdl_c	1712
maps/tatdemo1/worldnodes/node000_lr0_b3345_s_cb_mesh_worldspace_texture_blend.vmdl_c	1712
maps/tatdemo1/worldnodes/node000_lr0_b3346_s_cb_mesh_worldspace_texture_blend.vmdl_c	1712
maps/tatdemo1/worldnodes/node000_lr0_b3347_s_cb_mesh_worldspace_texture_blend.vmdl_c	1712
maps/tatdemo1/worldnodes/node000_lr0_b3356_s_cb_mesh_worldspace_texture_blend.vmdl_c	1712
maps/tatdemo1/worldnodes/node000_lr0_b3357_s_cb_mesh_worldspace_texture_blend.vmdl_c	1712
maps/tatdemo1/worldnodes/node000_lr0_b3358_s_cb_mesh_worldspace_texture_blend.vmdl_c	1712
maps/tatdemo1/worldnodes/node000_lr0_b3359_s_cb_mesh_worldspace_texture_blend.vmdl_c	1712
maps/tatdemo1/worldnodes/node000_lr0_b3365_s_cb_mesh_worldspace_texture_blend.vmdl_c	1712
maps/tatdemo1/worldnodes/node000_lr0_b3366_s_cb_mesh_worldspace_texture_blend.vmdl_c	1712
maps/tatdemo1/worldnodes/node000_lr0_b3367_s_cb_mesh_worldspace_texture_blend.vmdl_c	1712
maps/tatdemo1/worldnodes/node000_lr0_b3368_s_cb_mesh_worldspace_texture_blend.vmdl_c	1712
maps/tatdemo1/worldnodes/node000_lr0_b3369_s_cb_mesh_worldspace_texture_blend.vmdl_c	1712
maps/tatdemo1/worldnodes/node000_lr0_b3370_s_cb_mesh_worldspace_texture_blend.vmdl_c	1712
maps/tatdemo1/worldnodes/node000_lr0_b3371_s_cb_mesh_worldspace_texture_blend.vmdl_c	1712
maps/tatdemo1/worldnodes/node000_lr0_b3374_s_cb_mesh_worldspace_texture_blend.vmdl_c	1712
maps/tatdemo1/worldnodes/node000_lr0_b3375_s_cb_mesh_worldspace_texture_blend.vmdl_c	1712
maps/tatdemo1/worldnodes/node000_lr0_b3381_s_cb_mesh_worldspace_texture_blend.vmdl_c	1712
maps/tatdemo1/worldnodes/node000_lr0_b3382_s_cb_mesh_worldspace_texture_blend.vmdl_c	1712
maps/tatdemo1/worldnodes/node000_lr0_b3383_s_cb_mesh_worldspace_texture_blend.vmdl_c	1712
maps/tatdemo1/worldnodes/node000_lr0_b3384_s_cb_mesh_worldspace_texture_blend.vmdl_c	1712
maps/tatdemo1/worldnodes/node000_lr0_b3385_s_cb_mesh_worldspace_texture_blend.vmdl_c	1712
maps/tatdemo1/worldnodes/node000_lr0_b3386_s_cb_mesh_worldspace_texture_blend.vmdl_c	1712
maps/tatdemo1/worldnodes/node000_lr0_b3387_s_cb_mesh_worldspace_texture_blend.vmdl_c	1712
maps/tatdemo1/worldnodes/node000_lr0_b3388_s_cb_mesh_worldspace_texture_blend.vmdl_c	1712
maps/tatdemo1/worldnodes/node000_lr0_b3389_s_cb_mesh_worldspace_texture_blend.vmdl_c	1712
maps/tatdemo1/worldnodes/node000_lr0_b3391_s_cb_mesh_worldspace_texture_blend.vmdl_c	1712
maps/tatdemo1/worldnodes/node000_lr0_b3394_s_cb_mesh_worldspace_texture_blend.vmdl_c	1712
maps/tatdemo1/worldnodes/node000_lr0_b3395_s_cb_mesh_worldspace_texture_blend.vmdl_c	1712
maps/tatdemo1/worldnodes/node000_lr0_b3396_s_cb_mesh_worldspace_texture_blend.vmdl_c	1712
maps/tatdemo1/worldnodes/node000_lr0_b3397_s_cb_mesh_worldspace_texture_blend.vmdl_c	1712
maps/tatdemo1/worldnodes/node000_lr0_b3398_s_cb_mesh_worldspace_texture_blend.vmdl_c	1712
maps/tatdemo1/worldnodes/node000_lr0_b3400_s_cb_mesh_worldspace_texture_blend.vmdl_c	1712
maps/tatdemo1/worldnodes/node000_lr0_b3410_s_cb_mesh_worldspace_texture_blend.vmdl_c	1712
maps/tatdemo1/worldnodes/node000_lr0_b3411_s_cb_mesh_worldspace_texture_blend.vmdl_c	1712
maps/tatdemo1/worldnodes/node000_lr0_b3413_s_cb_mesh_worldspace_texture_blend.vmdl_c	1712
maps/tatdemo1/worldnodes/node000_lr0_b3414_s_cb_mesh_worldspace_texture_blend.vmdl_c	1712
maps/tatdemo1/worldnodes/node000_lr0_b3415_s_cb_mesh_worldspace_texture_blend.vmdl_c	1712
maps/tatdemo1/worldnodes/node000_lr0_b3416_s_cb_mesh_worldspace_texture_blend.vmdl_c	1712
maps/tatdemo1/worldnodes/node000_lr0_b3418_s_cb_mesh_worldspace_texture_blend.vmdl_c	1712
maps/tatdemo1/worldnodes/node000_lr0_b3419_s_cb_mesh_worldspace_texture_blend.vmdl_c	1712
maps/tatdemo1/worldnodes/node000_lr0_b3420_s_cb_mesh_worldspace_texture_blend.vmdl_c	1712
maps/tatdemo1/worldnodes/node000_lr0_b3425_s_cb_mesh_worldspace_texture_blend.vmdl_c	1712
maps/tatdemo1/worldnodes/node000_lr0_b3426_s_cb_mesh_worldspace_texture_blend.vmdl_c	1712
maps/tatdemo1/worldnodes/node000_lr0_b3429_s_cb_mesh_worldspace_texture_blend.vmdl_c	1712
maps/tatdemo1/worldnodes/node000_lr0_b3438_s_cb_mesh_worldspace_texture_blend.vmdl_c	1712
maps/tatdemo1/worldnodes/node000_lr0_b3439_s_cb_mesh_worldspace_texture_blend.vmdl_c	1712
maps/tatdemo1/worldnodes/node000_lr0_b3440_s_cb_mesh_worldspace_texture_blend.vmdl_c	1712
maps/tatdemo1/worldnodes/node000_lr0_b3442_s_cb_mesh_worldspace_texture_blend.vmdl_c	1712
maps/tatdemo1/worldnodes/node000_lr0_b3444_s_cb_mesh_worldspace_texture_blend.vmdl_c	1712
maps/tatdemo1/worldnodes/node000_lr0_b3448_s_cb_mesh_worldspace_texture_blend.vmdl_c	1712
maps/tatdemo1/worldnodes/node000_lr0_b3449_s_cb_mesh_worldspace_texture_blend.vmdl_c	1712
maps/tatdemo1/worldnodes/node000_lr0_b3457_s_cb_mesh_worldspace_texture_blend.vmdl_c	1712
maps/tatdemo1/worldnodes/node000_lr0_b3458_s_cb_mesh_worldspace_texture_blend.vmdl_c	1712
maps/tatdemo1/worldnodes/node000_lr0_b3467_s_cb_mesh_worldspace_texture_blend.vmdl_c	1712
maps/tatdemo1/worldnodes/node000_lr0_b3468_s_cb_mesh_worldspace_texture_blend.vmdl_c	1712
maps/tatdemo1/worldnodes/node000_lr0_b3469_s_cb_mesh_worldspace_texture_blend.vmdl_c	1712
maps/tatdemo1/worldnodes/node000_lr0_b3471_s_cb_mesh_worldspace_texture_blend.vmdl_c	1712
maps/tatdemo1/worldnodes/node000_lr0_b3473_s_cb_mesh_worldspace_texture_blend.vmdl_c	1712
maps/tatdemo1/worldnodes/node000_lr0_b3477_s_cb_mesh_worldspace_texture_blend.vmdl_c	1712
maps/tatdemo1/worldnodes/node000_lr0_b3478_s_cb_mesh_worldspace_texture_blend.vmdl_c	1712
maps/tatdemo1/worldnodes/node000_lr0_b3481_s_cb_mesh_worldspace_texture_blend.vmdl_c	1712
maps/tatdemo1/worldnodes/node000_lr0_b3482_s_cb_mesh_worldspace_texture_blend.vmdl_c	1712
maps/tatdemo1/worldnodes/node000_lr0_b3483_s_cb_mesh_worldspace_texture_blend.vmdl_c	1712
maps/tatdemo1/worldnodes/node000_lr0_b3484_s_cb_mesh_worldspace_texture_blend.vmdl_c	1712
maps/tatdemo1/worldnodes/node000_lr0_b3485_s_cb_mesh_worldspace_texture_blend.vmdl_c	1712
maps/tatdemo1/worldnodes/node000_lr0_b3486_s_cb_mesh_worldspace_texture_blend.vmdl_c	1712
maps/tatdemo1/worldnodes/node000_lr0_b3487_s_cb_mesh_worldspace_texture_blend.vmdl_c	1712
maps/tatdemo1/worldnodes/node000_lr0_b3493_s_cb_mesh_worldspace_texture_blend.vmdl_c	1712
maps/tatdemo1/worldnodes/node000_lr0_b3494_s_cb_mesh_worldspace_texture_blend.vmdl_c	1712
maps/tatdemo1/worldnodes/node000_lr0_b3497_s_cb_mesh_worldspace_texture_blend.vmdl_c	1712
maps/tatdemo1/worldnodes/node000_lr0_b3498_s_cb_mesh_worldspace_texture_blend.vmdl_c	1712
maps/tatdemo1/worldnodes/node000_lr0_b3499_s_cb_mesh_worldspace_texture_blend.vmdl_c	1712
maps/tatdemo1/worldnodes/node000_lr0_b3500_s_cb_mesh_worldspace_texture_blend.vmdl_c	1712
maps/tatdemo1/worldnodes/node000_lr0_b3502_s_cb_mesh_worldspace_texture_blend.vmdl_c	1712
maps/tatdemo1/worldnodes/node000_lr0_b3507_s_cb_mesh_worldspace_texture_blend.vmdl_c	1712
maps/tatdemo1/worldnodes/node000_lr0_b3510_s_cb_mesh_worldspace_texture_blend.vmdl_c	1712
maps/tatdemo1/worldnodes/node000_lr0_b3511_s_cb_mesh_worldspace_texture_blend.vmdl_c	1712
maps/tatdemo1/worldnodes/node000_lr0_b3517_s_cb_mesh_worldspace_texture_blend.vmdl_c	1712
maps/tatdemo1/worldnodes/node000_lr0_b3522_s_cb_mesh_worldspace_texture_blend.vmdl_c	1712
maps/tatdemo1/worldnodes/node000_lr0_b3523_s_cb_mesh_worldspace_texture_blend.vmdl_c	1712
maps/tatdemo1/worldnodes/node000_lr0_b3524_s_cb_mesh_worldspace_texture_blend.vmdl_c	1712
maps/tatdemo1/worldnodes/node000_lr0_b3525_s_cb_mesh_worldspace_texture_blend.vmdl_c	1712
maps/tatdemo1/worldnodes/node000_lr0_b3526_s_cb_mesh_worldspace_texture_blend.vmdl_c	1712
maps/tatdemo1/worldnodes/node000_lr0_b3527_s_cb_mesh_worldspace_texture_blend.vmdl_c	1712
maps/tatdemo1/worldnodes/node000_lr0_b3528_s_cb_mesh_worldspace_texture_blend.vmdl_c	1712
maps/tatdemo1/worldnodes/node000_lr0_b3531_s_cb_mesh_worldspace_texture_blend.vmdl_c	1712
maps/tatdemo1/worldnodes/node000_lr0_b3532_s_cb_mesh_worldspace_texture_blend.vmdl_c	1712
maps/tatdemo1/worldnodes/node000_lr0_b3533_s_cb_mesh_worldspace_texture_blend.vmdl_c	1712
maps/tatdemo1/worldnodes/node000_lr0_b3534_s_cb_mesh_worldspace_texture_blend.vmdl_c	1712
maps/tatdemo1/worldnodes/node000_lr0_b3535_s_cb_mesh_worldspace_texture_blend.vmdl_c	1712
maps/tatdemo1/worldnodes/node000_lr0_b3536_s_cb_mesh_worldspace_texture_blend.vmdl_c	1712
maps/tatdemo1/worldnodes/node000_lr0_b3539_s_cb_mesh_worldspace_texture_blend.vmdl_c	1712
maps/tatdemo1/worldnodes/node000_lr0_b3557_s_cb_mesh_worldspace_texture_blend.vmdl_c	1712
maps/tatdemo1/worldnodes/node000_lr0_b3558_s_cb_mesh_worldspace_texture_blend.vmdl_c	1712
maps/tatdemo1/worldnodes/node000_lr0_b3561_s_cb_mesh_worldspace_texture_blend.vmdl_c	1712
maps/tatdemo1/worldnodes/node000_lr0_b3562_s_cb_mesh_worldspace_texture_blend.vmdl_c	1712
maps/tatdemo1/worldnodes/node000_lr0_b3563_s_cb_mesh_worldspace_texture_blend.vmdl_c	1712
maps/tatdemo1/worldnodes/node000_lr0_b3564_s_cb_mesh_worldspace_texture_blend.vmdl_c	1712
maps/tatdemo1/worldnodes/node000_lr0_b3565_s_cb_mesh_worldspace_texture_blend.vmdl_c	1712
maps/tatdemo1/worldnodes/node000_lr0_b3568_s_cb_mesh_worldspace_texture_blend.vmdl_c	1712
maps/tatdemo1/worldnodes/node000_lr0_b3586_s_cb_mesh_worldspace_texture_blend.vmdl_c	1712
maps/tatdemo1/worldnodes/node000_lr0_b3590_s_cb_mesh_worldspace_texture_blend.vmdl_c	1712
maps/tatdemo1/worldnodes/node000_lr0_b3591_s_cb_mesh_worldspace_texture_blend.vmdl_c	1712
maps/tatdemo1/worldnodes/node000_lr0_b3592_s_cb_mesh_worldspace_texture_blend.vmdl_c	1712
maps/tatdemo1/worldnodes/node000_lr0_b3593_s_cb_mesh_worldspace_texture_blend.vmdl_c	1712
maps/tatdemo1/worldnodes/node000_lr0_b3594_s_cb_mesh_worldspace_texture_blend.vmdl_c	1712
maps/tatdemo1/worldnodes/node000_lr0_b3597_s_cb_mesh_worldspace_texture_blend.vmdl_c	1712
maps/tatdemo1/worldnodes/node000_lr0_b3615_s_cb_mesh_worldspace_texture_blend.vmdl_c	1712
maps/tatdemo1/worldnodes/node000_lr0_b3616_s_cb_mesh_worldspace_texture_blend.vmdl_c	1712
maps/tatdemo1/worldnodes/node000_lr0_b3619_s_cb_mesh_worldspace_texture_blend.vmdl_c	1712
maps/tatdemo1/worldnodes/node000_lr0_b3620_s_cb_mesh_worldspace_texture_blend.vmdl_c	1712
maps/tatdemo1/worldnodes/node000_lr0_b3622_s_cb_mesh_worldspace_texture_blend.vmdl_c	1712
maps/tatdemo1/worldnodes/node000_lr0_b3623_s_cb_mesh_worldspace_texture_blend.vmdl_c	1712
maps/tatdemo1/worldnodes/node000_lr0_b3626_s_cb_mesh_worldspace_texture_blend.vmdl_c	1712
maps/tatdemo1/worldnodes/node000_lr0_b3633_s_cb_mesh_worldspace_texture_blend.vmdl_c	1712
maps/tatdemo1/worldnodes/node000_lr0_b3644_s_cb_mesh_worldspace_texture_blend.vmdl_c	1712
maps/tatdemo1/worldnodes/node000_lr0_b3645_s_cb_mesh_worldspace_texture_blend.vmdl_c	1712
maps/tatdemo1/worldnodes/node000_lr0_b3646_s_cb_mesh_worldspace_texture_blend.vmdl_c	1712
maps/tatdemo1/worldnodes/node000_lr0_b3648_s_cb_mesh_worldspace_texture_blend.vmdl_c	1712
maps/tatdemo1/worldnodes/node000_lr0_b3649_s_cb_mesh_worldspace_texture_blend.vmdl_c	1712
maps/tatdemo1/worldnodes/node000_lr0_b3650_s_cb_mesh_worldspace_texture_blend.vmdl_c	1712
maps/tatdemo1/worldnodes/node000_lr0_b3651_s_cb_mesh_worldspace_texture_blend.vmdl_c	1712
maps/tatdemo1/worldnodes/node000_lr0_b3652_s_cb_mesh_worldspace_texture_blend.vmdl_c	1712
maps/tatdemo1/worldnodes/node000_lr0_b3655_s_cb_mesh_worldspace_texture_blend.vmdl_c	1712
maps/tatdemo1/worldnodes/node000_lr0_b3669_s_cb_mesh_worldspace_texture_blend.vmdl_c	1712
maps/tatdemo1/worldnodes/node000_lr0_b3670_s_cb_mesh_worldspace_texture_blend.vmdl_c	1712
maps/tatdemo1/worldnodes/node000_lr0_b3673_s_cb_mesh_worldspace_texture_blend.vmdl_c	1712
maps/tatdemo1/worldnodes/node000_lr0_b3674_s_cb_mesh_worldspace_texture_blend.vmdl_c	1712
maps/tatdemo1/worldnodes/node000_lr0_b3677_s_cb_mesh_worldspace_texture_blend.vmdl_c	1712
maps/tatdemo1/worldnodes/node000_lr0_b3678_s_cb_mesh_worldspace_texture_blend.vmdl_c	1712
maps/tatdemo1/worldnodes/node000_lr0_b3679_s_cb_mesh_worldspace_texture_blend.vmdl_c	1712
maps/tatdemo1/worldnodes/node000_lr0_b3680_s_cb_mesh_worldspace_texture_blend.vmdl_c	1712
maps/tatdemo1/worldnodes/node000_lr0_b3681_s_cb_mesh_worldspace_texture_blend.vmdl_c	1712
maps/tatdemo1/worldnodes/node000_lr0_b3684_s_cb_mesh_worldspace_texture_blend.vmdl_c	1712
maps/tatdemo1/worldnodes/node000_lr0_b3686_s_cb_mesh_worldspace_texture_blend.vmdl_c	1712
maps/tatdemo1/worldnodes/node000_lr0_b3687_s_cb_mesh_worldspace_texture_blend.vmdl_c	1712
maps/tatdemo1/worldnodes/node000_lr0_b3688_s_cb_mesh_worldspace_texture_blend.vmdl_c	1712
maps/tatdemo1/worldnodes/node000_lr0_b3689_s_cb_mesh_worldspace_texture_blend.vmdl_c	1712
maps/tatdemo1/worldnodes/node000_lr0_b3693_s_cb_mesh_worldspace_texture_blend.vmdl_c	1712
maps/tatdemo1/worldnodes/node000_lr0_b3694_s_cb_mesh_worldspace_texture_blend.vmdl_c	1712
maps/tatdemo1/worldnodes/node000_lr0_b3696_s_cb_mesh_worldspace_texture_blend.vmdl_c	1712
maps/tatdemo1/worldnodes/node000_lr0_b3697_s_cb_mesh_worldspace_texture_blend.vmdl_c	1712
maps/tatdemo1/worldnodes/node000_lr0_b3698_s_cb_mesh_worldspace_texture_blend.vmdl_c	1712
maps/tatdemo1/worldnodes/node000_lr0_b3699_s_cb_mesh_worldspace_texture_blend.vmdl_c	1712
maps/tatdemo1/worldnodes/node000_lr0_b3700_s_cb_mesh_worldspace_texture_blend.vmdl_c	1712
maps/tatdemo1/worldnodes/node000_lr0_b3701_s_cb_mesh_worldspace_texture_blend.vmdl_c	1712
maps/tatdemo1/worldnodes/node000_lr0_b3703_s_cb_mesh_worldspace_texture_blend.vmdl_c	1712
maps/tatdemo1/worldnodes/node000_lr0_b3715_s_cb_mesh_worldspace_texture_blend.vmdl_c	1712
maps/tatdemo1/worldnodes/node000_lr0_b3717_s_cb_mesh_worldspace_texture_blend.vmdl_c	1712
maps/tatdemo1/worldnodes/node000_lr0_b3718_s_cb_mesh_worldspace_texture_blend.vmdl_c	1712
maps/tatdemo1/worldnodes/node000_lr0_b3724_s_cb_mesh_worldspace_texture_blend.vmdl_c	1712
maps/tatdemo1/worldnodes/node000_lr0_b3725_s_cb_mesh_worldspace_texture_blend.vmdl_c	1712
maps/tatdemo1/worldnodes/node000_lr0_b2302_s_cb_mesh_nocollapse0.vmdl_c	1652
maps/tatdemo1/worldnodes/node000_lr0_b2303_s_cb_mesh_nocollapse0.vmdl_c	1652
maps/tatdemo1/worldnodes/node000_lr0_b2304_s_cb_mesh_nocollapse0.vmdl_c	1652
maps/tatdemo1/worldnodes/node000_lr0_b2331_s_cb_mesh_nocollapse0.vmdl_c	1652
maps/tatdemo1/worldnodes/node000_lr0_b2332_s_cb_mesh_nocollapse0.vmdl_c	1652
maps/tatdemo1/worldnodes/node000_lr0_b2333_s_cb_mesh_nocollapse0.vmdl_c	1652
maps/tatdemo1/worldnodes/node000_lr0_b2360_s_cb_mesh_nocollapse0.vmdl_c	1652
maps/tatdemo1/worldnodes/node000_lr0_b2361_s_cb_mesh_nocollapse0.vmdl_c	1652
maps/tatdemo1/worldnodes/node000_lr0_b2378_s_cb_mesh_nocollapse0.vmdl_c	1652
maps/tatdemo1/worldnodes/node000_lr0_b2379_s_cb_mesh_nocollapse0.vmdl_c	1652
maps/tatdemo1/worldnodes/node000_lr0_b2380_s_cb_mesh_nocollapse0.vmdl_c	1652
maps/tatdemo1/worldnodes/node000_lr0_b2381_s_cb_mesh_nocollapse0.vmdl_c	1652
maps/tatdemo1/worldnodes/node000_lr0_b2407_s_cb_mesh_nocollapse0.vmdl_c	1652
maps/tatdemo1/worldnodes/node000_lr0_b2408_s_cb_mesh_nocollapse0.vmdl_c	1652
maps/tatdemo1/worldnodes/node000_lr0_b2409_s_cb_mesh_nocollapse0.vmdl_c	1652
maps/tatdemo1/worldnodes/node000_lr0_b2410_s_cb_mesh_nocollapse0.vmdl_c	1652
maps/tatdemo1/worldnodes/node000_lr0_b2436_s_cb_mesh_nocollapse0.vmdl_c	1652
maps/tatdemo1/worldnodes/node000_lr0_b2437_s_cb_mesh_nocollapse0.vmdl_c	1652
maps/tatdemo1/worldnodes/node000_lr0_b2438_s_cb_mesh_nocollapse0.vmdl_c	1652
maps/tatdemo1/worldnodes/node000_lr0_b2439_s_cb_mesh_nocollapse0.vmdl_c	1652
maps/tatdemo1/worldnodes/node000_lr0_b2466_s_cb_mesh_nocollapse0.vmdl_c	1652
maps/tatdemo1/worldnodes/node000_lr0_b2467_s_cb_mesh_nocollapse0.vmdl_c	1652
maps/tatdemo1/worldnodes/node000_lr0_b2468_s_cb_mesh_nocollapse0.vmdl_c	1652
maps/tatdemo1/worldnodes/node000_lr0_b2604_s_cb_mesh_nocollapse0.vmdl_c	1652
maps/tatdemo1/worldnodes/node000_lr0_b2605_s_cb_mesh_nocollapse0.vmdl_c	1652
maps/tatdemo1/worldnodes/node000_lr0_b2632_s_cb_mesh_nocollapse0.vmdl_c	1652
maps/tatdemo1/worldnodes/node000_lr0_b2633_s_cb_mesh_nocollapse0.vmdl_c	1652
maps/tatdemo1/worldnodes/node000_lr0_b2634_s_cb_mesh_nocollapse0.vmdl_c	1652
maps/tatdemo1/worldnodes/node000_lr0_b2635_s_cb_mesh_nocollapse0.vmdl_c	1652
maps/tatdemo1/worldnodes/node000_lr0_b2652_s_cb_mesh_nocollapse0.vmdl_c	1652
maps/tatdemo1/worldnodes/node000_lr0_b2653_s_cb_mesh_nocollapse0.vmdl_c	1652
maps/tatdemo1/worldnodes/node000_lr0_b2653_s_cb_mesh_nocollapse1.vmdl_c	1652
maps/tatdemo1/worldnodes/node000_lr0_b2653_s_cb_mesh_nocollapse2.vmdl_c	1652
maps/tatdemo1/worldnodes/node000_lr0_b2654_s_cb_mesh_nocollapse0.vmdl_c	1652
maps/tatdemo1/worldnodes/node000_lr0_b2654_s_cb_mesh_nocollapse1.vmdl_c	1652
maps/tatdemo1/worldnodes/node000_lr0_b2661_s_cb_mesh_nocollapse0.vmdl_c	1652
maps/tatdemo1/worldnodes/node000_lr0_b2661_s_cb_mesh_nocollapse1.vmdl_c	1652
maps/tatdemo1/worldnodes/node000_lr0_b2662_s_cb_mesh_nocollapse0.vmdl_c	1652
maps/tatdemo1/worldnodes/node000_lr0_b2662_s_cb_mesh_nocollapse1.vmdl_c	1652
maps/tatdemo1/worldnodes/node000_lr0_b2663_s_cb_mesh_nocollapse0.vmdl_c	1652
maps/tatdemo1/worldnodes/node000_lr0_b2663_s_cb_mesh_nocollapse1.vmdl_c	1652
maps/tatdemo1/worldnodes/node000_lr0_b2664_s_cb_mesh_nocollapse0.vmdl_c	1652
maps/tatdemo1/worldnodes/node000_lr0_b2664_s_cb_mesh_nocollapse1.vmdl_c	1652
maps/tatdemo1/worldnodes/node000_lr0_b2665_s_cb_mesh_nocollapse0.vmdl_c	1652
maps/tatdemo1/worldnodes/node000_lr0_b2665_s_cb_mesh_nocollapse1.vmdl_c	1652
maps/tatdemo1/worldnodes/node000_lr0_b2666_s_cb_mesh_nocollapse0.vmdl_c	1652
maps/tatdemo1/worldnodes/node000_lr0_b2679_s_cb_mesh_nocollapse0.vmdl_c	1652
maps/tatdemo1/worldnodes/node000_lr0_b2680_s_cb_mesh_nocollapse0.vmdl_c	1652
maps/tatdemo1/worldnodes/node000_lr0_b2681_s_cb_mesh_nocollapse0.vmdl_c	1652
maps/tatdemo1/worldnodes/node000_lr0_b2681_s_cb_mesh_nocollapse1.vmdl_c	1652
maps/tatdemo1/worldnodes/node000_lr0_b2682_s_cb_mesh_nocollapse0.vmdl_c	1652
maps/tatdemo1/worldnodes/node000_lr0_b2682_s_cb_mesh_nocollapse1.vmdl_c	1652
maps/tatdemo1/worldnodes/node000_lr0_b2683_s_cb_mesh_nocollapse0.vmdl_c	1652
maps/tatdemo1/worldnodes/node000_lr0_b2683_s_cb_mesh_nocollapse1.vmdl_c	1652
maps/tatdemo1/worldnodes/node000_lr0_b2684_s_cb_mesh_nocollapse0.vmdl_c	1652
maps/tatdemo1/worldnodes/node000_lr0_b2684_s_cb_mesh_nocollapse1.vmdl_c	1652
maps/tatdemo1/worldnodes/node000_lr0_b2684_s_cb_mesh_nocollapse2.vmdl_c	1652
maps/tatdemo1/worldnodes/node000_lr0_b2689_s_cb_mesh_nocollapse0.vmdl_c	1652
maps/tatdemo1/worldnodes/node000_lr0_b2690_s_cb_mesh_nocollapse0.vmdl_c	1652
maps/tatdemo1/worldnodes/node000_lr0_b2690_s_cb_mesh_nocollapse1.vmdl_c	1652
maps/tatdemo1/worldnodes/node000_lr0_b2691_s_cb_mesh_nocollapse0.vmdl_c	1652
maps/tatdemo1/worldnodes/node000_lr0_b2691_s_cb_mesh_nocollapse1.vmdl_c	1652
maps/tatdemo1/worldnodes/node000_lr0_b2692_s_cb_mesh_nocollapse0.vmdl_c	1652
maps/tatdemo1/worldnodes/node000_lr0_b2692_s_cb_mesh_nocollapse1.vmdl_c	1652
maps/tatdemo1/worldnodes/node000_lr0_b2693_s_cb_mesh_nocollapse0.vmdl_c	1652
maps/tatdemo1/worldnodes/node000_lr0_b2693_s_cb_mesh_nocollapse1.vmdl_c	1652
maps/tatdemo1/worldnodes/node000_lr0_b2694_s_cb_mesh_nocollapse0.vmdl_c	1652
maps/tatdemo1/worldnodes/node000_lr0_b2694_s_cb_mesh_nocollapse1.vmdl_c	1652
maps/tatdemo1/worldnodes/node000_lr0_b2695_s_cb_mesh_nocollapse0.vmdl_c	1652
maps/tatdemo1/worldnodes/node000_lr0_b2696_s_cb_mesh_nocollapse0.vmdl_c	1652
maps/tatdemo1/worldnodes/node000_lr0_b2709_s_cb_mesh_nocollapse0.vmdl_c	1652
maps/tatdemo1/worldnodes/node000_lr0_b2709_s_cb_mesh_nocollapse1.vmdl_c	1652
maps/tatdemo1/worldnodes/node000_lr0_b2710_s_cb_mesh_nocollapse0.vmdl_c	1652
maps/tatdemo1/worldnodes/node000_lr0_b2710_s_cb_mesh_nocollapse1.vmdl_c	1652
maps/tatdemo1/worldnodes/node000_lr0_b2710_s_cb_mesh_nocollapse2.vmdl_c	1652
maps/tatdemo1/worldnodes/node000_lr0_b2710_s_cb_mesh_nocollapse3.vmdl_c	1652
maps/tatdemo1/worldnodes/node000_lr0_b2713_s_cb_mesh_nocollapse0.vmdl_c	1652
maps/tatdemo1/worldnodes/node000_lr0_b2713_s_cb_mesh_nocollapse1.vmdl_c	1652
maps/tatdemo1/worldnodes/node000_lr0_b2718_s_cb_mesh_nocollapse0.vmdl_c	1652
maps/tatdemo1/worldnodes/node000_lr0_b2719_s_cb_mesh_nocollapse0.vmdl_c	1652
maps/tatdemo1/worldnodes/node000_lr0_b2719_s_cb_mesh_nocollapse1.vmdl_c	1652
maps/tatdemo1/worldnodes/node000_lr0_b2720_s_cb_mesh_nocollapse0.vmdl_c	1652
maps/tatdemo1/worldnodes/node000_lr0_b2720_s_cb_mesh_nocollapse1.vmdl_c	1652
maps/tatdemo1/worldnodes/node000_lr0_b2721_s_cb_mesh_nocollapse0.vmdl_c	1652
maps/tatdemo1/worldnodes/node000_lr0_b2721_s_cb_mesh_nocollapse1.vmdl_c	1652
maps/tatdemo1/worldnodes/node000_lr0_b2722_s_cb_mesh_nocollapse0.vmdl_c	1652
maps/tatdemo1/worldnodes/node000_lr0_b2722_s_cb_mesh_nocollapse1.vmdl_c	1652
maps/tatdemo1/worldnodes/node000_lr0_b2723_s_cb_mesh_nocollapse0.vmdl_c	1652
maps/tatdemo1/worldnodes/node000_lr0_b2723_s_cb_mesh_nocollapse1.vmdl_c	1652
maps/tatdemo1/worldnodes/node000_lr0_b2724_s_cb_mesh_nocollapse0.vmdl_c	1652
maps/tatdemo1/worldnodes/node000_lr0_b2746_s_cb_mesh_nocollapse0.vmdl_c	1652
maps/tatdemo1/worldnodes/node000_lr0_b2747_s_cb_mesh_nocollapse0.vmdl_c	1652
maps/tatdemo1/worldnodes/node000_lr0_b2748_s_cb_mesh_nocollapse0.vmdl_c	1652
maps/tatdemo1/worldnodes/node000_lr0_b2748_s_cb_mesh_nocollapse1.vmdl_c	1652
maps/tatdemo1/worldnodes/node000_lr0_b2749_s_cb_mesh_nocollapse0.vmdl_c	1652
maps/tatdemo1/worldnodes/node000_lr0_b2749_s_cb_mesh_nocollapse1.vmdl_c	1652
maps/tatdemo1/worldnodes/node000_lr0_b2750_s_cb_mesh_nocollapse0.vmdl_c	1652
maps/tatdemo1/worldnodes/node000_lr0_b2750_s_cb_mesh_nocollapse1.vmdl_c	1652
maps/tatdemo1/worldnodes/node000_lr0_b2751_s_cb_mesh_nocollapse0.vmdl_c	1652
maps/tatdemo1/worldnodes/node000_lr0_b2751_s_cb_mesh_nocollapse1.vmdl_c	1652
maps/tatdemo1/worldnodes/node000_lr0_b2752_s_cb_mesh_nocollapse0.vmdl_c	1652
maps/tatdemo1/worldnodes/node000_lr0_b2752_s_cb_mesh_nocollapse1.vmdl_c	1652
maps/tatdemo1/worldnodes/node000_lr0_b2753_s_cb_mesh_nocollapse0.vmdl_c	1652
maps/tatdemo1/worldnodes/node000_lr0_b2776_s_cb_mesh_nocollapse0.vmdl_c	1652
maps/tatdemo1/worldnodes/node000_lr0_b2777_s_cb_mesh_nocollapse0.vmdl_c	1652
maps/tatdemo1/worldnodes/node000_lr0_b2777_s_cb_mesh_nocollapse1.vmdl_c	1652
maps/tatdemo1/worldnodes/node000_lr0_b2778_s_cb_mesh_nocollapse0.vmdl_c	1652
maps/tatdemo1/worldnodes/node000_lr0_b2778_s_cb_mesh_nocollapse1.vmdl_c	1652
maps/tatdemo1/worldnodes/node000_lr0_b2779_s_cb_mesh_nocollapse0.vmdl_c	1652
maps/tatdemo1/worldnodes/node000_lr0_b2779_s_cb_mesh_nocollapse1.vmdl_c	1652
maps/tatdemo1/worldnodes/node000_lr0_b2780_s_cb_mesh_nocollapse0.vmdl_c	1652
maps/tatdemo1/worldnodes/node000_lr0_b2780_s_cb_mesh_nocollapse1.vmdl_c	1652
maps/tatdemo1/worldnodes/node000_lr0_b2781_s_cb_mesh_nocollapse0.vmdl_c	1652
maps/tatdemo1/worldnodes/node000_lr0_b2781_s_cb_mesh_nocollapse1.vmdl_c	1652
maps/tatdemo1/worldnodes/node000_lr0_b2795_s_cb_mesh_nocollapse0.vmdl_c	1652
maps/tatdemo1/worldnodes/node000_lr0_b2796_s_cb_mesh_nocollapse0.vmdl_c	1652
maps/tatdemo1/worldnodes/node000_lr0_b2797_s_cb_mesh_nocollapse0.vmdl_c	1652
maps/tatdemo1/worldnodes/node000_lr0_b2798_s_cb_mesh_nocollapse0.vmdl_c	1652
maps/tatdemo1/worldnodes/node000_lr0_b2807_s_cb_mesh_nocollapse0.vmdl_c	1652
maps/tatdemo1/worldnodes/node000_lr0_b2808_s_cb_mesh_nocollapse0.vmdl_c	1652
maps/tatdemo1/worldnodes/node000_lr0_b2809_s_cb_mesh_nocollapse0.vmdl_c	1652
maps/tatdemo1/worldnodes/node000_lr0_b2817_s_cb_mesh_nocollapse0.vmdl_c	1652
maps/tatdemo1/worldnodes/node000_lr0_b2818_s_cb_mesh_nocollapse0.vmdl_c	1652
maps/tatdemo1/worldnodes/node000_lr0_b2823_s_cb_mesh_nocollapse0.vmdl_c	1652
maps/tatdemo1/worldnodes/node000_lr0_b2824_s_cb_mesh_nocollapse0.vmdl_c	1652
maps/tatdemo1/worldnodes/node000_lr0_b2826_s_cb_mesh_nocollapse0.vmdl_c	1652
maps/tatdemo1/worldnodes/node000_lr0_b2827_s_cb_mesh_nocollapse0.vmdl_c	1652
maps/tatdemo1/worldnodes/node000_lr0_b2838_s_cb_mesh_nocollapse0.vmdl_c	1652
maps/tatdemo1/worldnodes/node000_lr0_b2845_s_cb_mesh_nocollapse0.vmdl_c	1652
maps/tatdemo1/worldnodes/node000_lr0_b2846_s_cb_mesh_nocollapse0.vmdl_c	1652
maps/tatdemo1/worldnodes/node000_lr0_b2847_s_cb_mesh_nocollapse0.vmdl_c	1652
maps/tatdemo1/worldnodes/node000_lr0_b2848_s_cb_mesh_nocollapse0.vmdl_c	1652
maps/tatdemo1/worldnodes/node000_lr0_b2852_s_cb_mesh_nocollapse0.vmdl_c	1652
maps/tatdemo1/worldnodes/node000_lr0_b2853_s_cb_mesh_nocollapse0.vmdl_c	1652
maps/tatdemo1/worldnodes/node000_lr0_b2856_s_cb_mesh_nocollapse0.vmdl_c	1652
maps/tatdemo1/worldnodes/node000_lr0_b2874_s_cb_mesh_nocollapse0.vmdl_c	1652
maps/tatdemo1/worldnodes/node000_lr0_b2875_s_cb_mesh_nocollapse0.vmdl_c	1652
maps/tatdemo1/worldnodes/node000_lr0_b2876_s_cb_mesh_nocollapse0.vmdl_c	1652
maps/tatdemo1/worldnodes/node000_lr0_b2877_s_cb_mesh_nocollapse0.vmdl_c	1652
maps/tatdemo1/worldnodes/node000_lr0_b2904_s_cb_mesh_nocollapse0.vmdl_c	1652
maps/tatdemo1/worldnodes/node000_lr0_b2905_s_cb_mesh_nocollapse0.vmdl_c	1652
maps/tatdemo1/worldnodes/node000_lr0_b3562_s_cb_mesh_nocollapse0.vmdl_c	1652
maps/tatdemo1/worldnodes/node000_lr0_b3564_s_cb_mesh_nocollapse0.vmdl_c	1652
maps/tatdemo1/worldnodes/node000_lr0_b3590_s_cb_mesh_nocollapse0.vmdl_c	1652
maps/tatdemo1/worldnodes/node000_lr0_b3591_s_cb_mesh_nocollapse0.vmdl_c	1652
maps/tatdemo1/worldnodes/node000_lr0_b3593_s_cb_mesh_nocollapse0.vmdl_c	1652
maps/tatdemo1/worldnodes/node000_lr0_b3648_s_cb_mesh_nocollapse0.vmdl_c	1652
maps/tatdemo1/worldnodes/node000_lr0_b3649_s_cb_mesh_nocollapse0.vmdl_c	1652
maps/tatdemo1/worldnodes/node000_lr0_b3651_s_cb_mesh_nocollapse0.vmdl_c	1652
maps/tatdemo1/worldnodes/node000_lr0_b3678_s_cb_mesh_nocollapse0.vmdl_c	1652
maps/tatdemo1/worldnodes/node000_lr0_b3680_s_cb_mesh_nocollapse0.vmdl_c	1652
maps/tatdemo1/worldnodes/node000_lr0_b404_s_cb_mesh_base.vmdl_c	1612
maps/tatdemo1/worldnodes/node000_lr0_b462_s_cb_mesh_base.vmdl_c	1612
maps/tatdemo1/worldnodes/node000_lr0_b491_s_cb_mesh_base.vmdl_c	1612
maps/tatdemo1/worldnodes/node000_lr0_b1129_s_cb_mesh_base.vmdl_c	1613
maps/tatdemo1/worldnodes/node000_lr0_b1158_s_cb_mesh_base.vmdl_c	1613
maps/tatdemo1/worldnodes/node000_lr0_b1187_s_cb_mesh_base.vmdl_c	1613
maps/tatdemo1/worldnodes/node000_lr0_b1216_s_cb_mesh_base.vmdl_c	1613
maps/tatdemo1/worldnodes/node000_lr0_b1245_s_cb_mesh_base.vmdl_c	1613
maps/tatdemo1/worldnodes/node000_lr0_b1274_s_cb_mesh_base.vmdl_c	1613
maps/tatdemo1/worldnodes/node000_lr0_b1508_s_cb_mesh_base.vmdl_c	1613
maps/tatdemo1/worldnodes/node000_lr0_b1509_s_cb_mesh_base.vmdl_c	1613
maps/tatdemo1/worldnodes/node000_lr0_b1510_s_cb_mesh_base.vmdl_c	1613
maps/tatdemo1/worldnodes/node000_lr0_b1511_s_cb_mesh_base.vmdl_c	1613
maps/tatdemo1/worldnodes/node000_lr0_b1512_s_cb_mesh_base.vmdl_c	1613
maps/tatdemo1/worldnodes/node000_lr0_b1513_s_cb_mesh_base.vmdl_c	1613
maps/tatdemo1/worldnodes/node000_lr0_b1514_s_cb_mesh_base.vmdl_c	1613
maps/tatdemo1/worldnodes/node000_lr0_b1515_s_cb_mesh_base.vmdl_c	1613
maps/tatdemo1/worldnodes/node000_lr0_b1516_s_cb_mesh_base.vmdl_c	1613
maps/tatdemo1/worldnodes/node000_lr0_b1517_s_cb_mesh_base.vmdl_c	1613
maps/tatdemo1/worldnodes/node000_lr0_b1518_s_cb_mesh_base.vmdl_c	1613
maps/tatdemo1/worldnodes/node000_lr0_b1537_s_cb_mesh_base.vmdl_c	1613
maps/tatdemo1/worldnodes/node000_lr0_b1538_s_cb_mesh_base.vmdl_c	1613
maps/tatdemo1/worldnodes/node000_lr0_b1539_s_cb_mesh_base.vmdl_c	1613
maps/tatdemo1/worldnodes/node000_lr0_b1540_s_cb_mesh_base.vmdl_c	1613
maps/tatdemo1/worldnodes/node000_lr0_b1541_s_cb_mesh_base.vmdl_c	1613
maps/tatdemo1/worldnodes/node000_lr0_b1542_s_cb_mesh_base.vmdl_c	1613
maps/tatdemo1/worldnodes/node000_lr0_b1543_s_cb_mesh_base.vmdl_c	1613
maps/tatdemo1/worldnodes/node000_lr0_b1544_s_cb_mesh_base.vmdl_c	1613
maps/tatdemo1/worldnodes/node000_lr0_b1545_s_cb_mesh_base.vmdl_c	1613
maps/tatdemo1/worldnodes/node000_lr0_b1546_s_cb_mesh_base.vmdl_c	1613
maps/tatdemo1/worldnodes/node000_lr0_b1547_s_cb_mesh_base.vmdl_c	1613
maps/tatdemo1/worldnodes/node000_lr0_b1566_s_cb_mesh_base.vmdl_c	1613
maps/tatdemo1/worldnodes/node000_lr0_b1567_s_cb_mesh_base.vmdl_c	1613
maps/tatdemo1/worldnodes/node000_lr0_b1568_s_cb_mesh_base.vmdl_c	1613
maps/tatdemo1/worldnodes/node000_lr0_b1569_s_cb_mesh_base.vmdl_c	1613
maps/tatdemo1/worldnodes/node000_lr0_b1570_s_cb_mesh_base.vmdl_c	1613
maps/tatdemo1/worldnodes/node000_lr0_b1571_s_cb_mesh_base.vmdl_c	1613
maps/tatdemo1/worldnodes/node000_lr0_b1572_s_cb_mesh_base.vmdl_c	1613
maps/tatdemo1/worldnodes/node000_lr0_b1573_s_cb_mesh_base.vmdl_c	1613
maps/tatdemo1/worldnodes/node000_lr0_b1574_s_cb_mesh_base.vmdl_c	1613
maps/tatdemo1/worldnodes/node000_lr0_b1575_s_cb_mesh_base.vmdl_c	1613
maps/tatdemo1/worldnodes/node000_lr0_b1576_s_cb_mesh_base.vmdl_c	1613
maps/tatdemo1/worldnodes/node000_lr0_b1595_s_cb_mesh_base.vmdl_c	1613
maps/tatdemo1/worldnodes/node000_lr0_b1596_s_cb_mesh_base.vmdl_c	1613
maps/tatdemo1/worldnodes/node000_lr0_b1597_s_cb_mesh_base.vmdl_c	1613
maps/tatdemo1/worldnodes/node000_lr0_b1598_s_cb_mesh_base.vmdl_c	1613
maps/tatdemo1/worldnodes/node000_lr0_b1599_s_cb_mesh_base.vmdl_c	1613
maps/tatdemo1/worldnodes/node000_lr0_b1600_s_cb_mesh_base.vmdl_c	1613
maps/tatdemo1/worldnodes/node000_lr0_b1601_s_cb_mesh_base.vmdl_c	1613
maps/tatdemo1/worldnodes/node000_lr0_b1602_s_cb_mesh_base.vmdl_c	1613
maps/tatdemo1/worldnodes/node000_lr0_b1603_s_cb_mesh_base.vmdl_c	1613
maps/tatdemo1/worldnodes/node000_lr0_b1604_s_cb_mesh_base.vmdl_c	1613
maps/tatdemo1/worldnodes/node000_lr0_b1605_s_cb_mesh_base.vmdl_c	1613
maps/tatdemo1/worldnodes/node000_lr0_b1624_s_cb_mesh_base.vmdl_c	1613
maps/tatdemo1/worldnodes/node000_lr0_b1625_s_cb_mesh_base.vmdl_c	1613
maps/tatdemo1/worldnodes/node000_lr0_b1626_s_cb_mesh_base.vmdl_c	1613
maps/tatdemo1/worldnodes/node000_lr0_b1627_s_cb_mesh_base.vmdl_c	1613
maps/tatdemo1/worldnodes/node000_lr0_b1628_s_cb_mesh_base.vmdl_c	1613
maps/tatdemo1/worldnodes/node000_lr0_b1629_s_cb_mesh_base.vmdl_c	1613
maps/tatdemo1/worldnodes/node000_lr0_b1630_s_cb_mesh_base.vmdl_c	1613
maps/tatdemo1/worldnodes/node000_lr0_b1631_s_cb_mesh_base.vmdl_c	1613
maps/tatdemo1/worldnodes/node000_lr0_b1632_s_cb_mesh_base.vmdl_c	1613
maps/tatdemo1/worldnodes/node000_lr0_b1633_s_cb_mesh_base.vmdl_c	1613
maps/tatdemo1/worldnodes/node000_lr0_b1634_s_cb_mesh_base.vmdl_c	1613
maps/tatdemo1/worldnodes/node000_lr0_b1653_s_cb_mesh_base.vmdl_c	1613
maps/tatdemo1/worldnodes/node000_lr0_b1654_s_cb_mesh_base.vmdl_c	1613
maps/tatdemo1/worldnodes/node000_lr0_b1655_s_cb_mesh_base.vmdl_c	1613
maps/tatdemo1/worldnodes/node000_lr0_b1656_s_cb_mesh_base.vmdl_c	1613
maps/tatdemo1/worldnodes/node000_lr0_b1657_s_cb_mesh_base.vmdl_c	1613
maps/tatdemo1/worldnodes/node000_lr0_b1658_s_cb_mesh_base.vmdl_c	1613
maps/tatdemo1/worldnodes/node000_lr0_b1659_s_cb_mesh_base.vmdl_c	1613
maps/tatdemo1/worldnodes/node000_lr0_b1660_s_cb_mesh_base.vmdl_c	1613
maps/tatdemo1/worldnodes/node000_lr0_b1661_s_cb_mesh_base.vmdl_c	1613
maps/tatdemo1/worldnodes/node000_lr0_b1662_s_cb_mesh_base.vmdl_c	1613
maps/tatdemo1/worldnodes/node000_lr0_b1663_s_cb_mesh_base.vmdl_c	1613
maps/tatdemo1/worldnodes/node000_lr0_b1682_s_cb_mesh_base.vmdl_c	1613
maps/tatdemo1/worldnodes/node000_lr0_b1683_s_cb_mesh_base.vmdl_c	1613
maps/tatdemo1/worldnodes/node000_lr0_b1684_s_cb_mesh_base.vmdl_c	1613
maps/tatdemo1/worldnodes/node000_lr0_b1685_s_cb_mesh_base.vmdl_c	1613
maps/tatdemo1/worldnodes/node000_lr0_b1686_s_cb_mesh_base.vmdl_c	1613
maps/tatdemo1/worldnodes/node000_lr0_b1687_s_cb_mesh_base.vmdl_c	1613
maps/tatdemo1/worldnodes/node000_lr0_b1688_s_cb_mesh_base.vmdl_c	1613
maps/tatdemo1/worldnodes/node000_lr0_b1689_s_cb_mesh_base.vmdl_c	1613
maps/tatdemo1/worldnodes/node000_lr0_b1690_s_cb_mesh_base.vmdl_c	1613
maps/tatdemo1/worldnodes/node000_lr0_b1691_s_cb_mesh_base.vmdl_c	1613
maps/tatdemo1/worldnodes/node000_lr0_b1692_s_cb_mesh_base.vmdl_c	1613
maps/tatdemo1/worldnodes/node000_lr0_b1693_s_cb_mesh_base.vmdl_c	1613
maps/tatdemo1/worldnodes/node000_lr0_b1694_s_cb_mesh_base.vmdl_c	1613
maps/tatdemo1/worldnodes/node000_lr0_b1695_s_cb_mesh_base.vmdl_c	1613
maps/tatdemo1/worldnodes/node000_lr0_b1711_s_cb_mesh_base.vmdl_c	1613
maps/tatdemo1/worldnodes/node000_lr0_b1712_s_cb_mesh_base.vmdl_c	1613
maps/tatdemo1/worldnodes/node000_lr0_b1713_s_cb_mesh_base.vmdl_c	1613
maps/tatdemo1/worldnodes/node000_lr0_b1714_s_cb_mesh_base.vmdl_c	1613
maps/tatdemo1/worldnodes/node000_lr0_b1715_s_cb_mesh_base.vmdl_c	1613
maps/tatdemo1/worldnodes/node000_lr0_b1716_s_cb_mesh_base.vmdl_c	1613
maps/tatdemo1/worldnodes/node000_lr0_b1717_s_cb_mesh_base.vmdl_c	1613
maps/tatdemo1/worldnodes/node000_lr0_b1718_s_cb_mesh_base.vmdl_c	1613
maps/tatdemo1/worldnodes/node000_lr0_b1719_s_cb_mesh_base.vmdl_c	1613
maps/tatdemo1/worldnodes/node000_lr0_b1720_s_cb_mesh_base.vmdl_c	1613
maps/tatdemo1/worldnodes/node000_lr0_b1721_s_cb_mesh_base.vmdl_c	1613
maps/tatdemo1/worldnodes/node000_lr0_b1722_s_cb_mesh_base.vmdl_c	1613
maps/tatdemo1/worldnodes/node000_lr0_b1723_s_cb_mesh_base.vmdl_c	1613
maps/tatdemo1/worldnodes/node000_lr0_b1724_s_cb_mesh_base.vmdl_c	1613
maps/tatdemo1/worldnodes/node000_lr0_b1740_s_cb_mesh_base.vmdl_c	1613
maps/tatdemo1/worldnodes/node000_lr0_b1741_s_cb_mesh_base.vmdl_c	1613
maps/tatdemo1/worldnodes/node000_lr0_b1742_s_cb_mesh_base.vmdl_c	1613
maps/tatdemo1/worldnodes/node000_lr0_b1743_s_cb_mesh_base.vmdl_c	1613
maps/tatdemo1/worldnodes/node000_lr0_b1744_s_cb_mesh_base.vmdl_c	1613
maps/tatdemo1/worldnodes/node000_lr0_b1751_s_cb_mesh_base.vmdl_c	1613
maps/tatdemo1/worldnodes/node000_lr0_b1752_s_cb_mesh_base.vmdl_c	1613
maps/tatdemo1/worldnodes/node000_lr0_b1753_s_cb_mesh_base.vmdl_c	1613
maps/tatdemo1/worldnodes/node000_lr0_b1754_s_cb_mesh_base.vmdl_c	1613
maps/tatdemo1/worldnodes/node000_lr0_b1759_s_cb_mesh_base.vmdl_c	1613
maps/tatdemo1/worldnodes/node000_lr0_b1780_s_cb_mesh_base.vmdl_c	1613
maps/tatdemo1/worldnodes/node000_lr0_b1781_s_cb_mesh_base.vmdl_c	1613
maps/tatdemo1/worldnodes/node000_lr0_b1782_s_cb_mesh_base.vmdl_c	1613
maps/tatdemo1/worldnodes/node000_lr0_b1788_s_cb_mesh_base.vmdl_c	1613
maps/tatdemo1/worldnodes/node000_lr0_b1810_s_cb_mesh_base.vmdl_c	1613
maps/tatdemo1/worldnodes/node000_lr0_b1811_s_cb_mesh_base.vmdl_c	1613
maps/tatdemo1/worldnodes/node000_lr0_b1876_s_cb_mesh_base.vmdl_c	1613
maps/tatdemo1/worldnodes/node000_lr0_b1883_s_cb_mesh_base.vmdl_c	1613
maps/tatdemo1/worldnodes/node000_lr0_b1899_s_cb_mesh_base.vmdl_c	1613
maps/tatdemo1/worldnodes/node000_lr0_b1900_s_cb_mesh_base.vmdl_c	1613
maps/tatdemo1/worldnodes/node000_lr0_b1905_s_cb_mesh_base.vmdl_c	1613
maps/tatdemo1/worldnodes/node000_lr0_b1912_s_cb_mesh_base.vmdl_c	1613
maps/tatdemo1/worldnodes/node000_lr0_b1927_s_cb_mesh_base.vmdl_c	1613
maps/tatdemo1/worldnodes/node000_lr0_b1928_s_cb_mesh_base.vmdl_c	1613
maps/tatdemo1/worldnodes/node000_lr0_b1929_s_cb_mesh_base.vmdl_c	1613
maps/tatdemo1/worldnodes/node000_lr0_b1930_s_cb_mesh_base.vmdl_c	1613
maps/tatdemo1/worldnodes/node000_lr0_b1934_s_cb_mesh_base.vmdl_c	1613
maps/tatdemo1/worldnodes/node000_lr0_b1941_s_cb_mesh_base.vmdl_c	1613
maps/tatdemo1/worldnodes/node000_lr0_b1956_s_cb_mesh_base.vmdl_c	1613
maps/tatdemo1/worldnodes/node000_lr0_b1959_s_cb_mesh_base.vmdl_c	1613
maps/tatdemo1/worldnodes/node000_lr0_b1970_s_cb_mesh_base.vmdl_c	1613
maps/tatdemo1/worldnodes/node000_lr0_b1992_s_cb_mesh_base.vmdl_c	1613
maps/tatdemo1/worldnodes/node000_lr0_b1999_s_cb_mesh_base.vmdl_c	1613
maps/tatdemo1/worldnodes/node000_lr0_b2018_s_cb_mesh_base.vmdl_c	1613
maps/tatdemo1/worldnodes/node000_lr0_b2019_s_cb_mesh_base.vmdl_c	1613
maps/tatdemo1/worldnodes/node000_lr0_b2028_s_cb_mesh_base.vmdl_c	1613
maps/tatdemo1/worldnodes/node000_lr0_b2045_s_cb_mesh_base.vmdl_c	1613
maps/tatdemo1/worldnodes/node000_lr0_b2046_s_cb_mesh_base.vmdl_c	1613
maps/tatdemo1/worldnodes/node000_lr0_b2047_s_cb_mesh_base.vmdl_c	1613
maps/tatdemo1/worldnodes/node000_lr0_b2048_s_cb_mesh_base.vmdl_c	1613
maps/tatdemo1/worldnodes/node000_lr0_b2053_s_cb_mesh_base.vmdl_c	1613
maps/tatdemo1/worldnodes/node000_lr0_b2054_s_cb_mesh_base.vmdl_c	1613
maps/tatdemo1/worldnodes/node000_lr0_b2055_s_cb_mesh_base.vmdl_c	1613
maps/tatdemo1/worldnodes/node000_lr0_b2056_s_cb_mesh_base.vmdl_c	1613
maps/tatdemo1/worldnodes/node000_lr0_b2057_s_cb_mesh_base.vmdl_c	1613
maps/tatdemo1/worldnodes/node000_lr0_b2074_s_cb_mesh_base.vmdl_c	1613
maps/tatdemo1/worldnodes/node000_lr0_b2075_s_cb_mesh_base.vmdl_c	1613
maps/tatdemo1/worldnodes/node000_lr0_b2076_s_cb_mesh_base.vmdl_c	1613
maps/tatdemo1/worldnodes/node000_lr0_b2077_s_cb_mesh_base.vmdl_c	1613
maps/tatdemo1/worldnodes/node000_lr0_b2082_s_cb_mesh_base.vmdl_c	1613
maps/tatdemo1/worldnodes/node000_lr0_b2103_s_cb_mesh_base.vmdl_c	1613
maps/tatdemo1/worldnodes/node000_lr0_b2104_s_cb_mesh_base.vmdl_c	1613
maps/tatdemo1/worldnodes/node000_lr0_b2105_s_cb_mesh_base.vmdl_c	1613
maps/tatdemo1/worldnodes/node000_lr0_b2106_s_cb_mesh_base.vmdl_c	1613
maps/tatdemo1/worldnodes/node000_lr0_b2111_s_cb_mesh_base.vmdl_c	1613
maps/tatdemo1/worldnodes/node000_lr0_b2132_s_cb_mesh_base.vmdl_c	1613
maps/tatdemo1/worldnodes/node000_lr0_b2133_s_cb_mesh_base.vmdl_c	1613
maps/tatdemo1/worldnodes/node000_lr0_b2134_s_cb_mesh_base.vmdl_c	1613
maps/tatdemo1/worldnodes/node000_lr0_b2135_s_cb_mesh_base.vmdl_c	1613
maps/tatdemo1/worldnodes/node000_lr0_b2139_s_cb_mesh_base.vmdl_c	1613
maps/tatdemo1/worldnodes/node000_lr0_b2140_s_cb_mesh_base.vmdl_c	1613
maps/tatdemo1/worldnodes/node000_lr0_b2162_s_cb_mesh_base.vmdl_c	1613
maps/tatdemo1/worldnodes/node000_lr0_b2163_s_cb_mesh_base.vmdl_c	1613
maps/tatdemo1/worldnodes/node000_lr0_b2166_s_cb_mesh_base.vmdl_c	1613
maps/tatdemo1/worldnodes/node000_lr0_b2167_s_cb_mesh_base.vmdl_c	1613
maps/tatdemo1/worldnodes/node000_lr0_b2168_s_cb_mesh_base.vmdl_c	1613
maps/tatdemo1/worldnodes/node000_lr0_b2195_s_cb_mesh_base.vmdl_c	1613
maps/tatdemo1/worldnodes/node000_lr0_b2262_s_cb_mesh_base.vmdl_c	1613
maps/tatdemo1/worldnodes/node000_lr0_b2263_s_cb_mesh_base.vmdl_c	1613
maps/tatdemo1/worldnodes/node000_lr0_b2264_s_cb_mesh_base.vmdl_c	1613
maps/tatdemo1/worldnodes/node000_lr0_b2265_s_cb_mesh_base.vmdl_c	1613
maps/tatdemo1/worldnodes/node000_lr0_b2266_s_cb_mesh_base.vmdl_c	1613
maps/tatdemo1/worldnodes/node000_lr0_b2267_s_cb_mesh_base.vmdl_c	1613
maps/tatdemo1/worldnodes/node000_lr0_b2268_s_cb_mesh_base.vmdl_c	1613
maps/tatdemo1/worldnodes/node000_lr0_b2269_s_cb_mesh_base.vmdl_c	1613
maps/tatdemo1/worldnodes/node000_lr0_b2271_s_cb_mesh_base.vmdl_c	1613
maps/tatdemo1/worldnodes/node000_lr0_b2272_s_cb_mesh_base.vmdl_c	1613
maps/tatdemo1/worldnodes/node000_lr0_b2291_s_cb_mesh_base.vmdl_c	1613
maps/tatdemo1/worldnodes/node000_lr0_b2292_s_cb_mesh_base.vmdl_c	1613
maps/tatdemo1/worldnodes/node000_lr0_b2293_s_cb_mesh_base.vmdl_c	1613
maps/tatdemo1/worldnodes/node000_lr0_b2294_s_cb_mesh_base.vmdl_c	1613
maps/tatdemo1/worldnodes/node000_lr0_b2295_s_cb_mesh_base.vmdl_c	1613
maps/tatdemo1/worldnodes/node000_lr0_b2296_s_cb_mesh_base.vmdl_c	1613
maps/tatdemo1/worldnodes/node000_lr0_b2297_s_cb_mesh_base.vmdl_c	1613
maps/tatdemo1/worldnodes/node000_lr0_b2298_s_cb_mesh_base.vmdl_c	1613
maps/tatdemo1/worldnodes/node000_lr0_b2299_s_cb_mesh_base.vmdl_c	1613
maps/tatdemo1/worldnodes/node000_lr0_b2300_s_cb_mesh_base.vmdl_c	1613
maps/tatdemo1/worldnodes/node000_lr0_b2301_s_cb_mesh_base.vmdl_c	1613
maps/tatdemo1/worldnodes/node000_lr0_b2302_s_cb_mesh_base.vmdl_c	1613
maps/tatdemo1/worldnodes/node000_lr0_b2303_s_cb_mesh_base.vmdl_c	1613
maps/tatdemo1/worldnodes/node000_lr0_b2304_s_cb_mesh_base.vmdl_c	1613
maps/tatdemo1/worldnodes/node000_lr0_b2320_s_cb_mesh_base.vmdl_c	1613
maps/tatdemo1/worldnodes/node000_lr0_b2321_s_cb_mesh_base.vmdl_c	1613
maps/tatdemo1/worldnodes/node000_lr0_b2322_s_cb_mesh_base.vmdl_c	1613
maps/tatdemo1/worldnodes/node000_lr0_b2323_s_cb_mesh_base.vmdl_c	1613
maps/tatdemo1/worldnodes/node000_lr0_b2324_s_cb_mesh_base.vmdl_c	1613
maps/tatdemo1/worldnodes/node000_lr0_b2325_s_cb_mesh_base.vmdl_c	1613
maps/tatdemo1/worldnodes/node000_lr0_b2326_s_cb_mesh_base.vmdl_c	1613
maps/tatdemo1/worldnodes/node000_lr0_b2327_s_cb_mesh_base.vmdl_c	1613
maps/tatdemo1/worldnodes/node000_lr0_b2328_s_cb_mesh_base.vmdl_c	1613
maps/tatdemo1/worldnodes/node000_lr0_b2329_s_cb_mesh_base.vmdl_c	1613
maps/tatdemo1/worldnodes/node000_lr0_b2330_s_cb_mesh_base.vmdl_c	1613
maps/tatdemo1/worldnodes/node000_lr0_b2331_s_cb_mesh_base.vmdl_c	1613
maps/tatdemo1/worldnodes/node000_lr0_b2332_s_cb_mesh_base.vmdl_c	1613
maps/tatdemo1/worldnodes/node000_lr0_b2333_s_cb_mesh_base.vmdl_c	1613
maps/tatdemo1/worldnodes/node000_lr0_b2349_s_cb_mesh_base.vmdl_c	1613
maps/tatdemo1/worldnodes/node000_lr0_b2350_s_cb_mesh_base.vmdl_c	1613
maps/tatdemo1/worldnodes/node000_lr0_b2351_s_cb_mesh_base.vmdl_c	1613
maps/tatdemo1/worldnodes/node000_lr0_b2352_s_cb_mesh_base.vmdl_c	1613
maps/tatdemo1/worldnodes/node000_lr0_b2353_s_cb_mesh_base.vmdl_c	1613
maps/tatdemo1/worldnodes/node000_lr0_b2354_s_cb_mesh_base.vmdl_c	1613
maps/tatdemo1/worldnodes/node000_lr0_b2355_s_cb_mesh_base.vmdl_c	1613
maps/tatdemo1/worldnodes/node000_lr0_b2356_s_cb_mesh_base.vmdl_c	1613
maps/tatdemo1/worldnodes/node000_lr0_b2357_s_cb_mesh_base.vmdl_c	1613
maps/tatdemo1/worldnodes/node000_lr0_b2358_s_cb_mesh_base.vmdl_c	1613
maps/tatdemo1/worldnodes/node000_lr0_b2359_s_cb_mesh_base.vmdl_c	1613
maps/tatdemo1/worldnodes/node000_lr0_b2360_s_cb_mesh_base.vmdl_c	1613
maps/tatdemo1/worldnodes/node000_lr0_b2361_s_cb_mesh_base.vmdl_c	1613
maps/tatdemo1/worldnodes/node000_lr0_b2362_s_cb_mesh_base.vmdl_c	1613
maps/tatdemo1/worldnodes/node000_lr0_b2363_s_cb_mesh_base.vmdl_c	1613
maps/tatdemo1/worldnodes/node000_lr0_b2364_s_cb_mesh_base.vmdl_c	1613
maps/tatdemo1/worldnodes/node000_lr0_b2378_s_cb_mesh_base.vmdl_c	1613
maps/tatdemo1/worldnodes/node000_lr0_b2379_s_cb_mesh_base.vmdl_c	1613
maps/tatdemo1/worldnodes/node000_lr0_b2380_s_cb_mesh_base.vmdl_c	1613
maps/tatdemo1/worldnodes/node000_lr0_b2381_s_cb_mesh_base.vmdl_c	1613
maps/tatdemo1/worldnodes/node000_lr0_b2382_s_cb_mesh_base.vmdl_c	1613
maps/tatdemo1/worldnodes/node000_lr0_b2383_s_cb_mesh_base.vmdl_c	1613
maps/tatdemo1/worldnodes/node000_lr0_b2384_s_cb_mesh_base.vmdl_c	1613
maps/tatdemo1/worldnodes/node000_lr0_b2385_s_cb_mesh_base.vmdl_c	1613
maps/tatdemo1/worldnodes/node000_lr0_b2386_s_cb_mesh_base.vmdl_c	1613
maps/tatdemo1/worldnodes/node000_lr0_b2387_s_cb_mesh_base.vmdl_c	1613
maps/tatdemo1/worldnodes/node000_lr0_b2388_s_cb_mesh_base.vmdl_c	1613
maps/tatdemo1/worldnodes/node000_lr0_b2389_s_cb_mesh_base.vmdl_c	1613
maps/tatdemo1/worldnodes/node000_lr0_b2390_s_cb_mesh_base.vmdl_c	1613
maps/tatdemo1/worldnodes/node000_lr0_b2391_s_cb_mesh_base.vmdl_c	1613
maps/tatdemo1/worldnodes/node000_lr0_b2392_s_cb_mesh_base.vmdl_c	1613
maps/tatdemo1/worldnodes/node000_lr0_b2393_s_cb_mesh_base.vmdl_c	1613
maps/tatdemo1/worldnodes/node000_lr0_b2394_s_cb_mesh_base.vmdl_c	1613
maps/tatdemo1/worldnodes/node000_lr0_b2402_s_cb_mesh_base.vmdl_c	1613
maps/tatdemo1/worldnodes/node000_lr0_b2403_s_cb_mesh_base.vmdl_c	1613
maps/tatdemo1/worldnodes/node000_lr0_b2404_s_cb_mesh_base.vmdl_c	1613
maps/tatdemo1/worldnodes/node000_lr0_b2407_s_cb_mesh_base.vmdl_c	1613
maps/tatdemo1/worldnodes/node000_lr0_b2408_s_cb_mesh_base.vmdl_c	1613
maps/tatdemo1/worldnodes/node000_lr0_b2409_s_cb_mesh_base.vmdl_c	1613
maps/tatdemo1/worldnodes/node000_lr0_b2410_s_cb_mesh_base.vmdl_c	1613
maps/tatdemo1/worldnodes/node000_lr0_b2411_s_cb_mesh_base.vmdl_c	1613
maps/tatdemo1/worldnodes/node000_lr0_b2412_s_cb_mesh_base.vmdl_c	1613
maps/tatdemo1/worldnodes/node000_lr0_b2413_s_cb_mesh_base.vmdl_c	1613
maps/tatdemo1/worldnodes/node000_lr0_b2414_s_cb_mesh_base.vmdl_c	1613
maps/tatdemo1/worldnodes/node000_lr0_b2415_s_cb_mesh_base.vmdl_c	1613
maps/tatdemo1/worldnodes/node000_lr0_b2416_s_cb_mesh_base.vmdl_c	1613
maps/tatdemo1/worldnodes/node000_lr0_b2417_s_cb_mesh_base.vmdl_c	1613
maps/tatdemo1/worldnodes/node000_lr0_b2418_s_cb_mesh_base.vmdl_c	1613
maps/tatdemo1/worldnodes/node000_lr0_b2419_s_cb_mesh_base.vmdl_c	1613
maps/tatdemo1/worldnodes/node000_lr0_b2420_s_cb_mesh_base.vmdl_c	1613
maps/tatdemo1/worldnodes/node000_lr0_b2421_s_cb_mesh_base.vmdl_c	1613
maps/tatdemo1/worldnodes/node000_lr0_b2422_s_cb_mesh_base.vmdl_c	1613
maps/tatdemo1/worldnodes/node000_lr0_b2423_s_cb_mesh_base.vmdl_c	1613
maps/tatdemo1/worldnodes/node000_lr0_b2429_s_cb_mesh_base.vmdl_c	1613
maps/tatdemo1/worldnodes/node000_lr0_b2431_s_cb_mesh_base.vmdl_c	1613
maps/tatdemo1/worldnodes/node000_lr0_b2432_s_cb_mesh_base.vmdl_c	1613
maps/tatdemo1/worldnodes/node000_lr0_b2433_s_cb_mesh_base.vmdl_c	1613
maps/tatdemo1/worldnodes/node000_lr0_b2434_s_cb_mesh_base.vmdl_c	1613
maps/tatdemo1/worldnodes/node000_lr0_b2436_s_cb_mesh_base.vmdl_c	1613
maps/tatdemo1/worldnodes/node000_lr0_b2437_s_cb_mesh_base.vmdl_c	1613
maps/tatdemo1/worldnodes/node000_lr0_b2438_s_cb_mesh_base.vmdl_c	1613
maps/tatdemo1/worldnodes/node000_lr0_b2439_s_cb_mesh_base.vmdl_c	1613
maps/tatdemo1/worldnodes/node000_lr0_b2440_s_cb_mesh_base.vmdl_c	1613
maps/tatdemo1/worldnodes/node000_lr0_b2441_s_cb_mesh_base.vmdl_c	1613
maps/tatdemo1/worldnodes/node000_lr0_b2442_s_cb_mesh_base.vmdl_c	1613
maps/tatdemo1/worldnodes/node000_lr0_b2443_s_cb_mesh_base.vmdl_c	1613
maps/tatdemo1/worldnodes/node000_lr0_b2444_s_cb_mesh_base.vmdl_c	1613
maps/tatdemo1/worldnodes/node000_lr0_b2445_s_cb_mesh_base.vmdl_c	1613
maps/tatdemo1/worldnodes/node000_lr0_b2446_s_cb_mesh_base.vmdl_c	1613
maps/tatdemo1/worldnodes/node000_lr0_b2447_s_cb_mesh_base.vmdl_c	1613
maps/tatdemo1/worldnodes/node000_lr0_b2448_s_cb_mesh_base.vmdl_c	1613
maps/tatdemo1/worldnodes/node000_lr0_b2449_s_cb_mesh_base.vmdl_c	1613
maps/tatdemo1/worldnodes/node000_lr0_b2450_s_cb_mesh_base.vmdl_c	1613
maps/tatdemo1/worldnodes/node000_lr0_b2451_s_cb_mesh_base.vmdl_c	1613
maps/tatdemo1/worldnodes/node000_lr0_b2452_s_cb_mesh_base.vmdl_c	1613
maps/tatdemo1/worldnodes/node000_lr0_b2453_s_cb_mesh_base.vmdl_c	1613
maps/tatdemo1/worldnodes/node000_lr0_b2454_s_cb_mesh_base.vmdl_c	1613
maps/tatdemo1/worldnodes/node000_lr0_b2457_s_cb_mesh_base.vmdl_c	1613
maps/tatdemo1/worldnodes/node000_lr0_b2460_s_cb_mesh_base.vmdl_c	1613
maps/tatdemo1/worldnodes/node000_lr0_b2461_s_cb_mesh_base.vmdl_c	1613
maps/tatdemo1/worldnodes/node000_lr0_b2462_s_cb_mesh_base.vmdl_c	1613
maps/tatdemo1/worldnodes/node000_lr0_b2463_s_cb_mesh_base.vmdl_c	1613
maps/tatdemo1/worldnodes/node000_lr0_b2465_s_cb_mesh_base.vmdl_c	1613
maps/tatdemo1/worldnodes/node000_lr0_b2466_s_cb_mesh_base.vmdl_c	1613
maps/tatdemo1/worldnodes/node000_lr0_b2467_s_cb_mesh_base.vmdl_c	1613
maps/tatdemo1/worldnodes/node000_lr0_b2468_s_cb_mesh_base.vmdl_c	1613
maps/tatdemo1/worldnodes/node000_lr0_b2469_s_cb_mesh_base.vmdl_c	1613
maps/tatdemo1/worldnodes/node000_lr0_b2470_s_cb_mesh_base.vmdl_c	1613
maps/tatdemo1/worldnodes/node000_lr0_b2471_s_cb_mesh_base.vmdl_c	1613
maps/tatdemo1/worldnodes/node000_lr0_b2472_s_cb_mesh_base.vmdl_c	1613
maps/tatdemo1/worldnodes/node000_lr0_b2473_s_cb_mesh_base.vmdl_c	1613
maps/tatdemo1/worldnodes/node000_lr0_b2474_s_cb_mesh_base.vmdl_c	1613
maps/tatdemo1/worldnodes/node000_lr0_b2475_s_cb_mesh_base.vmdl_c	1613
maps/tatdemo1/worldnodes/node000_lr0_b2476_s_cb_mesh_base.vmdl_c	1613
maps/tatdemo1/worldnodes/node000_lr0_b2477_s_cb_mesh_base.vmdl_c	1613
maps/tatdemo1/worldnodes/node000_lr0_b2478_s_cb_mesh_base.vmdl_c	1613
maps/tatdemo1/worldnodes/node000_lr0_b2479_s_cb_mesh_base.vmdl_c	1613
maps/tatdemo1/worldnodes/node000_lr0_b2480_s_cb_mesh_base.vmdl_c	1613
maps/tatdemo1/worldnodes/node000_lr0_b2481_s_cb_mesh_base.vmdl_c	1613
maps/tatdemo1/worldnodes/node000_lr0_b2482_s_cb_mesh_base.vmdl_c	1613
maps/tatdemo1/worldnodes/node000_lr0_b2483_s_cb_mesh_base.vmdl_c	1613
maps/tatdemo1/worldnodes/node000_lr0_b2484_s_cb_mesh_base.vmdl_c	1613
maps/tatdemo1/worldnodes/node000_lr0_b2485_s_cb_mesh_base.vmdl_c	1613
maps/tatdemo1/worldnodes/node000_lr0_b2487_s_cb_mesh_base.vmdl_c	1613
maps/tatdemo1/worldnodes/node000_lr0_b2489_s_cb_mesh_base.vmdl_c	1613
maps/tatdemo1/worldnodes/node000_lr0_b2490_s_cb_mesh_base.vmdl_c	1613
maps/tatdemo1/worldnodes/node000_lr0_b2491_s_cb_mesh_base.vmdl_c	1613
maps/tatdemo1/worldnodes/node000_lr0_b2492_s_cb_mesh_base.vmdl_c	1613
maps/tatdemo1/worldnodes/node000_lr0_b2494_s_cb_mesh_base.vmdl_c	1613
maps/tatdemo1/worldnodes/node000_lr0_b2495_s_cb_mesh_base.vmdl_c	1613
maps/tatdemo1/worldnodes/node000_lr0_b2496_s_cb_mesh_base.vmdl_c	1613
maps/tatdemo1/worldnodes/node000_lr0_b2497_s_cb_mesh_base.vmdl_c	1613
maps/tatdemo1/worldnodes/node000_lr0_b2498_s_cb_mesh_base.vmdl_c	1613
maps/tatdemo1/worldnodes/node000_lr0_b2499_s_cb_mesh_base.vmdl_c	1613
maps/tatdemo1/worldnodes/node000_lr0_b2500_s_cb_mesh_base.vmdl_c	1613
maps/tatdemo1/worldnodes/node000_lr0_b2501_s_cb_mesh_base.vmdl_c	1613
maps/tatdemo1/worldnodes/node000_lr0_b2502_s_cb_mesh_base.vmdl_c	1613
maps/tatdemo1/worldnodes/node000_lr0_b2503_s_cb_mesh_base.vmdl_c	1613
maps/tatdemo1/worldnodes/node000_lr0_b2504_s_cb_mesh_base.vmdl_c	1613
maps/tatdemo1/worldnodes/node000_lr0_b2505_s_cb_mesh_base.vmdl_c	1613
maps/tatdemo1/worldnodes/node000_lr0_b2506_s_cb_mesh_base.vmdl_c	1613
maps/tatdemo1/worldnodes/node000_lr0_b2507_s_cb_mesh_base.vmdl_c	1613
maps/tatdemo1/worldnodes/node000_lr0_b2508_s_cb_mesh_base.vmdl_c	1613
maps/tatdemo1/worldnodes/node000_lr0_b2509_s_cb_mesh_base.vmdl_c	1613
maps/tatdemo1/worldnodes/node000_lr0_b2510_s_cb_mesh_base.vmdl_c	1613
maps/tatdemo1/worldnodes/node000_lr0_b2511_s_cb_mesh_base.vmdl_c	1613
maps/tatdemo1/worldnodes/node000_lr0_b2512_s_cb_mesh_base.vmdl_c	1613
maps/tatdemo1/worldnodes/node000_lr0_b2513_s_cb_mesh_base.vmdl_c	1613
maps/tatdemo1/worldnodes/node000_lr0_b2514_s_cb_mesh_base.vmdl_c	1613
maps/tatdemo1/worldnodes/node000_lr0_b2519_s_cb_mesh_base.vmdl_c	1613
maps/tatdemo1/worldnodes/node000_lr0_b2520_s_cb_mesh_base.vmdl_c	1613
maps/tatdemo1/worldnodes/node000_lr0_b2523_s_cb_mesh_base.vmdl_c	1613
maps/tatdemo1/worldnodes/node000_lr0_b2524_s_cb_mesh_base.vmdl_c	1613
maps/tatdemo1/worldnodes/node000_lr0_b2525_s_cb_mesh_base.vmdl_c	1613
maps/tatdemo1/worldnodes/node000_lr0_b2526_s_cb_mesh_base.vmdl_c	1613
maps/tatdemo1/worldnodes/node000_lr0_b2527_s_cb_mesh_base.vmdl_c	1613
maps/tatdemo1/worldnodes/node000_lr0_b2528_s_cb_mesh_base.vmdl_c	1613
maps/tatdemo1/worldnodes/node000_lr0_b2529_s_cb_mesh_base.vmdl_c	1613
maps/tatdemo1/worldnodes/node000_lr0_b2530_s_cb_mesh_base.vmdl_c	1613
maps/tatdemo1/worldnodes/node000_lr0_b2531_s_cb_mesh_base.vmdl_c	1613
maps/tatdemo1/worldnodes/node000_lr0_b2532_s_cb_mesh_base.vmdl_c	1613
maps/tatdemo1/worldnodes/node000_lr0_b2533_s_cb_mesh_base.vmdl_c	1613
maps/tatdemo1/worldnodes/node000_lr0_b2534_s_cb_mesh_base.vmdl_c	1613
maps/tatdemo1/worldnodes/node000_lr0_b2535_s_cb_mesh_base.vmdl_c	1613
maps/tatdemo1/worldnodes/node000_lr0_b2536_s_cb_mesh_base.vmdl_c	1613
maps/tatdemo1/worldnodes/node000_lr0_b2537_s_cb_mesh_base.vmdl_c	1613
maps/tatdemo1/worldnodes/node000_lr0_b2538_s_cb_mesh_base.vmdl_c	1613
maps/tatdemo1/worldnodes/node000_lr0_b2539_s_cb_mesh_base.vmdl_c	1613
maps/tatdemo1/worldnodes/node000_lr0_b2540_s_cb_mesh_base.vmdl_c	1613
maps/tatdemo1/worldnodes/node000_lr0_b2541_s_cb_mesh_base.vmdl_c	1613
maps/tatdemo1/worldnodes/node000_lr0_b2542_s_cb_mesh_base.vmdl_c	1613
maps/tatdemo1/worldnodes/node000_lr0_b2543_s_cb_mesh_base.vmdl_c	1613
maps/tatdemo1/worldnodes/node000_lr0_b2545_s_cb_mesh_base.vmdl_c	1613
maps/tatdemo1/worldnodes/node000_lr0_b2546_s_cb_mesh_base.vmdl_c	1613
maps/tatdemo1/worldnodes/node000_lr0_b2552_s_cb_mesh_base.vmdl_c	1613
maps/tatdemo1/worldnodes/node000_lr0_b2553_s_cb_mesh_base.vmdl_c	1613
maps/tatdemo1/worldnodes/node000_lr0_b2554_s_cb_mesh_base.vmdl_c	1613
maps/tatdemo1/worldnodes/node000_lr0_b2555_s_cb_mesh_base.vmdl_c	1613
maps/tatdemo1/worldnodes/node000_lr0_b2556_s_cb_mesh_base.vmdl_c	1613
maps/tatdemo1/worldnodes/node000_lr0_b2557_s_cb_mesh_base.vmdl_c	1613
maps/tatdemo1/worldnodes/node000_lr0_b2558_s_cb_mesh_base.vmdl_c	1613
maps/tatdemo1/worldnodes/node000_lr0_b2559_s_cb_mesh_base.vmdl_c	1613
maps/tatdemo1/worldnodes/node000_lr0_b2560_s_cb_mesh_base.vmdl_c	1613
maps/tatdemo1/worldnodes/node000_lr0_b2561_s_cb_mesh_base.vmdl_c	1613
maps/tatdemo1/worldnodes/node000_lr0_b2562_s_cb_mesh_base.vmdl_c	1613
maps/tatdemo1/worldnodes/node000_lr0_b2563_s_cb_mesh_base.vmdl_c	1613
maps/tatdemo1/worldnodes/node000_lr0_b2564_s_cb_mesh_base.vmdl_c	1613
maps/tatdemo1/worldnodes/node000_lr0_b2565_s_cb_mesh_base.vmdl_c	1613
maps/tatdemo1/worldnodes/node000_lr0_b2566_s_cb_mesh_base.vmdl_c	1613
maps/tatdemo1/worldnodes/node000_lr0_b2567_s_cb_mesh_base.vmdl_c	1613
maps/tatdemo1/worldnodes/node000_lr0_b2568_s_cb_mesh_base.vmdl_c	1613
maps/tatdemo1/worldnodes/node000_lr0_b2569_s_cb_mesh_base.vmdl_c	1613
maps/tatdemo1/worldnodes/node000_lr0_b2570_s_cb_mesh_base.vmdl_c	1613
maps/tatdemo1/worldnodes/node000_lr0_b2571_s_cb_mesh_base.vmdl_c	1613
maps/tatdemo1/worldnodes/node000_lr0_b2572_s_cb_mesh_base.vmdl_c	1613
maps/tatdemo1/worldnodes/node000_lr0_b2573_s_cb_mesh_base.vmdl_c	1613
maps/tatdemo1/worldnodes/node000_lr0_b2574_s_cb_mesh_base.vmdl_c	1613
maps/tatdemo1/worldnodes/node000_lr0_b2575_s_cb_mesh_base.vmdl_c	1613
maps/tatdemo1/worldnodes/node000_lr0_b2576_s_cb_mesh_base.vmdl_c	1613
maps/tatdemo1/worldnodes/node000_lr0_b2581_s_cb_mesh_base.vmdl_c	1613
maps/tatdemo1/worldnodes/node000_lr0_b2582_s_cb_mesh_base.vmdl_c	1613
maps/tatdemo1/worldnodes/node000_lr0_b2583_s_cb_mesh_base.vmdl_c	1613
maps/tatdemo1/worldnodes/node000_lr0_b2584_s_cb_mesh_base.vmdl_c	1613
maps/tatdemo1/worldnodes/node000_lr0_b2585_s_cb_mesh_base.vmdl_c	1613
maps/tatdemo1/worldnodes/node000_lr0_b2586_s_cb_mesh_base.vmdl_c	1613
maps/tatdemo1/worldnodes/node000_lr0_b2587_s_cb_mesh_base.vmdl_c	1613
maps/tatdemo1/worldnodes/node000_lr0_b2588_s_cb_mesh_base.vmdl_c	1613
maps/tatdemo1/worldnodes/node000_lr0_b2589_s_cb_mesh_base.vmdl_c	1613
maps/tatdemo1/worldnodes/node000_lr0_b2590_s_cb_mesh_base.vmdl_c	1613
maps/tatdemo1/worldnodes/node000_lr0_b2591_s_cb_mesh_base.vmdl_c	1613
maps/tatdemo1/worldnodes/node000_lr0_b2592_s_cb_mesh_base.vmdl_c	1613
maps/tatdemo1/worldnodes/node000_lr0_b2593_s_cb_mesh_base.vmdl_c	1613
maps/tatdemo1/worldnodes/node000_lr0_b2594_s_cb_mesh_base.vmdl_c	1613
maps/tatdemo1/worldnodes/node000_lr0_b2595_s_cb_mesh_base.vmdl_c	1613
maps/tatdemo1/worldnodes/node000_lr0_b2596_s_cb_mesh_base.vmdl_c	1613
maps/tatdemo1/worldnodes/node000_lr0_b2597_s_cb_mesh_base.vmdl_c	1613
maps/tatdemo1/worldnodes/node000_lr0_b2598_s_cb_mesh_base.vmdl_c	1613
maps/tatdemo1/worldnodes/node000_lr0_b2599_s_cb_mesh_base.vmdl_c	1613
maps/tatdemo1/worldnodes/node000_lr0_b2600_s_cb_mesh_base.vmdl_c	1613
maps/tatdemo1/worldnodes/node000_lr0_b2601_s_cb_mesh_base.vmdl_c	1613
maps/tatdemo1/worldnodes/node000_lr0_b2602_s_cb_mesh_base.vmdl_c	1613
maps/tatdemo1/worldnodes/node000_lr0_b2603_s_cb_mesh_base.vmdl_c	1613
maps/tatdemo1/worldnodes/node000_lr0_b2604_s_cb_mesh_base.vmdl_c	1613
maps/tatdemo1/worldnodes/node000_lr0_b2605_s_cb_mesh_base.vmdl_c	1613
maps/tatdemo1/worldnodes/node000_lr0_b2610_s_cb_mesh_base.vmdl_c	1613
maps/tatdemo1/worldnodes/node000_lr0_b2611_s_cb_mesh_base.vmdl_c	1613
maps/tatdemo1/worldnodes/node000_lr0_b2612_s_cb_mesh_base.vmdl_c	1613
maps/tatdemo1/worldnodes/node000_lr0_b2613_s_cb_mesh_base.vmdl_c	1613
maps/tatdemo1/worldnodes/node000_lr0_b2614_s_cb_mesh_base.vmdl_c	1613
maps/tatdemo1/worldnodes/node000_lr0_b2615_s_cb_mesh_base.vmdl_c	1613
maps/tatdemo1/worldnodes/node000_lr0_b2616_s_cb_mesh_base.vmdl_c	1613
maps/tatdemo1/worldnodes/node000_lr0_b2617_s_cb_mesh_base.vmdl_c	1613
maps/tatdemo1/worldnodes/node000_lr0_b2618_s_cb_mesh_base.vmdl_c	1613
maps/tatdemo1/worldnodes/node000_lr0_b2619_s_cb_mesh_base.vmdl_c	1613
maps/tatdemo1/worldnodes/node000_lr0_b2620_s_cb_mesh_base.vmdl_c	1613
maps/tatdemo1/worldnodes/node000_lr0_b2621_s_cb_mesh_base.vmdl_c	1613
maps/tatdemo1/worldnodes/node000_lr0_b2622_s_cb_mesh_base.vmdl_c	1613
maps/tatdemo1/worldnodes/node000_lr0_b2623_s_cb_mesh_base.vmdl_c	1613
maps/tatdemo1/worldnodes/node000_lr0_b2624_s_cb_mesh_base.vmdl_c	1613
maps/tatdemo1/worldnodes/node000_lr0_b2625_s_cb_mesh_base.vmdl_c	1613
maps/tatdemo1/worldnodes/node000_lr0_b2626_s_cb_mesh_base.vmdl_c	1613
maps/tatdemo1/worldnodes/node000_lr0_b2627_s_cb_mesh_base.vmdl_c	1613
maps/tatdemo1/worldnodes/node000_lr0_b2628_s_cb_mesh_base.vmdl_c	1613
maps/tatdemo1/worldnodes/node000_lr0_b2629_s_cb_mesh_base.vmdl_c	1613
maps/tatdemo1/worldnodes/node000_lr0_b2630_s_cb_mesh_base.vmdl_c	1613
maps/tatdemo1/worldnodes/node000_lr0_b2631_s_cb_mesh_base.vmdl_c	1613
maps/tatdemo1/worldnodes/node000_lr0_b2632_s_cb_mesh_base.vmdl_c	1613
maps/tatdemo1/worldnodes/node000_lr0_b2633_s_cb_mesh_base.vmdl_c	1613
maps/tatdemo1/worldnodes/node000_lr0_b2634_s_cb_mesh_base.vmdl_c	1613
maps/tatdemo1/worldnodes/node000_lr0_b2635_s_cb_mesh_base.vmdl_c	1613
maps/tatdemo1/worldnodes/node000_lr0_b2637_s_cb_mesh_base.vmdl_c	1613
maps/tatdemo1/worldnodes/node000_lr0_b2639_s_cb_mesh_base.vmdl_c	1613
maps/tatdemo1/worldnodes/node000_lr0_b2640_s_cb_mesh_base.vmdl_c	1613
maps/tatdemo1/worldnodes/node000_lr0_b2641_s_cb_mesh_base.vmdl_c	1613
maps/tatdemo1/worldnodes/node000_lr0_b2642_s_cb_mesh_base.vmdl_c	1613
maps/tatdemo1/worldnodes/node000_lr0_b2643_s_cb_mesh_base.vmdl_c	1613
maps/tatdemo1/worldnodes/node000_lr0_b2644_s_cb_mesh_base.vmdl_c	1613
maps/tatdemo1/worldnodes/node000_lr0_b2645_s_cb_mesh_base.vmdl_c	1613
maps/tatdemo1/worldnodes/node000_lr0_b2646_s_cb_mesh_base.vmdl_c	1613
maps/tatdemo1/worldnodes/node000_lr0_b2647_s_cb_mesh_base.vmdl_c	1613
maps/tatdemo1/worldnodes/node000_lr0_b2648_s_cb_mesh_base.vmdl_c	1613
maps/tatdemo1/worldnodes/node000_lr0_b2649_s_cb_mesh_base.vmdl_c	1613
maps/tatdemo1/worldnodes/node000_lr0_b2650_s_cb_mesh_base.vmdl_c	1613
maps/tatdemo1/worldnodes/node000_lr0_b2651_s_cb_mesh_base.vmdl_c	1613
maps/tatdemo1/worldnodes/node000_lr0_b2652_s_cb_mesh_base.vmdl_c	1613
maps/tatdemo1/worldnodes/node000_lr0_b2653_s_cb_mesh_base.vmdl_c	1613
maps/tatdemo1/worldnodes/node000_lr0_b2654_s_cb_mesh_base.vmdl_c	1613
maps/tatdemo1/worldnodes/node000_lr0_b2655_s_cb_mesh_base.vmdl_c	1613
maps/tatdemo1/worldnodes/node000_lr0_b2656_s_cb_mesh_base.vmdl_c	1613
maps/tatdemo1/worldnodes/node000_lr0_b2657_s_cb_mesh_base.vmdl_c	1613
maps/tatdemo1/worldnodes/node000_lr0_b2658_s_cb_mesh_base.vmdl_c	1613
maps/tatdemo1/worldnodes/node000_lr0_b2659_s_cb_mesh_base.vmdl_c	1613
maps/tatdemo1/worldnodes/node000_lr0_b2661_s_cb_mesh_base.vmdl_c	1613
maps/tatdemo1/worldnodes/node000_lr0_b2662_s_cb_mesh_base.vmdl_c	1613
maps/tatdemo1/worldnodes/node000_lr0_b2663_s_cb_mesh_base.vmdl_c	1613
maps/tatdemo1/worldnodes/node000_lr0_b2664_s_cb_mesh_base.vmdl_c	1613
maps/tatdemo1/worldnodes/node000_lr0_b2665_s_cb_mesh_base.vmdl_c	1613
maps/tatdemo1/worldnodes/node000_lr0_b2666_s_cb_mesh_base.vmdl_c	1613
maps/tatdemo1/worldnodes/node000_lr0_b2675_s_cb_mesh_base.vmdl_c	1613
maps/tatdemo1/worldnodes/node000_lr0_b2676_s_cb_mesh_base.vmdl_c	1613
maps/tatdemo1/worldnodes/node000_lr0_b2677_s_cb_mesh_base.vmdl_c	1613
maps/tatdemo1/worldnodes/node000_lr0_b2678_s_cb_mesh_base.vmdl_c	1613
maps/tatdemo1/worldnodes/node000_lr0_b2679_s_cb_mesh_base.vmdl_c	1613
maps/tatdemo1/worldnodes/node000_lr0_b2680_s_cb_mesh_base.vmdl_c	1613
maps/tatdemo1/worldnodes/node000_lr0_b2681_s_cb_mesh_base.vmdl_c	1613
maps/tatdemo1/worldnodes/node000_lr0_b2682_s_cb_mesh_base.vmdl_c	1613
maps/tatdemo1/worldnodes/node000_lr0_b2683_s_cb_mesh_base.vmdl_c	1613
maps/tatdemo1/worldnodes/node000_lr0_b2684_s_cb_mesh_base.vmdl_c	1613
maps/tatdemo1/worldnodes/node000_lr0_b2685_s_cb_mesh_base.vmdl_c	1613
maps/tatdemo1/worldnodes/node000_lr0_b2686_s_cb_mesh_base.vmdl_c	1613
maps/tatdemo1/worldnodes/node000_lr0_b2687_s_cb_mesh_base.vmdl_c	1613
maps/tatdemo1/worldnodes/node000_lr0_b2688_s_cb_mesh_base.vmdl_c	1613
maps/tatdemo1/worldnodes/node000_lr0_b2690_s_cb_mesh_base.vmdl_c	1613
maps/tatdemo1/worldnodes/node000_lr0_b2691_s_cb_mesh_base.vmdl_c	1613
maps/tatdemo1/worldnodes/node000_lr0_b2692_s_cb_mesh_base.vmdl_c	1613
maps/tatdemo1/worldnodes/node000_lr0_b2693_s_cb_mesh_base.vmdl_c	1613
maps/tatdemo1/worldnodes/node000_lr0_b2694_s_cb_mesh_base.vmdl_c	1613
maps/tatdemo1/worldnodes/node000_lr0_b2695_s_cb_mesh_base.vmdl_c	1613
maps/tatdemo1/worldnodes/node000_lr0_b2703_s_cb_mesh_base.vmdl_c	1613
maps/tatdemo1/worldnodes/node000_lr0_b2704_s_cb_mesh_base.vmdl_c	1613
maps/tatdemo1/worldnodes/node000_lr0_b2705_s_cb_mesh_base.vmdl_c	1613
maps/tatdemo1/worldnodes/node000_lr0_b2706_s_cb_mesh_base.vmdl_c	1613
maps/tatdemo1/worldnodes/node000_lr0_b2707_s_cb_mesh_base.vmdl_c	1613
maps/tatdemo1/worldnodes/node000_lr0_b2708_s_cb_mesh_base.vmdl_c	1613
maps/tatdemo1/worldnodes/node000_lr0_b2709_s_cb_mesh_base.vmdl_c	1613
maps/tatdemo1/worldnodes/node000_lr0_b2710_s_cb_mesh_base.vmdl_c	1613
maps/tatdemo1/worldnodes/node000_lr0_b2711_s_cb_mesh_base.vmdl_c	1613
maps/tatdemo1/worldnodes/node000_lr0_b2712_s_cb_mesh_base.vmdl_c	1613
maps/tatdemo1/worldnodes/node000_lr0_b2713_s_cb_mesh_base.vmdl_c	1613
maps/tatdemo1/worldnodes/node000_lr0_b2714_s_cb_mesh_base.vmdl_c	1613
maps/tatdemo1/worldnodes/node000_lr0_b2715_s_cb_mesh_base.vmdl_c	1613
maps/tatdemo1/worldnodes/node000_lr0_b2716_s_cb_mesh_base.vmdl_c	1613
maps/tatdemo1/worldnodes/node000_lr0_b2717_s_cb_mesh_base.vmdl_c	1613
maps/tatdemo1/worldnodes/node000_lr0_b2719_s_cb_mesh_base.vmdl_c	1613
maps/tatdemo1/worldnodes/node000_lr0_b2720_s_cb_mesh_base.vmdl_c	1613
maps/tatdemo1/worldnodes/node000_lr0_b2721_s_cb_mesh_base.vmdl_c	1613
maps/tatdemo1/worldnodes/node000_lr0_b2722_s_cb_mesh_base.vmdl_c	1613
maps/tatdemo1/worldnodes/node000_lr0_b2723_s_cb_mesh_base.vmdl_c	1613
maps/tatdemo1/worldnodes/node000_lr0_b2724_s_cb_mesh_base.vmdl_c	1613
maps/tatdemo1/worldnodes/node000_lr0_b2727_s_cb_mesh_base.vmdl_c	1613
maps/tatdemo1/worldnodes/node000_lr0_b2728_s_cb_mesh_base.vmdl_c	1613
maps/tatdemo1/worldnodes/node000_lr0_b2729_s_cb_mesh_base.vmdl_c	1613
maps/tatdemo1/worldnodes/node000_lr0_b2730_s_cb_mesh_base.vmdl_c	1613
maps/tatdemo1/worldnodes/node000_lr0_b2731_s_cb_mesh_base.vmdl_c	1613
maps/tatdemo1/worldnodes/node000_lr0_b2732_s_cb_mesh_base.vmdl_c	1613
maps/tatdemo1/worldnodes/node000_lr0_b2733_s_cb_mesh_base.vmdl_c	1613
maps/tatdemo1/worldnodes/node000_lr0_b2734_s_cb_mesh_base.vmdl_c	1613
maps/tatdemo1/worldnodes/node000_lr0_b2735_s_cb_mesh_base.vmdl_c	1613
maps/tatdemo1/worldnodes/node000_lr0_b2736_s_cb_mesh_base.vmdl_c	1613
maps/tatdemo1/worldnodes/node000_lr0_b2737_s_cb_mesh_base.vmdl_c	1613
maps/tatdemo1/worldnodes/node000_lr0_b2738_s_cb_mesh_base.vmdl_c	1613
maps/tatdemo1/worldnodes/node000_lr0_b2739_s_cb_mesh_base.vmdl_c	1613
maps/tatdemo1/worldnodes/node000_lr0_b2740_s_cb_mesh_base.vmdl_c	1613
maps/tatdemo1/worldnodes/node000_lr0_b2741_s_cb_mesh_base.vmdl_c	1613
maps/tatdemo1/worldnodes/node000_lr0_b2742_s_cb_mesh_base.vmdl_c	1613
maps/tatdemo1/worldnodes/node000_lr0_b2743_s_cb_mesh_base.vmdl_c	1613
maps/tatdemo1/worldnodes/node000_lr0_b2744_s_cb_mesh_base.vmdl_c	1613
maps/tatdemo1/worldnodes/node000_lr0_b2745_s_cb_mesh_base.vmdl_c	1613
maps/tatdemo1/worldnodes/node000_lr0_b2746_s_cb_mesh_base.vmdl_c	1613
maps/tatdemo1/worldnodes/node000_lr0_b2747_s_cb_mesh_base.vmdl_c	1613
maps/tatdemo1/worldnodes/node000_lr0_b2748_s_cb_mesh_base.vmdl_c	1613
maps/tatdemo1/worldnodes/node000_lr0_b2749_s_cb_mesh_base.vmdl_c	1613
maps/tatdemo1/worldnodes/node000_lr0_b2750_s_cb_mesh_base.vmdl_c	1613
maps/tatdemo1/worldnodes/node000_lr0_b2751_s_cb_mesh_base.vmdl_c	1613
maps/tatdemo1/worldnodes/node000_lr0_b2752_s_cb_mesh_base.vmdl_c	1613
maps/tatdemo1/worldnodes/node000_lr0_b2753_s_cb_mesh_base.vmdl_c	1613
maps/tatdemo1/worldnodes/node000_lr0_b2756_s_cb_mesh_base.vmdl_c	1613
maps/tatdemo1/worldnodes/node000_lr0_b2757_s_cb_mesh_base.vmdl_c	1613
maps/tatdemo1/worldnodes/node000_lr0_b2758_s_cb_mesh_base.vmdl_c	1613
maps/tatdemo1/worldnodes/node000_lr0_b2759_s_cb_mesh_base.vmdl_c	1613
maps/tatdemo1/worldnodes/node000_lr0_b2760_s_cb_mesh_base.vmdl_c	1613
maps/tatdemo1/worldnodes/node000_lr0_b2761_s_cb_mesh_base.vmdl_c	1613
maps/tatdemo1/worldnodes/node000_lr0_b2762_s_cb_mesh_base.vmdl_c	1613
maps/tatdemo1/worldnodes/node000_lr0_b2763_s_cb_mesh_base.vmdl_c	1613
maps/tatdemo1/worldnodes/node000_lr0_b2764_s_cb_mesh_base.vmdl_c	1613
maps/tatdemo1/worldnodes/node000_lr0_b2765_s_cb_mesh_base.vmdl_c	1613
maps/tatdemo1/worldnodes/node000_lr0_b2766_s_cb_mesh_base.vmdl_c	1613
maps/tatdemo1/worldnodes/node000_lr0_b2767_s_cb_mesh_base.vmdl_c	1613
maps/tatdemo1/worldnodes/node000_lr0_b2768_s_cb_mesh_base.vmdl_c	1613
maps/tatdemo1/worldnodes/node000_lr0_b2769_s_cb_mesh_base.vmdl_c	1613
maps/tatdemo1/worldnodes/node000_lr0_b2770_s_cb_mesh_base.vmdl_c	1613
maps/tatdemo1/worldnodes/node000_lr0_b2771_s_cb_mesh_base.vmdl_c	1613
maps/tatdemo1/worldnodes/node000_lr0_b2772_s_cb_mesh_base.vmdl_c	1613
maps/tatdemo1/worldnodes/node000_lr0_b2773_s_cb_mesh_base.vmdl_c	1613
maps/tatdemo1/worldnodes/node000_lr0_b2774_s_cb_mesh_base.vmdl_c	1613
maps/tatdemo1/worldnodes/node000_lr0_b2777_s_cb_mesh_base.vmdl_c	1613
maps/tatdemo1/worldnodes/node000_lr0_b2778_s_cb_mesh_base.vmdl_c	1613
maps/tatdemo1/worldnodes/node000_lr0_b2779_s_cb_mesh_base.vmdl_c	1613
maps/tatdemo1/worldnodes/node000_lr0_b2780_s_cb_mesh_base.vmdl_c	1613
maps/tatdemo1/worldnodes/node000_lr0_b2781_s_cb_mesh_base.vmdl_c	1613
maps/tatdemo1/worldnodes/node000_lr0_b2782_s_cb_mesh_base.vmdl_c	1613
maps/tatdemo1/worldnodes/node000_lr0_b2785_s_cb_mesh_base.vmdl_c	1613
maps/tatdemo1/worldnodes/node000_lr0_b2786_s_cb_mesh_base.vmdl_c	1613
maps/tatdemo1/worldnodes/node000_lr0_b2787_s_cb_mesh_base.vmdl_c	1613
maps/tatdemo1/worldnodes/node000_lr0_b2788_s_cb_mesh_base.vmdl_c	1613
maps/tatdemo1/worldnodes/node000_lr0_b2789_s_cb_mesh_base.vmdl_c	1613
maps/tatdemo1/worldnodes/node000_lr0_b2790_s_cb_mesh_base.vmdl_c	1613
maps/tatdemo1/worldnodes/node000_lr0_b2791_s_cb_mesh_base.vmdl_c	1613
maps/tatdemo1/worldnodes/node000_lr0_b2792_s_cb_mesh_base.vmdl_c	1613
maps/tatdemo1/worldnodes/node000_lr0_b2793_s_cb_mesh_base.vmdl_c	1613
maps/tatdemo1/worldnodes/node000_lr0_b2794_s_cb_mesh_base.vmdl_c	1613
maps/tatdemo1/worldnodes/node000_lr0_b2795_s_cb_mesh_base.vmdl_c	1613
maps/tatdemo1/worldnodes/node000_lr0_b2796_s_cb_mesh_base.vmdl_c	1613
maps/tatdemo1/worldnodes/node000_lr0_b2797_s_cb_mesh_base.vmdl_c	1613
maps/tatdemo1/worldnodes/node000_lr0_b2798_s_cb_mesh_base.vmdl_c	1613
maps/tatdemo1/worldnodes/node000_lr0_b2799_s_cb_mesh_base.vmdl_c	1613
maps/tatdemo1/worldnodes/node000_lr0_b2800_s_cb_mesh_base.vmdl_c	1613
maps/tatdemo1/worldnodes/node000_lr0_b2801_s_cb_mesh_base.vmdl_c	1613
maps/tatdemo1/worldnodes/node000_lr0_b2802_s_cb_mesh_base.vmdl_c	1613
maps/tatdemo1/worldnodes/node000_lr0_b2803_s_cb_mesh_base.vmdl_c	1613
maps/tatdemo1/worldnodes/node000_lr0_b2804_s_cb_mesh_base.vmdl_c	1613
maps/tatdemo1/worldnodes/node000_lr0_b2805_s_cb_mesh_base.vmdl_c	1613
maps/tatdemo1/worldnodes/node000_lr0_b2806_s_cb_mesh_base.vmdl_c	1613
maps/tatdemo1/worldnodes/node000_lr0_b2807_s_cb_mesh_base.vmdl_c	1613
maps/tatdemo1/worldnodes/node000_lr0_b2808_s_cb_mesh_base.vmdl_c	1613
maps/tatdemo1/worldnodes/node000_lr0_b2809_s_cb_mesh_base.vmdl_c	1613
maps/tatdemo1/worldnodes/node000_lr0_b2810_s_cb_mesh_base.vmdl_c	1613
maps/tatdemo1/worldnodes/node000_lr0_b2811_s_cb_mesh_base.vmdl_c	1613
maps/tatdemo1/worldnodes/node000_lr0_b2814_s_cb_mesh_base.vmdl_c	1613
maps/tatdemo1/worldnodes/node000_lr0_b2815_s_cb_mesh_base.vmdl_c	1613
maps/tatdemo1/worldnodes/node000_lr0_b2816_s_cb_mesh_base.vmdl_c	1613
maps/tatdemo1/worldnodes/node000_lr0_b2817_s_cb_mesh_base.vmdl_c	1613
maps/tatdemo1/worldnodes/node000_lr0_b2818_s_cb_mesh_base.vmdl_c	1613
maps/tatdemo1/worldnodes/node000_lr0_b2819_s_cb_mesh_base.vmdl_c	1613
maps/tatdemo1/worldnodes/node000_lr0_b2820_s_cb_mesh_base.vmdl_c	1613
maps/tatdemo1/worldnodes/node000_lr0_b2821_s_cb_mesh_base.vmdl_c	1613
maps/tatdemo1/worldnodes/node000_lr0_b2822_s_cb_mesh_base.vmdl_c	1613
maps/tatdemo1/worldnodes/node000_lr0_b2823_s_cb_mesh_base.vmdl_c	1613
maps/tatdemo1/worldnodes/node000_lr0_b2824_s_cb_mesh_base.vmdl_c	1613
maps/tatdemo1/worldnodes/node000_lr0_b2825_s_cb_mesh_base.vmdl_c	1613
maps/tatdemo1/worldnodes/node000_lr0_b2826_s_cb_mesh_base.vmdl_c	1613
maps/tatdemo1/worldnodes/node000_lr0_b2827_s_cb_mesh_base.vmdl_c	1613
maps/tatdemo1/worldnodes/node000_lr0_b2828_s_cb_mesh_base.vmdl_c	1613
maps/tatdemo1/worldnodes/node000_lr0_b2829_s_cb_mesh_base.vmdl_c	1613
maps/tatdemo1/worldnodes/node000_lr0_b2830_s_cb_mesh_base.vmdl_c	1613
maps/tatdemo1/worldnodes/node000_lr0_b2831_s_cb_mesh_base.vmdl_c	1613
maps/tatdemo1/worldnodes/node000_lr0_b2832_s_cb_mesh_base.vmdl_c	1613
maps/tatdemo1/worldnodes/node000_lr0_b2833_s_cb_mesh_base.vmdl_c	1613
maps/tatdemo1/worldnodes/node000_lr0_b2834_s_cb_mesh_base.vmdl_c	1613
maps/tatdemo1/worldnodes/node000_lr0_b2835_s_cb_mesh_base.vmdl_c	1613
maps/tatdemo1/worldnodes/node000_lr0_b2836_s_cb_mesh_base.vmdl_c	1613
maps/tatdemo1/worldnodes/node000_lr0_b2843_s_cb_mesh_base.vmdl_c	1613
maps/tatdemo1/worldnodes/node000_lr0_b2844_s_cb_mesh_base.vmdl_c	1613
maps/tatdemo1/worldnodes/node000_lr0_b2845_s_cb_mesh_base.vmdl_c	1613
maps/tatdemo1/worldnodes/node000_lr0_b2846_s_cb_mesh_base.vmdl_c	1613
maps/tatdemo1/worldnodes/node000_lr0_b2847_s_cb_mesh_base.vmdl_c	1613
maps/tatdemo1/worldnodes/node000_lr0_b2848_s_cb_mesh_base.vmdl_c	1613
maps/tatdemo1/worldnodes/node000_lr0_b2849_s_cb_mesh_base.vmdl_c	1613
maps/tatdemo1/worldnodes/node000_lr0_b2850_s_cb_mesh_base.vmdl_c	1613
maps/tatdemo1/worldnodes/node000_lr0_b2851_s_cb_mesh_base.vmdl_c	1613
maps/tatdemo1/worldnodes/node000_lr0_b2852_s_cb_mesh_base.vmdl_c	1613
maps/tatdemo1/worldnodes/node000_lr0_b2853_s_cb_mesh_base.vmdl_c	1613
maps/tatdemo1/worldnodes/node000_lr0_b2854_s_cb_mesh_base.vmdl_c	1613
maps/tatdemo1/worldnodes/node000_lr0_b2855_s_cb_mesh_base.vmdl_c	1613
maps/tatdemo1/worldnodes/node000_lr0_b2856_s_cb_mesh_base.vmdl_c	1613
maps/tatdemo1/worldnodes/node000_lr0_b2857_s_cb_mesh_base.vmdl_c	1613
maps/tatdemo1/worldnodes/node000_lr0_b2858_s_cb_mesh_base.vmdl_c	1613
maps/tatdemo1/worldnodes/node000_lr0_b2859_s_cb_mesh_base.vmdl_c	1613
maps/tatdemo1/worldnodes/node000_lr0_b2860_s_cb_mesh_base.vmdl_c	1613
maps/tatdemo1/worldnodes/node000_lr0_b2861_s_cb_mesh_base.vmdl_c	1613
maps/tatdemo1/worldnodes/node000_lr0_b2862_s_cb_mesh_base.vmdl_c	1613
maps/tatdemo1/worldnodes/node000_lr0_b2863_s_cb_mesh_base.vmdl_c	1613
maps/tatdemo1/worldnodes/node000_lr0_b2864_s_cb_mesh_base.vmdl_c	1613
maps/tatdemo1/worldnodes/node000_lr0_b2865_s_cb_mesh_base.vmdl_c	1613
maps/tatdemo1/worldnodes/node000_lr0_b2872_s_cb_mesh_base.vmdl_c	1613
maps/tatdemo1/worldnodes/node000_lr0_b2873_s_cb_mesh_base.vmdl_c	1613
maps/tatdemo1/worldnodes/node000_lr0_b2874_s_cb_mesh_base.vmdl_c	1613
maps/tatdemo1/worldnodes/node000_lr0_b2875_s_cb_mesh_base.vmdl_c	1613
maps/tatdemo1/worldnodes/node000_lr0_b2876_s_cb_mesh_base.vmdl_c	1613
maps/tatdemo1/worldnodes/node000_lr0_b2877_s_cb_mesh_base.vmdl_c	1613
maps/tatdemo1/worldnodes/node000_lr0_b2878_s_cb_mesh_base.vmdl_c	1613
maps/tatdemo1/worldnodes/node000_lr0_b2879_s_cb_mesh_base.vmdl_c	1613
maps/tatdemo1/worldnodes/node000_lr0_b2880_s_cb_mesh_base.vmdl_c	1613
maps/tatdemo1/worldnodes/node000_lr0_b2881_s_cb_mesh_base.vmdl_c	1613
maps/tatdemo1/worldnodes/node000_lr0_b2882_s_cb_mesh_base.vmdl_c	1613
maps/tatdemo1/worldnodes/node000_lr0_b2883_s_cb_mesh_base.vmdl_c	1613
maps/tatdemo1/worldnodes/node000_lr0_b2884_s_cb_mesh_base.vmdl_c	1613
maps/tatdemo1/worldnodes/node000_lr0_b2885_s_cb_mesh_base.vmdl_c	1613
maps/tatdemo1/worldnodes/node000_lr0_b2886_s_cb_mesh_base.vmdl_c	1613
maps/tatdemo1/worldnodes/node000_lr0_b2887_s_cb_mesh_base.vmdl_c	1613
maps/tatdemo1/worldnodes/node000_lr0_b2888_s_cb_mesh_base.vmdl_c	1613
maps/tatdemo1/worldnodes/node000_lr0_b2889_s_cb_mesh_base.vmdl_c	1613
maps/tatdemo1/worldnodes/node000_lr0_b2890_s_cb_mesh_base.vmdl_c	1613
maps/tatdemo1/worldnodes/node000_lr0_b2891_s_cb_mesh_base.vmdl_c	1613
maps/tatdemo1/worldnodes/node000_lr0_b2892_s_cb_mesh_base.vmdl_c	1613
maps/tatdemo1/worldnodes/node000_lr0_b2893_s_cb_mesh_base.vmdl_c	1613
maps/tatdemo1/worldnodes/node000_lr0_b2894_s_cb_mesh_base.vmdl_c	1613
maps/tatdemo1/worldnodes/node000_lr0_b2901_s_cb_mesh_base.vmdl_c	1613
maps/tatdemo1/worldnodes/node000_lr0_b2902_s_cb_mesh_base.vmdl_c	1613
maps/tatdemo1/worldnodes/node000_lr0_b2903_s_cb_mesh_base.vmdl_c	1613
maps/tatdemo1/worldnodes/node000_lr0_b2904_s_cb_mesh_base.vmdl_c	1613
maps/tatdemo1/worldnodes/node000_lr0_b2905_s_cb_mesh_base.vmdl_c	1613
maps/tatdemo1/worldnodes/node000_lr0_b2906_s_cb_mesh_base.vmdl_c	1613
maps/tatdemo1/worldnodes/node000_lr0_b2907_s_cb_mesh_base.vmdl_c	1613
maps/tatdemo1/worldnodes/node000_lr0_b2908_s_cb_mesh_base.vmdl_c	1613
maps/tatdemo1/worldnodes/node000_lr0_b2909_s_cb_mesh_base.vmdl_c	1613
maps/tatdemo1/worldnodes/node000_lr0_b2910_s_cb_mesh_base.vmdl_c	1613
maps/tatdemo1/worldnodes/node000_lr0_b2911_s_cb_mesh_base.vmdl_c	1613
maps/tatdemo1/worldnodes/node000_lr0_b2912_s_cb_mesh_base.vmdl_c	1613
maps/tatdemo1/worldnodes/node000_lr0_b2913_s_cb_mesh_base.vmdl_c	1613
maps/tatdemo1/worldnodes/node000_lr0_b2914_s_cb_mesh_base.vmdl_c	1613
maps/tatdemo1/worldnodes/node000_lr0_b2915_s_cb_mesh_base.vmdl_c	1613
maps/tatdemo1/worldnodes/node000_lr0_b2916_s_cb_mesh_base.vmdl_c	1613
maps/tatdemo1/worldnodes/node000_lr0_b2917_s_cb_mesh_base.vmdl_c	1613
maps/tatdemo1/worldnodes/node000_lr0_b2918_s_cb_mesh_base.vmdl_c	1613
maps/tatdemo1/worldnodes/node000_lr0_b2919_s_cb_mesh_base.vmdl_c	1613
maps/tatdemo1/worldnodes/node000_lr0_b2920_s_cb_mesh_base.vmdl_c	1613
maps/tatdemo1/worldnodes/node000_lr0_b2921_s_cb_mesh_base.vmdl_c	1613
maps/tatdemo1/worldnodes/node000_lr0_b2922_s_cb_mesh_base.vmdl_c	1613
maps/tatdemo1/worldnodes/node000_lr0_b2930_s_cb_mesh_base.vmdl_c	1613
maps/tatdemo1/worldnodes/node000_lr0_b2931_s_cb_mesh_base.vmdl_c	1613
maps/tatdemo1/worldnodes/node000_lr0_b2932_s_cb_mesh_base.vmdl_c	1613
maps/tatdemo1/worldnodes/node000_lr0_b2933_s_cb_mesh_base.vmdl_c	1613
maps/tatdemo1/worldnodes/node000_lr0_b2934_s_cb_mesh_base.vmdl_c	1613
maps/tatdemo1/worldnodes/node000_lr0_b2935_s_cb_mesh_base.vmdl_c	1613
maps/tatdemo1/worldnodes/node000_lr0_b2936_s_cb_mesh_base.vmdl_c	1613
maps/tatdemo1/worldnodes/node000_lr0_b2937_s_cb_mesh_base.vmdl_c	1613
maps/tatdemo1/worldnodes/node000_lr0_b2938_s_cb_mesh_base.vmdl_c	1613
maps/tatdemo1/worldnodes/node000_lr0_b2939_s_cb_mesh_base.vmdl_c	1613
maps/tatdemo1/worldnodes/node000_lr0_b2940_s_cb_mesh_base.vmdl_c	1613
maps/tatdemo1/worldnodes/node000_lr0_b2941_s_cb_mesh_base.vmdl_c	1613
maps/tatdemo1/worldnodes/node000_lr0_b2942_s_cb_mesh_base.vmdl_c	1613
maps/tatdemo1/worldnodes/node000_lr0_b2943_s_cb_mesh_base.vmdl_c	1613
maps/tatdemo1/worldnodes/node000_lr0_b2944_s_cb_mesh_base.vmdl_c	1613
maps/tatdemo1/worldnodes/node000_lr0_b2945_s_cb_mesh_base.vmdl_c	1613
maps/tatdemo1/worldnodes/node000_lr0_b2946_s_cb_mesh_base.vmdl_c	1613
maps/tatdemo1/worldnodes/node000_lr0_b2947_s_cb_mesh_base.vmdl_c	1613
maps/tatdemo1/worldnodes/node000_lr0_b2949_s_cb_mesh_base.vmdl_c	1613
maps/tatdemo1/worldnodes/node000_lr0_b2959_s_cb_mesh_base.vmdl_c	1613
maps/tatdemo1/worldnodes/node000_lr0_b2960_s_cb_mesh_base.vmdl_c	1613
maps/tatdemo1/worldnodes/node000_lr0_b2962_s_cb_mesh_base.vmdl_c	1613
maps/tatdemo1/worldnodes/node000_lr0_b2963_s_cb_mesh_base.vmdl_c	1613
maps/tatdemo1/worldnodes/node000_lr0_b2969_s_cb_mesh_base.vmdl_c	1613
maps/tatdemo1/worldnodes/node000_lr0_b2970_s_cb_mesh_base.vmdl_c	1613
maps/tatdemo1/worldnodes/node000_lr0_b2971_s_cb_mesh_base.vmdl_c	1613
maps/tatdemo1/worldnodes/node000_lr0_b3016_s_cb_mesh_base.vmdl_c	1613
maps/tatdemo1/worldnodes/node000_lr0_b3017_s_cb_mesh_base.vmdl_c	1613
maps/tatdemo1/worldnodes/node000_lr0_b3018_s_cb_mesh_base.vmdl_c	1613
maps/tatdemo1/worldnodes/node000_lr0_b3019_s_cb_mesh_base.vmdl_c	1613
maps/tatdemo1/worldnodes/node000_lr0_b3020_s_cb_mesh_base.vmdl_c	1613
maps/tatdemo1/worldnodes/node000_lr0_b3021_s_cb_mesh_base.vmdl_c	1613
maps/tatdemo1/worldnodes/node000_lr0_b3022_s_cb_mesh_base.vmdl_c	1613
maps/tatdemo1/worldnodes/node000_lr0_b3023_s_cb_mesh_base.vmdl_c	1613
maps/tatdemo1/worldnodes/node000_lr0_b3024_s_cb_mesh_base.vmdl_c	1613
maps/tatdemo1/worldnodes/node000_lr0_b3025_s_cb_mesh_base.vmdl_c	1613
maps/tatdemo1/worldnodes/node000_lr0_b3026_s_cb_mesh_base.vmdl_c	1613
maps/tatdemo1/worldnodes/node000_lr0_b3027_s_cb_mesh_base.vmdl_c	1613
maps/tatdemo1/worldnodes/node000_lr0_b3028_s_cb_mesh_base.vmdl_c	1613
maps/tatdemo1/worldnodes/node000_lr0_b3029_s_cb_mesh_base.vmdl_c	1613
maps/tatdemo1/worldnodes/node000_lr0_b3030_s_cb_mesh_base.vmdl_c	1613
maps/tatdemo1/worldnodes/node000_lr0_b3031_s_cb_mesh_base.vmdl_c	1613
maps/tatdemo1/worldnodes/node000_lr0_b3032_s_cb_mesh_base.vmdl_c	1613
maps/tatdemo1/worldnodes/node000_lr0_b3033_s_cb_mesh_base.vmdl_c	1613
maps/tatdemo1/worldnodes/node000_lr0_b3034_s_cb_mesh_base.vmdl_c	1613
maps/tatdemo1/worldnodes/node000_lr0_b3035_s_cb_mesh_base.vmdl_c	1613
maps/tatdemo1/worldnodes/node000_lr0_b3036_s_cb_mesh_base.vmdl_c	1613
maps/tatdemo1/worldnodes/node000_lr0_b3037_s_cb_mesh_base.vmdl_c	1613
maps/tatdemo1/worldnodes/node000_lr0_b3038_s_cb_mesh_base.vmdl_c	1613
maps/tatdemo1/worldnodes/node000_lr0_b3039_s_cb_mesh_base.vmdl_c	1613
maps/tatdemo1/worldnodes/node000_lr0_b3040_s_cb_mesh_base.vmdl_c	1613
maps/tatdemo1/worldnodes/node000_lr0_b3041_s_cb_mesh_base.vmdl_c	1613
maps/tatdemo1/worldnodes/node000_lr0_b3042_s_cb_mesh_base.vmdl_c	1613
maps/tatdemo1/worldnodes/node000_lr0_b3043_s_cb_mesh_base.vmdl_c	1613
maps/tatdemo1/worldnodes/node000_lr0_b3045_s_cb_mesh_base.vmdl_c	1613
maps/tatdemo1/worldnodes/node000_lr0_b3047_s_cb_mesh_base.vmdl_c	1613
maps/tatdemo1/worldnodes/node000_lr0_b3048_s_cb_mesh_base.vmdl_c	1613
maps/tatdemo1/worldnodes/node000_lr0_b3052_s_cb_mesh_base.vmdl_c	1613
maps/tatdemo1/worldnodes/node000_lr0_b3053_s_cb_mesh_base.vmdl_c	1613
maps/tatdemo1/worldnodes/node000_lr0_b3054_s_cb_mesh_base.vmdl_c	1613
maps/tatdemo1/worldnodes/node000_lr0_b3055_s_cb_mesh_base.vmdl_c	1613
maps/tatdemo1/worldnodes/node000_lr0_b3056_s_cb_mesh_base.vmdl_c	1613
maps/tatdemo1/worldnodes/node000_lr0_b3057_s_cb_mesh_base.vmdl_c	1613
maps/tatdemo1/worldnodes/node000_lr0_b3058_s_cb_mesh_base.vmdl_c	1613
maps/tatdemo1/worldnodes/node000_lr0_b3059_s_cb_mesh_base.vmdl_c	1613
maps/tatdemo1/worldnodes/node000_lr0_b3060_s_cb_mesh_base.vmdl_c	1613
maps/tatdemo1/worldnodes/node000_lr0_b3061_s_cb_mesh_base.vmdl_c	1613
maps/tatdemo1/worldnodes/node000_lr0_b3062_s_cb_mesh_base.vmdl_c	1613
maps/tatdemo1/worldnodes/node000_lr0_b3063_s_cb_mesh_base.vmdl_c	1613
maps/tatdemo1/worldnodes/node000_lr0_b3064_s_cb_mesh_base.vmdl_c	1613
maps/tatdemo1/worldnodes/node000_lr0_b3065_s_cb_mesh_base.vmdl_c	1613
maps/tatdemo1/worldnodes/node000_lr0_b3066_s_cb_mesh_base.vmdl_c	1613
maps/tatdemo1/worldnodes/node000_lr0_b3067_s_cb_mesh_base.vmdl_c	1613
maps/tatdemo1/worldnodes/node000_lr0_b3068_s_cb_mesh_base.vmdl_c	1613
maps/tatdemo1/worldnodes/node000_lr0_b3069_s_cb_mesh_base.vmdl_c	1613
maps/tatdemo1/worldnodes/node000_lr0_b3070_s_cb_mesh_base.vmdl_c	1613
maps/tatdemo1/worldnodes/node000_lr0_b3071_s_cb_mesh_base.vmdl_c	1613
maps/tatdemo1/worldnodes/node000_lr0_b3072_s_cb_mesh_base.vmdl_c	1613
maps/tatdemo1/worldnodes/node000_lr0_b3074_s_cb_mesh_base.vmdl_c	1613
maps/tatdemo1/worldnodes/node000_lr0_b3075_s_cb_mesh_base.vmdl_c	1613
maps/tatdemo1/worldnodes/node000_lr0_b3078_s_cb_mesh_base.vmdl_c	1613
maps/tatdemo1/worldnodes/node000_lr0_b3081_s_cb_mesh_base.vmdl_c	1613
maps/tatdemo1/worldnodes/node000_lr0_b3082_s_cb_mesh_base.vmdl_c	1613
maps/tatdemo1/worldnodes/node000_lr0_b3084_s_cb_mesh_base.vmdl_c	1613
maps/tatdemo1/worldnodes/node000_lr0_b3085_s_cb_mesh_base.vmdl_c	1613
maps/tatdemo1/worldnodes/node000_lr0_b3086_s_cb_mesh_base.vmdl_c	1613
maps/tatdemo1/worldnodes/node000_lr0_b3087_s_cb_mesh_base.vmdl_c	1613
maps/tatdemo1/worldnodes/node000_lr0_b3088_s_cb_mesh_base.vmdl_c	1613
maps/tatdemo1/worldnodes/node000_lr0_b3089_s_cb_mesh_base.vmdl_c	1613
maps/tatdemo1/worldnodes/node000_lr0_b3090_s_cb_mesh_base.vmdl_c	1613
maps/tatdemo1/worldnodes/node000_lr0_b3091_s_cb_mesh_base.vmdl_c	1613
maps/tatdemo1/worldnodes/node000_lr0_b3092_s_cb_mesh_base.vmdl_c	1613
maps/tatdemo1/worldnodes/node000_lr0_b3093_s_cb_mesh_base.vmdl_c	1613
maps/tatdemo1/worldnodes/node000_lr0_b3094_s_cb_mesh_base.vmdl_c	1613
maps/tatdemo1/worldnodes/node000_lr0_b3095_s_cb_mesh_base.vmdl_c	1613
maps/tatdemo1/worldnodes/node000_lr0_b3096_s_cb_mesh_base.vmdl_c	1613
maps/tatdemo1/worldnodes/node000_lr0_b3097_s_cb_mesh_base.vmdl_c	1613
maps/tatdemo1/worldnodes/node000_lr0_b3098_s_cb_mesh_base.vmdl_c	1613
maps/tatdemo1/worldnodes/node000_lr0_b3099_s_cb_mesh_base.vmdl_c	1613
maps/tatdemo1/worldnodes/node000_lr0_b3100_s_cb_mesh_base.vmdl_c	1613
maps/tatdemo1/worldnodes/node000_lr0_b3101_s_cb_mesh_base.vmdl_c	1613
maps/tatdemo1/worldnodes/node000_lr0_b3103_s_cb_mesh_base.vmdl_c	1613
maps/tatdemo1/worldnodes/node000_lr0_b3106_s_cb_mesh_base.vmdl_c	1613
maps/tatdemo1/worldnodes/node000_lr0_b3107_s_cb_mesh_base.vmdl_c	1613
maps/tatdemo1/worldnodes/node000_lr0_b3110_s_cb_mesh_base.vmdl_c	1613
maps/tatdemo1/worldnodes/node000_lr0_b3111_s_cb_mesh_base.vmdl_c	1613
maps/tatdemo1/worldnodes/node000_lr0_b3112_s_cb_mesh_base.vmdl_c	1613
maps/tatdemo1/worldnodes/node000_lr0_b3113_s_cb_mesh_base.vmdl_c	1613
maps/tatdemo1/worldnodes/node000_lr0_b3114_s_cb_mesh_base.vmdl_c	1613
maps/tatdemo1/worldnodes/node000_lr0_b3115_s_cb_mesh_base.vmdl_c	1613
maps/tatdemo1/worldnodes/node000_lr0_b3116_s_cb_mesh_base.vmdl_c	1613
maps/tatdemo1/worldnodes/node000_lr0_b3117_s_cb_mesh_base.vmdl_c	1613
maps/tatdemo1/worldnodes/node000_lr0_b3118_s_cb_mesh_base.vmdl_c	1613
maps/tatdemo1/worldnodes/node000_lr0_b3119_s_cb_mesh_base.vmdl_c	1613
maps/tatdemo1/worldnodes/node000_lr0_b3120_s_cb_mesh_base.vmdl_c	1613
maps/tatdemo1/worldnodes/node000_lr0_b3121_s_cb_mesh_base.vmdl_c	1613
maps/tatdemo1/worldnodes/node000_lr0_b3122_s_cb_mesh_base.vmdl_c	1613
maps/tatdemo1/worldnodes/node000_lr0_b3123_s_cb_mesh_base.vmdl_c	1613
maps/tatdemo1/worldnodes/node000_lr0_b3124_s_cb_mesh_base.vmdl_c	1613
maps/tatdemo1/worldnodes/node000_lr0_b3125_s_cb_mesh_base.vmdl_c	1613
maps/tatdemo1/worldnodes/node000_lr0_b3126_s_cb_mesh_base.vmdl_c	1613
maps/tatdemo1/worldnodes/node000_lr0_b3127_s_cb_mesh_base.vmdl_c	1613
maps/tatdemo1/worldnodes/node000_lr0_b3128_s_cb_mesh_base.vmdl_c	1613
maps/tatdemo1/worldnodes/node000_lr0_b3129_s_cb_mesh_base.vmdl_c	1613
maps/tatdemo1/worldnodes/node000_lr0_b3130_s_cb_mesh_base.vmdl_c	1613
maps/tatdemo1/worldnodes/node000_lr0_b3132_s_cb_mesh_base.vmdl_c	1613
maps/tatdemo1/worldnodes/node000_lr0_b3135_s_cb_mesh_base.vmdl_c	1613
maps/tatdemo1/worldnodes/node000_lr0_b3136_s_cb_mesh_base.vmdl_c	1613
maps/tatdemo1/worldnodes/node000_lr0_b3139_s_cb_mesh_base.vmdl_c	1613
maps/tatdemo1/worldnodes/node000_lr0_b3140_s_cb_mesh_base.vmdl_c	1613
maps/tatdemo1/worldnodes/node000_lr0_b3141_s_cb_mesh_base.vmdl_c	1613
maps/tatdemo1/worldnodes/node000_lr0_b3142_s_cb_mesh_base.vmdl_c	1613
maps/tatdemo1/worldnodes/node000_lr0_b3143_s_cb_mesh_base.vmdl_c	1613
maps/tatdemo1/worldnodes/node000_lr0_b3145_s_cb_mesh_base.vmdl_c	1613
maps/tatdemo1/worldnodes/node000_lr0_b3146_s_cb_mesh_base.vmdl_c	1613
maps/tatdemo1/worldnodes/node000_lr0_b3147_s_cb_mesh_base.vmdl_c	1613
maps/tatdemo1/worldnodes/node000_lr0_b3148_s_cb_mesh_base.vmdl_c	1613
maps/tatdemo1/worldnodes/node000_lr0_b3149_s_cb_mesh_base.vmdl_c	1613
maps/tatdemo1/worldnodes/node000_lr0_b3150_s_cb_mesh_base.vmdl_c	1613
maps/tatdemo1/worldnodes/node000_lr0_b3151_s_cb_mesh_base.vmdl_c	1613
maps/tatdemo1/worldnodes/node000_lr0_b3152_s_cb_mesh_base.vmdl_c	1613
maps/tatdemo1/worldnodes/node000_lr0_b3153_s_cb_mesh_base.vmdl_c	1613
maps/tatdemo1/worldnodes/node000_lr0_b3154_s_cb_mesh_base.vmdl_c	1613
maps/tatdemo1/worldnodes/node000_lr0_b3155_s_cb_mesh_base.vmdl_c	1613
maps/tatdemo1/worldnodes/node000_lr0_b3156_s_cb_mesh_base.vmdl_c	1613
maps/tatdemo1/worldnodes/node000_lr0_b3157_s_cb_mesh_base.vmdl_c	1613
maps/tatdemo1/worldnodes/node000_lr0_b3158_s_cb_mesh_base.vmdl_c	1613
maps/tatdemo1/worldnodes/node000_lr0_b3159_s_cb_mesh_base.vmdl_c	1613
maps/tatdemo1/worldnodes/node000_lr0_b3161_s_cb_mesh_base.vmdl_c	1613
maps/tatdemo1/worldnodes/node000_lr0_b3168_s_cb_mesh_base.vmdl_c	1613
maps/tatdemo1/worldnodes/node000_lr0_b3169_s_cb_mesh_base.vmdl_c	1613
maps/tatdemo1/worldnodes/node000_lr0_b3171_s_cb_mesh_base.vmdl_c	1613
maps/tatdemo1/worldnodes/node000_lr0_b3172_s_cb_mesh_base.vmdl_c	1613
maps/tatdemo1/worldnodes/node000_lr0_b3173_s_cb_mesh_base.vmdl_c	1613
maps/tatdemo1/worldnodes/node000_lr0_b3174_s_cb_mesh_base.vmdl_c	1613
maps/tatdemo1/worldnodes/node000_lr0_b3175_s_cb_mesh_base.vmdl_c	1613
maps/tatdemo1/worldnodes/node000_lr0_b3177_s_cb_mesh_base.vmdl_c	1613
maps/tatdemo1/worldnodes/node000_lr0_b3178_s_cb_mesh_base.vmdl_c	1613
maps/tatdemo1/worldnodes/node000_lr0_b3179_s_cb_mesh_base.vmdl_c	1613
maps/tatdemo1/worldnodes/node000_lr0_b3180_s_cb_mesh_base.vmdl_c	1613
maps/tatdemo1/worldnodes/node000_lr0_b3181_s_cb_mesh_base.vmdl_c	1613
maps/tatdemo1/worldnodes/node000_lr0_b3182_s_cb_mesh_base.vmdl_c	1613
maps/tatdemo1/worldnodes/node000_lr0_b3183_s_cb_mesh_base.vmdl_c	1613
maps/tatdemo1/worldnodes/node000_lr0_b3184_s_cb_mesh_base.vmdl_c	1613
maps/tatdemo1/worldnodes/node000_lr0_b3185_s_cb_mesh_base.vmdl_c	1613
maps/tatdemo1/worldnodes/node000_lr0_b3187_s_cb_mesh_base.vmdl_c	1613
maps/tatdemo1/worldnodes/node000_lr0_b3188_s_cb_mesh_base.vmdl_c	1613
maps/tatdemo1/worldnodes/node000_lr0_b3190_s_cb_mesh_base.vmdl_c	1613
maps/tatdemo1/worldnodes/node000_lr0_b3197_s_cb_mesh_base.vmdl_c	1613
maps/tatdemo1/worldnodes/node000_lr0_b3198_s_cb_mesh_base.vmdl_c	1613
maps/tatdemo1/worldnodes/node000_lr0_b3199_s_cb_mesh_base.vmdl_c	1613
maps/tatdemo1/worldnodes/node000_lr0_b3200_s_cb_mesh_base.vmdl_c	1613
maps/tatdemo1/worldnodes/node000_lr0_b3201_s_cb_mesh_base.vmdl_c	1613
maps/tatdemo1/worldnodes/node000_lr0_b3202_s_cb_mesh_base.vmdl_c	1613
maps/tatdemo1/worldnodes/node000_lr0_b3203_s_cb_mesh_base.vmdl_c	1613
maps/tatdemo1/worldnodes/node000_lr0_b3204_s_cb_mesh_base.vmdl_c	1613
maps/tatdemo1/worldnodes/node000_lr0_b3205_s_cb_mesh_base.vmdl_c	1613
maps/tatdemo1/worldnodes/node000_lr0_b3206_s_cb_mesh_base.vmdl_c	1613
maps/tatdemo1/worldnodes/node000_lr0_b3207_s_cb_mesh_base.vmdl_c	1613
maps/tatdemo1/worldnodes/node000_lr0_b3208_s_cb_mesh_base.vmdl_c	1613
maps/tatdemo1/worldnodes/node000_lr0_b3209_s_cb_mesh_base.vmdl_c	1613
maps/tatdemo1/worldnodes/node000_lr0_b3210_s_cb_mesh_base.vmdl_c	1613
maps/tatdemo1/worldnodes/node000_lr0_b3211_s_cb_mesh_base.vmdl_c	1613
maps/tatdemo1/worldnodes/node000_lr0_b3212_s_cb_mesh_base.vmdl_c	1613
maps/tatdemo1/worldnodes/node000_lr0_b3213_s_cb_mesh_base.vmdl_c	1613
maps/tatdemo1/worldnodes/node000_lr0_b3214_s_cb_mesh_base.vmdl_c	1613
maps/tatdemo1/worldnodes/node000_lr0_b3217_s_cb_mesh_base.vmdl_c	1613
maps/tatdemo1/worldnodes/node000_lr0_b3219_s_cb_mesh_base.vmdl_c	1613
maps/tatdemo1/worldnodes/node000_lr0_b3220_s_cb_mesh_base.vmdl_c	1613
maps/tatdemo1/worldnodes/node000_lr0_b3221_s_cb_mesh_base.vmdl_c	1613
maps/tatdemo1/worldnodes/node000_lr0_b3222_s_cb_mesh_base.vmdl_c	1613
maps/tatdemo1/worldnodes/node000_lr0_b3223_s_cb_mesh_base.vmdl_c	1613
maps/tatdemo1/worldnodes/node000_lr0_b3224_s_cb_mesh_base.vmdl_c	1613
maps/tatdemo1/worldnodes/node000_lr0_b3225_s_cb_mesh_base.vmdl_c	1613
maps/tatdemo1/worldnodes/node000_lr0_b3226_s_cb_mesh_base.vmdl_c	1613
maps/tatdemo1/worldnodes/node000_lr0_b3233_s_cb_mesh_base.vmdl_c	1613
maps/tatdemo1/worldnodes/node000_lr0_b3234_s_cb_mesh_base.vmdl_c	1613
maps/tatdemo1/worldnodes/node000_lr0_b3235_s_cb_mesh_base.vmdl_c	1613
maps/tatdemo1/worldnodes/node000_lr0_b3237_s_cb_mesh_base.vmdl_c	1613
maps/tatdemo1/worldnodes/node000_lr0_b3238_s_cb_mesh_base.vmdl_c	1613
maps/tatdemo1/worldnodes/node000_lr0_b3239_s_cb_mesh_base.vmdl_c	1613
maps/tatdemo1/worldnodes/node000_lr0_b3240_s_cb_mesh_base.vmdl_c	1613
maps/tatdemo1/worldnodes/node000_lr0_b3241_s_cb_mesh_base.vmdl_c	1613
maps/tatdemo1/worldnodes/node000_lr0_b3242_s_cb_mesh_base.vmdl_c	1613
maps/tatdemo1/worldnodes/node000_lr0_b3243_s_cb_mesh_base.vmdl_c	1613
maps/tatdemo1/worldnodes/node000_lr0_b3244_s_cb_mesh_base.vmdl_c	1613
maps/tatdemo1/worldnodes/node000_lr0_b3245_s_cb_mesh_base.vmdl_c	1613
maps/tatdemo1/worldnodes/node000_lr0_b3246_s_cb_mesh_base.vmdl_c	1613
maps/tatdemo1/worldnodes/node000_lr0_b3248_s_cb_mesh_base.vmdl_c	1613
maps/tatdemo1/worldnodes/node000_lr0_b3249_s_cb_mesh_base.vmdl_c	1613
maps/tatdemo1/worldnodes/node000_lr0_b3250_s_cb_mesh_base.vmdl_c	1613
maps/tatdemo1/worldnodes/node000_lr0_b3251_s_cb_mesh_base.vmdl_c	1613
maps/tatdemo1/worldnodes/node000_lr0_b3252_s_cb_mesh_base.vmdl_c	1613
maps/tatdemo1/worldnodes/node000_lr0_b3253_s_cb_mesh_base.vmdl_c	1613
maps/tatdemo1/worldnodes/node000_lr0_b3254_s_cb_mesh_base.vmdl_c	1613
maps/tatdemo1/worldnodes/node000_lr0_b3255_s_cb_mesh_base.vmdl_c	1613
maps/tatdemo1/worldnodes/node000_lr0_b3258_s_cb_mesh_base.vmdl_c	1613
maps/tatdemo1/worldnodes/node000_lr0_b3259_s_cb_mesh_base.vmdl_c	1613
maps/tatdemo1/worldnodes/node000_lr0_b3267_s_cb_mesh_base.vmdl_c	1613
maps/tatdemo1/worldnodes/node000_lr0_b3268_s_cb_mesh_base.vmdl_c	1613
maps/tatdemo1/worldnodes/node000_lr0_b3269_s_cb_mesh_base.vmdl_c	1613
maps/tatdemo1/worldnodes/node000_lr0_b3270_s_cb_mesh_base.vmdl_c	1613
maps/tatdemo1/worldnodes/node000_lr0_b3271_s_cb_mesh_base.vmdl_c	1613
maps/tatdemo1/worldnodes/node000_lr0_b3272_s_cb_mesh_base.vmdl_c	1613
maps/tatdemo1/worldnodes/node000_lr0_b3273_s_cb_mesh_base.vmdl_c	1613
maps/tatdemo1/worldnodes/node000_lr0_b3274_s_cb_mesh_base.vmdl_c	1613
maps/tatdemo1/worldnodes/node000_lr0_b3275_s_cb_mesh_base.vmdl_c	1613
maps/tatdemo1/worldnodes/node000_lr0_b3277_s_cb_mesh_base.vmdl_c	1613
maps/tatdemo1/worldnodes/node000_lr0_b3278_s_cb_mesh_base.vmdl_c	1613
maps/tatdemo1/worldnodes/node000_lr0_b3279_s_cb_mesh_base.vmdl_c	1613
maps/tatdemo1/worldnodes/node000_lr0_b3280_s_cb_mesh_base.vmdl_c	1613
maps/tatdemo1/worldnodes/node000_lr0_b3281_s_cb_mesh_base.vmdl_c	1613
maps/tatdemo1/worldnodes/node000_lr0_b3282_s_cb_mesh_base.vmdl_c	1613
maps/tatdemo1/worldnodes/node000_lr0_b3283_s_cb_mesh_base.vmdl_c	1613
maps/tatdemo1/worldnodes/node000_lr0_b3284_s_cb_mesh_base.vmdl_c	1613
maps/tatdemo1/worldnodes/node000_lr0_b3287_s_cb_mesh_base.vmdl_c	1613
maps/tatdemo1/worldnodes/node000_lr0_b3288_s_cb_mesh_base.vmdl_c	1613
maps/tatdemo1/worldnodes/node000_lr0_b3296_s_cb_mesh_base.vmdl_c	1613
maps/tatdemo1/worldnodes/node000_lr0_b3297_s_cb_mesh_base.vmdl_c	1613
maps/tatdemo1/worldnodes/node000_lr0_b3298_s_cb_mesh_base.vmdl_c	1613
maps/tatdemo1/worldnodes/node000_lr0_b3299_s_cb_mesh_base.vmdl_c	1613
maps/tatdemo1/worldnodes/node000_lr0_b3300_s_cb_mesh_base.vmdl_c	1613
maps/tatdemo1/worldnodes/node000_lr0_b3301_s_cb_mesh_base.vmdl_c	1613
maps/tatdemo1/worldnodes/node000_lr0_b3302_s_cb_mesh_base.vmdl_c	1613
maps/tatdemo1/worldnodes/node000_lr0_b3303_s_cb_mesh_base.vmdl_c	1613
maps/tatdemo1/worldnodes/node000_lr0_b3304_s_cb_mesh_base.vmdl_c	1613
maps/tatdemo1/worldnodes/node000_lr0_b3306_s_cb_mesh_base.vmdl_c	1613
maps/tatdemo1/worldnodes/node000_lr0_b3307_s_cb_mesh_base.vmdl_c	1613
maps/tatdemo1/worldnodes/node000_lr0_b3308_s_cb_mesh_base.vmdl_c	1613
maps/tatdemo1/worldnodes/node000_lr0_b3311_s_cb_mesh_base.vmdl_c	1613
maps/tatdemo1/worldnodes/node000_lr0_b3312_s_cb_mesh_base.vmdl_c	1613
maps/tatdemo1/worldnodes/node000_lr0_b3313_s_cb_mesh_base.vmdl_c	1613
maps/tatdemo1/worldnodes/node000_lr0_b3315_s_cb_mesh_base.vmdl_c	1613
maps/tatdemo1/worldnodes/node000_lr0_b3316_s_cb_mesh_base.vmdl_c	1613
maps/tatdemo1/worldnodes/node000_lr0_b3317_s_cb_mesh_base.vmdl_c	1613
maps/tatdemo1/worldnodes/node000_lr0_b3318_s_cb_mesh_base.vmdl_c	1613
maps/tatdemo1/worldnodes/node000_lr0_b3319_s_cb_mesh_base.vmdl_c	1613
maps/tatdemo1/worldnodes/node000_lr0_b3326_s_cb_mesh_base.vmdl_c	1613
maps/tatdemo1/worldnodes/node000_lr0_b3327_s_cb_mesh_base.vmdl_c	1613
maps/tatdemo1/worldnodes/node000_lr0_b3328_s_cb_mesh_base.vmdl_c	1613
maps/tatdemo1/worldnodes/node000_lr0_b3329_s_cb_mesh_base.vmdl_c	1613
maps/tatdemo1/worldnodes/node000_lr0_b3330_s_cb_mesh_base.vmdl_c	1613
maps/tatdemo1/worldnodes/node000_lr0_b3331_s_cb_mesh_base.vmdl_c	1613
maps/tatdemo1/worldnodes/node000_lr0_b3332_s_cb_mesh_base.vmdl_c	1613
maps/tatdemo1/worldnodes/node000_lr0_b3333_s_cb_mesh_base.vmdl_c	1613
maps/tatdemo1/worldnodes/node000_lr0_b3335_s_cb_mesh_base.vmdl_c	1613
maps/tatdemo1/worldnodes/node000_lr0_b3336_s_cb_mesh_base.vmdl_c	1613
maps/tatdemo1/worldnodes/node000_lr0_b3337_s_cb_mesh_base.vmdl_c	1613
maps/tatdemo1/worldnodes/node000_lr0_b3340_s_cb_mesh_base.vmdl_c	1613
maps/tatdemo1/worldnodes/node000_lr0_b3341_s_cb_mesh_base.vmdl_c	1613
maps/tatdemo1/worldnodes/node000_lr0_b3342_s_cb_mesh_base.vmdl_c	1613
maps/tatdemo1/worldnodes/node000_lr0_b3343_s_cb_mesh_base.vmdl_c	1613
maps/tatdemo1/worldnodes/node000_lr0_b3345_s_cb_mesh_base.vmdl_c	1613
maps/tatdemo1/worldnodes/node000_lr0_b3346_s_cb_mesh_base.vmdl_c	1613
maps/tatdemo1/worldnodes/node000_lr0_b3347_s_cb_mesh_base.vmdl_c	1613
maps/tatdemo1/worldnodes/node000_lr0_b3356_s_cb_mesh_base.vmdl_c	1613
maps/tatdemo1/worldnodes/node000_lr0_b3357_s_cb_mesh_base.vmdl_c	1613
maps/tatdemo1/worldnodes/node000_lr0_b3358_s_cb_mesh_base.vmdl_c	1613
maps/tatdemo1/worldnodes/node000_lr0_b3359_s_cb_mesh_base.vmdl_c	1613
maps/tatdemo1/worldnodes/node000_lr0_b3360_s_cb_mesh_base.vmdl_c	1613
maps/tatdemo1/worldnodes/node000_lr0_b3361_s_cb_mesh_base.vmdl_c	1613
maps/tatdemo1/worldnodes/node000_lr0_b3362_s_cb_mesh_base.vmdl_c	1613
maps/tatdemo1/worldnodes/node000_lr0_b3364_s_cb_mesh_base.vmdl_c	1613
maps/tatdemo1/worldnodes/node000_lr0_b3365_s_cb_mesh_base.vmdl_c	1613
maps/tatdemo1/worldnodes/node000_lr0_b3366_s_cb_mesh_base.vmdl_c	1613
maps/tatdemo1/worldnodes/node000_lr0_b3367_s_cb_mesh_base.vmdl_c	1613
maps/tatdemo1/worldnodes/node000_lr0_b3368_s_cb_mesh_base.vmdl_c	1613
maps/tatdemo1/worldnodes/node000_lr0_b3369_s_cb_mesh_base.vmdl_c	1613
maps/tatdemo1/worldnodes/node000_lr0_b3370_s_cb_mesh_base.vmdl_c	1613
maps/tatdemo1/worldnodes/node000_lr0_b3371_s_cb_mesh_base.vmdl_c	1613
maps/tatdemo1/worldnodes/node000_lr0_b3374_s_cb_mesh_base.vmdl_c	1613
maps/tatdemo1/worldnodes/node000_lr0_b3375_s_cb_mesh_base.vmdl_c	1613
maps/tatdemo1/worldnodes/node000_lr0_b3381_s_cb_mesh_base.vmdl_c	1613
maps/tatdemo1/worldnodes/node000_lr0_b3382_s_cb_mesh_base.vmdl_c	1613
maps/tatdemo1/worldnodes/node000_lr0_b3383_s_cb_mesh_base.vmdl_c	1613
maps/tatdemo1/worldnodes/node000_lr0_b3384_s_cb_mesh_base.vmdl_c	1613
maps/tatdemo1/worldnodes/node000_lr0_b3385_s_cb_mesh_base.vmdl_c	1613
maps/tatdemo1/worldnodes/node000_lr0_b3386_s_cb_mesh_base.vmdl_c	1613
maps/tatdemo1/worldnodes/node000_lr0_b3387_s_cb_mesh_base.vmdl_c	1613
maps/tatdemo1/worldnodes/node000_lr0_b3388_s_cb_mesh_base.vmdl_c	1613
maps/tatdemo1/worldnodes/node000_lr0_b3389_s_cb_mesh_base.vmdl_c	1613
maps/tatdemo1/worldnodes/node000_lr0_b3390_s_cb_mesh_base.vmdl_c	1613
maps/tatdemo1/worldnodes/node000_lr0_b3391_s_cb_mesh_base.vmdl_c	1613
maps/tatdemo1/worldnodes/node000_lr0_b3393_s_cb_mesh_base.vmdl_c	1613
maps/tatdemo1/worldnodes/node000_lr0_b3394_s_cb_mesh_base.vmdl_c	1613
maps/tatdemo1/worldnodes/node000_lr0_b3395_s_cb_mesh_base.vmdl_c	1613
maps/tatdemo1/worldnodes/node000_lr0_b3396_s_cb_mesh_base.vmdl_c	1613
maps/tatdemo1/worldnodes/node000_lr0_b3397_s_cb_mesh_base.vmdl_c	1613
maps/tatdemo1/worldnodes/node000_lr0_b3398_s_cb_mesh_base.vmdl_c	1613
maps/tatdemo1/worldnodes/node000_lr0_b3399_s_cb_mesh_base.vmdl_c	1613
maps/tatdemo1/worldnodes/node000_lr0_b3400_s_cb_mesh_base.vmdl_c	1613
maps/tatdemo1/worldnodes/node000_lr0_b3410_s_cb_mesh_base.vmdl_c	1613
maps/tatdemo1/worldnodes/node000_lr0_b3411_s_cb_mesh_base.vmdl_c	1613
maps/tatdemo1/worldnodes/node000_lr0_b3413_s_cb_mesh_base.vmdl_c	1613
maps/tatdemo1/worldnodes/node000_lr0_b3414_s_cb_mesh_base.vmdl_c	1613
maps/tatdemo1/worldnodes/node000_lr0_b3415_s_cb_mesh_base.vmdl_c	1613
maps/tatdemo1/worldnodes/node000_lr0_b3416_s_cb_mesh_base.vmdl_c	1613
maps/tatdemo1/worldnodes/node000_lr0_b3418_s_cb_mesh_base.vmdl_c	1613
maps/tatdemo1/worldnodes/node000_lr0_b3419_s_cb_mesh_base.vmdl_c	1613
maps/tatdemo1/worldnodes/node000_lr0_b3420_s_cb_mesh_base.vmdl_c	1613
maps/tatdemo1/worldnodes/node000_lr0_b3422_s_cb_mesh_base.vmdl_c	1613
maps/tatdemo1/worldnodes/node000_lr0_b3423_s_cb_mesh_base.vmdl_c	1613
maps/tatdemo1/worldnodes/node000_lr0_b3424_s_cb_mesh_base.vmdl_c	1613
maps/tatdemo1/worldnodes/node000_lr0_b3425_s_cb_mesh_base.vmdl_c	1613
maps/tatdemo1/worldnodes/node000_lr0_b3426_s_cb_mesh_base.vmdl_c	1613
maps/tatdemo1/worldnodes/node000_lr0_b3427_s_cb_mesh_base.vmdl_c	1613
maps/tatdemo1/worldnodes/node000_lr0_b3428_s_cb_mesh_base.vmdl_c	1613
maps/tatdemo1/worldnodes/node000_lr0_b3429_s_cb_mesh_base.vmdl_c	1613
maps/tatdemo1/worldnodes/node000_lr0_b3439_s_cb_mesh_base.vmdl_c	1613
maps/tatdemo1/worldnodes/node000_lr0_b3440_s_cb_mesh_base.vmdl_c	1613
maps/tatdemo1/worldnodes/node000_lr0_b3442_s_cb_mesh_base.vmdl_c	1613
maps/tatdemo1/worldnodes/node000_lr0_b3443_s_cb_mesh_base.vmdl_c	1613
maps/tatdemo1/worldnodes/node000_lr0_b3444_s_cb_mesh_base.vmdl_c	1613
maps/tatdemo1/worldnodes/node000_lr0_b3448_s_cb_mesh_base.vmdl_c	1613
maps/tatdemo1/worldnodes/node000_lr0_b3449_s_cb_mesh_base.vmdl_c	1613
maps/tatdemo1/worldnodes/node000_lr0_b3451_s_cb_mesh_base.vmdl_c	1613
maps/tatdemo1/worldnodes/node000_lr0_b3452_s_cb_mesh_base.vmdl_c	1613
maps/tatdemo1/worldnodes/node000_lr0_b3453_s_cb_mesh_base.vmdl_c	1613
maps/tatdemo1/worldnodes/node000_lr0_b3454_s_cb_mesh_base.vmdl_c	1613
maps/tatdemo1/worldnodes/node000_lr0_b3455_s_cb_mesh_base.vmdl_c	1613
maps/tatdemo1/worldnodes/node000_lr0_b3456_s_cb_mesh_base.vmdl_c	1613
maps/tatdemo1/worldnodes/node000_lr0_b3457_s_cb_mesh_base.vmdl_c	1613
maps/tatdemo1/worldnodes/node000_lr0_b3458_s_cb_mesh_base.vmdl_c	1613
maps/tatdemo1/worldnodes/node000_lr0_b3467_s_cb_mesh_base.vmdl_c	1613
maps/tatdemo1/worldnodes/node000_lr0_b3468_s_cb_mesh_base.vmdl_c	1613
maps/tatdemo1/worldnodes/node000_lr0_b3469_s_cb_mesh_base.vmdl_c	1613
maps/tatdemo1/worldnodes/node000_lr0_b3471_s_cb_mesh_base.vmdl_c	1613
maps/tatdemo1/worldnodes/node000_lr0_b3472_s_cb_mesh_base.vmdl_c	1613
maps/tatdemo1/worldnodes/node000_lr0_b3473_s_cb_mesh_base.vmdl_c	1613
maps/tatdemo1/worldnodes/node000_lr0_b3477_s_cb_mesh_base.vmdl_c	1613
maps/tatdemo1/worldnodes/node000_lr0_b3478_s_cb_mesh_base.vmdl_c	1613
maps/tatdemo1/worldnodes/node000_lr0_b3480_s_cb_mesh_base.vmdl_c	1613
maps/tatdemo1/worldnodes/node000_lr0_b3481_s_cb_mesh_base.vmdl_c	1613
maps/tatdemo1/worldnodes/node000_lr0_b3482_s_cb_mesh_base.vmdl_c	1613
maps/tatdemo1/worldnodes/node000_lr0_b3483_s_cb_mesh_base.vmdl_c	1613
maps/tatdemo1/worldnodes/node000_lr0_b3484_s_cb_mesh_base.vmdl_c	1613
maps/tatdemo1/worldnodes/node000_lr0_b3485_s_cb_mesh_base.vmdl_c	1613
maps/tatdemo1/worldnodes/node000_lr0_b3486_s_cb_mesh_base.vmdl_c	1613
maps/tatdemo1/worldnodes/node000_lr0_b3487_s_cb_mesh_base.vmdl_c	1613
maps/tatdemo1/worldnodes/node000_lr0_b3490_s_cb_mesh_base.vmdl_c	1613
maps/tatdemo1/worldnodes/node000_lr0_b3491_s_cb_mesh_base.vmdl_c	1613
maps/tatdemo1/worldnodes/node000_lr0_b3492_s_cb_mesh_base.vmdl_c	1613
maps/tatdemo1/worldnodes/node000_lr0_b3493_s_cb_mesh_base.vmdl_c	1613
maps/tatdemo1/worldnodes/node000_lr0_b3494_s_cb_mesh_base.vmdl_c	1613
maps/tatdemo1/worldnodes/node000_lr0_b3495_s_cb_mesh_base.vmdl_c	1613
maps/tatdemo1/worldnodes/node000_lr0_b3497_s_cb_mesh_base.vmdl_c	1613
maps/tatdemo1/worldnodes/node000_lr0_b3498_s_cb_mesh_base.vmdl_c	1613
maps/tatdemo1/worldnodes/node000_lr0_b3499_s_cb_mesh_base.vmdl_c	1613
maps/tatdemo1/worldnodes/node000_lr0_b3500_s_cb_mesh_base.vmdl_c	1613
maps/tatdemo1/worldnodes/node000_lr0_b3501_s_cb_mesh_base.vmdl_c	1613
maps/tatdemo1/worldnodes/node000_lr0_b3502_s_cb_mesh_base.vmdl_c	1613
maps/tatdemo1/worldnodes/node000_lr0_b3507_s_cb_mesh_base.vmdl_c	1613
maps/tatdemo1/worldnodes/node000_lr0_b3509_s_cb_mesh_base.vmdl_c	1613
maps/tatdemo1/worldnodes/node000_lr0_b3510_s_cb_mesh_base.vmdl_c	1613
maps/tatdemo1/worldnodes/node000_lr0_b3511_s_cb_mesh_base.vmdl_c	1613
maps/tatdemo1/worldnodes/node000_lr0_b3517_s_cb_mesh_base.vmdl_c	1613
maps/tatdemo1/worldnodes/node000_lr0_b3519_s_cb_mesh_base.vmdl_c	1613
maps/tatdemo1/worldnodes/node000_lr0_b3522_s_cb_mesh_base.vmdl_c	1613
maps/tatdemo1/worldnodes/node000_lr0_b3523_s_cb_mesh_base.vmdl_c	1613
maps/tatdemo1/worldnodes/node000_lr0_b3524_s_cb_mesh_base.vmdl_c	1613
maps/tatdemo1/worldnodes/node000_lr0_b3525_s_cb_mesh_base.vmdl_c	1613
maps/tatdemo1/worldnodes/node000_lr0_b3526_s_cb_mesh_base.vmdl_c	1613
maps/tatdemo1/worldnodes/node000_lr0_b3527_s_cb_mesh_base.vmdl_c	1613
maps/tatdemo1/worldnodes/node000_lr0_b3528_s_cb_mesh_base.vmdl_c	1613
maps/tatdemo1/worldnodes/node000_lr0_b3529_s_cb_mesh_base.vmdl_c	1613
maps/tatdemo1/worldnodes/node000_lr0_b3530_s_cb_mesh_base.vmdl_c	1613
maps/tatdemo1/worldnodes/node000_lr0_b3531_s_cb_mesh_base.vmdl_c	1613
maps/tatdemo1/worldnodes/node000_lr0_b3532_s_cb_mesh_base.vmdl_c	1613
maps/tatdemo1/worldnodes/node000_lr0_b3533_s_cb_mesh_base.vmdl_c	1613
maps/tatdemo1/worldnodes/node000_lr0_b3534_s_cb_mesh_base.vmdl_c	1613
maps/tatdemo1/worldnodes/node000_lr0_b3535_s_cb_mesh_base.vmdl_c	1613
maps/tatdemo1/worldnodes/node000_lr0_b3536_s_cb_mesh_base.vmdl_c	1613
maps/tatdemo1/worldnodes/node000_lr0_b3538_s_cb_mesh_base.vmdl_c	1613
maps/tatdemo1/worldnodes/node000_lr0_b3539_s_cb_mesh_base.vmdl_c	1613
maps/tatdemo1/worldnodes/node000_lr0_b3546_s_cb_mesh_base.vmdl_c	1613
maps/tatdemo1/worldnodes/node000_lr0_b3548_s_cb_mesh_base.vmdl_c	1613
maps/tatdemo1/worldnodes/node000_lr0_b3553_s_cb_mesh_base.vmdl_c	1613
maps/tatdemo1/worldnodes/node000_lr0_b3557_s_cb_mesh_base.vmdl_c	1613
maps/tatdemo1/worldnodes/node000_lr0_b3558_s_cb_mesh_base.vmdl_c	1613
maps/tatdemo1/worldnodes/node000_lr0_b3559_s_cb_mesh_base.vmdl_c	1613
maps/tatdemo1/worldnodes/node000_lr0_b3560_s_cb_mesh_base.vmdl_c	1613
maps/tatdemo1/worldnodes/node000_lr0_b3561_s_cb_mesh_base.vmdl_c	1613
maps/tatdemo1/worldnodes/node000_lr0_b3562_s_cb_mesh_base.vmdl_c	1613
maps/tatdemo1/worldnodes/node000_lr0_b3563_s_cb_mesh_base.vmdl_c	1613
maps/tatdemo1/worldnodes/node000_lr0_b3564_s_cb_mesh_base.vmdl_c	1613
maps/tatdemo1/worldnodes/node000_lr0_b3565_s_cb_mesh_base.vmdl_c	1613
maps/tatdemo1/worldnodes/node000_lr0_b3567_s_cb_mesh_base.vmdl_c	1613
maps/tatdemo1/worldnodes/node000_lr0_b3568_s_cb_mesh_base.vmdl_c	1613
maps/tatdemo1/worldnodes/node000_lr0_b3575_s_cb_mesh_base.vmdl_c	1613
maps/tatdemo1/worldnodes/node000_lr0_b3577_s_cb_mesh_base.vmdl_c	1613
maps/tatdemo1/worldnodes/node000_lr0_b3582_s_cb_mesh_base.vmdl_c	1613
maps/tatdemo1/worldnodes/node000_lr0_b3586_s_cb_mesh_base.vmdl_c	1613
maps/tatdemo1/worldnodes/node000_lr0_b3587_s_cb_mesh_base.vmdl_c	1613
maps/tatdemo1/worldnodes/node000_lr0_b3589_s_cb_mesh_base.vmdl_c	1613
maps/tatdemo1/worldnodes/node000_lr0_b3590_s_cb_mesh_base.vmdl_c	1613
maps/tatdemo1/worldnodes/node000_lr0_b3591_s_cb_mesh_base.vmdl_c	1613
maps/tatdemo1/worldnodes/node000_lr0_b3592_s_cb_mesh_base.vmdl_c	1613
maps/tatdemo1/worldnodes/node000_lr0_b3593_s_cb_mesh_base.vmdl_c	1613
maps/tatdemo1/worldnodes/node000_lr0_b3594_s_cb_mesh_base.vmdl_c	1613
maps/tatdemo1/worldnodes/node000_lr0_b3596_s_cb_mesh_base.vmdl_c	1613
maps/tatdemo1/worldnodes/node000_lr0_b3597_s_cb_mesh_base.vmdl_c	1613
maps/tatdemo1/worldnodes/node000_lr0_b3604_s_cb_mesh_base.vmdl_c	1613
maps/tatdemo1/worldnodes/node000_lr0_b3606_s_cb_mesh_base.vmdl_c	1613
maps/tatdemo1/worldnodes/node000_lr0_b3611_s_cb_mesh_base.vmdl_c	1613
maps/tatdemo1/worldnodes/node000_lr0_b3615_s_cb_mesh_base.vmdl_c	1613
maps/tatdemo1/worldnodes/node000_lr0_b3616_s_cb_mesh_base.vmdl_c	1613
maps/tatdemo1/worldnodes/node000_lr0_b3617_s_cb_mesh_base.vmdl_c	1613
maps/tatdemo1/worldnodes/node000_lr0_b3618_s_cb_mesh_base.vmdl_c	1613
maps/tatdemo1/worldnodes/node000_lr0_b3619_s_cb_mesh_base.vmdl_c	1613
maps/tatdemo1/worldnodes/node000_lr0_b3620_s_cb_mesh_base.vmdl_c	1613
maps/tatdemo1/worldnodes/node000_lr0_b3621_s_cb_mesh_base.vmdl_c	1613
maps/tatdemo1/worldnodes/node000_lr0_b3622_s_cb_mesh_base.vmdl_c	1613
maps/tatdemo1/worldnodes/node000_lr0_b3623_s_cb_mesh_base.vmdl_c	1613
maps/tatdemo1/worldnodes/node000_lr0_b3625_s_cb_mesh_base.vmdl_c	1613
maps/tatdemo1/worldnodes/node000_lr0_b3626_s_cb_mesh_base.vmdl_c	1613
maps/tatdemo1/worldnodes/node000_lr0_b3633_s_cb_mesh_base.vmdl_c	1613
maps/tatdemo1/worldnodes/node000_lr0_b3635_s_cb_mesh_base.vmdl_c	1613
maps/tatdemo1/worldnodes/node000_lr0_b3640_s_cb_mesh_base.vmdl_c	1613
maps/tatdemo1/worldnodes/node000_lr0_b3644_s_cb_mesh_base.vmdl_c	1613
maps/tatdemo1/worldnodes/node000_lr0_b3645_s_cb_mesh_base.vmdl_c	1613
maps/tatdemo1/worldnodes/node000_lr0_b3646_s_cb_mesh_base.vmdl_c	1613
maps/tatdemo1/worldnodes/node000_lr0_b3647_s_cb_mesh_base.vmdl_c	1613
maps/tatdemo1/worldnodes/node000_lr0_b3648_s_cb_mesh_base.vmdl_c	1613
maps/tatdemo1/worldnodes/node000_lr0_b3649_s_cb_mesh_base.vmdl_c	1613
maps/tatdemo1/worldnodes/node000_lr0_b3650_s_cb_mesh_base.vmdl_c	1613
maps/tatdemo1/worldnodes/node000_lr0_b3651_s_cb_mesh_base.vmdl_c	1613
maps/tatdemo1/worldnodes/node000_lr0_b3652_s_cb_mesh_base.vmdl_c	1613
maps/tatdemo1/worldnodes/node000_lr0_b3654_s_cb_mesh_base.vmdl_c	1613
maps/tatdemo1/worldnodes/node000_lr0_b3655_s_cb_mesh_base.vmdl_c	1613
maps/tatdemo1/worldnodes/node000_lr0_b3662_s_cb_mesh_base.vmdl_c	1613
maps/tatdemo1/worldnodes/node000_lr0_b3664_s_cb_mesh_base.vmdl_c	1613
maps/tatdemo1/worldnodes/node000_lr0_b3669_s_cb_mesh_base.vmdl_c	1613
maps/tatdemo1/worldnodes/node000_lr0_b3670_s_cb_mesh_base.vmdl_c	1613
maps/tatdemo1/worldnodes/node000_lr0_b3672_s_cb_mesh_base.vmdl_c	1613
maps/tatdemo1/worldnodes/node000_lr0_b3673_s_cb_mesh_base.vmdl_c	1613
maps/tatdemo1/worldnodes/node000_lr0_b3674_s_cb_mesh_base.vmdl_c	1613
maps/tatdemo1/worldnodes/node000_lr0_b3677_s_cb_mesh_base.vmdl_c	1613
maps/tatdemo1/worldnodes/node000_lr0_b3678_s_cb_mesh_base.vmdl_c	1613
maps/tatdemo1/worldnodes/node000_lr0_b3679_s_cb_mesh_base.vmdl_c	1613
maps/tatdemo1/worldnodes/node000_lr0_b3680_s_cb_mesh_base.vmdl_c	1613
maps/tatdemo1/worldnodes/node000_lr0_b3681_s_cb_mesh_base.vmdl_c	1613
maps/tatdemo1/worldnodes/node000_lr0_b3683_s_cb_mesh_base.vmdl_c	1613
maps/tatdemo1/worldnodes/node000_lr0_b3684_s_cb_mesh_base.vmdl_c	1613
maps/tatdemo1/worldnodes/node000_lr0_b3685_s_cb_mesh_base.vmdl_c	1613
maps/tatdemo1/worldnodes/node000_lr0_b3686_s_cb_mesh_base.vmdl_c	1613
maps/tatdemo1/worldnodes/node000_lr0_b3687_s_cb_mesh_base.vmdl_c	1613
maps/tatdemo1/worldnodes/node000_lr0_b3688_s_cb_mesh_base.vmdl_c	1613
maps/tatdemo1/worldnodes/node000_lr0_b3689_s_cb_mesh_base.vmdl_c	1613
maps/tatdemo1/worldnodes/node000_lr0_b3690_s_cb_mesh_base.vmdl_c	1613
maps/tatdemo1/worldnodes/node000_lr0_b3691_s_cb_mesh_base.vmdl_c	1613
maps/tatdemo1/worldnodes/node000_lr0_b3693_s_cb_mesh_base.vmdl_c	1613
maps/tatdemo1/worldnodes/node000_lr0_b3694_s_cb_mesh_base.vmdl_c	1613
maps/tatdemo1/worldnodes/node000_lr0_b3696_s_cb_mesh_base.vmdl_c	1613
maps/tatdemo1/worldnodes/node000_lr0_b3697_s_cb_mesh_base.vmdl_c	1613
maps/tatdemo1/worldnodes/node000_lr0_b3698_s_cb_mesh_base.vmdl_c	1613
maps/tatdemo1/worldnodes/node000_lr0_b3699_s_cb_mesh_base.vmdl_c	1613
maps/tatdemo1/worldnodes/node000_lr0_b3700_s_cb_mesh_base.vmdl_c	1613
maps/tatdemo1/worldnodes/node000_lr0_b3701_s_cb_mesh_base.vmdl_c	1613
maps/tatdemo1/worldnodes/node000_lr0_b3702_s_cb_mesh_base.vmdl_c	1613
maps/tatdemo1/worldnodes/node000_lr0_b3703_s_cb_mesh_base.vmdl_c	1613
maps/tatdemo1/worldnodes/node000_lr0_b3713_s_cb_mesh_base.vmdl_c	1613
maps/tatdemo1/worldnodes/node000_lr0_b3714_s_cb_mesh_base.vmdl_c	1613
maps/tatdemo1/worldnodes/node000_lr0_b3715_s_cb_mesh_base.vmdl_c	1613
maps/tatdemo1/worldnodes/node000_lr0_b3716_s_cb_mesh_base.vmdl_c	1613
maps/tatdemo1/worldnodes/node000_lr0_b3717_s_cb_mesh_base.vmdl_c	1613
maps/tatdemo1/worldnodes/node000_lr0_b3718_s_cb_mesh_base.vmdl_c	1613
maps/tatdemo1/worldnodes/node000_lr0_b3719_s_cb_mesh_base.vmdl_c	1613
maps/tatdemo1/worldnodes/node000_lr0_b3720_s_cb_mesh_base.vmdl_c	1613
maps/tatdemo1/worldnodes/node000_lr0_b3722_s_cb_mesh_base.vmdl_c	1613
maps/tatdemo1/worldnodes/node000_lr0_b3723_s_cb_mesh_base.vmdl_c	1613
maps/tatdemo1/worldnodes/node000_lr0_b3724_s_cb_mesh_base.vmdl_c	1613
maps/tatdemo1/worldnodes/node000_lr0_b3725_s_cb_mesh_base.vmdl_c	1613
maps/tatdemo1/worldnodes/node000_lr0_b3726_s_cb_mesh_base.vmdl_c	1613
maps/tatdemo1/worldnodes/node000_lr0_b3727_s_cb_mesh_base.vmdl_c	1613
maps/tatdemo1/worldnodes/node000.vgrass	133756
maps/tatdemo1/worldnodes/node000.vwnod_c	627498
