波次,模型序号,怪物名称,饰品轮次,外观,资源类型,体型倍率,基础尺寸建议,最终尺寸建议,主体模型,套装ItemDef,状态
1,1,灰鬃狼,1,原生鬃毛与牙齿,原生主体＋自定义饰物,1.0,1.16,1.16,models/creeps/neutral_creeps/n_creep_worg_small/n_creep_worg_small.vmdl,,设计，未接入游戏
2,2,幼蛛,1,原生甲壳与蛛腿,原生主体＋自定义饰物,1.0,0.87,0.87,models/heroes/broodmother/spiderling.vmdl,,设计，未接入游戏
3,3,林间蛙兽,1,原生皮肤与背部纹理,原生主体＋自定义饰物,1.0,0.58,0.58,models/creeps/neutral_creeps/n_creep_froglet/n_creep_froglet.vmdl,,设计，未接入游戏
4,4,荒野豪猪,1,原生獠牙与鬃毛,原生主体＋自定义饰物,1.0,0.66,0.66,models/heroes/beastmaster/beastmaster_beast.vmdl,,设计，未接入游戏
5,5,远古岩兽,1,原生岩质皮肤,原生主体＋自定义饰物,1.0,0.71,0.71,models/creeps/neutral_creeps/n_creep_beast/n_creep_beast.vmdl,,设计，未接入游戏
6,6,毒泡蝌蚪,1,原生头身与尾鳍,原生主体＋自定义饰物,1.0,0.83,0.83,models/creeps/neutral_creeps/n_creep_tadpole/n_creep_tadpole_ranged_v2.vmdl,,设计，未接入游戏
7,7,冰川爬蛛,1,原生甲壳与蛛腿,原生主体＋自定义饰物,1.0,0.62,0.62,models/items/broodmother/spiderling/the_glacial_creeper_creepling/the_glacial_creeper_creepling.vmdl,,设计，未接入游戏
8,8,荒漠秃鹫,1,原生喙爪与羽翼,原生主体＋自定义饰物,1.0,0.64,0.64,models/creeps/neutral_creeps/n_creep_vulture_a/n_creep_vulture_a.vmdl,,设计，未接入游戏
9,9,幼雷蜥,1,原生皮鳞与尖角,原生主体＋自定义饰物,1.0,0.56,0.56,models/creeps/neutral_creeps/n_creep_thunder_lizard/n_creep_thunder_lizard_small.vmdl,,设计，未接入游戏
10,10,雷霆巨蜥,1,原生皮鳞与尖角,原生主体＋自定义饰物,1.0,0.48,0.48,models/creeps/neutral_creeps/n_creep_thunder_lizard/n_creep_thunder_lizard_big.vmdl,,设计，未接入游戏
11,11,血月猎狼,1,原生鬃毛与牙齿,原生主体＋自定义饰物,1.0,0.93,0.93,models/items/lycan/wolves/blood_moon_hunter_wolves/blood_moon_hunter_wolves.vmdl,,设计，未接入游戏
12,12,琥珀幼蛛,1,原生甲壳与蛛腿,原生主体＋自定义饰物,1.0,0.82,0.82,models/items/broodmother/spiderling/amber_queen_spiderling_2/amber_queen_spiderling_2.vmdl,,设计，未接入游戏
13,13,兽王恐龙,1,原生獠牙与鬃毛,原生主体＋自定义饰物,1.0,0.64,0.64,models/items/beastmaster/boar/ti9_cache_beast_master_dinosaurs_telepathy_beast/ti9_cache_beast_master_dinosaurs_telepathy_beast.vmdl,,设计，未接入游戏
14,14,盲穴鼹兽,1,原生鼻爪与短毛,原生主体＋自定义饰物,1.0,0.68,0.68,models/creeps/neutral_creeps/n_creep_eimermole/n_creep_eimermole.vmdl,,设计，未接入游戏
15,15,黑巢幼龙,1,原生龙角与鳞翼,原生主体＋自定义饰物,1.0,0.48,0.48,models/creeps/neutral_creeps/n_creep_black_drake/n_creep_black_drake.vmdl,,设计，未接入游戏
16,16,霜夜战狼,1,原生鬃毛与牙齿,原生主体＋自定义饰物,1.0,0.91,0.91,models/items/lycan/wolves/frostivus2018_lycan_winter_snow_wolf_wolves/frostivus2018_lycan_winter_snow_wolf_wolves.vmdl,,设计，未接入游戏
17,17,冰川虫蛛,1,原生甲壳与蛛腿,原生主体＋自定义饰物,1.0,0.5,0.5,models/items/broodmother/spiderling/pale_cyclopean_spiderling/pale_cyclopean_spiderling.vmdl,,设计，未接入游戏
18,18,北境战猪,1,原生獠牙与鬃毛,原生主体＋自定义饰物,1.0,0.61,0.61,models/items/beastmaster/boar/legacy_of_the_nords_battle_boar/legacy_of_the_nords_battle_boar.vmdl,,设计，未接入游戏
19,19,荷鲁斯灵鸟,1,原生石甲与翼角,原生主体＋自定义饰物,1.0,0.71,0.71,models/items/visage/eye_of_holus_familiar/eye_of_holus_familiar.vmdl,,设计，未接入游戏
20,20,寒冬飞龙,1,原生默认,原生四套,1.0,0.62,0.62,models/heroes/winterwyvern/winterwyvern.vmdl,native_default,设计，未接入游戏
21,21,冰川狼群,1,原生鬃毛与牙齿,原生主体＋自定义饰物,1.0,0.89,0.89,models/items/lycan/wolves/icewrack_pack/icewrack_pack.vmdl,,设计，未接入游戏
22,22,机械幼蛛,1,原生甲壳与蛛腿,原生主体＋自定义饰物,1.0,0.65,0.65,models/items/broodmother/spiderling/broodmother_silksong_machine_spiderling/broodmother_silksong_machine_spiderling.vmdl,,设计，未接入游戏
23,23,尖啸剃背兽,1,原生獠牙与鬃毛,原生主体＋自定义饰物,1.0,0.69,0.69,models/items/beastmaster/boar/shrieking_razorback/shrieking_razorback.vmdl,,设计，未接入游戏
24,24,霜翼魔像,1,原生石甲与翼角,原生主体＋自定义饰物,1.0,0.71,0.71,models/items/visage/frostivus2018_visage_frostbitten_wing_familiars/frostivus2018_visage_frostbitten_wing_familiars.vmdl,,设计，未接入游戏
25,25,司夜甲虫,1,原生默认,原生四套,1.0,0.91,0.91,models/heroes/nerubian_assassin/nerubian_assassin.vmdl,native_default,设计，未接入游戏
26,26,武士战狼,1,原生鬃毛与牙齿,原生主体＋自定义饰物,1.0,0.88,0.88,models/items/lycan/wolves/_werewolf_samurai_wolves_v1/_werewolf_samurai_wolves_v1.vmdl,,设计，未接入游戏
27,27,野性猎犬,1,原生獠牙与鬃毛,原生主体＋自定义饰物,1.0,0.67,0.67,models/items/beastmaster/boar/beast_heart_marauder_beast_heart_marauder_warhound/beast_heart_marauder_beast_heart_marauder_warhound.vmdl,,设计，未接入游戏
28,28,灵魂守卫魔像,1,原生石甲与翼角,原生主体＋自定义饰物,1.0,0.75,0.75,models/items/visage/bound_of_the_soul_keeper_familiar/bound_of_the_soul_keeper_familiar.vmdl,,设计，未接入游戏
29,29,远古巨蛙,1,原生皮肤与背部纹理,原生主体＋自定义饰物,1.0,0.54,0.54,models/creeps/neutral_creeps/n_creep_ancient_frog/n_creep_ancient_frog.vmdl,,设计，未接入游戏
30,30,剧毒异虫,1,原生默认,原生四套,1.0,0.55,0.55,models/heroes/venomancer/venomancer.vmdl,native_default,设计，未接入游戏
31,31,猎王群狼,1,原生鬃毛与牙齿,原生主体＋自定义饰物,1.0,0.95,0.95,models/items/lycan/wolves/hunter_kings_wolves/hunter_kings_wolves.vmdl,,设计，未接入游戏
32,32,荒原灵熊,1,原生皮毛与利爪,原生主体＋自定义饰物,1.0,0.65,0.65,models/heroes/lone_druid/spirit_bear.vmdl,,设计，未接入游戏
33,33,戴明战兽,1,原生獠牙与鬃毛,原生主体＋自定义饰物,1.0,0.72,0.72,models/items/beastmaster/boar/beast_deming/beast_deming.vmdl,,设计，未接入游戏
34,34,墓卫魔像,1,原生石甲与翼角,原生主体＋自定义饰物,1.0,0.7,0.7,models/items/visage/ti9_cache_visage_pit_guard_familiar/ti9_cache_visage_pit_guard_familiar.vmdl,,设计，未接入游戏
35,35,冥界毒龙,1,原生默认,原生四套,1.0,0.83,0.83,models/heroes/viper/viper.vmdl,native_default,设计，未接入游戏
36,36,荒林战狼,1,原生鬃毛与牙齿,原生主体＋自定义饰物,1.0,0.94,0.94,models/heroes/lycan/summon_wolves.vmdl,,设计，未接入游戏
37,37,松果异怪,1,原生木鳞与枝叶,原生主体＋自定义饰物,1.0,0.57,0.57,models/creeps/pine_cone/pine_cone.vmdl,,设计，未接入游戏
38,38,石像鬼,1,原生石甲与翼角,原生主体＋自定义饰物,1.0,0.83,0.83,models/heroes/visage/visage_familiar.vmdl,,设计，未接入游戏
39,39,精灵幼龙,1,原生默认,原生四套,1.0,1.0,1.0,models/heroes/puck/puck.vmdl,native_default,设计，未接入游戏
40,40,双头巨龙,1,原生默认,原生四套,1.0,0.71,0.71,models/heroes/jakiro/jakiro.vmdl,native_default,设计，未接入游戏
41,41,地狱熊,1,原生皮毛与利爪,原生主体＋自定义饰物,1.0,0.71,0.71,models/creeps/neutral_creeps/n_creep_furbolg/n_creep_furbolg_disrupter.vmdl,,设计，未接入游戏
42,42,织梦异虫,1,原生默认,原生四套,1.0,1.07,1.07,models/heroes/weaver/weaver.vmdl,native_default,设计，未接入游戏
43,43,沙海巨蝎,1,原生默认,原生四套,1.0,0.72,0.72,models/heroes/sand_king/sand_king.vmdl,native_default,设计，未接入游戏
44,44,不灭火鸟,1,原生默认,原生四套,1.0,0.71,0.71,models/heroes/phoenix/phoenix_bird.vmdl,native_default,设计，未接入游戏
45,45,育母巨蛛,1,原生默认,原生四套,1.0,0.91,0.91,models/heroes/broodmother/broodmother.vmdl,native_default,设计，未接入游戏
46,46,不朽魔像,1,原生石甲与翼角,原生主体＋自定义饰物,1.0,0.66,0.66,models/items/visage/immortal_familiar/immortal_familiar.vmdl,,设计，未接入游戏
47,47,黑巢巨龙,1,原生龙角与鳞翼,原生主体＋自定义饰物,1.0,0.47,0.47,models/creeps/neutral_creeps/n_creep_black_dragon/n_creep_black_dragon.vmdl,,设计，未接入游戏
48,48,年兽,1,原生兽角与背鳞,原生主体＋自定义饰物,1.0,0.26,0.26,models/creeps/nian/nian_creep.vmdl,,设计，未接入游戏
49,49,远古巨兽,1,原生默认,原生四套,1.0,0.48,0.48,models/heroes/primal_beast/primal_beast_base.vmdl,native_default,设计，未接入游戏
50,50,肉山异兽,1,原生角刺与胸甲,原生主体＋自定义饰物,1.0,0.33,0.33,models/creeps/roshan_monster/roshan_monster.vmdl,,设计，未接入游戏
51,1,灰鬃狼,2,额前双骨角,原生主体＋自定义饰物,1.0,1.16,1.16,models/creeps/neutral_creeps/n_creep_worg_small/n_creep_worg_small.vmdl,,设计，未接入游戏
52,2,幼蛛,2,背部骨甲,原生主体＋自定义饰物,1.0,0.87,0.87,models/heroes/broodmother/spiderling.vmdl,,设计，未接入游戏
53,3,林间蛙兽,2,短骨背甲,原生主体＋自定义饰物,1.0,0.58,0.58,models/creeps/neutral_creeps/n_creep_froglet/n_creep_froglet.vmdl,,设计，未接入游戏
54,4,荒野豪猪,2,双侧短骨护角,原生主体＋自定义饰物,1.0,0.66,0.66,models/heroes/beastmaster/beastmaster_beast.vmdl,,设计，未接入游戏
55,5,远古岩兽,2,肩背骨甲,原生主体＋自定义饰物,1.0,0.71,0.71,models/creeps/neutral_creeps/n_creep_beast/n_creep_beast.vmdl,,设计，未接入游戏
56,6,毒泡蝌蚪,2,头部双短骨角,原生主体＋自定义饰物,1.0,0.83,0.83,models/creeps/neutral_creeps/n_creep_tadpole/n_creep_tadpole_ranged_v2.vmdl,,设计，未接入游戏
57,7,冰川爬蛛,2,背部骨甲,原生主体＋自定义饰物,1.0,0.62,0.62,models/items/broodmother/spiderling/the_glacial_creeper_creepling/the_glacial_creeper_creepling.vmdl,,设计，未接入游戏
58,8,荒漠秃鹫,2,胸前骨护片,原生主体＋自定义饰物,1.0,0.64,0.64,models/creeps/neutral_creeps/n_creep_vulture_a/n_creep_vulture_a.vmdl,,设计，未接入游戏
59,9,幼雷蜥,2,后颈骨角,原生主体＋自定义饰物,1.0,0.56,0.56,models/creeps/neutral_creeps/n_creep_thunder_lizard/n_creep_thunder_lizard_small.vmdl,,设计，未接入游戏
60,10,雷霆巨蜥,2,后颈骨角,原生主体＋自定义饰物,1.0,0.48,0.48,models/creeps/neutral_creeps/n_creep_thunder_lizard/n_creep_thunder_lizard_big.vmdl,,设计，未接入游戏
61,11,血月猎狼,2,额前双骨角,原生主体＋自定义饰物,1.0,0.93,0.93,models/items/lycan/wolves/blood_moon_hunter_wolves/blood_moon_hunter_wolves.vmdl,,设计，未接入游戏
62,12,琥珀幼蛛,2,背部骨甲,原生主体＋自定义饰物,1.0,0.82,0.82,models/items/broodmother/spiderling/amber_queen_spiderling_2/amber_queen_spiderling_2.vmdl,,设计，未接入游戏
63,13,兽王恐龙,2,双侧短骨护角,原生主体＋自定义饰物,1.0,0.64,0.64,models/items/beastmaster/boar/ti9_cache_beast_master_dinosaurs_telepathy_beast/ti9_cache_beast_master_dinosaurs_telepathy_beast.vmdl,,设计，未接入游戏
64,14,盲穴鼹兽,2,背脊短骨甲,原生主体＋自定义饰物,1.0,0.68,0.68,models/creeps/neutral_creeps/n_creep_eimermole/n_creep_eimermole.vmdl,,设计，未接入游戏
65,15,黑巢幼龙,2,后颈双骨角,原生主体＋自定义饰物,1.0,0.48,0.48,models/creeps/neutral_creeps/n_creep_black_drake/n_creep_black_drake.vmdl,,设计，未接入游戏
66,16,霜夜战狼,2,额前双骨角,原生主体＋自定义饰物,1.0,0.91,0.91,models/items/lycan/wolves/frostivus2018_lycan_winter_snow_wolf_wolves/frostivus2018_lycan_winter_snow_wolf_wolves.vmdl,,设计，未接入游戏
67,17,冰川虫蛛,2,背部骨甲,原生主体＋自定义饰物,1.0,0.5,0.5,models/items/broodmother/spiderling/pale_cyclopean_spiderling/pale_cyclopean_spiderling.vmdl,,设计，未接入游戏
68,18,北境战猪,2,双侧短骨护角,原生主体＋自定义饰物,1.0,0.61,0.61,models/items/beastmaster/boar/legacy_of_the_nords_battle_boar/legacy_of_the_nords_battle_boar.vmdl,,设计，未接入游戏
69,19,荷鲁斯灵鸟,2,胸前骨护甲,原生主体＋自定义饰物,1.0,0.71,0.71,models/items/visage/eye_of_holus_familiar/eye_of_holus_familiar.vmdl,,设计，未接入游戏
70,20,寒冬飞龙,2,严霜之心,原生四套,1.0,0.62,0.62,models/heroes/winterwyvern/winterwyvern.vmdl,20963,设计，未接入游戏
71,21,冰川狼群,2,额前双骨角,原生主体＋自定义饰物,1.0,0.89,0.89,models/items/lycan/wolves/icewrack_pack/icewrack_pack.vmdl,,设计，未接入游戏
72,22,机械幼蛛,2,背部骨甲,原生主体＋自定义饰物,1.0,0.65,0.65,models/items/broodmother/spiderling/broodmother_silksong_machine_spiderling/broodmother_silksong_machine_spiderling.vmdl,,设计，未接入游戏
73,23,尖啸剃背兽,2,双侧短骨护角,原生主体＋自定义饰物,1.0,0.69,0.69,models/items/beastmaster/boar/shrieking_razorback/shrieking_razorback.vmdl,,设计，未接入游戏
74,24,霜翼魔像,2,胸前骨护甲,原生主体＋自定义饰物,1.0,0.71,0.71,models/items/visage/frostivus2018_visage_frostbitten_wing_familiars/frostivus2018_visage_frostbitten_wing_familiars.vmdl,,设计，未接入游戏
75,25,司夜甲虫,2,隐匿虫巢壳甲套装,原生四套,1.0,0.91,0.91,models/heroes/nerubian_assassin/nerubian_assassin.vmdl,20133,设计，未接入游戏
76,26,武士战狼,2,额前双骨角,原生主体＋自定义饰物,1.0,0.88,0.88,models/items/lycan/wolves/_werewolf_samurai_wolves_v1/_werewolf_samurai_wolves_v1.vmdl,,设计，未接入游戏
77,27,野性猎犬,2,双侧短骨护角,原生主体＋自定义饰物,1.0,0.67,0.67,models/items/beastmaster/boar/beast_heart_marauder_beast_heart_marauder_warhound/beast_heart_marauder_beast_heart_marauder_warhound.vmdl,,设计，未接入游戏
78,28,灵魂守卫魔像,2,胸前骨护甲,原生主体＋自定义饰物,1.0,0.75,0.75,models/items/visage/bound_of_the_soul_keeper_familiar/bound_of_the_soul_keeper_familiar.vmdl,,设计，未接入游戏
79,29,远古巨蛙,2,短骨背甲,原生主体＋自定义饰物,1.0,0.54,0.54,models/creeps/neutral_creeps/n_creep_ancient_frog/n_creep_ancient_frog.vmdl,,设计，未接入游戏
80,30,剧毒异虫,2,Venomancer Slime,原生四套,1.0,0.55,0.55,models/heroes/venomancer/venomancer.vmdl,21943,设计，未接入游戏
81,31,猎王群狼,2,额前双骨角,原生主体＋自定义饰物,1.0,0.95,0.95,models/items/lycan/wolves/hunter_kings_wolves/hunter_kings_wolves.vmdl,,设计，未接入游戏
82,32,荒原灵熊,2,双肩短骨护片,原生主体＋自定义饰物,1.0,0.65,0.65,models/heroes/lone_druid/spirit_bear.vmdl,,设计，未接入游戏
83,33,戴明战兽,2,双侧短骨护角,原生主体＋自定义饰物,1.0,0.72,0.72,models/items/beastmaster/boar/beast_deming/beast_deming.vmdl,,设计，未接入游戏
84,34,墓卫魔像,2,胸前骨护甲,原生主体＋自定义饰物,1.0,0.7,0.7,models/items/visage/ti9_cache_visage_pit_guard_familiar/ti9_cache_visage_pit_guard_familiar.vmdl,,设计，未接入游戏
85,35,冥界毒龙,2,冥霜之印,原生四套,1.0,0.83,0.83,models/heroes/viper/viper.vmdl,21172,设计，未接入游戏
86,36,荒林战狼,2,额前双骨角,原生主体＋自定义饰物,1.0,0.94,0.94,models/heroes/lycan/summon_wolves.vmdl,,设计，未接入游戏
87,37,松果异怪,2,骨棘枝冠,原生主体＋自定义饰物,1.0,0.57,0.57,models/creeps/pine_cone/pine_cone.vmdl,,设计，未接入游戏
88,38,石像鬼,2,胸前骨护甲,原生主体＋自定义饰物,1.0,0.83,0.83,models/heroes/visage/visage_familiar.vmdl,,设计，未接入游戏
89,39,精灵幼龙,2,古灵精怪,原生四套,1.0,1.0,1.0,models/heroes/puck/puck.vmdl,20410,设计，未接入游戏
90,40,双头巨龙,2,上古之合,原生四套,1.0,0.71,0.71,models/heroes/jakiro/jakiro.vmdl,21153,设计，未接入游戏
91,41,地狱熊,2,双肩短骨护片,原生主体＋自定义饰物,1.0,0.71,0.71,models/creeps/neutral_creeps/n_creep_furbolg/n_creep_furbolg_disrupter.vmdl,,设计，未接入游戏
92,42,织梦异虫,2,焊烬壳甲套装,原生四套,1.0,1.07,1.07,models/heroes/weaver/weaver.vmdl,20136,设计，未接入游戏
93,43,沙海巨蝎,2,卡尔丁的祭典壳甲套装,原生四套,1.0,0.72,0.72,models/heroes/sand_king/sand_king.vmdl,20119,设计，未接入游戏
94,44,不灭火鸟,2,赤金涅槃,原生四套,1.0,0.71,0.71,models/heroes/phoenix/phoenix_bird.vmdl,21147,设计，未接入游戏
95,45,育母巨蛛,2,球腹蛛,原生四套,1.0,0.91,0.91,models/heroes/broodmother/broodmother.vmdl,20962,设计，未接入游戏
96,46,不朽魔像,2,胸前骨护甲,原生主体＋自定义饰物,1.0,0.66,0.66,models/items/visage/immortal_familiar/immortal_familiar.vmdl,,设计，未接入游戏
97,47,黑巢巨龙,2,后颈双骨角,原生主体＋自定义饰物,1.0,0.47,0.47,models/creeps/neutral_creeps/n_creep_black_dragon/n_creep_black_dragon.vmdl,,设计，未接入游戏
98,48,年兽,2,骨角兽冠,原生主体＋自定义饰物,1.0,0.26,0.26,models/creeps/nian/nian_creep.vmdl,,设计，未接入游戏
99,49,远古巨兽,2,炎狱巨兽,原生四套,1.0,0.48,0.48,models/heroes/primal_beast/primal_beast_base.vmdl,26799,设计，未接入游戏
100,50,肉山异兽,2,肩部骨甲,原生主体＋自定义饰物,1.0,0.33,0.33,models/creeps/roshan_monster/roshan_monster.vmdl,,设计，未接入游戏
101,1,灰鬃狼,3,肩背晶簇,原生主体＋自定义饰物,1.0,1.16,1.16,models/creeps/neutral_creeps/n_creep_worg_small/n_creep_worg_small.vmdl,,设计，未接入游戏
102,2,幼蛛,3,甲壳晶簇,原生主体＋自定义饰物,1.0,0.87,0.87,models/heroes/broodmother/spiderling.vmdl,,设计，未接入游戏
103,3,林间蛙兽,3,背部晶冠,原生主体＋自定义饰物,1.0,0.58,0.58,models/creeps/neutral_creeps/n_creep_froglet/n_creep_froglet.vmdl,,设计，未接入游戏
104,4,荒野豪猪,3,肩背晶簇,原生主体＋自定义饰物,1.0,0.66,0.66,models/heroes/beastmaster/beastmaster_beast.vmdl,,设计，未接入游戏
105,5,远古岩兽,3,脊背晶簇,原生主体＋自定义饰物,1.0,0.71,0.71,models/creeps/neutral_creeps/n_creep_beast/n_creep_beast.vmdl,,设计，未接入游戏
106,6,毒泡蝌蚪,3,头顶晶簇,原生主体＋自定义饰物,1.0,0.83,0.83,models/creeps/neutral_creeps/n_creep_tadpole/n_creep_tadpole_ranged_v2.vmdl,,设计，未接入游戏
107,7,冰川爬蛛,3,甲壳晶簇,原生主体＋自定义饰物,1.0,0.62,0.62,models/items/broodmother/spiderling/the_glacial_creeper_creepling/the_glacial_creeper_creepling.vmdl,,设计，未接入游戏
108,8,荒漠秃鹫,3,翼根晶簇,原生主体＋自定义饰物,1.0,0.64,0.64,models/creeps/neutral_creeps/n_creep_vulture_a/n_creep_vulture_a.vmdl,,设计，未接入游戏
109,9,幼雷蜥,3,背脊晶簇,原生主体＋自定义饰物,1.0,0.56,0.56,models/creeps/neutral_creeps/n_creep_thunder_lizard/n_creep_thunder_lizard_small.vmdl,,设计，未接入游戏
110,10,雷霆巨蜥,3,背脊晶簇,原生主体＋自定义饰物,1.0,0.48,0.48,models/creeps/neutral_creeps/n_creep_thunder_lizard/n_creep_thunder_lizard_big.vmdl,,设计，未接入游戏
111,11,血月猎狼,3,肩背晶簇,原生主体＋自定义饰物,1.0,0.93,0.93,models/items/lycan/wolves/blood_moon_hunter_wolves/blood_moon_hunter_wolves.vmdl,,设计，未接入游戏
112,12,琥珀幼蛛,3,甲壳晶簇,原生主体＋自定义饰物,1.0,0.82,0.82,models/items/broodmother/spiderling/amber_queen_spiderling_2/amber_queen_spiderling_2.vmdl,,设计，未接入游戏
113,13,兽王恐龙,3,肩背晶簇,原生主体＋自定义饰物,1.0,0.64,0.64,models/items/beastmaster/boar/ti9_cache_beast_master_dinosaurs_telepathy_beast/ti9_cache_beast_master_dinosaurs_telepathy_beast.vmdl,,设计，未接入游戏
114,14,盲穴鼹兽,3,肩部晶簇,原生主体＋自定义饰物,1.0,0.68,0.68,models/creeps/neutral_creeps/n_creep_eimermole/n_creep_eimermole.vmdl,,设计，未接入游戏
115,15,黑巢幼龙,3,翼根晶簇,原生主体＋自定义饰物,1.0,0.48,0.48,models/creeps/neutral_creeps/n_creep_black_drake/n_creep_black_drake.vmdl,,设计，未接入游戏
116,16,霜夜战狼,3,肩背晶簇,原生主体＋自定义饰物,1.0,0.91,0.91,models/items/lycan/wolves/frostivus2018_lycan_winter_snow_wolf_wolves/frostivus2018_lycan_winter_snow_wolf_wolves.vmdl,,设计，未接入游戏
117,17,冰川虫蛛,3,甲壳晶簇,原生主体＋自定义饰物,1.0,0.5,0.5,models/items/broodmother/spiderling/pale_cyclopean_spiderling/pale_cyclopean_spiderling.vmdl,,设计，未接入游戏
118,18,北境战猪,3,肩背晶簇,原生主体＋自定义饰物,1.0,0.61,0.61,models/items/beastmaster/boar/legacy_of_the_nords_battle_boar/legacy_of_the_nords_battle_boar.vmdl,,设计，未接入游戏
119,19,荷鲁斯灵鸟,3,胸肩晶簇,原生主体＋自定义饰物,1.0,0.71,0.71,models/items/visage/eye_of_holus_familiar/eye_of_holus_familiar.vmdl,,设计，未接入游戏
120,20,寒冬飞龙,3,无尽苦痛强流,原生四套,1.0,0.62,0.62,models/heroes/winterwyvern/winterwyvern.vmdl,22878,设计，未接入游戏
121,21,冰川狼群,3,肩背晶簇,原生主体＋自定义饰物,1.0,0.89,0.89,models/items/lycan/wolves/icewrack_pack/icewrack_pack.vmdl,,设计，未接入游戏
122,22,机械幼蛛,3,甲壳晶簇,原生主体＋自定义饰物,1.0,0.65,0.65,models/items/broodmother/spiderling/broodmother_silksong_machine_spiderling/broodmother_silksong_machine_spiderling.vmdl,,设计，未接入游戏
123,23,尖啸剃背兽,3,肩背晶簇,原生主体＋自定义饰物,1.0,0.69,0.69,models/items/beastmaster/boar/shrieking_razorback/shrieking_razorback.vmdl,,设计，未接入游戏
124,24,霜翼魔像,3,胸肩晶簇,原生主体＋自定义饰物,1.0,0.71,0.71,models/items/visage/frostivus2018_visage_frostbitten_wing_familiars/frostivus2018_visage_frostbitten_wing_familiars.vmdl,,设计，未接入游戏
125,25,司夜甲虫,3,陨星碎晶,原生四套,1.0,0.91,0.91,models/heroes/nerubian_assassin/nerubian_assassin.vmdl,21785,设计，未接入游戏
126,26,武士战狼,3,肩背晶簇,原生主体＋自定义饰物,1.0,0.88,0.88,models/items/lycan/wolves/_werewolf_samurai_wolves_v1/_werewolf_samurai_wolves_v1.vmdl,,设计，未接入游戏
127,27,野性猎犬,3,肩背晶簇,原生主体＋自定义饰物,1.0,0.67,0.67,models/items/beastmaster/boar/beast_heart_marauder_beast_heart_marauder_warhound/beast_heart_marauder_beast_heart_marauder_warhound.vmdl,,设计，未接入游戏
128,28,灵魂守卫魔像,3,胸肩晶簇,原生主体＋自定义饰物,1.0,0.75,0.75,models/items/visage/bound_of_the_soul_keeper_familiar/bound_of_the_soul_keeper_familiar.vmdl,,设计，未接入游戏
129,29,远古巨蛙,3,背部晶冠,原生主体＋自定义饰物,1.0,0.54,0.54,models/creeps/neutral_creeps/n_creep_ancient_frog/n_creep_ancient_frog.vmdl,,设计，未接入游戏
130,30,剧毒异虫,3,恶性环蛇的腐化,原生四套,1.0,0.55,0.55,models/heroes/venomancer/venomancer.vmdl,21119,设计，未接入游戏
131,31,猎王群狼,3,肩背晶簇,原生主体＋自定义饰物,1.0,0.95,0.95,models/items/lycan/wolves/hunter_kings_wolves/hunter_kings_wolves.vmdl,,设计，未接入游戏
132,32,荒原灵熊,3,肩背晶冠,原生主体＋自定义饰物,1.0,0.65,0.65,models/heroes/lone_druid/spirit_bear.vmdl,,设计，未接入游戏
133,33,戴明战兽,3,肩背晶簇,原生主体＋自定义饰物,1.0,0.72,0.72,models/items/beastmaster/boar/beast_deming/beast_deming.vmdl,,设计，未接入游戏
134,34,墓卫魔像,3,胸肩晶簇,原生主体＋自定义饰物,1.0,0.7,0.7,models/items/visage/ti9_cache_visage_pit_guard_familiar/ti9_cache_visage_pit_guard_familiar.vmdl,,设计，未接入游戏
135,35,冥界毒龙,3,冥祸寒鸣,原生四套,1.0,0.83,0.83,models/heroes/viper/viper.vmdl,21892,设计，未接入游戏
136,36,荒林战狼,3,肩背晶簇,原生主体＋自定义饰物,1.0,0.94,0.94,models/heroes/lycan/summon_wolves.vmdl,,设计，未接入游戏
137,37,松果异怪,3,顶部晶芽,原生主体＋自定义饰物,1.0,0.57,0.57,models/creeps/pine_cone/pine_cone.vmdl,,设计，未接入游戏
138,38,石像鬼,3,胸肩晶簇,原生主体＋自定义饰物,1.0,0.83,0.83,models/heroes/visage/visage_familiar.vmdl,,设计，未接入游戏
139,39,精灵幼龙,3,冬蛾撩乱,原生四套,1.0,1.0,1.0,models/heroes/puck/puck.vmdl,29160,设计，未接入游戏
140,40,双头巨龙,3,灼霜尖齿,原生四套,1.0,0.71,0.71,models/heroes/jakiro/jakiro.vmdl,29200,设计，未接入游戏
141,41,地狱熊,3,肩背晶冠,原生主体＋自定义饰物,1.0,0.71,0.71,models/creeps/neutral_creeps/n_creep_furbolg/n_creep_furbolg_disrupter.vmdl,,设计，未接入游戏
142,42,织梦异虫,3,群星联赛第8赛季,原生四套,1.0,1.07,1.07,models/heroes/weaver/weaver.vmdl,20541,设计，未接入游戏
143,43,沙海巨蝎,3,霜噬沙丘霸主,原生四套,1.0,0.72,0.72,models/heroes/sand_king/sand_king.vmdl,21303,设计，未接入游戏
144,44,不灭火鸟,3,熔火之诞的狂怒,原生四套,1.0,0.71,0.71,models/heroes/phoenix/phoenix_bird.vmdl,21224,设计，未接入游戏
145,45,育母巨蛛,3,火山庇荫,原生四套,1.0,0.91,0.91,models/heroes/broodmother/broodmother.vmdl,23654,设计，未接入游戏
146,46,不朽魔像,3,胸肩晶簇,原生主体＋自定义饰物,1.0,0.66,0.66,models/items/visage/immortal_familiar/immortal_familiar.vmdl,,设计，未接入游戏
147,47,黑巢巨龙,3,翼根晶簇,原生主体＋自定义饰物,1.0,0.47,0.47,models/creeps/neutral_creeps/n_creep_black_dragon/n_creep_black_dragon.vmdl,,设计，未接入游戏
148,48,年兽,3,肩背晶簇,原生主体＋自定义饰物,1.0,0.26,0.26,models/creeps/nian/nian_creep.vmdl,,设计，未接入游戏
149,49,远古巨兽,3,史前掠食者,原生四套,1.0,0.48,0.48,models/heroes/primal_beast/primal_beast_base.vmdl,33465,设计，未接入游戏
150,50,肉山异兽,3,双肩晶簇,原生主体＋自定义饰物,1.0,0.33,0.33,models/creeps/roshan_monster/roshan_monster.vmdl,,设计，未接入游戏
151,1,灰鬃狼,4,棘刺背冠＋额心宝石,原生主体＋自定义饰物,1.0,1.16,1.16,models/creeps/neutral_creeps/n_creep_worg_small/n_creep_worg_small.vmdl,,设计，未接入游戏
152,2,幼蛛,4,晶棘背冠＋腹部宝石,原生主体＋自定义饰物,1.0,0.87,0.87,models/heroes/broodmother/spiderling.vmdl,,设计，未接入游戏
153,3,林间蛙兽,4,短晶棘背冠＋额心宝石,原生主体＋自定义饰物,1.0,0.58,0.58,models/creeps/neutral_creeps/n_creep_froglet/n_creep_froglet.vmdl,,设计，未接入游戏
154,4,荒野豪猪,4,晶棘鬃冠＋额心宝石,原生主体＋自定义饰物,1.0,0.66,0.66,models/heroes/beastmaster/beastmaster_beast.vmdl,,设计，未接入游戏
155,5,远古岩兽,4,晶棘背脊＋胸前宝石,原生主体＋自定义饰物,1.0,0.71,0.71,models/creeps/neutral_creeps/n_creep_beast/n_creep_beast.vmdl,,设计，未接入游戏
156,6,毒泡蝌蚪,4,尾根短晶棘＋头部宝石,原生主体＋自定义饰物,1.0,0.83,0.83,models/creeps/neutral_creeps/n_creep_tadpole/n_creep_tadpole_ranged_v2.vmdl,,设计，未接入游戏
157,7,冰川爬蛛,4,晶棘背冠＋腹部宝石,原生主体＋自定义饰物,1.0,0.62,0.62,models/items/broodmother/spiderling/the_glacial_creeper_creepling/the_glacial_creeper_creepling.vmdl,,设计，未接入游戏
158,8,荒漠秃鹫,4,短晶棘羽冠＋胸前宝石,原生主体＋自定义饰物,1.0,0.64,0.64,models/creeps/neutral_creeps/n_creep_vulture_a/n_creep_vulture_a.vmdl,,设计，未接入游戏
159,9,幼雷蜥,4,晶棘高脊＋喉口宝石,原生主体＋自定义饰物,1.0,0.56,0.56,models/creeps/neutral_creeps/n_creep_thunder_lizard/n_creep_thunder_lizard_small.vmdl,,设计，未接入游戏
160,10,雷霆巨蜥,4,晶棘高脊＋喉口宝石,原生主体＋自定义饰物,1.0,0.48,0.48,models/creeps/neutral_creeps/n_creep_thunder_lizard/n_creep_thunder_lizard_big.vmdl,,设计，未接入游戏
161,11,血月猎狼,4,棘刺背冠＋额心宝石,原生主体＋自定义饰物,1.0,0.93,0.93,models/items/lycan/wolves/blood_moon_hunter_wolves/blood_moon_hunter_wolves.vmdl,,设计，未接入游戏
162,12,琥珀幼蛛,4,晶棘背冠＋腹部宝石,原生主体＋自定义饰物,1.0,0.82,0.82,models/items/broodmother/spiderling/amber_queen_spiderling_2/amber_queen_spiderling_2.vmdl,,设计，未接入游戏
163,13,兽王恐龙,4,晶棘鬃冠＋额心宝石,原生主体＋自定义饰物,1.0,0.64,0.64,models/items/beastmaster/boar/ti9_cache_beast_master_dinosaurs_telepathy_beast/ti9_cache_beast_master_dinosaurs_telepathy_beast.vmdl,,设计，未接入游戏
164,14,盲穴鼹兽,4,晶棘背冠＋额心宝石,原生主体＋自定义饰物,1.0,0.68,0.68,models/creeps/neutral_creeps/n_creep_eimermole/n_creep_eimermole.vmdl,,设计，未接入游戏
165,15,黑巢幼龙,4,晶棘龙冠＋喉部宝石,原生主体＋自定义饰物,1.0,0.48,0.48,models/creeps/neutral_creeps/n_creep_black_drake/n_creep_black_drake.vmdl,,设计，未接入游戏
166,16,霜夜战狼,4,棘刺背冠＋额心宝石,原生主体＋自定义饰物,1.0,0.91,0.91,models/items/lycan/wolves/frostivus2018_lycan_winter_snow_wolf_wolves/frostivus2018_lycan_winter_snow_wolf_wolves.vmdl,,设计，未接入游戏
167,17,冰川虫蛛,4,晶棘背冠＋腹部宝石,原生主体＋自定义饰物,1.0,0.5,0.5,models/items/broodmother/spiderling/pale_cyclopean_spiderling/pale_cyclopean_spiderling.vmdl,,设计，未接入游戏
168,18,北境战猪,4,晶棘鬃冠＋额心宝石,原生主体＋自定义饰物,1.0,0.61,0.61,models/items/beastmaster/boar/legacy_of_the_nords_battle_boar/legacy_of_the_nords_battle_boar.vmdl,,设计，未接入游戏
169,19,荷鲁斯灵鸟,4,短晶棘翼冠＋胸前宝石,原生主体＋自定义饰物,1.0,0.71,0.71,models/items/visage/eye_of_holus_familiar/eye_of_holus_familiar.vmdl,,设计，未接入游戏
170,20,寒冬飞龙,4,极光之棘,原生四套,1.0,0.62,0.62,models/heroes/winterwyvern/winterwyvern.vmdl,21818,设计，未接入游戏
171,21,冰川狼群,4,棘刺背冠＋额心宝石,原生主体＋自定义饰物,1.0,0.89,0.89,models/items/lycan/wolves/icewrack_pack/icewrack_pack.vmdl,,设计，未接入游戏
172,22,机械幼蛛,4,晶棘背冠＋腹部宝石,原生主体＋自定义饰物,1.0,0.65,0.65,models/items/broodmother/spiderling/broodmother_silksong_machine_spiderling/broodmother_silksong_machine_spiderling.vmdl,,设计，未接入游戏
173,23,尖啸剃背兽,4,晶棘鬃冠＋额心宝石,原生主体＋自定义饰物,1.0,0.69,0.69,models/items/beastmaster/boar/shrieking_razorback/shrieking_razorback.vmdl,,设计，未接入游戏
174,24,霜翼魔像,4,短晶棘翼冠＋胸前宝石,原生主体＋自定义饰物,1.0,0.71,0.71,models/items/visage/frostivus2018_visage_frostbitten_wing_familiars/frostivus2018_visage_frostbitten_wing_familiars.vmdl,,设计，未接入游戏
175,25,司夜甲虫,4,Mesmer-Eye,原生四套,1.0,0.91,0.91,models/items/nerubian_assassin/nyx_monster/nyx_monster_base.vmdl,34581,设计，未接入游戏
176,26,武士战狼,4,棘刺背冠＋额心宝石,原生主体＋自定义饰物,1.0,0.88,0.88,models/items/lycan/wolves/_werewolf_samurai_wolves_v1/_werewolf_samurai_wolves_v1.vmdl,,设计，未接入游戏
177,27,野性猎犬,4,晶棘鬃冠＋额心宝石,原生主体＋自定义饰物,1.0,0.67,0.67,models/items/beastmaster/boar/beast_heart_marauder_beast_heart_marauder_warhound/beast_heart_marauder_beast_heart_marauder_warhound.vmdl,,设计，未接入游戏
178,28,灵魂守卫魔像,4,短晶棘翼冠＋胸前宝石,原生主体＋自定义饰物,1.0,0.75,0.75,models/items/visage/bound_of_the_soul_keeper_familiar/bound_of_the_soul_keeper_familiar.vmdl,,设计，未接入游戏
179,29,远古巨蛙,4,短晶棘背冠＋额心宝石,原生主体＋自定义饰物,1.0,0.54,0.54,models/creeps/neutral_creeps/n_creep_ancient_frog/n_creep_ancient_frog.vmdl,,设计，未接入游戏
180,30,剧毒异虫,4,机械术士,原生四套,1.0,0.55,0.55,models/heroes/venomancer/venomancer.vmdl,31295,设计，未接入游戏
181,31,猎王群狼,4,棘刺背冠＋额心宝石,原生主体＋自定义饰物,1.0,0.95,0.95,models/items/lycan/wolves/hunter_kings_wolves/hunter_kings_wolves.vmdl,,设计，未接入游戏
182,32,荒原灵熊,4,晶棘背脊＋胸口宝石,原生主体＋自定义饰物,1.0,0.65,0.65,models/heroes/lone_druid/spirit_bear.vmdl,,设计，未接入游戏
183,33,戴明战兽,4,晶棘鬃冠＋额心宝石,原生主体＋自定义饰物,1.0,0.72,0.72,models/items/beastmaster/boar/beast_deming/beast_deming.vmdl,,设计，未接入游戏
184,34,墓卫魔像,4,短晶棘翼冠＋胸前宝石,原生主体＋自定义饰物,1.0,0.7,0.7,models/items/visage/ti9_cache_visage_pit_guard_familiar/ti9_cache_visage_pit_guard_familiar.vmdl,,设计，未接入游戏
185,35,冥界毒龙,4,遗魂飞蛇,原生四套,1.0,0.83,0.83,models/heroes/viper/viper.vmdl,27571,设计，未接入游戏
186,36,荒林战狼,4,棘刺背冠＋额心宝石,原生主体＋自定义饰物,1.0,0.94,0.94,models/heroes/lycan/summon_wolves.vmdl,,设计，未接入游戏
187,37,松果异怪,4,晶棘树冠＋种核宝石,原生主体＋自定义饰物,1.0,0.57,0.57,models/creeps/pine_cone/pine_cone.vmdl,,设计，未接入游戏
188,38,石像鬼,4,短晶棘翼冠＋胸前宝石,原生主体＋自定义饰物,1.0,0.83,0.83,models/heroes/visage/visage_familiar.vmdl,,设计，未接入游戏
189,39,精灵幼龙,4,幻梦往昔,原生四套,1.0,1.0,1.0,models/heroes/puck/puck.vmdl,20576,设计，未接入游戏
190,40,双头巨龙,4,先祖传承,原生四套,1.0,0.71,0.71,models/heroes/jakiro/jakiro.vmdl,29124,设计，未接入游戏
191,41,地狱熊,4,晶棘背脊＋胸口宝石,原生主体＋自定义饰物,1.0,0.71,0.71,models/creeps/neutral_creeps/n_creep_furbolg/n_creep_furbolg_disrupter.vmdl,,设计，未接入游戏
192,42,织梦异虫,4,维度穿梭者,原生四套,1.0,1.07,1.07,models/heroes/weaver/weaver.vmdl,21811,设计，未接入游戏
193,43,沙海巨蝎,4,黑沙之神,原生四套,1.0,0.72,0.72,models/heroes/sand_king/sand_king.vmdl,21846,设计，未接入游戏
194,44,不灭火鸟,4,星辰贤者,原生四套,1.0,0.71,0.71,models/heroes/phoenix/phoenix_bird.vmdl,32927,设计，未接入游戏
195,45,育母巨蛛,4,Arachnid Anathema,原生四套,1.0,0.91,0.91,models/heroes/broodmother/broodmother.vmdl,34523,设计，未接入游戏
196,46,不朽魔像,4,短晶棘翼冠＋胸前宝石,原生主体＋自定义饰物,1.0,0.66,0.66,models/items/visage/immortal_familiar/immortal_familiar.vmdl,,设计，未接入游戏
197,47,黑巢巨龙,4,晶棘龙冠＋喉部宝石,原生主体＋自定义饰物,1.0,0.47,0.47,models/creeps/neutral_creeps/n_creep_black_dragon/n_creep_black_dragon.vmdl,,设计，未接入游戏
198,48,年兽,4,晶棘兽冠＋额心宝石,原生主体＋自定义饰物,1.0,0.26,0.26,models/creeps/nian/nian_creep.vmdl,,设计，未接入游戏
199,49,远古巨兽,4,垂涎宝箱,原生四套,1.0,0.48,0.48,models/heroes/primal_beast/primal_beast_base.vmdl,33304,设计，未接入游戏
200,50,肉山异兽,4,晶棘肩冠＋胸口宝石,原生主体＋自定义饰物,1.0,0.33,0.33,models/creeps/roshan_monster/roshan_monster.vmdl,,设计，未接入游戏
201,1,灰鬃狼,1,原生鬃毛与牙齿,原生主体＋自定义饰物,1.5,1.16,1.74,models/creeps/neutral_creeps/n_creep_worg_small/n_creep_worg_small.vmdl,,设计，未接入游戏
202,2,幼蛛,1,原生甲壳与蛛腿,原生主体＋自定义饰物,1.5,0.87,1.305,models/heroes/broodmother/spiderling.vmdl,,设计，未接入游戏
203,3,林间蛙兽,1,原生皮肤与背部纹理,原生主体＋自定义饰物,1.5,0.58,0.87,models/creeps/neutral_creeps/n_creep_froglet/n_creep_froglet.vmdl,,设计，未接入游戏
204,4,荒野豪猪,1,原生獠牙与鬃毛,原生主体＋自定义饰物,1.5,0.66,0.99,models/heroes/beastmaster/beastmaster_beast.vmdl,,设计，未接入游戏
205,5,远古岩兽,1,原生岩质皮肤,原生主体＋自定义饰物,1.5,0.71,1.065,models/creeps/neutral_creeps/n_creep_beast/n_creep_beast.vmdl,,设计，未接入游戏
206,6,毒泡蝌蚪,1,原生头身与尾鳍,原生主体＋自定义饰物,1.5,0.83,1.245,models/creeps/neutral_creeps/n_creep_tadpole/n_creep_tadpole_ranged_v2.vmdl,,设计，未接入游戏
207,7,冰川爬蛛,1,原生甲壳与蛛腿,原生主体＋自定义饰物,1.5,0.62,0.93,models/items/broodmother/spiderling/the_glacial_creeper_creepling/the_glacial_creeper_creepling.vmdl,,设计，未接入游戏
208,8,荒漠秃鹫,1,原生喙爪与羽翼,原生主体＋自定义饰物,1.5,0.64,0.96,models/creeps/neutral_creeps/n_creep_vulture_a/n_creep_vulture_a.vmdl,,设计，未接入游戏
209,9,幼雷蜥,1,原生皮鳞与尖角,原生主体＋自定义饰物,1.5,0.56,0.84,models/creeps/neutral_creeps/n_creep_thunder_lizard/n_creep_thunder_lizard_small.vmdl,,设计，未接入游戏
210,10,雷霆巨蜥,1,原生皮鳞与尖角,原生主体＋自定义饰物,1.5,0.48,0.72,models/creeps/neutral_creeps/n_creep_thunder_lizard/n_creep_thunder_lizard_big.vmdl,,设计，未接入游戏
211,11,血月猎狼,1,原生鬃毛与牙齿,原生主体＋自定义饰物,1.5,0.93,1.395,models/items/lycan/wolves/blood_moon_hunter_wolves/blood_moon_hunter_wolves.vmdl,,设计，未接入游戏
212,12,琥珀幼蛛,1,原生甲壳与蛛腿,原生主体＋自定义饰物,1.5,0.82,1.23,models/items/broodmother/spiderling/amber_queen_spiderling_2/amber_queen_spiderling_2.vmdl,,设计，未接入游戏
213,13,兽王恐龙,1,原生獠牙与鬃毛,原生主体＋自定义饰物,1.5,0.64,0.96,models/items/beastmaster/boar/ti9_cache_beast_master_dinosaurs_telepathy_beast/ti9_cache_beast_master_dinosaurs_telepathy_beast.vmdl,,设计，未接入游戏
214,14,盲穴鼹兽,1,原生鼻爪与短毛,原生主体＋自定义饰物,1.5,0.68,1.02,models/creeps/neutral_creeps/n_creep_eimermole/n_creep_eimermole.vmdl,,设计，未接入游戏
215,15,黑巢幼龙,1,原生龙角与鳞翼,原生主体＋自定义饰物,1.5,0.48,0.72,models/creeps/neutral_creeps/n_creep_black_drake/n_creep_black_drake.vmdl,,设计，未接入游戏
216,16,霜夜战狼,1,原生鬃毛与牙齿,原生主体＋自定义饰物,1.5,0.91,1.365,models/items/lycan/wolves/frostivus2018_lycan_winter_snow_wolf_wolves/frostivus2018_lycan_winter_snow_wolf_wolves.vmdl,,设计，未接入游戏
217,17,冰川虫蛛,1,原生甲壳与蛛腿,原生主体＋自定义饰物,1.5,0.5,0.75,models/items/broodmother/spiderling/pale_cyclopean_spiderling/pale_cyclopean_spiderling.vmdl,,设计，未接入游戏
218,18,北境战猪,1,原生獠牙与鬃毛,原生主体＋自定义饰物,1.5,0.61,0.915,models/items/beastmaster/boar/legacy_of_the_nords_battle_boar/legacy_of_the_nords_battle_boar.vmdl,,设计，未接入游戏
219,19,荷鲁斯灵鸟,1,原生石甲与翼角,原生主体＋自定义饰物,1.5,0.71,1.065,models/items/visage/eye_of_holus_familiar/eye_of_holus_familiar.vmdl,,设计，未接入游戏
220,20,寒冬飞龙,1,原生默认,原生四套,1.5,0.62,0.93,models/heroes/winterwyvern/winterwyvern.vmdl,native_default,设计，未接入游戏
221,21,冰川狼群,1,原生鬃毛与牙齿,原生主体＋自定义饰物,1.5,0.89,1.335,models/items/lycan/wolves/icewrack_pack/icewrack_pack.vmdl,,设计，未接入游戏
222,22,机械幼蛛,1,原生甲壳与蛛腿,原生主体＋自定义饰物,1.5,0.65,0.975,models/items/broodmother/spiderling/broodmother_silksong_machine_spiderling/broodmother_silksong_machine_spiderling.vmdl,,设计，未接入游戏
223,23,尖啸剃背兽,1,原生獠牙与鬃毛,原生主体＋自定义饰物,1.5,0.69,1.035,models/items/beastmaster/boar/shrieking_razorback/shrieking_razorback.vmdl,,设计，未接入游戏
224,24,霜翼魔像,1,原生石甲与翼角,原生主体＋自定义饰物,1.5,0.71,1.065,models/items/visage/frostivus2018_visage_frostbitten_wing_familiars/frostivus2018_visage_frostbitten_wing_familiars.vmdl,,设计，未接入游戏
225,25,司夜甲虫,1,原生默认,原生四套,1.5,0.91,1.365,models/heroes/nerubian_assassin/nerubian_assassin.vmdl,native_default,设计，未接入游戏
226,26,武士战狼,1,原生鬃毛与牙齿,原生主体＋自定义饰物,1.5,0.88,1.32,models/items/lycan/wolves/_werewolf_samurai_wolves_v1/_werewolf_samurai_wolves_v1.vmdl,,设计，未接入游戏
227,27,野性猎犬,1,原生獠牙与鬃毛,原生主体＋自定义饰物,1.5,0.67,1.005,models/items/beastmaster/boar/beast_heart_marauder_beast_heart_marauder_warhound/beast_heart_marauder_beast_heart_marauder_warhound.vmdl,,设计，未接入游戏
228,28,灵魂守卫魔像,1,原生石甲与翼角,原生主体＋自定义饰物,1.5,0.75,1.125,models/items/visage/bound_of_the_soul_keeper_familiar/bound_of_the_soul_keeper_familiar.vmdl,,设计，未接入游戏
229,29,远古巨蛙,1,原生皮肤与背部纹理,原生主体＋自定义饰物,1.5,0.54,0.81,models/creeps/neutral_creeps/n_creep_ancient_frog/n_creep_ancient_frog.vmdl,,设计，未接入游戏
230,30,剧毒异虫,1,原生默认,原生四套,1.5,0.55,0.825,models/heroes/venomancer/venomancer.vmdl,native_default,设计，未接入游戏
231,31,猎王群狼,1,原生鬃毛与牙齿,原生主体＋自定义饰物,1.5,0.95,1.425,models/items/lycan/wolves/hunter_kings_wolves/hunter_kings_wolves.vmdl,,设计，未接入游戏
232,32,荒原灵熊,1,原生皮毛与利爪,原生主体＋自定义饰物,1.5,0.65,0.975,models/heroes/lone_druid/spirit_bear.vmdl,,设计，未接入游戏
233,33,戴明战兽,1,原生獠牙与鬃毛,原生主体＋自定义饰物,1.5,0.72,1.08,models/items/beastmaster/boar/beast_deming/beast_deming.vmdl,,设计，未接入游戏
234,34,墓卫魔像,1,原生石甲与翼角,原生主体＋自定义饰物,1.5,0.7,1.05,models/items/visage/ti9_cache_visage_pit_guard_familiar/ti9_cache_visage_pit_guard_familiar.vmdl,,设计，未接入游戏
235,35,冥界毒龙,1,原生默认,原生四套,1.5,0.83,1.245,models/heroes/viper/viper.vmdl,native_default,设计，未接入游戏
236,36,荒林战狼,1,原生鬃毛与牙齿,原生主体＋自定义饰物,1.5,0.94,1.41,models/heroes/lycan/summon_wolves.vmdl,,设计，未接入游戏
237,37,松果异怪,1,原生木鳞与枝叶,原生主体＋自定义饰物,1.5,0.57,0.855,models/creeps/pine_cone/pine_cone.vmdl,,设计，未接入游戏
238,38,石像鬼,1,原生石甲与翼角,原生主体＋自定义饰物,1.5,0.83,1.245,models/heroes/visage/visage_familiar.vmdl,,设计，未接入游戏
239,39,精灵幼龙,1,原生默认,原生四套,1.5,1.0,1.5,models/heroes/puck/puck.vmdl,native_default,设计，未接入游戏
240,40,双头巨龙,1,原生默认,原生四套,1.5,0.71,1.065,models/heroes/jakiro/jakiro.vmdl,native_default,设计，未接入游戏
241,41,地狱熊,1,原生皮毛与利爪,原生主体＋自定义饰物,1.5,0.71,1.065,models/creeps/neutral_creeps/n_creep_furbolg/n_creep_furbolg_disrupter.vmdl,,设计，未接入游戏
242,42,织梦异虫,1,原生默认,原生四套,1.5,1.07,1.605,models/heroes/weaver/weaver.vmdl,native_default,设计，未接入游戏
243,43,沙海巨蝎,1,原生默认,原生四套,1.5,0.72,1.08,models/heroes/sand_king/sand_king.vmdl,native_default,设计，未接入游戏
244,44,不灭火鸟,1,原生默认,原生四套,1.5,0.71,1.065,models/heroes/phoenix/phoenix_bird.vmdl,native_default,设计，未接入游戏
245,45,育母巨蛛,1,原生默认,原生四套,1.5,0.91,1.365,models/heroes/broodmother/broodmother.vmdl,native_default,设计，未接入游戏
246,46,不朽魔像,1,原生石甲与翼角,原生主体＋自定义饰物,1.5,0.66,0.99,models/items/visage/immortal_familiar/immortal_familiar.vmdl,,设计，未接入游戏
247,47,黑巢巨龙,1,原生龙角与鳞翼,原生主体＋自定义饰物,1.5,0.47,0.705,models/creeps/neutral_creeps/n_creep_black_dragon/n_creep_black_dragon.vmdl,,设计，未接入游戏
248,48,年兽,1,原生兽角与背鳞,原生主体＋自定义饰物,1.5,0.26,0.39,models/creeps/nian/nian_creep.vmdl,,设计，未接入游戏
249,49,远古巨兽,1,原生默认,原生四套,1.5,0.48,0.72,models/heroes/primal_beast/primal_beast_base.vmdl,native_default,设计，未接入游戏
250,50,肉山异兽,1,原生角刺与胸甲,原生主体＋自定义饰物,1.5,0.33,0.495,models/creeps/roshan_monster/roshan_monster.vmdl,,设计，未接入游戏
251,1,灰鬃狼,2,额前双骨角,原生主体＋自定义饰物,1.5,1.16,1.74,models/creeps/neutral_creeps/n_creep_worg_small/n_creep_worg_small.vmdl,,设计，未接入游戏
252,2,幼蛛,2,背部骨甲,原生主体＋自定义饰物,1.5,0.87,1.305,models/heroes/broodmother/spiderling.vmdl,,设计，未接入游戏
253,3,林间蛙兽,2,短骨背甲,原生主体＋自定义饰物,1.5,0.58,0.87,models/creeps/neutral_creeps/n_creep_froglet/n_creep_froglet.vmdl,,设计，未接入游戏
254,4,荒野豪猪,2,双侧短骨护角,原生主体＋自定义饰物,1.5,0.66,0.99,models/heroes/beastmaster/beastmaster_beast.vmdl,,设计，未接入游戏
255,5,远古岩兽,2,肩背骨甲,原生主体＋自定义饰物,1.5,0.71,1.065,models/creeps/neutral_creeps/n_creep_beast/n_creep_beast.vmdl,,设计，未接入游戏
256,6,毒泡蝌蚪,2,头部双短骨角,原生主体＋自定义饰物,1.5,0.83,1.245,models/creeps/neutral_creeps/n_creep_tadpole/n_creep_tadpole_ranged_v2.vmdl,,设计，未接入游戏
257,7,冰川爬蛛,2,背部骨甲,原生主体＋自定义饰物,1.5,0.62,0.93,models/items/broodmother/spiderling/the_glacial_creeper_creepling/the_glacial_creeper_creepling.vmdl,,设计，未接入游戏
258,8,荒漠秃鹫,2,胸前骨护片,原生主体＋自定义饰物,1.5,0.64,0.96,models/creeps/neutral_creeps/n_creep_vulture_a/n_creep_vulture_a.vmdl,,设计，未接入游戏
259,9,幼雷蜥,2,后颈骨角,原生主体＋自定义饰物,1.5,0.56,0.84,models/creeps/neutral_creeps/n_creep_thunder_lizard/n_creep_thunder_lizard_small.vmdl,,设计，未接入游戏
260,10,雷霆巨蜥,2,后颈骨角,原生主体＋自定义饰物,1.5,0.48,0.72,models/creeps/neutral_creeps/n_creep_thunder_lizard/n_creep_thunder_lizard_big.vmdl,,设计，未接入游戏
261,11,血月猎狼,2,额前双骨角,原生主体＋自定义饰物,1.5,0.93,1.395,models/items/lycan/wolves/blood_moon_hunter_wolves/blood_moon_hunter_wolves.vmdl,,设计，未接入游戏
262,12,琥珀幼蛛,2,背部骨甲,原生主体＋自定义饰物,1.5,0.82,1.23,models/items/broodmother/spiderling/amber_queen_spiderling_2/amber_queen_spiderling_2.vmdl,,设计，未接入游戏
263,13,兽王恐龙,2,双侧短骨护角,原生主体＋自定义饰物,1.5,0.64,0.96,models/items/beastmaster/boar/ti9_cache_beast_master_dinosaurs_telepathy_beast/ti9_cache_beast_master_dinosaurs_telepathy_beast.vmdl,,设计，未接入游戏
264,14,盲穴鼹兽,2,背脊短骨甲,原生主体＋自定义饰物,1.5,0.68,1.02,models/creeps/neutral_creeps/n_creep_eimermole/n_creep_eimermole.vmdl,,设计，未接入游戏
265,15,黑巢幼龙,2,后颈双骨角,原生主体＋自定义饰物,1.5,0.48,0.72,models/creeps/neutral_creeps/n_creep_black_drake/n_creep_black_drake.vmdl,,设计，未接入游戏
266,16,霜夜战狼,2,额前双骨角,原生主体＋自定义饰物,1.5,0.91,1.365,models/items/lycan/wolves/frostivus2018_lycan_winter_snow_wolf_wolves/frostivus2018_lycan_winter_snow_wolf_wolves.vmdl,,设计，未接入游戏
267,17,冰川虫蛛,2,背部骨甲,原生主体＋自定义饰物,1.5,0.5,0.75,models/items/broodmother/spiderling/pale_cyclopean_spiderling/pale_cyclopean_spiderling.vmdl,,设计，未接入游戏
268,18,北境战猪,2,双侧短骨护角,原生主体＋自定义饰物,1.5,0.61,0.915,models/items/beastmaster/boar/legacy_of_the_nords_battle_boar/legacy_of_the_nords_battle_boar.vmdl,,设计，未接入游戏
269,19,荷鲁斯灵鸟,2,胸前骨护甲,原生主体＋自定义饰物,1.5,0.71,1.065,models/items/visage/eye_of_holus_familiar/eye_of_holus_familiar.vmdl,,设计，未接入游戏
270,20,寒冬飞龙,2,严霜之心,原生四套,1.5,0.62,0.93,models/heroes/winterwyvern/winterwyvern.vmdl,20963,设计，未接入游戏
271,21,冰川狼群,2,额前双骨角,原生主体＋自定义饰物,1.5,0.89,1.335,models/items/lycan/wolves/icewrack_pack/icewrack_pack.vmdl,,设计，未接入游戏
272,22,机械幼蛛,2,背部骨甲,原生主体＋自定义饰物,1.5,0.65,0.975,models/items/broodmother/spiderling/broodmother_silksong_machine_spiderling/broodmother_silksong_machine_spiderling.vmdl,,设计，未接入游戏
273,23,尖啸剃背兽,2,双侧短骨护角,原生主体＋自定义饰物,1.5,0.69,1.035,models/items/beastmaster/boar/shrieking_razorback/shrieking_razorback.vmdl,,设计，未接入游戏
274,24,霜翼魔像,2,胸前骨护甲,原生主体＋自定义饰物,1.5,0.71,1.065,models/items/visage/frostivus2018_visage_frostbitten_wing_familiars/frostivus2018_visage_frostbitten_wing_familiars.vmdl,,设计，未接入游戏
275,25,司夜甲虫,2,隐匿虫巢壳甲套装,原生四套,1.5,0.91,1.365,models/heroes/nerubian_assassin/nerubian_assassin.vmdl,20133,设计，未接入游戏
276,26,武士战狼,2,额前双骨角,原生主体＋自定义饰物,1.5,0.88,1.32,models/items/lycan/wolves/_werewolf_samurai_wolves_v1/_werewolf_samurai_wolves_v1.vmdl,,设计，未接入游戏
277,27,野性猎犬,2,双侧短骨护角,原生主体＋自定义饰物,1.5,0.67,1.005,models/items/beastmaster/boar/beast_heart_marauder_beast_heart_marauder_warhound/beast_heart_marauder_beast_heart_marauder_warhound.vmdl,,设计，未接入游戏
278,28,灵魂守卫魔像,2,胸前骨护甲,原生主体＋自定义饰物,1.5,0.75,1.125,models/items/visage/bound_of_the_soul_keeper_familiar/bound_of_the_soul_keeper_familiar.vmdl,,设计，未接入游戏
279,29,远古巨蛙,2,短骨背甲,原生主体＋自定义饰物,1.5,0.54,0.81,models/creeps/neutral_creeps/n_creep_ancient_frog/n_creep_ancient_frog.vmdl,,设计，未接入游戏
280,30,剧毒异虫,2,Venomancer Slime,原生四套,1.5,0.55,0.825,models/heroes/venomancer/venomancer.vmdl,21943,设计，未接入游戏
281,31,猎王群狼,2,额前双骨角,原生主体＋自定义饰物,1.5,0.95,1.425,models/items/lycan/wolves/hunter_kings_wolves/hunter_kings_wolves.vmdl,,设计，未接入游戏
282,32,荒原灵熊,2,双肩短骨护片,原生主体＋自定义饰物,1.5,0.65,0.975,models/heroes/lone_druid/spirit_bear.vmdl,,设计，未接入游戏
283,33,戴明战兽,2,双侧短骨护角,原生主体＋自定义饰物,1.5,0.72,1.08,models/items/beastmaster/boar/beast_deming/beast_deming.vmdl,,设计，未接入游戏
284,34,墓卫魔像,2,胸前骨护甲,原生主体＋自定义饰物,1.5,0.7,1.05,models/items/visage/ti9_cache_visage_pit_guard_familiar/ti9_cache_visage_pit_guard_familiar.vmdl,,设计，未接入游戏
285,35,冥界毒龙,2,冥霜之印,原生四套,1.5,0.83,1.245,models/heroes/viper/viper.vmdl,21172,设计，未接入游戏
286,36,荒林战狼,2,额前双骨角,原生主体＋自定义饰物,1.5,0.94,1.41,models/heroes/lycan/summon_wolves.vmdl,,设计，未接入游戏
287,37,松果异怪,2,骨棘枝冠,原生主体＋自定义饰物,1.5,0.57,0.855,models/creeps/pine_cone/pine_cone.vmdl,,设计，未接入游戏
288,38,石像鬼,2,胸前骨护甲,原生主体＋自定义饰物,1.5,0.83,1.245,models/heroes/visage/visage_familiar.vmdl,,设计，未接入游戏
289,39,精灵幼龙,2,古灵精怪,原生四套,1.5,1.0,1.5,models/heroes/puck/puck.vmdl,20410,设计，未接入游戏
290,40,双头巨龙,2,上古之合,原生四套,1.5,0.71,1.065,models/heroes/jakiro/jakiro.vmdl,21153,设计，未接入游戏
291,41,地狱熊,2,双肩短骨护片,原生主体＋自定义饰物,1.5,0.71,1.065,models/creeps/neutral_creeps/n_creep_furbolg/n_creep_furbolg_disrupter.vmdl,,设计，未接入游戏
292,42,织梦异虫,2,焊烬壳甲套装,原生四套,1.5,1.07,1.605,models/heroes/weaver/weaver.vmdl,20136,设计，未接入游戏
293,43,沙海巨蝎,2,卡尔丁的祭典壳甲套装,原生四套,1.5,0.72,1.08,models/heroes/sand_king/sand_king.vmdl,20119,设计，未接入游戏
294,44,不灭火鸟,2,赤金涅槃,原生四套,1.5,0.71,1.065,models/heroes/phoenix/phoenix_bird.vmdl,21147,设计，未接入游戏
295,45,育母巨蛛,2,球腹蛛,原生四套,1.5,0.91,1.365,models/heroes/broodmother/broodmother.vmdl,20962,设计，未接入游戏
296,46,不朽魔像,2,胸前骨护甲,原生主体＋自定义饰物,1.5,0.66,0.99,models/items/visage/immortal_familiar/immortal_familiar.vmdl,,设计，未接入游戏
297,47,黑巢巨龙,2,后颈双骨角,原生主体＋自定义饰物,1.5,0.47,0.705,models/creeps/neutral_creeps/n_creep_black_dragon/n_creep_black_dragon.vmdl,,设计，未接入游戏
298,48,年兽,2,骨角兽冠,原生主体＋自定义饰物,1.5,0.26,0.39,models/creeps/nian/nian_creep.vmdl,,设计，未接入游戏
299,49,远古巨兽,2,炎狱巨兽,原生四套,1.5,0.48,0.72,models/heroes/primal_beast/primal_beast_base.vmdl,26799,设计，未接入游戏
300,50,肉山异兽,2,肩部骨甲,原生主体＋自定义饰物,1.5,0.33,0.495,models/creeps/roshan_monster/roshan_monster.vmdl,,设计，未接入游戏
301,1,灰鬃狼,3,肩背晶簇,原生主体＋自定义饰物,1.5,1.16,1.74,models/creeps/neutral_creeps/n_creep_worg_small/n_creep_worg_small.vmdl,,设计，未接入游戏
302,2,幼蛛,3,甲壳晶簇,原生主体＋自定义饰物,1.5,0.87,1.305,models/heroes/broodmother/spiderling.vmdl,,设计，未接入游戏
303,3,林间蛙兽,3,背部晶冠,原生主体＋自定义饰物,1.5,0.58,0.87,models/creeps/neutral_creeps/n_creep_froglet/n_creep_froglet.vmdl,,设计，未接入游戏
304,4,荒野豪猪,3,肩背晶簇,原生主体＋自定义饰物,1.5,0.66,0.99,models/heroes/beastmaster/beastmaster_beast.vmdl,,设计，未接入游戏
305,5,远古岩兽,3,脊背晶簇,原生主体＋自定义饰物,1.5,0.71,1.065,models/creeps/neutral_creeps/n_creep_beast/n_creep_beast.vmdl,,设计，未接入游戏
306,6,毒泡蝌蚪,3,头顶晶簇,原生主体＋自定义饰物,1.5,0.83,1.245,models/creeps/neutral_creeps/n_creep_tadpole/n_creep_tadpole_ranged_v2.vmdl,,设计，未接入游戏
307,7,冰川爬蛛,3,甲壳晶簇,原生主体＋自定义饰物,1.5,0.62,0.93,models/items/broodmother/spiderling/the_glacial_creeper_creepling/the_glacial_creeper_creepling.vmdl,,设计，未接入游戏
308,8,荒漠秃鹫,3,翼根晶簇,原生主体＋自定义饰物,1.5,0.64,0.96,models/creeps/neutral_creeps/n_creep_vulture_a/n_creep_vulture_a.vmdl,,设计，未接入游戏
309,9,幼雷蜥,3,背脊晶簇,原生主体＋自定义饰物,1.5,0.56,0.84,models/creeps/neutral_creeps/n_creep_thunder_lizard/n_creep_thunder_lizard_small.vmdl,,设计，未接入游戏
310,10,雷霆巨蜥,3,背脊晶簇,原生主体＋自定义饰物,1.5,0.48,0.72,models/creeps/neutral_creeps/n_creep_thunder_lizard/n_creep_thunder_lizard_big.vmdl,,设计，未接入游戏
311,11,血月猎狼,3,肩背晶簇,原生主体＋自定义饰物,1.5,0.93,1.395,models/items/lycan/wolves/blood_moon_hunter_wolves/blood_moon_hunter_wolves.vmdl,,设计，未接入游戏
312,12,琥珀幼蛛,3,甲壳晶簇,原生主体＋自定义饰物,1.5,0.82,1.23,models/items/broodmother/spiderling/amber_queen_spiderling_2/amber_queen_spiderling_2.vmdl,,设计，未接入游戏
313,13,兽王恐龙,3,肩背晶簇,原生主体＋自定义饰物,1.5,0.64,0.96,models/items/beastmaster/boar/ti9_cache_beast_master_dinosaurs_telepathy_beast/ti9_cache_beast_master_dinosaurs_telepathy_beast.vmdl,,设计，未接入游戏
314,14,盲穴鼹兽,3,肩部晶簇,原生主体＋自定义饰物,1.5,0.68,1.02,models/creeps/neutral_creeps/n_creep_eimermole/n_creep_eimermole.vmdl,,设计，未接入游戏
315,15,黑巢幼龙,3,翼根晶簇,原生主体＋自定义饰物,1.5,0.48,0.72,models/creeps/neutral_creeps/n_creep_black_drake/n_creep_black_drake.vmdl,,设计，未接入游戏
316,16,霜夜战狼,3,肩背晶簇,原生主体＋自定义饰物,1.5,0.91,1.365,models/items/lycan/wolves/frostivus2018_lycan_winter_snow_wolf_wolves/frostivus2018_lycan_winter_snow_wolf_wolves.vmdl,,设计，未接入游戏
317,17,冰川虫蛛,3,甲壳晶簇,原生主体＋自定义饰物,1.5,0.5,0.75,models/items/broodmother/spiderling/pale_cyclopean_spiderling/pale_cyclopean_spiderling.vmdl,,设计，未接入游戏
318,18,北境战猪,3,肩背晶簇,原生主体＋自定义饰物,1.5,0.61,0.915,models/items/beastmaster/boar/legacy_of_the_nords_battle_boar/legacy_of_the_nords_battle_boar.vmdl,,设计，未接入游戏
319,19,荷鲁斯灵鸟,3,胸肩晶簇,原生主体＋自定义饰物,1.5,0.71,1.065,models/items/visage/eye_of_holus_familiar/eye_of_holus_familiar.vmdl,,设计，未接入游戏
320,20,寒冬飞龙,3,无尽苦痛强流,原生四套,1.5,0.62,0.93,models/heroes/winterwyvern/winterwyvern.vmdl,22878,设计，未接入游戏
321,21,冰川狼群,3,肩背晶簇,原生主体＋自定义饰物,1.5,0.89,1.335,models/items/lycan/wolves/icewrack_pack/icewrack_pack.vmdl,,设计，未接入游戏
322,22,机械幼蛛,3,甲壳晶簇,原生主体＋自定义饰物,1.5,0.65,0.975,models/items/broodmother/spiderling/broodmother_silksong_machine_spiderling/broodmother_silksong_machine_spiderling.vmdl,,设计，未接入游戏
323,23,尖啸剃背兽,3,肩背晶簇,原生主体＋自定义饰物,1.5,0.69,1.035,models/items/beastmaster/boar/shrieking_razorback/shrieking_razorback.vmdl,,设计，未接入游戏
324,24,霜翼魔像,3,胸肩晶簇,原生主体＋自定义饰物,1.5,0.71,1.065,models/items/visage/frostivus2018_visage_frostbitten_wing_familiars/frostivus2018_visage_frostbitten_wing_familiars.vmdl,,设计，未接入游戏
325,25,司夜甲虫,3,陨星碎晶,原生四套,1.5,0.91,1.365,models/heroes/nerubian_assassin/nerubian_assassin.vmdl,21785,设计，未接入游戏
326,26,武士战狼,3,肩背晶簇,原生主体＋自定义饰物,1.5,0.88,1.32,models/items/lycan/wolves/_werewolf_samurai_wolves_v1/_werewolf_samurai_wolves_v1.vmdl,,设计，未接入游戏
327,27,野性猎犬,3,肩背晶簇,原生主体＋自定义饰物,1.5,0.67,1.005,models/items/beastmaster/boar/beast_heart_marauder_beast_heart_marauder_warhound/beast_heart_marauder_beast_heart_marauder_warhound.vmdl,,设计，未接入游戏
328,28,灵魂守卫魔像,3,胸肩晶簇,原生主体＋自定义饰物,1.5,0.75,1.125,models/items/visage/bound_of_the_soul_keeper_familiar/bound_of_the_soul_keeper_familiar.vmdl,,设计，未接入游戏
329,29,远古巨蛙,3,背部晶冠,原生主体＋自定义饰物,1.5,0.54,0.81,models/creeps/neutral_creeps/n_creep_ancient_frog/n_creep_ancient_frog.vmdl,,设计，未接入游戏
330,30,剧毒异虫,3,恶性环蛇的腐化,原生四套,1.5,0.55,0.825,models/heroes/venomancer/venomancer.vmdl,21119,设计，未接入游戏
331,31,猎王群狼,3,肩背晶簇,原生主体＋自定义饰物,1.5,0.95,1.425,models/items/lycan/wolves/hunter_kings_wolves/hunter_kings_wolves.vmdl,,设计，未接入游戏
332,32,荒原灵熊,3,肩背晶冠,原生主体＋自定义饰物,1.5,0.65,0.975,models/heroes/lone_druid/spirit_bear.vmdl,,设计，未接入游戏
333,33,戴明战兽,3,肩背晶簇,原生主体＋自定义饰物,1.5,0.72,1.08,models/items/beastmaster/boar/beast_deming/beast_deming.vmdl,,设计，未接入游戏
334,34,墓卫魔像,3,胸肩晶簇,原生主体＋自定义饰物,1.5,0.7,1.05,models/items/visage/ti9_cache_visage_pit_guard_familiar/ti9_cache_visage_pit_guard_familiar.vmdl,,设计，未接入游戏
335,35,冥界毒龙,3,冥祸寒鸣,原生四套,1.5,0.83,1.245,models/heroes/viper/viper.vmdl,21892,设计，未接入游戏
336,36,荒林战狼,3,肩背晶簇,原生主体＋自定义饰物,1.5,0.94,1.41,models/heroes/lycan/summon_wolves.vmdl,,设计，未接入游戏
337,37,松果异怪,3,顶部晶芽,原生主体＋自定义饰物,1.5,0.57,0.855,models/creeps/pine_cone/pine_cone.vmdl,,设计，未接入游戏
338,38,石像鬼,3,胸肩晶簇,原生主体＋自定义饰物,1.5,0.83,1.245,models/heroes/visage/visage_familiar.vmdl,,设计，未接入游戏
339,39,精灵幼龙,3,冬蛾撩乱,原生四套,1.5,1.0,1.5,models/heroes/puck/puck.vmdl,29160,设计，未接入游戏
340,40,双头巨龙,3,灼霜尖齿,原生四套,1.5,0.71,1.065,models/heroes/jakiro/jakiro.vmdl,29200,设计，未接入游戏
341,41,地狱熊,3,肩背晶冠,原生主体＋自定义饰物,1.5,0.71,1.065,models/creeps/neutral_creeps/n_creep_furbolg/n_creep_furbolg_disrupter.vmdl,,设计，未接入游戏
342,42,织梦异虫,3,群星联赛第8赛季,原生四套,1.5,1.07,1.605,models/heroes/weaver/weaver.vmdl,20541,设计，未接入游戏
343,43,沙海巨蝎,3,霜噬沙丘霸主,原生四套,1.5,0.72,1.08,models/heroes/sand_king/sand_king.vmdl,21303,设计，未接入游戏
344,44,不灭火鸟,3,熔火之诞的狂怒,原生四套,1.5,0.71,1.065,models/heroes/phoenix/phoenix_bird.vmdl,21224,设计，未接入游戏
345,45,育母巨蛛,3,火山庇荫,原生四套,1.5,0.91,1.365,models/heroes/broodmother/broodmother.vmdl,23654,设计，未接入游戏
346,46,不朽魔像,3,胸肩晶簇,原生主体＋自定义饰物,1.5,0.66,0.99,models/items/visage/immortal_familiar/immortal_familiar.vmdl,,设计，未接入游戏
347,47,黑巢巨龙,3,翼根晶簇,原生主体＋自定义饰物,1.5,0.47,0.705,models/creeps/neutral_creeps/n_creep_black_dragon/n_creep_black_dragon.vmdl,,设计，未接入游戏
348,48,年兽,3,肩背晶簇,原生主体＋自定义饰物,1.5,0.26,0.39,models/creeps/nian/nian_creep.vmdl,,设计，未接入游戏
349,49,远古巨兽,3,史前掠食者,原生四套,1.5,0.48,0.72,models/heroes/primal_beast/primal_beast_base.vmdl,33465,设计，未接入游戏
350,50,肉山异兽,3,双肩晶簇,原生主体＋自定义饰物,1.5,0.33,0.495,models/creeps/roshan_monster/roshan_monster.vmdl,,设计，未接入游戏
351,1,灰鬃狼,4,棘刺背冠＋额心宝石,原生主体＋自定义饰物,1.5,1.16,1.74,models/creeps/neutral_creeps/n_creep_worg_small/n_creep_worg_small.vmdl,,设计，未接入游戏
352,2,幼蛛,4,晶棘背冠＋腹部宝石,原生主体＋自定义饰物,1.5,0.87,1.305,models/heroes/broodmother/spiderling.vmdl,,设计，未接入游戏
353,3,林间蛙兽,4,短晶棘背冠＋额心宝石,原生主体＋自定义饰物,1.5,0.58,0.87,models/creeps/neutral_creeps/n_creep_froglet/n_creep_froglet.vmdl,,设计，未接入游戏
354,4,荒野豪猪,4,晶棘鬃冠＋额心宝石,原生主体＋自定义饰物,1.5,0.66,0.99,models/heroes/beastmaster/beastmaster_beast.vmdl,,设计，未接入游戏
355,5,远古岩兽,4,晶棘背脊＋胸前宝石,原生主体＋自定义饰物,1.5,0.71,1.065,models/creeps/neutral_creeps/n_creep_beast/n_creep_beast.vmdl,,设计，未接入游戏
356,6,毒泡蝌蚪,4,尾根短晶棘＋头部宝石,原生主体＋自定义饰物,1.5,0.83,1.245,models/creeps/neutral_creeps/n_creep_tadpole/n_creep_tadpole_ranged_v2.vmdl,,设计，未接入游戏
357,7,冰川爬蛛,4,晶棘背冠＋腹部宝石,原生主体＋自定义饰物,1.5,0.62,0.93,models/items/broodmother/spiderling/the_glacial_creeper_creepling/the_glacial_creeper_creepling.vmdl,,设计，未接入游戏
358,8,荒漠秃鹫,4,短晶棘羽冠＋胸前宝石,原生主体＋自定义饰物,1.5,0.64,0.96,models/creeps/neutral_creeps/n_creep_vulture_a/n_creep_vulture_a.vmdl,,设计，未接入游戏
359,9,幼雷蜥,4,晶棘高脊＋喉口宝石,原生主体＋自定义饰物,1.5,0.56,0.84,models/creeps/neutral_creeps/n_creep_thunder_lizard/n_creep_thunder_lizard_small.vmdl,,设计，未接入游戏
360,10,雷霆巨蜥,4,晶棘高脊＋喉口宝石,原生主体＋自定义饰物,1.5,0.48,0.72,models/creeps/neutral_creeps/n_creep_thunder_lizard/n_creep_thunder_lizard_big.vmdl,,设计，未接入游戏
361,11,血月猎狼,4,棘刺背冠＋额心宝石,原生主体＋自定义饰物,1.5,0.93,1.395,models/items/lycan/wolves/blood_moon_hunter_wolves/blood_moon_hunter_wolves.vmdl,,设计，未接入游戏
362,12,琥珀幼蛛,4,晶棘背冠＋腹部宝石,原生主体＋自定义饰物,1.5,0.82,1.23,models/items/broodmother/spiderling/amber_queen_spiderling_2/amber_queen_spiderling_2.vmdl,,设计，未接入游戏
363,13,兽王恐龙,4,晶棘鬃冠＋额心宝石,原生主体＋自定义饰物,1.5,0.64,0.96,models/items/beastmaster/boar/ti9_cache_beast_master_dinosaurs_telepathy_beast/ti9_cache_beast_master_dinosaurs_telepathy_beast.vmdl,,设计，未接入游戏
364,14,盲穴鼹兽,4,晶棘背冠＋额心宝石,原生主体＋自定义饰物,1.5,0.68,1.02,models/creeps/neutral_creeps/n_creep_eimermole/n_creep_eimermole.vmdl,,设计，未接入游戏
365,15,黑巢幼龙,4,晶棘龙冠＋喉部宝石,原生主体＋自定义饰物,1.5,0.48,0.72,models/creeps/neutral_creeps/n_creep_black_drake/n_creep_black_drake.vmdl,,设计，未接入游戏
366,16,霜夜战狼,4,棘刺背冠＋额心宝石,原生主体＋自定义饰物,1.5,0.91,1.365,models/items/lycan/wolves/frostivus2018_lycan_winter_snow_wolf_wolves/frostivus2018_lycan_winter_snow_wolf_wolves.vmdl,,设计，未接入游戏
367,17,冰川虫蛛,4,晶棘背冠＋腹部宝石,原生主体＋自定义饰物,1.5,0.5,0.75,models/items/broodmother/spiderling/pale_cyclopean_spiderling/pale_cyclopean_spiderling.vmdl,,设计，未接入游戏
368,18,北境战猪,4,晶棘鬃冠＋额心宝石,原生主体＋自定义饰物,1.5,0.61,0.915,models/items/beastmaster/boar/legacy_of_the_nords_battle_boar/legacy_of_the_nords_battle_boar.vmdl,,设计，未接入游戏
369,19,荷鲁斯灵鸟,4,短晶棘翼冠＋胸前宝石,原生主体＋自定义饰物,1.5,0.71,1.065,models/items/visage/eye_of_holus_familiar/eye_of_holus_familiar.vmdl,,设计，未接入游戏
370,20,寒冬飞龙,4,极光之棘,原生四套,1.5,0.62,0.93,models/heroes/winterwyvern/winterwyvern.vmdl,21818,设计，未接入游戏
371,21,冰川狼群,4,棘刺背冠＋额心宝石,原生主体＋自定义饰物,1.5,0.89,1.335,models/items/lycan/wolves/icewrack_pack/icewrack_pack.vmdl,,设计，未接入游戏
372,22,机械幼蛛,4,晶棘背冠＋腹部宝石,原生主体＋自定义饰物,1.5,0.65,0.975,models/items/broodmother/spiderling/broodmother_silksong_machine_spiderling/broodmother_silksong_machine_spiderling.vmdl,,设计，未接入游戏
373,23,尖啸剃背兽,4,晶棘鬃冠＋额心宝石,原生主体＋自定义饰物,1.5,0.69,1.035,models/items/beastmaster/boar/shrieking_razorback/shrieking_razorback.vmdl,,设计，未接入游戏
374,24,霜翼魔像,4,短晶棘翼冠＋胸前宝石,原生主体＋自定义饰物,1.5,0.71,1.065,models/items/visage/frostivus2018_visage_frostbitten_wing_familiars/frostivus2018_visage_frostbitten_wing_familiars.vmdl,,设计，未接入游戏
375,25,司夜甲虫,4,Mesmer-Eye,原生四套,1.5,0.91,1.365,models/items/nerubian_assassin/nyx_monster/nyx_monster_base.vmdl,34581,设计，未接入游戏
376,26,武士战狼,4,棘刺背冠＋额心宝石,原生主体＋自定义饰物,1.5,0.88,1.32,models/items/lycan/wolves/_werewolf_samurai_wolves_v1/_werewolf_samurai_wolves_v1.vmdl,,设计，未接入游戏
377,27,野性猎犬,4,晶棘鬃冠＋额心宝石,原生主体＋自定义饰物,1.5,0.67,1.005,models/items/beastmaster/boar/beast_heart_marauder_beast_heart_marauder_warhound/beast_heart_marauder_beast_heart_marauder_warhound.vmdl,,设计，未接入游戏
378,28,灵魂守卫魔像,4,短晶棘翼冠＋胸前宝石,原生主体＋自定义饰物,1.5,0.75,1.125,models/items/visage/bound_of_the_soul_keeper_familiar/bound_of_the_soul_keeper_familiar.vmdl,,设计，未接入游戏
379,29,远古巨蛙,4,短晶棘背冠＋额心宝石,原生主体＋自定义饰物,1.5,0.54,0.81,models/creeps/neutral_creeps/n_creep_ancient_frog/n_creep_ancient_frog.vmdl,,设计，未接入游戏
380,30,剧毒异虫,4,机械术士,原生四套,1.5,0.55,0.825,models/heroes/venomancer/venomancer.vmdl,31295,设计，未接入游戏
381,31,猎王群狼,4,棘刺背冠＋额心宝石,原生主体＋自定义饰物,1.5,0.95,1.425,models/items/lycan/wolves/hunter_kings_wolves/hunter_kings_wolves.vmdl,,设计，未接入游戏
382,32,荒原灵熊,4,晶棘背脊＋胸口宝石,原生主体＋自定义饰物,1.5,0.65,0.975,models/heroes/lone_druid/spirit_bear.vmdl,,设计，未接入游戏
383,33,戴明战兽,4,晶棘鬃冠＋额心宝石,原生主体＋自定义饰物,1.5,0.72,1.08,models/items/beastmaster/boar/beast_deming/beast_deming.vmdl,,设计，未接入游戏
384,34,墓卫魔像,4,短晶棘翼冠＋胸前宝石,原生主体＋自定义饰物,1.5,0.7,1.05,models/items/visage/ti9_cache_visage_pit_guard_familiar/ti9_cache_visage_pit_guard_familiar.vmdl,,设计，未接入游戏
385,35,冥界毒龙,4,遗魂飞蛇,原生四套,1.5,0.83,1.245,models/heroes/viper/viper.vmdl,27571,设计，未接入游戏
386,36,荒林战狼,4,棘刺背冠＋额心宝石,原生主体＋自定义饰物,1.5,0.94,1.41,models/heroes/lycan/summon_wolves.vmdl,,设计，未接入游戏
387,37,松果异怪,4,晶棘树冠＋种核宝石,原生主体＋自定义饰物,1.5,0.57,0.855,models/creeps/pine_cone/pine_cone.vmdl,,设计，未接入游戏
388,38,石像鬼,4,短晶棘翼冠＋胸前宝石,原生主体＋自定义饰物,1.5,0.83,1.245,models/heroes/visage/visage_familiar.vmdl,,设计，未接入游戏
389,39,精灵幼龙,4,幻梦往昔,原生四套,1.5,1.0,1.5,models/heroes/puck/puck.vmdl,20576,设计，未接入游戏
390,40,双头巨龙,4,先祖传承,原生四套,1.5,0.71,1.065,models/heroes/jakiro/jakiro.vmdl,29124,设计，未接入游戏
391,41,地狱熊,4,晶棘背脊＋胸口宝石,原生主体＋自定义饰物,1.5,0.71,1.065,models/creeps/neutral_creeps/n_creep_furbolg/n_creep_furbolg_disrupter.vmdl,,设计，未接入游戏
392,42,织梦异虫,4,维度穿梭者,原生四套,1.5,1.07,1.605,models/heroes/weaver/weaver.vmdl,21811,设计，未接入游戏
393,43,沙海巨蝎,4,黑沙之神,原生四套,1.5,0.72,1.08,models/heroes/sand_king/sand_king.vmdl,21846,设计，未接入游戏
394,44,不灭火鸟,4,星辰贤者,原生四套,1.5,0.71,1.065,models/heroes/phoenix/phoenix_bird.vmdl,32927,设计，未接入游戏
395,45,育母巨蛛,4,Arachnid Anathema,原生四套,1.5,0.91,1.365,models/heroes/broodmother/broodmother.vmdl,34523,设计，未接入游戏
396,46,不朽魔像,4,短晶棘翼冠＋胸前宝石,原生主体＋自定义饰物,1.5,0.66,0.99,models/items/visage/immortal_familiar/immortal_familiar.vmdl,,设计，未接入游戏
397,47,黑巢巨龙,4,晶棘龙冠＋喉部宝石,原生主体＋自定义饰物,1.5,0.47,0.705,models/creeps/neutral_creeps/n_creep_black_dragon/n_creep_black_dragon.vmdl,,设计，未接入游戏
398,48,年兽,4,晶棘兽冠＋额心宝石,原生主体＋自定义饰物,1.5,0.26,0.39,models/creeps/nian/nian_creep.vmdl,,设计，未接入游戏
399,49,远古巨兽,4,垂涎宝箱,原生四套,1.5,0.48,0.72,models/heroes/primal_beast/primal_beast_base.vmdl,33304,设计，未接入游戏
400,50,肉山异兽,4,晶棘肩冠＋胸口宝石,原生主体＋自定义饰物,1.5,0.33,0.495,models/creeps/roshan_monster/roshan_monster.vmdl,,设计，未接入游戏
401,1,灰鬃狼,1,原生鬃毛与牙齿,原生主体＋自定义饰物,1.5,1.16,1.74,models/creeps/neutral_creeps/n_creep_worg_small/n_creep_worg_small.vmdl,,设计，未接入游戏
402,2,幼蛛,1,原生甲壳与蛛腿,原生主体＋自定义饰物,1.5,0.87,1.305,models/heroes/broodmother/spiderling.vmdl,,设计，未接入游戏
403,3,林间蛙兽,1,原生皮肤与背部纹理,原生主体＋自定义饰物,1.5,0.58,0.87,models/creeps/neutral_creeps/n_creep_froglet/n_creep_froglet.vmdl,,设计，未接入游戏
404,4,荒野豪猪,1,原生獠牙与鬃毛,原生主体＋自定义饰物,1.5,0.66,0.99,models/heroes/beastmaster/beastmaster_beast.vmdl,,设计，未接入游戏
405,5,远古岩兽,1,原生岩质皮肤,原生主体＋自定义饰物,1.5,0.71,1.065,models/creeps/neutral_creeps/n_creep_beast/n_creep_beast.vmdl,,设计，未接入游戏
406,6,毒泡蝌蚪,1,原生头身与尾鳍,原生主体＋自定义饰物,1.5,0.83,1.245,models/creeps/neutral_creeps/n_creep_tadpole/n_creep_tadpole_ranged_v2.vmdl,,设计，未接入游戏
407,7,冰川爬蛛,1,原生甲壳与蛛腿,原生主体＋自定义饰物,1.5,0.62,0.93,models/items/broodmother/spiderling/the_glacial_creeper_creepling/the_glacial_creeper_creepling.vmdl,,设计，未接入游戏
408,8,荒漠秃鹫,1,原生喙爪与羽翼,原生主体＋自定义饰物,1.5,0.64,0.96,models/creeps/neutral_creeps/n_creep_vulture_a/n_creep_vulture_a.vmdl,,设计，未接入游戏
409,9,幼雷蜥,1,原生皮鳞与尖角,原生主体＋自定义饰物,1.5,0.56,0.84,models/creeps/neutral_creeps/n_creep_thunder_lizard/n_creep_thunder_lizard_small.vmdl,,设计，未接入游戏
410,10,雷霆巨蜥,1,原生皮鳞与尖角,原生主体＋自定义饰物,1.5,0.48,0.72,models/creeps/neutral_creeps/n_creep_thunder_lizard/n_creep_thunder_lizard_big.vmdl,,设计，未接入游戏
411,11,血月猎狼,1,原生鬃毛与牙齿,原生主体＋自定义饰物,1.5,0.93,1.395,models/items/lycan/wolves/blood_moon_hunter_wolves/blood_moon_hunter_wolves.vmdl,,设计，未接入游戏
412,12,琥珀幼蛛,1,原生甲壳与蛛腿,原生主体＋自定义饰物,1.5,0.82,1.23,models/items/broodmother/spiderling/amber_queen_spiderling_2/amber_queen_spiderling_2.vmdl,,设计，未接入游戏
413,13,兽王恐龙,1,原生獠牙与鬃毛,原生主体＋自定义饰物,1.5,0.64,0.96,models/items/beastmaster/boar/ti9_cache_beast_master_dinosaurs_telepathy_beast/ti9_cache_beast_master_dinosaurs_telepathy_beast.vmdl,,设计，未接入游戏
414,14,盲穴鼹兽,1,原生鼻爪与短毛,原生主体＋自定义饰物,1.5,0.68,1.02,models/creeps/neutral_creeps/n_creep_eimermole/n_creep_eimermole.vmdl,,设计，未接入游戏
415,15,黑巢幼龙,1,原生龙角与鳞翼,原生主体＋自定义饰物,1.5,0.48,0.72,models/creeps/neutral_creeps/n_creep_black_drake/n_creep_black_drake.vmdl,,设计，未接入游戏
416,16,霜夜战狼,1,原生鬃毛与牙齿,原生主体＋自定义饰物,1.5,0.91,1.365,models/items/lycan/wolves/frostivus2018_lycan_winter_snow_wolf_wolves/frostivus2018_lycan_winter_snow_wolf_wolves.vmdl,,设计，未接入游戏
417,17,冰川虫蛛,1,原生甲壳与蛛腿,原生主体＋自定义饰物,1.5,0.5,0.75,models/items/broodmother/spiderling/pale_cyclopean_spiderling/pale_cyclopean_spiderling.vmdl,,设计，未接入游戏
418,18,北境战猪,1,原生獠牙与鬃毛,原生主体＋自定义饰物,1.5,0.61,0.915,models/items/beastmaster/boar/legacy_of_the_nords_battle_boar/legacy_of_the_nords_battle_boar.vmdl,,设计，未接入游戏
419,19,荷鲁斯灵鸟,1,原生石甲与翼角,原生主体＋自定义饰物,1.5,0.71,1.065,models/items/visage/eye_of_holus_familiar/eye_of_holus_familiar.vmdl,,设计，未接入游戏
420,20,寒冬飞龙,1,原生默认,原生四套,1.5,0.62,0.93,models/heroes/winterwyvern/winterwyvern.vmdl,native_default,设计，未接入游戏
421,21,冰川狼群,1,原生鬃毛与牙齿,原生主体＋自定义饰物,1.5,0.89,1.335,models/items/lycan/wolves/icewrack_pack/icewrack_pack.vmdl,,设计，未接入游戏
422,22,机械幼蛛,1,原生甲壳与蛛腿,原生主体＋自定义饰物,1.5,0.65,0.975,models/items/broodmother/spiderling/broodmother_silksong_machine_spiderling/broodmother_silksong_machine_spiderling.vmdl,,设计，未接入游戏
423,23,尖啸剃背兽,1,原生獠牙与鬃毛,原生主体＋自定义饰物,1.5,0.69,1.035,models/items/beastmaster/boar/shrieking_razorback/shrieking_razorback.vmdl,,设计，未接入游戏
424,24,霜翼魔像,1,原生石甲与翼角,原生主体＋自定义饰物,1.5,0.71,1.065,models/items/visage/frostivus2018_visage_frostbitten_wing_familiars/frostivus2018_visage_frostbitten_wing_familiars.vmdl,,设计，未接入游戏
425,25,司夜甲虫,1,原生默认,原生四套,1.5,0.91,1.365,models/heroes/nerubian_assassin/nerubian_assassin.vmdl,native_default,设计，未接入游戏
426,26,武士战狼,1,原生鬃毛与牙齿,原生主体＋自定义饰物,1.5,0.88,1.32,models/items/lycan/wolves/_werewolf_samurai_wolves_v1/_werewolf_samurai_wolves_v1.vmdl,,设计，未接入游戏
427,27,野性猎犬,1,原生獠牙与鬃毛,原生主体＋自定义饰物,1.5,0.67,1.005,models/items/beastmaster/boar/beast_heart_marauder_beast_heart_marauder_warhound/beast_heart_marauder_beast_heart_marauder_warhound.vmdl,,设计，未接入游戏
428,28,灵魂守卫魔像,1,原生石甲与翼角,原生主体＋自定义饰物,1.5,0.75,1.125,models/items/visage/bound_of_the_soul_keeper_familiar/bound_of_the_soul_keeper_familiar.vmdl,,设计，未接入游戏
429,29,远古巨蛙,1,原生皮肤与背部纹理,原生主体＋自定义饰物,1.5,0.54,0.81,models/creeps/neutral_creeps/n_creep_ancient_frog/n_creep_ancient_frog.vmdl,,设计，未接入游戏
430,30,剧毒异虫,1,原生默认,原生四套,1.5,0.55,0.825,models/heroes/venomancer/venomancer.vmdl,native_default,设计，未接入游戏
431,31,猎王群狼,1,原生鬃毛与牙齿,原生主体＋自定义饰物,1.5,0.95,1.425,models/items/lycan/wolves/hunter_kings_wolves/hunter_kings_wolves.vmdl,,设计，未接入游戏
432,32,荒原灵熊,1,原生皮毛与利爪,原生主体＋自定义饰物,1.5,0.65,0.975,models/heroes/lone_druid/spirit_bear.vmdl,,设计，未接入游戏
433,33,戴明战兽,1,原生獠牙与鬃毛,原生主体＋自定义饰物,1.5,0.72,1.08,models/items/beastmaster/boar/beast_deming/beast_deming.vmdl,,设计，未接入游戏
434,34,墓卫魔像,1,原生石甲与翼角,原生主体＋自定义饰物,1.5,0.7,1.05,models/items/visage/ti9_cache_visage_pit_guard_familiar/ti9_cache_visage_pit_guard_familiar.vmdl,,设计，未接入游戏
435,35,冥界毒龙,1,原生默认,原生四套,1.5,0.83,1.245,models/heroes/viper/viper.vmdl,native_default,设计，未接入游戏
436,36,荒林战狼,1,原生鬃毛与牙齿,原生主体＋自定义饰物,1.5,0.94,1.41,models/heroes/lycan/summon_wolves.vmdl,,设计，未接入游戏
437,37,松果异怪,1,原生木鳞与枝叶,原生主体＋自定义饰物,1.5,0.57,0.855,models/creeps/pine_cone/pine_cone.vmdl,,设计，未接入游戏
438,38,石像鬼,1,原生石甲与翼角,原生主体＋自定义饰物,1.5,0.83,1.245,models/heroes/visage/visage_familiar.vmdl,,设计，未接入游戏
439,39,精灵幼龙,1,原生默认,原生四套,1.5,1.0,1.5,models/heroes/puck/puck.vmdl,native_default,设计，未接入游戏
440,40,双头巨龙,1,原生默认,原生四套,1.5,0.71,1.065,models/heroes/jakiro/jakiro.vmdl,native_default,设计，未接入游戏
441,41,地狱熊,1,原生皮毛与利爪,原生主体＋自定义饰物,1.5,0.71,1.065,models/creeps/neutral_creeps/n_creep_furbolg/n_creep_furbolg_disrupter.vmdl,,设计，未接入游戏
442,42,织梦异虫,1,原生默认,原生四套,1.5,1.07,1.605,models/heroes/weaver/weaver.vmdl,native_default,设计，未接入游戏
443,43,沙海巨蝎,1,原生默认,原生四套,1.5,0.72,1.08,models/heroes/sand_king/sand_king.vmdl,native_default,设计，未接入游戏
444,44,不灭火鸟,1,原生默认,原生四套,1.5,0.71,1.065,models/heroes/phoenix/phoenix_bird.vmdl,native_default,设计，未接入游戏
445,45,育母巨蛛,1,原生默认,原生四套,1.5,0.91,1.365,models/heroes/broodmother/broodmother.vmdl,native_default,设计，未接入游戏
446,46,不朽魔像,1,原生石甲与翼角,原生主体＋自定义饰物,1.5,0.66,0.99,models/items/visage/immortal_familiar/immortal_familiar.vmdl,,设计，未接入游戏
447,47,黑巢巨龙,1,原生龙角与鳞翼,原生主体＋自定义饰物,1.5,0.47,0.705,models/creeps/neutral_creeps/n_creep_black_dragon/n_creep_black_dragon.vmdl,,设计，未接入游戏
448,48,年兽,1,原生兽角与背鳞,原生主体＋自定义饰物,1.5,0.26,0.39,models/creeps/nian/nian_creep.vmdl,,设计，未接入游戏
449,49,远古巨兽,1,原生默认,原生四套,1.5,0.48,0.72,models/heroes/primal_beast/primal_beast_base.vmdl,native_default,设计，未接入游戏
450,50,肉山异兽,1,原生角刺与胸甲,原生主体＋自定义饰物,1.5,0.33,0.495,models/creeps/roshan_monster/roshan_monster.vmdl,,设计，未接入游戏
451,1,灰鬃狼,2,额前双骨角,原生主体＋自定义饰物,1.5,1.16,1.74,models/creeps/neutral_creeps/n_creep_worg_small/n_creep_worg_small.vmdl,,设计，未接入游戏
452,2,幼蛛,2,背部骨甲,原生主体＋自定义饰物,1.5,0.87,1.305,models/heroes/broodmother/spiderling.vmdl,,设计，未接入游戏
453,3,林间蛙兽,2,短骨背甲,原生主体＋自定义饰物,1.5,0.58,0.87,models/creeps/neutral_creeps/n_creep_froglet/n_creep_froglet.vmdl,,设计，未接入游戏
454,4,荒野豪猪,2,双侧短骨护角,原生主体＋自定义饰物,1.5,0.66,0.99,models/heroes/beastmaster/beastmaster_beast.vmdl,,设计，未接入游戏
455,5,远古岩兽,2,肩背骨甲,原生主体＋自定义饰物,1.5,0.71,1.065,models/creeps/neutral_creeps/n_creep_beast/n_creep_beast.vmdl,,设计，未接入游戏
456,6,毒泡蝌蚪,2,头部双短骨角,原生主体＋自定义饰物,1.5,0.83,1.245,models/creeps/neutral_creeps/n_creep_tadpole/n_creep_tadpole_ranged_v2.vmdl,,设计，未接入游戏
457,7,冰川爬蛛,2,背部骨甲,原生主体＋自定义饰物,1.5,0.62,0.93,models/items/broodmother/spiderling/the_glacial_creeper_creepling/the_glacial_creeper_creepling.vmdl,,设计，未接入游戏
458,8,荒漠秃鹫,2,胸前骨护片,原生主体＋自定义饰物,1.5,0.64,0.96,models/creeps/neutral_creeps/n_creep_vulture_a/n_creep_vulture_a.vmdl,,设计，未接入游戏
459,9,幼雷蜥,2,后颈骨角,原生主体＋自定义饰物,1.5,0.56,0.84,models/creeps/neutral_creeps/n_creep_thunder_lizard/n_creep_thunder_lizard_small.vmdl,,设计，未接入游戏
460,10,雷霆巨蜥,2,后颈骨角,原生主体＋自定义饰物,1.5,0.48,0.72,models/creeps/neutral_creeps/n_creep_thunder_lizard/n_creep_thunder_lizard_big.vmdl,,设计，未接入游戏
461,11,血月猎狼,2,额前双骨角,原生主体＋自定义饰物,1.5,0.93,1.395,models/items/lycan/wolves/blood_moon_hunter_wolves/blood_moon_hunter_wolves.vmdl,,设计，未接入游戏
462,12,琥珀幼蛛,2,背部骨甲,原生主体＋自定义饰物,1.5,0.82,1.23,models/items/broodmother/spiderling/amber_queen_spiderling_2/amber_queen_spiderling_2.vmdl,,设计，未接入游戏
463,13,兽王恐龙,2,双侧短骨护角,原生主体＋自定义饰物,1.5,0.64,0.96,models/items/beastmaster/boar/ti9_cache_beast_master_dinosaurs_telepathy_beast/ti9_cache_beast_master_dinosaurs_telepathy_beast.vmdl,,设计，未接入游戏
464,14,盲穴鼹兽,2,背脊短骨甲,原生主体＋自定义饰物,1.5,0.68,1.02,models/creeps/neutral_creeps/n_creep_eimermole/n_creep_eimermole.vmdl,,设计，未接入游戏
465,15,黑巢幼龙,2,后颈双骨角,原生主体＋自定义饰物,1.5,0.48,0.72,models/creeps/neutral_creeps/n_creep_black_drake/n_creep_black_drake.vmdl,,设计，未接入游戏
466,16,霜夜战狼,2,额前双骨角,原生主体＋自定义饰物,1.5,0.91,1.365,models/items/lycan/wolves/frostivus2018_lycan_winter_snow_wolf_wolves/frostivus2018_lycan_winter_snow_wolf_wolves.vmdl,,设计，未接入游戏
467,17,冰川虫蛛,2,背部骨甲,原生主体＋自定义饰物,1.5,0.5,0.75,models/items/broodmother/spiderling/pale_cyclopean_spiderling/pale_cyclopean_spiderling.vmdl,,设计，未接入游戏
468,18,北境战猪,2,双侧短骨护角,原生主体＋自定义饰物,1.5,0.61,0.915,models/items/beastmaster/boar/legacy_of_the_nords_battle_boar/legacy_of_the_nords_battle_boar.vmdl,,设计，未接入游戏
469,19,荷鲁斯灵鸟,2,胸前骨护甲,原生主体＋自定义饰物,1.5,0.71,1.065,models/items/visage/eye_of_holus_familiar/eye_of_holus_familiar.vmdl,,设计，未接入游戏
470,20,寒冬飞龙,2,严霜之心,原生四套,1.5,0.62,0.93,models/heroes/winterwyvern/winterwyvern.vmdl,20963,设计，未接入游戏
471,21,冰川狼群,2,额前双骨角,原生主体＋自定义饰物,1.5,0.89,1.335,models/items/lycan/wolves/icewrack_pack/icewrack_pack.vmdl,,设计，未接入游戏
472,22,机械幼蛛,2,背部骨甲,原生主体＋自定义饰物,1.5,0.65,0.975,models/items/broodmother/spiderling/broodmother_silksong_machine_spiderling/broodmother_silksong_machine_spiderling.vmdl,,设计，未接入游戏
473,23,尖啸剃背兽,2,双侧短骨护角,原生主体＋自定义饰物,1.5,0.69,1.035,models/items/beastmaster/boar/shrieking_razorback/shrieking_razorback.vmdl,,设计，未接入游戏
474,24,霜翼魔像,2,胸前骨护甲,原生主体＋自定义饰物,1.5,0.71,1.065,models/items/visage/frostivus2018_visage_frostbitten_wing_familiars/frostivus2018_visage_frostbitten_wing_familiars.vmdl,,设计，未接入游戏
475,25,司夜甲虫,2,隐匿虫巢壳甲套装,原生四套,1.5,0.91,1.365,models/heroes/nerubian_assassin/nerubian_assassin.vmdl,20133,设计，未接入游戏
476,26,武士战狼,2,额前双骨角,原生主体＋自定义饰物,1.5,0.88,1.32,models/items/lycan/wolves/_werewolf_samurai_wolves_v1/_werewolf_samurai_wolves_v1.vmdl,,设计，未接入游戏
477,27,野性猎犬,2,双侧短骨护角,原生主体＋自定义饰物,1.5,0.67,1.005,models/items/beastmaster/boar/beast_heart_marauder_beast_heart_marauder_warhound/beast_heart_marauder_beast_heart_marauder_warhound.vmdl,,设计，未接入游戏
478,28,灵魂守卫魔像,2,胸前骨护甲,原生主体＋自定义饰物,1.5,0.75,1.125,models/items/visage/bound_of_the_soul_keeper_familiar/bound_of_the_soul_keeper_familiar.vmdl,,设计，未接入游戏
479,29,远古巨蛙,2,短骨背甲,原生主体＋自定义饰物,1.5,0.54,0.81,models/creeps/neutral_creeps/n_creep_ancient_frog/n_creep_ancient_frog.vmdl,,设计，未接入游戏
480,30,剧毒异虫,2,Venomancer Slime,原生四套,1.5,0.55,0.825,models/heroes/venomancer/venomancer.vmdl,21943,设计，未接入游戏
481,31,猎王群狼,2,额前双骨角,原生主体＋自定义饰物,1.5,0.95,1.425,models/items/lycan/wolves/hunter_kings_wolves/hunter_kings_wolves.vmdl,,设计，未接入游戏
482,32,荒原灵熊,2,双肩短骨护片,原生主体＋自定义饰物,1.5,0.65,0.975,models/heroes/lone_druid/spirit_bear.vmdl,,设计，未接入游戏
483,33,戴明战兽,2,双侧短骨护角,原生主体＋自定义饰物,1.5,0.72,1.08,models/items/beastmaster/boar/beast_deming/beast_deming.vmdl,,设计，未接入游戏
484,34,墓卫魔像,2,胸前骨护甲,原生主体＋自定义饰物,1.5,0.7,1.05,models/items/visage/ti9_cache_visage_pit_guard_familiar/ti9_cache_visage_pit_guard_familiar.vmdl,,设计，未接入游戏
485,35,冥界毒龙,2,冥霜之印,原生四套,1.5,0.83,1.245,models/heroes/viper/viper.vmdl,21172,设计，未接入游戏
486,36,荒林战狼,2,额前双骨角,原生主体＋自定义饰物,1.5,0.94,1.41,models/heroes/lycan/summon_wolves.vmdl,,设计，未接入游戏
487,37,松果异怪,2,骨棘枝冠,原生主体＋自定义饰物,1.5,0.57,0.855,models/creeps/pine_cone/pine_cone.vmdl,,设计，未接入游戏
488,38,石像鬼,2,胸前骨护甲,原生主体＋自定义饰物,1.5,0.83,1.245,models/heroes/visage/visage_familiar.vmdl,,设计，未接入游戏
489,39,精灵幼龙,2,古灵精怪,原生四套,1.5,1.0,1.5,models/heroes/puck/puck.vmdl,20410,设计，未接入游戏
490,40,双头巨龙,2,上古之合,原生四套,1.5,0.71,1.065,models/heroes/jakiro/jakiro.vmdl,21153,设计，未接入游戏
491,41,地狱熊,2,双肩短骨护片,原生主体＋自定义饰物,1.5,0.71,1.065,models/creeps/neutral_creeps/n_creep_furbolg/n_creep_furbolg_disrupter.vmdl,,设计，未接入游戏
492,42,织梦异虫,2,焊烬壳甲套装,原生四套,1.5,1.07,1.605,models/heroes/weaver/weaver.vmdl,20136,设计，未接入游戏
493,43,沙海巨蝎,2,卡尔丁的祭典壳甲套装,原生四套,1.5,0.72,1.08,models/heroes/sand_king/sand_king.vmdl,20119,设计，未接入游戏
494,44,不灭火鸟,2,赤金涅槃,原生四套,1.5,0.71,1.065,models/heroes/phoenix/phoenix_bird.vmdl,21147,设计，未接入游戏
495,45,育母巨蛛,2,球腹蛛,原生四套,1.5,0.91,1.365,models/heroes/broodmother/broodmother.vmdl,20962,设计，未接入游戏
496,46,不朽魔像,2,胸前骨护甲,原生主体＋自定义饰物,1.5,0.66,0.99,models/items/visage/immortal_familiar/immortal_familiar.vmdl,,设计，未接入游戏
497,47,黑巢巨龙,2,后颈双骨角,原生主体＋自定义饰物,1.5,0.47,0.705,models/creeps/neutral_creeps/n_creep_black_dragon/n_creep_black_dragon.vmdl,,设计，未接入游戏
498,48,年兽,2,骨角兽冠,原生主体＋自定义饰物,1.5,0.26,0.39,models/creeps/nian/nian_creep.vmdl,,设计，未接入游戏
499,49,远古巨兽,2,炎狱巨兽,原生四套,1.5,0.48,0.72,models/heroes/primal_beast/primal_beast_base.vmdl,26799,设计，未接入游戏
500,50,肉山异兽,2,肩部骨甲,原生主体＋自定义饰物,1.5,0.33,0.495,models/creeps/roshan_monster/roshan_monster.vmdl,,设计，未接入游戏
501,1,灰鬃狼,3,肩背晶簇,原生主体＋自定义饰物,1.5,1.16,1.74,models/creeps/neutral_creeps/n_creep_worg_small/n_creep_worg_small.vmdl,,设计，未接入游戏
502,2,幼蛛,3,甲壳晶簇,原生主体＋自定义饰物,1.5,0.87,1.305,models/heroes/broodmother/spiderling.vmdl,,设计，未接入游戏
503,3,林间蛙兽,3,背部晶冠,原生主体＋自定义饰物,1.5,0.58,0.87,models/creeps/neutral_creeps/n_creep_froglet/n_creep_froglet.vmdl,,设计，未接入游戏
504,4,荒野豪猪,3,肩背晶簇,原生主体＋自定义饰物,1.5,0.66,0.99,models/heroes/beastmaster/beastmaster_beast.vmdl,,设计，未接入游戏
505,5,远古岩兽,3,脊背晶簇,原生主体＋自定义饰物,1.5,0.71,1.065,models/creeps/neutral_creeps/n_creep_beast/n_creep_beast.vmdl,,设计，未接入游戏
506,6,毒泡蝌蚪,3,头顶晶簇,原生主体＋自定义饰物,1.5,0.83,1.245,models/creeps/neutral_creeps/n_creep_tadpole/n_creep_tadpole_ranged_v2.vmdl,,设计，未接入游戏
507,7,冰川爬蛛,3,甲壳晶簇,原生主体＋自定义饰物,1.5,0.62,0.93,models/items/broodmother/spiderling/the_glacial_creeper_creepling/the_glacial_creeper_creepling.vmdl,,设计，未接入游戏
508,8,荒漠秃鹫,3,翼根晶簇,原生主体＋自定义饰物,1.5,0.64,0.96,models/creeps/neutral_creeps/n_creep_vulture_a/n_creep_vulture_a.vmdl,,设计，未接入游戏
509,9,幼雷蜥,3,背脊晶簇,原生主体＋自定义饰物,1.5,0.56,0.84,models/creeps/neutral_creeps/n_creep_thunder_lizard/n_creep_thunder_lizard_small.vmdl,,设计，未接入游戏
510,10,雷霆巨蜥,3,背脊晶簇,原生主体＋自定义饰物,1.5,0.48,0.72,models/creeps/neutral_creeps/n_creep_thunder_lizard/n_creep_thunder_lizard_big.vmdl,,设计，未接入游戏
511,11,血月猎狼,3,肩背晶簇,原生主体＋自定义饰物,1.5,0.93,1.395,models/items/lycan/wolves/blood_moon_hunter_wolves/blood_moon_hunter_wolves.vmdl,,设计，未接入游戏
512,12,琥珀幼蛛,3,甲壳晶簇,原生主体＋自定义饰物,1.5,0.82,1.23,models/items/broodmother/spiderling/amber_queen_spiderling_2/amber_queen_spiderling_2.vmdl,,设计，未接入游戏
513,13,兽王恐龙,3,肩背晶簇,原生主体＋自定义饰物,1.5,0.64,0.96,models/items/beastmaster/boar/ti9_cache_beast_master_dinosaurs_telepathy_beast/ti9_cache_beast_master_dinosaurs_telepathy_beast.vmdl,,设计，未接入游戏
514,14,盲穴鼹兽,3,肩部晶簇,原生主体＋自定义饰物,1.5,0.68,1.02,models/creeps/neutral_creeps/n_creep_eimermole/n_creep_eimermole.vmdl,,设计，未接入游戏
515,15,黑巢幼龙,3,翼根晶簇,原生主体＋自定义饰物,1.5,0.48,0.72,models/creeps/neutral_creeps/n_creep_black_drake/n_creep_black_drake.vmdl,,设计，未接入游戏
516,16,霜夜战狼,3,肩背晶簇,原生主体＋自定义饰物,1.5,0.91,1.365,models/items/lycan/wolves/frostivus2018_lycan_winter_snow_wolf_wolves/frostivus2018_lycan_winter_snow_wolf_wolves.vmdl,,设计，未接入游戏
517,17,冰川虫蛛,3,甲壳晶簇,原生主体＋自定义饰物,1.5,0.5,0.75,models/items/broodmother/spiderling/pale_cyclopean_spiderling/pale_cyclopean_spiderling.vmdl,,设计，未接入游戏
518,18,北境战猪,3,肩背晶簇,原生主体＋自定义饰物,1.5,0.61,0.915,models/items/beastmaster/boar/legacy_of_the_nords_battle_boar/legacy_of_the_nords_battle_boar.vmdl,,设计，未接入游戏
519,19,荷鲁斯灵鸟,3,胸肩晶簇,原生主体＋自定义饰物,1.5,0.71,1.065,models/items/visage/eye_of_holus_familiar/eye_of_holus_familiar.vmdl,,设计，未接入游戏
520,20,寒冬飞龙,3,无尽苦痛强流,原生四套,1.5,0.62,0.93,models/heroes/winterwyvern/winterwyvern.vmdl,22878,设计，未接入游戏
521,21,冰川狼群,3,肩背晶簇,原生主体＋自定义饰物,1.5,0.89,1.335,models/items/lycan/wolves/icewrack_pack/icewrack_pack.vmdl,,设计，未接入游戏
522,22,机械幼蛛,3,甲壳晶簇,原生主体＋自定义饰物,1.5,0.65,0.975,models/items/broodmother/spiderling/broodmother_silksong_machine_spiderling/broodmother_silksong_machine_spiderling.vmdl,,设计，未接入游戏
523,23,尖啸剃背兽,3,肩背晶簇,原生主体＋自定义饰物,1.5,0.69,1.035,models/items/beastmaster/boar/shrieking_razorback/shrieking_razorback.vmdl,,设计，未接入游戏
524,24,霜翼魔像,3,胸肩晶簇,原生主体＋自定义饰物,1.5,0.71,1.065,models/items/visage/frostivus2018_visage_frostbitten_wing_familiars/frostivus2018_visage_frostbitten_wing_familiars.vmdl,,设计，未接入游戏
525,25,司夜甲虫,3,陨星碎晶,原生四套,1.5,0.91,1.365,models/heroes/nerubian_assassin/nerubian_assassin.vmdl,21785,设计，未接入游戏
526,26,武士战狼,3,肩背晶簇,原生主体＋自定义饰物,1.5,0.88,1.32,models/items/lycan/wolves/_werewolf_samurai_wolves_v1/_werewolf_samurai_wolves_v1.vmdl,,设计，未接入游戏
527,27,野性猎犬,3,肩背晶簇,原生主体＋自定义饰物,1.5,0.67,1.005,models/items/beastmaster/boar/beast_heart_marauder_beast_heart_marauder_warhound/beast_heart_marauder_beast_heart_marauder_warhound.vmdl,,设计，未接入游戏
528,28,灵魂守卫魔像,3,胸肩晶簇,原生主体＋自定义饰物,1.5,0.75,1.125,models/items/visage/bound_of_the_soul_keeper_familiar/bound_of_the_soul_keeper_familiar.vmdl,,设计，未接入游戏
529,29,远古巨蛙,3,背部晶冠,原生主体＋自定义饰物,1.5,0.54,0.81,models/creeps/neutral_creeps/n_creep_ancient_frog/n_creep_ancient_frog.vmdl,,设计，未接入游戏
530,30,剧毒异虫,3,恶性环蛇的腐化,原生四套,1.5,0.55,0.825,models/heroes/venomancer/venomancer.vmdl,21119,设计，未接入游戏
531,31,猎王群狼,3,肩背晶簇,原生主体＋自定义饰物,1.5,0.95,1.425,models/items/lycan/wolves/hunter_kings_wolves/hunter_kings_wolves.vmdl,,设计，未接入游戏
532,32,荒原灵熊,3,肩背晶冠,原生主体＋自定义饰物,1.5,0.65,0.975,models/heroes/lone_druid/spirit_bear.vmdl,,设计，未接入游戏
533,33,戴明战兽,3,肩背晶簇,原生主体＋自定义饰物,1.5,0.72,1.08,models/items/beastmaster/boar/beast_deming/beast_deming.vmdl,,设计，未接入游戏
534,34,墓卫魔像,3,胸肩晶簇,原生主体＋自定义饰物,1.5,0.7,1.05,models/items/visage/ti9_cache_visage_pit_guard_familiar/ti9_cache_visage_pit_guard_familiar.vmdl,,设计，未接入游戏
535,35,冥界毒龙,3,冥祸寒鸣,原生四套,1.5,0.83,1.245,models/heroes/viper/viper.vmdl,21892,设计，未接入游戏
536,36,荒林战狼,3,肩背晶簇,原生主体＋自定义饰物,1.5,0.94,1.41,models/heroes/lycan/summon_wolves.vmdl,,设计，未接入游戏
537,37,松果异怪,3,顶部晶芽,原生主体＋自定义饰物,1.5,0.57,0.855,models/creeps/pine_cone/pine_cone.vmdl,,设计，未接入游戏
538,38,石像鬼,3,胸肩晶簇,原生主体＋自定义饰物,1.5,0.83,1.245,models/heroes/visage/visage_familiar.vmdl,,设计，未接入游戏
539,39,精灵幼龙,3,冬蛾撩乱,原生四套,1.5,1.0,1.5,models/heroes/puck/puck.vmdl,29160,设计，未接入游戏
540,40,双头巨龙,3,灼霜尖齿,原生四套,1.5,0.71,1.065,models/heroes/jakiro/jakiro.vmdl,29200,设计，未接入游戏
541,41,地狱熊,3,肩背晶冠,原生主体＋自定义饰物,1.5,0.71,1.065,models/creeps/neutral_creeps/n_creep_furbolg/n_creep_furbolg_disrupter.vmdl,,设计，未接入游戏
542,42,织梦异虫,3,群星联赛第8赛季,原生四套,1.5,1.07,1.605,models/heroes/weaver/weaver.vmdl,20541,设计，未接入游戏
543,43,沙海巨蝎,3,霜噬沙丘霸主,原生四套,1.5,0.72,1.08,models/heroes/sand_king/sand_king.vmdl,21303,设计，未接入游戏
544,44,不灭火鸟,3,熔火之诞的狂怒,原生四套,1.5,0.71,1.065,models/heroes/phoenix/phoenix_bird.vmdl,21224,设计，未接入游戏
545,45,育母巨蛛,3,火山庇荫,原生四套,1.5,0.91,1.365,models/heroes/broodmother/broodmother.vmdl,23654,设计，未接入游戏
546,46,不朽魔像,3,胸肩晶簇,原生主体＋自定义饰物,1.5,0.66,0.99,models/items/visage/immortal_familiar/immortal_familiar.vmdl,,设计，未接入游戏
547,47,黑巢巨龙,3,翼根晶簇,原生主体＋自定义饰物,1.5,0.47,0.705,models/creeps/neutral_creeps/n_creep_black_dragon/n_creep_black_dragon.vmdl,,设计，未接入游戏
548,48,年兽,3,肩背晶簇,原生主体＋自定义饰物,1.5,0.26,0.39,models/creeps/nian/nian_creep.vmdl,,设计，未接入游戏
549,49,远古巨兽,3,史前掠食者,原生四套,1.5,0.48,0.72,models/heroes/primal_beast/primal_beast_base.vmdl,33465,设计，未接入游戏
550,50,肉山异兽,3,双肩晶簇,原生主体＋自定义饰物,1.5,0.33,0.495,models/creeps/roshan_monster/roshan_monster.vmdl,,设计，未接入游戏
551,1,灰鬃狼,4,棘刺背冠＋额心宝石,原生主体＋自定义饰物,1.5,1.16,1.74,models/creeps/neutral_creeps/n_creep_worg_small/n_creep_worg_small.vmdl,,设计，未接入游戏
552,2,幼蛛,4,晶棘背冠＋腹部宝石,原生主体＋自定义饰物,1.5,0.87,1.305,models/heroes/broodmother/spiderling.vmdl,,设计，未接入游戏
553,3,林间蛙兽,4,短晶棘背冠＋额心宝石,原生主体＋自定义饰物,1.5,0.58,0.87,models/creeps/neutral_creeps/n_creep_froglet/n_creep_froglet.vmdl,,设计，未接入游戏
554,4,荒野豪猪,4,晶棘鬃冠＋额心宝石,原生主体＋自定义饰物,1.5,0.66,0.99,models/heroes/beastmaster/beastmaster_beast.vmdl,,设计，未接入游戏
555,5,远古岩兽,4,晶棘背脊＋胸前宝石,原生主体＋自定义饰物,1.5,0.71,1.065,models/creeps/neutral_creeps/n_creep_beast/n_creep_beast.vmdl,,设计，未接入游戏
556,6,毒泡蝌蚪,4,尾根短晶棘＋头部宝石,原生主体＋自定义饰物,1.5,0.83,1.245,models/creeps/neutral_creeps/n_creep_tadpole/n_creep_tadpole_ranged_v2.vmdl,,设计，未接入游戏
557,7,冰川爬蛛,4,晶棘背冠＋腹部宝石,原生主体＋自定义饰物,1.5,0.62,0.93,models/items/broodmother/spiderling/the_glacial_creeper_creepling/the_glacial_creeper_creepling.vmdl,,设计，未接入游戏
558,8,荒漠秃鹫,4,短晶棘羽冠＋胸前宝石,原生主体＋自定义饰物,1.5,0.64,0.96,models/creeps/neutral_creeps/n_creep_vulture_a/n_creep_vulture_a.vmdl,,设计，未接入游戏
559,9,幼雷蜥,4,晶棘高脊＋喉口宝石,原生主体＋自定义饰物,1.5,0.56,0.84,models/creeps/neutral_creeps/n_creep_thunder_lizard/n_creep_thunder_lizard_small.vmdl,,设计，未接入游戏
560,10,雷霆巨蜥,4,晶棘高脊＋喉口宝石,原生主体＋自定义饰物,1.5,0.48,0.72,models/creeps/neutral_creeps/n_creep_thunder_lizard/n_creep_thunder_lizard_big.vmdl,,设计，未接入游戏
561,11,血月猎狼,4,棘刺背冠＋额心宝石,原生主体＋自定义饰物,1.5,0.93,1.395,models/items/lycan/wolves/blood_moon_hunter_wolves/blood_moon_hunter_wolves.vmdl,,设计，未接入游戏
562,12,琥珀幼蛛,4,晶棘背冠＋腹部宝石,原生主体＋自定义饰物,1.5,0.82,1.23,models/items/broodmother/spiderling/amber_queen_spiderling_2/amber_queen_spiderling_2.vmdl,,设计，未接入游戏
563,13,兽王恐龙,4,晶棘鬃冠＋额心宝石,原生主体＋自定义饰物,1.5,0.64,0.96,models/items/beastmaster/boar/ti9_cache_beast_master_dinosaurs_telepathy_beast/ti9_cache_beast_master_dinosaurs_telepathy_beast.vmdl,,设计，未接入游戏
564,14,盲穴鼹兽,4,晶棘背冠＋额心宝石,原生主体＋自定义饰物,1.5,0.68,1.02,models/creeps/neutral_creeps/n_creep_eimermole/n_creep_eimermole.vmdl,,设计，未接入游戏
565,15,黑巢幼龙,4,晶棘龙冠＋喉部宝石,原生主体＋自定义饰物,1.5,0.48,0.72,models/creeps/neutral_creeps/n_creep_black_drake/n_creep_black_drake.vmdl,,设计，未接入游戏
566,16,霜夜战狼,4,棘刺背冠＋额心宝石,原生主体＋自定义饰物,1.5,0.91,1.365,models/items/lycan/wolves/frostivus2018_lycan_winter_snow_wolf_wolves/frostivus2018_lycan_winter_snow_wolf_wolves.vmdl,,设计，未接入游戏
567,17,冰川虫蛛,4,晶棘背冠＋腹部宝石,原生主体＋自定义饰物,1.5,0.5,0.75,models/items/broodmother/spiderling/pale_cyclopean_spiderling/pale_cyclopean_spiderling.vmdl,,设计，未接入游戏
568,18,北境战猪,4,晶棘鬃冠＋额心宝石,原生主体＋自定义饰物,1.5,0.61,0.915,models/items/beastmaster/boar/legacy_of_the_nords_battle_boar/legacy_of_the_nords_battle_boar.vmdl,,设计，未接入游戏
569,19,荷鲁斯灵鸟,4,短晶棘翼冠＋胸前宝石,原生主体＋自定义饰物,1.5,0.71,1.065,models/items/visage/eye_of_holus_familiar/eye_of_holus_familiar.vmdl,,设计，未接入游戏
570,20,寒冬飞龙,4,极光之棘,原生四套,1.5,0.62,0.93,models/heroes/winterwyvern/winterwyvern.vmdl,21818,设计，未接入游戏
571,21,冰川狼群,4,棘刺背冠＋额心宝石,原生主体＋自定义饰物,1.5,0.89,1.335,models/items/lycan/wolves/icewrack_pack/icewrack_pack.vmdl,,设计，未接入游戏
572,22,机械幼蛛,4,晶棘背冠＋腹部宝石,原生主体＋自定义饰物,1.5,0.65,0.975,models/items/broodmother/spiderling/broodmother_silksong_machine_spiderling/broodmother_silksong_machine_spiderling.vmdl,,设计，未接入游戏
573,23,尖啸剃背兽,4,晶棘鬃冠＋额心宝石,原生主体＋自定义饰物,1.5,0.69,1.035,models/items/beastmaster/boar/shrieking_razorback/shrieking_razorback.vmdl,,设计，未接入游戏
574,24,霜翼魔像,4,短晶棘翼冠＋胸前宝石,原生主体＋自定义饰物,1.5,0.71,1.065,models/items/visage/frostivus2018_visage_frostbitten_wing_familiars/frostivus2018_visage_frostbitten_wing_familiars.vmdl,,设计，未接入游戏
575,25,司夜甲虫,4,Mesmer-Eye,原生四套,1.5,0.91,1.365,models/items/nerubian_assassin/nyx_monster/nyx_monster_base.vmdl,34581,设计，未接入游戏
576,26,武士战狼,4,棘刺背冠＋额心宝石,原生主体＋自定义饰物,1.5,0.88,1.32,models/items/lycan/wolves/_werewolf_samurai_wolves_v1/_werewolf_samurai_wolves_v1.vmdl,,设计，未接入游戏
577,27,野性猎犬,4,晶棘鬃冠＋额心宝石,原生主体＋自定义饰物,1.5,0.67,1.005,models/items/beastmaster/boar/beast_heart_marauder_beast_heart_marauder_warhound/beast_heart_marauder_beast_heart_marauder_warhound.vmdl,,设计，未接入游戏
578,28,灵魂守卫魔像,4,短晶棘翼冠＋胸前宝石,原生主体＋自定义饰物,1.5,0.75,1.125,models/items/visage/bound_of_the_soul_keeper_familiar/bound_of_the_soul_keeper_familiar.vmdl,,设计，未接入游戏
579,29,远古巨蛙,4,短晶棘背冠＋额心宝石,原生主体＋自定义饰物,1.5,0.54,0.81,models/creeps/neutral_creeps/n_creep_ancient_frog/n_creep_ancient_frog.vmdl,,设计，未接入游戏
580,30,剧毒异虫,4,机械术士,原生四套,1.5,0.55,0.825,models/heroes/venomancer/venomancer.vmdl,31295,设计，未接入游戏
581,31,猎王群狼,4,棘刺背冠＋额心宝石,原生主体＋自定义饰物,1.5,0.95,1.425,models/items/lycan/wolves/hunter_kings_wolves/hunter_kings_wolves.vmdl,,设计，未接入游戏
582,32,荒原灵熊,4,晶棘背脊＋胸口宝石,原生主体＋自定义饰物,1.5,0.65,0.975,models/heroes/lone_druid/spirit_bear.vmdl,,设计，未接入游戏
583,33,戴明战兽,4,晶棘鬃冠＋额心宝石,原生主体＋自定义饰物,1.5,0.72,1.08,models/items/beastmaster/boar/beast_deming/beast_deming.vmdl,,设计，未接入游戏
584,34,墓卫魔像,4,短晶棘翼冠＋胸前宝石,原生主体＋自定义饰物,1.5,0.7,1.05,models/items/visage/ti9_cache_visage_pit_guard_familiar/ti9_cache_visage_pit_guard_familiar.vmdl,,设计，未接入游戏
585,35,冥界毒龙,4,遗魂飞蛇,原生四套,1.5,0.83,1.245,models/heroes/viper/viper.vmdl,27571,设计，未接入游戏
586,36,荒林战狼,4,棘刺背冠＋额心宝石,原生主体＋自定义饰物,1.5,0.94,1.41,models/heroes/lycan/summon_wolves.vmdl,,设计，未接入游戏
587,37,松果异怪,4,晶棘树冠＋种核宝石,原生主体＋自定义饰物,1.5,0.57,0.855,models/creeps/pine_cone/pine_cone.vmdl,,设计，未接入游戏
588,38,石像鬼,4,短晶棘翼冠＋胸前宝石,原生主体＋自定义饰物,1.5,0.83,1.245,models/heroes/visage/visage_familiar.vmdl,,设计，未接入游戏
589,39,精灵幼龙,4,幻梦往昔,原生四套,1.5,1.0,1.5,models/heroes/puck/puck.vmdl,20576,设计，未接入游戏
590,40,双头巨龙,4,先祖传承,原生四套,1.5,0.71,1.065,models/heroes/jakiro/jakiro.vmdl,29124,设计，未接入游戏
591,41,地狱熊,4,晶棘背脊＋胸口宝石,原生主体＋自定义饰物,1.5,0.71,1.065,models/creeps/neutral_creeps/n_creep_furbolg/n_creep_furbolg_disrupter.vmdl,,设计，未接入游戏
592,42,织梦异虫,4,维度穿梭者,原生四套,1.5,1.07,1.605,models/heroes/weaver/weaver.vmdl,21811,设计，未接入游戏
593,43,沙海巨蝎,4,黑沙之神,原生四套,1.5,0.72,1.08,models/heroes/sand_king/sand_king.vmdl,21846,设计，未接入游戏
594,44,不灭火鸟,4,星辰贤者,原生四套,1.5,0.71,1.065,models/heroes/phoenix/phoenix_bird.vmdl,32927,设计，未接入游戏
595,45,育母巨蛛,4,Arachnid Anathema,原生四套,1.5,0.91,1.365,models/heroes/broodmother/broodmother.vmdl,34523,设计，未接入游戏
596,46,不朽魔像,4,短晶棘翼冠＋胸前宝石,原生主体＋自定义饰物,1.5,0.66,0.99,models/items/visage/immortal_familiar/immortal_familiar.vmdl,,设计，未接入游戏
597,47,黑巢巨龙,4,晶棘龙冠＋喉部宝石,原生主体＋自定义饰物,1.5,0.47,0.705,models/creeps/neutral_creeps/n_creep_black_dragon/n_creep_black_dragon.vmdl,,设计，未接入游戏
598,48,年兽,4,晶棘兽冠＋额心宝石,原生主体＋自定义饰物,1.5,0.26,0.39,models/creeps/nian/nian_creep.vmdl,,设计，未接入游戏
599,49,远古巨兽,4,垂涎宝箱,原生四套,1.5,0.48,0.72,models/heroes/primal_beast/primal_beast_base.vmdl,33304,设计，未接入游戏
600,50,肉山异兽,4,晶棘肩冠＋胸口宝石,原生主体＋自定义饰物,1.5,0.33,0.495,models/creeps/roshan_monster/roshan_monster.vmdl,,设计，未接入游戏
601,1,灰鬃狼,1,原生鬃毛与牙齿,原生主体＋自定义饰物,1.5,1.16,1.74,models/creeps/neutral_creeps/n_creep_worg_small/n_creep_worg_small.vmdl,,设计，未接入游戏
602,2,幼蛛,1,原生甲壳与蛛腿,原生主体＋自定义饰物,1.5,0.87,1.305,models/heroes/broodmother/spiderling.vmdl,,设计，未接入游戏
603,3,林间蛙兽,1,原生皮肤与背部纹理,原生主体＋自定义饰物,1.5,0.58,0.87,models/creeps/neutral_creeps/n_creep_froglet/n_creep_froglet.vmdl,,设计，未接入游戏
604,4,荒野豪猪,1,原生獠牙与鬃毛,原生主体＋自定义饰物,1.5,0.66,0.99,models/heroes/beastmaster/beastmaster_beast.vmdl,,设计，未接入游戏
605,5,远古岩兽,1,原生岩质皮肤,原生主体＋自定义饰物,1.5,0.71,1.065,models/creeps/neutral_creeps/n_creep_beast/n_creep_beast.vmdl,,设计，未接入游戏
606,6,毒泡蝌蚪,1,原生头身与尾鳍,原生主体＋自定义饰物,1.5,0.83,1.245,models/creeps/neutral_creeps/n_creep_tadpole/n_creep_tadpole_ranged_v2.vmdl,,设计，未接入游戏
607,7,冰川爬蛛,1,原生甲壳与蛛腿,原生主体＋自定义饰物,1.5,0.62,0.93,models/items/broodmother/spiderling/the_glacial_creeper_creepling/the_glacial_creeper_creepling.vmdl,,设计，未接入游戏
608,8,荒漠秃鹫,1,原生喙爪与羽翼,原生主体＋自定义饰物,1.5,0.64,0.96,models/creeps/neutral_creeps/n_creep_vulture_a/n_creep_vulture_a.vmdl,,设计，未接入游戏
609,9,幼雷蜥,1,原生皮鳞与尖角,原生主体＋自定义饰物,1.5,0.56,0.84,models/creeps/neutral_creeps/n_creep_thunder_lizard/n_creep_thunder_lizard_small.vmdl,,设计，未接入游戏
610,10,雷霆巨蜥,1,原生皮鳞与尖角,原生主体＋自定义饰物,1.5,0.48,0.72,models/creeps/neutral_creeps/n_creep_thunder_lizard/n_creep_thunder_lizard_big.vmdl,,设计，未接入游戏
611,11,血月猎狼,1,原生鬃毛与牙齿,原生主体＋自定义饰物,1.5,0.93,1.395,models/items/lycan/wolves/blood_moon_hunter_wolves/blood_moon_hunter_wolves.vmdl,,设计，未接入游戏
612,12,琥珀幼蛛,1,原生甲壳与蛛腿,原生主体＋自定义饰物,1.5,0.82,1.23,models/items/broodmother/spiderling/amber_queen_spiderling_2/amber_queen_spiderling_2.vmdl,,设计，未接入游戏
613,13,兽王恐龙,1,原生獠牙与鬃毛,原生主体＋自定义饰物,1.5,0.64,0.96,models/items/beastmaster/boar/ti9_cache_beast_master_dinosaurs_telepathy_beast/ti9_cache_beast_master_dinosaurs_telepathy_beast.vmdl,,设计，未接入游戏
614,14,盲穴鼹兽,1,原生鼻爪与短毛,原生主体＋自定义饰物,1.5,0.68,1.02,models/creeps/neutral_creeps/n_creep_eimermole/n_creep_eimermole.vmdl,,设计，未接入游戏
615,15,黑巢幼龙,1,原生龙角与鳞翼,原生主体＋自定义饰物,1.5,0.48,0.72,models/creeps/neutral_creeps/n_creep_black_drake/n_creep_black_drake.vmdl,,设计，未接入游戏
616,16,霜夜战狼,1,原生鬃毛与牙齿,原生主体＋自定义饰物,1.5,0.91,1.365,models/items/lycan/wolves/frostivus2018_lycan_winter_snow_wolf_wolves/frostivus2018_lycan_winter_snow_wolf_wolves.vmdl,,设计，未接入游戏
617,17,冰川虫蛛,1,原生甲壳与蛛腿,原生主体＋自定义饰物,1.5,0.5,0.75,models/items/broodmother/spiderling/pale_cyclopean_spiderling/pale_cyclopean_spiderling.vmdl,,设计，未接入游戏
618,18,北境战猪,1,原生獠牙与鬃毛,原生主体＋自定义饰物,1.5,0.61,0.915,models/items/beastmaster/boar/legacy_of_the_nords_battle_boar/legacy_of_the_nords_battle_boar.vmdl,,设计，未接入游戏
619,19,荷鲁斯灵鸟,1,原生石甲与翼角,原生主体＋自定义饰物,1.5,0.71,1.065,models/items/visage/eye_of_holus_familiar/eye_of_holus_familiar.vmdl,,设计，未接入游戏
620,20,寒冬飞龙,1,原生默认,原生四套,1.5,0.62,0.93,models/heroes/winterwyvern/winterwyvern.vmdl,native_default,设计，未接入游戏
621,21,冰川狼群,1,原生鬃毛与牙齿,原生主体＋自定义饰物,1.5,0.89,1.335,models/items/lycan/wolves/icewrack_pack/icewrack_pack.vmdl,,设计，未接入游戏
622,22,机械幼蛛,1,原生甲壳与蛛腿,原生主体＋自定义饰物,1.5,0.65,0.975,models/items/broodmother/spiderling/broodmother_silksong_machine_spiderling/broodmother_silksong_machine_spiderling.vmdl,,设计，未接入游戏
623,23,尖啸剃背兽,1,原生獠牙与鬃毛,原生主体＋自定义饰物,1.5,0.69,1.035,models/items/beastmaster/boar/shrieking_razorback/shrieking_razorback.vmdl,,设计，未接入游戏
624,24,霜翼魔像,1,原生石甲与翼角,原生主体＋自定义饰物,1.5,0.71,1.065,models/items/visage/frostivus2018_visage_frostbitten_wing_familiars/frostivus2018_visage_frostbitten_wing_familiars.vmdl,,设计，未接入游戏
625,25,司夜甲虫,1,原生默认,原生四套,1.5,0.91,1.365,models/heroes/nerubian_assassin/nerubian_assassin.vmdl,native_default,设计，未接入游戏
626,26,武士战狼,1,原生鬃毛与牙齿,原生主体＋自定义饰物,1.5,0.88,1.32,models/items/lycan/wolves/_werewolf_samurai_wolves_v1/_werewolf_samurai_wolves_v1.vmdl,,设计，未接入游戏
627,27,野性猎犬,1,原生獠牙与鬃毛,原生主体＋自定义饰物,1.5,0.67,1.005,models/items/beastmaster/boar/beast_heart_marauder_beast_heart_marauder_warhound/beast_heart_marauder_beast_heart_marauder_warhound.vmdl,,设计，未接入游戏
628,28,灵魂守卫魔像,1,原生石甲与翼角,原生主体＋自定义饰物,1.5,0.75,1.125,models/items/visage/bound_of_the_soul_keeper_familiar/bound_of_the_soul_keeper_familiar.vmdl,,设计，未接入游戏
629,29,远古巨蛙,1,原生皮肤与背部纹理,原生主体＋自定义饰物,1.5,0.54,0.81,models/creeps/neutral_creeps/n_creep_ancient_frog/n_creep_ancient_frog.vmdl,,设计，未接入游戏
630,30,剧毒异虫,1,原生默认,原生四套,1.5,0.55,0.825,models/heroes/venomancer/venomancer.vmdl,native_default,设计，未接入游戏
631,31,猎王群狼,1,原生鬃毛与牙齿,原生主体＋自定义饰物,1.5,0.95,1.425,models/items/lycan/wolves/hunter_kings_wolves/hunter_kings_wolves.vmdl,,设计，未接入游戏
632,32,荒原灵熊,1,原生皮毛与利爪,原生主体＋自定义饰物,1.5,0.65,0.975,models/heroes/lone_druid/spirit_bear.vmdl,,设计，未接入游戏
633,33,戴明战兽,1,原生獠牙与鬃毛,原生主体＋自定义饰物,1.5,0.72,1.08,models/items/beastmaster/boar/beast_deming/beast_deming.vmdl,,设计，未接入游戏
634,34,墓卫魔像,1,原生石甲与翼角,原生主体＋自定义饰物,1.5,0.7,1.05,models/items/visage/ti9_cache_visage_pit_guard_familiar/ti9_cache_visage_pit_guard_familiar.vmdl,,设计，未接入游戏
635,35,冥界毒龙,1,原生默认,原生四套,1.5,0.83,1.245,models/heroes/viper/viper.vmdl,native_default,设计，未接入游戏
636,36,荒林战狼,1,原生鬃毛与牙齿,原生主体＋自定义饰物,1.5,0.94,1.41,models/heroes/lycan/summon_wolves.vmdl,,设计，未接入游戏
637,37,松果异怪,1,原生木鳞与枝叶,原生主体＋自定义饰物,1.5,0.57,0.855,models/creeps/pine_cone/pine_cone.vmdl,,设计，未接入游戏
638,38,石像鬼,1,原生石甲与翼角,原生主体＋自定义饰物,1.5,0.83,1.245,models/heroes/visage/visage_familiar.vmdl,,设计，未接入游戏
639,39,精灵幼龙,1,原生默认,原生四套,1.5,1.0,1.5,models/heroes/puck/puck.vmdl,native_default,设计，未接入游戏
640,40,双头巨龙,1,原生默认,原生四套,1.5,0.71,1.065,models/heroes/jakiro/jakiro.vmdl,native_default,设计，未接入游戏
641,41,地狱熊,1,原生皮毛与利爪,原生主体＋自定义饰物,1.5,0.71,1.065,models/creeps/neutral_creeps/n_creep_furbolg/n_creep_furbolg_disrupter.vmdl,,设计，未接入游戏
642,42,织梦异虫,1,原生默认,原生四套,1.5,1.07,1.605,models/heroes/weaver/weaver.vmdl,native_default,设计，未接入游戏
643,43,沙海巨蝎,1,原生默认,原生四套,1.5,0.72,1.08,models/heroes/sand_king/sand_king.vmdl,native_default,设计，未接入游戏
644,44,不灭火鸟,1,原生默认,原生四套,1.5,0.71,1.065,models/heroes/phoenix/phoenix_bird.vmdl,native_default,设计，未接入游戏
645,45,育母巨蛛,1,原生默认,原生四套,1.5,0.91,1.365,models/heroes/broodmother/broodmother.vmdl,native_default,设计，未接入游戏
646,46,不朽魔像,1,原生石甲与翼角,原生主体＋自定义饰物,1.5,0.66,0.99,models/items/visage/immortal_familiar/immortal_familiar.vmdl,,设计，未接入游戏
647,47,黑巢巨龙,1,原生龙角与鳞翼,原生主体＋自定义饰物,1.5,0.47,0.705,models/creeps/neutral_creeps/n_creep_black_dragon/n_creep_black_dragon.vmdl,,设计，未接入游戏
648,48,年兽,1,原生兽角与背鳞,原生主体＋自定义饰物,1.5,0.26,0.39,models/creeps/nian/nian_creep.vmdl,,设计，未接入游戏
649,49,远古巨兽,1,原生默认,原生四套,1.5,0.48,0.72,models/heroes/primal_beast/primal_beast_base.vmdl,native_default,设计，未接入游戏
650,50,肉山异兽,1,原生角刺与胸甲,原生主体＋自定义饰物,1.5,0.33,0.495,models/creeps/roshan_monster/roshan_monster.vmdl,,设计，未接入游戏
651,1,灰鬃狼,2,额前双骨角,原生主体＋自定义饰物,1.5,1.16,1.74,models/creeps/neutral_creeps/n_creep_worg_small/n_creep_worg_small.vmdl,,设计，未接入游戏
652,2,幼蛛,2,背部骨甲,原生主体＋自定义饰物,1.5,0.87,1.305,models/heroes/broodmother/spiderling.vmdl,,设计，未接入游戏
653,3,林间蛙兽,2,短骨背甲,原生主体＋自定义饰物,1.5,0.58,0.87,models/creeps/neutral_creeps/n_creep_froglet/n_creep_froglet.vmdl,,设计，未接入游戏
654,4,荒野豪猪,2,双侧短骨护角,原生主体＋自定义饰物,1.5,0.66,0.99,models/heroes/beastmaster/beastmaster_beast.vmdl,,设计，未接入游戏
655,5,远古岩兽,2,肩背骨甲,原生主体＋自定义饰物,1.5,0.71,1.065,models/creeps/neutral_creeps/n_creep_beast/n_creep_beast.vmdl,,设计，未接入游戏
656,6,毒泡蝌蚪,2,头部双短骨角,原生主体＋自定义饰物,1.5,0.83,1.245,models/creeps/neutral_creeps/n_creep_tadpole/n_creep_tadpole_ranged_v2.vmdl,,设计，未接入游戏
657,7,冰川爬蛛,2,背部骨甲,原生主体＋自定义饰物,1.5,0.62,0.93,models/items/broodmother/spiderling/the_glacial_creeper_creepling/the_glacial_creeper_creepling.vmdl,,设计，未接入游戏
658,8,荒漠秃鹫,2,胸前骨护片,原生主体＋自定义饰物,1.5,0.64,0.96,models/creeps/neutral_creeps/n_creep_vulture_a/n_creep_vulture_a.vmdl,,设计，未接入游戏
659,9,幼雷蜥,2,后颈骨角,原生主体＋自定义饰物,1.5,0.56,0.84,models/creeps/neutral_creeps/n_creep_thunder_lizard/n_creep_thunder_lizard_small.vmdl,,设计，未接入游戏
660,10,雷霆巨蜥,2,后颈骨角,原生主体＋自定义饰物,1.5,0.48,0.72,models/creeps/neutral_creeps/n_creep_thunder_lizard/n_creep_thunder_lizard_big.vmdl,,设计，未接入游戏
661,11,血月猎狼,2,额前双骨角,原生主体＋自定义饰物,1.5,0.93,1.395,models/items/lycan/wolves/blood_moon_hunter_wolves/blood_moon_hunter_wolves.vmdl,,设计，未接入游戏
662,12,琥珀幼蛛,2,背部骨甲,原生主体＋自定义饰物,1.5,0.82,1.23,models/items/broodmother/spiderling/amber_queen_spiderling_2/amber_queen_spiderling_2.vmdl,,设计，未接入游戏
663,13,兽王恐龙,2,双侧短骨护角,原生主体＋自定义饰物,1.5,0.64,0.96,models/items/beastmaster/boar/ti9_cache_beast_master_dinosaurs_telepathy_beast/ti9_cache_beast_master_dinosaurs_telepathy_beast.vmdl,,设计，未接入游戏
664,14,盲穴鼹兽,2,背脊短骨甲,原生主体＋自定义饰物,1.5,0.68,1.02,models/creeps/neutral_creeps/n_creep_eimermole/n_creep_eimermole.vmdl,,设计，未接入游戏
665,15,黑巢幼龙,2,后颈双骨角,原生主体＋自定义饰物,1.5,0.48,0.72,models/creeps/neutral_creeps/n_creep_black_drake/n_creep_black_drake.vmdl,,设计，未接入游戏
666,16,霜夜战狼,2,额前双骨角,原生主体＋自定义饰物,1.5,0.91,1.365,models/items/lycan/wolves/frostivus2018_lycan_winter_snow_wolf_wolves/frostivus2018_lycan_winter_snow_wolf_wolves.vmdl,,设计，未接入游戏
667,17,冰川虫蛛,2,背部骨甲,原生主体＋自定义饰物,1.5,0.5,0.75,models/items/broodmother/spiderling/pale_cyclopean_spiderling/pale_cyclopean_spiderling.vmdl,,设计，未接入游戏
668,18,北境战猪,2,双侧短骨护角,原生主体＋自定义饰物,1.5,0.61,0.915,models/items/beastmaster/boar/legacy_of_the_nords_battle_boar/legacy_of_the_nords_battle_boar.vmdl,,设计，未接入游戏
669,19,荷鲁斯灵鸟,2,胸前骨护甲,原生主体＋自定义饰物,1.5,0.71,1.065,models/items/visage/eye_of_holus_familiar/eye_of_holus_familiar.vmdl,,设计，未接入游戏
670,20,寒冬飞龙,2,严霜之心,原生四套,1.5,0.62,0.93,models/heroes/winterwyvern/winterwyvern.vmdl,20963,设计，未接入游戏
671,21,冰川狼群,2,额前双骨角,原生主体＋自定义饰物,1.5,0.89,1.335,models/items/lycan/wolves/icewrack_pack/icewrack_pack.vmdl,,设计，未接入游戏
672,22,机械幼蛛,2,背部骨甲,原生主体＋自定义饰物,1.5,0.65,0.975,models/items/broodmother/spiderling/broodmother_silksong_machine_spiderling/broodmother_silksong_machine_spiderling.vmdl,,设计，未接入游戏
673,23,尖啸剃背兽,2,双侧短骨护角,原生主体＋自定义饰物,1.5,0.69,1.035,models/items/beastmaster/boar/shrieking_razorback/shrieking_razorback.vmdl,,设计，未接入游戏
674,24,霜翼魔像,2,胸前骨护甲,原生主体＋自定义饰物,1.5,0.71,1.065,models/items/visage/frostivus2018_visage_frostbitten_wing_familiars/frostivus2018_visage_frostbitten_wing_familiars.vmdl,,设计，未接入游戏
675,25,司夜甲虫,2,隐匿虫巢壳甲套装,原生四套,1.5,0.91,1.365,models/heroes/nerubian_assassin/nerubian_assassin.vmdl,20133,设计，未接入游戏
676,26,武士战狼,2,额前双骨角,原生主体＋自定义饰物,1.5,0.88,1.32,models/items/lycan/wolves/_werewolf_samurai_wolves_v1/_werewolf_samurai_wolves_v1.vmdl,,设计，未接入游戏
677,27,野性猎犬,2,双侧短骨护角,原生主体＋自定义饰物,1.5,0.67,1.005,models/items/beastmaster/boar/beast_heart_marauder_beast_heart_marauder_warhound/beast_heart_marauder_beast_heart_marauder_warhound.vmdl,,设计，未接入游戏
678,28,灵魂守卫魔像,2,胸前骨护甲,原生主体＋自定义饰物,1.5,0.75,1.125,models/items/visage/bound_of_the_soul_keeper_familiar/bound_of_the_soul_keeper_familiar.vmdl,,设计，未接入游戏
679,29,远古巨蛙,2,短骨背甲,原生主体＋自定义饰物,1.5,0.54,0.81,models/creeps/neutral_creeps/n_creep_ancient_frog/n_creep_ancient_frog.vmdl,,设计，未接入游戏
680,30,剧毒异虫,2,Venomancer Slime,原生四套,1.5,0.55,0.825,models/heroes/venomancer/venomancer.vmdl,21943,设计，未接入游戏
681,31,猎王群狼,2,额前双骨角,原生主体＋自定义饰物,1.5,0.95,1.425,models/items/lycan/wolves/hunter_kings_wolves/hunter_kings_wolves.vmdl,,设计，未接入游戏
682,32,荒原灵熊,2,双肩短骨护片,原生主体＋自定义饰物,1.5,0.65,0.975,models/heroes/lone_druid/spirit_bear.vmdl,,设计，未接入游戏
683,33,戴明战兽,2,双侧短骨护角,原生主体＋自定义饰物,1.5,0.72,1.08,models/items/beastmaster/boar/beast_deming/beast_deming.vmdl,,设计，未接入游戏
684,34,墓卫魔像,2,胸前骨护甲,原生主体＋自定义饰物,1.5,0.7,1.05,models/items/visage/ti9_cache_visage_pit_guard_familiar/ti9_cache_visage_pit_guard_familiar.vmdl,,设计，未接入游戏
685,35,冥界毒龙,2,冥霜之印,原生四套,1.5,0.83,1.245,models/heroes/viper/viper.vmdl,21172,设计，未接入游戏
686,36,荒林战狼,2,额前双骨角,原生主体＋自定义饰物,1.5,0.94,1.41,models/heroes/lycan/summon_wolves.vmdl,,设计，未接入游戏
687,37,松果异怪,2,骨棘枝冠,原生主体＋自定义饰物,1.5,0.57,0.855,models/creeps/pine_cone/pine_cone.vmdl,,设计，未接入游戏
688,38,石像鬼,2,胸前骨护甲,原生主体＋自定义饰物,1.5,0.83,1.245,models/heroes/visage/visage_familiar.vmdl,,设计，未接入游戏
689,39,精灵幼龙,2,古灵精怪,原生四套,1.5,1.0,1.5,models/heroes/puck/puck.vmdl,20410,设计，未接入游戏
690,40,双头巨龙,2,上古之合,原生四套,1.5,0.71,1.065,models/heroes/jakiro/jakiro.vmdl,21153,设计，未接入游戏
691,41,地狱熊,2,双肩短骨护片,原生主体＋自定义饰物,1.5,0.71,1.065,models/creeps/neutral_creeps/n_creep_furbolg/n_creep_furbolg_disrupter.vmdl,,设计，未接入游戏
692,42,织梦异虫,2,焊烬壳甲套装,原生四套,1.5,1.07,1.605,models/heroes/weaver/weaver.vmdl,20136,设计，未接入游戏
693,43,沙海巨蝎,2,卡尔丁的祭典壳甲套装,原生四套,1.5,0.72,1.08,models/heroes/sand_king/sand_king.vmdl,20119,设计，未接入游戏
694,44,不灭火鸟,2,赤金涅槃,原生四套,1.5,0.71,1.065,models/heroes/phoenix/phoenix_bird.vmdl,21147,设计，未接入游戏
695,45,育母巨蛛,2,球腹蛛,原生四套,1.5,0.91,1.365,models/heroes/broodmother/broodmother.vmdl,20962,设计，未接入游戏
696,46,不朽魔像,2,胸前骨护甲,原生主体＋自定义饰物,1.5,0.66,0.99,models/items/visage/immortal_familiar/immortal_familiar.vmdl,,设计，未接入游戏
697,47,黑巢巨龙,2,后颈双骨角,原生主体＋自定义饰物,1.5,0.47,0.705,models/creeps/neutral_creeps/n_creep_black_dragon/n_creep_black_dragon.vmdl,,设计，未接入游戏
698,48,年兽,2,骨角兽冠,原生主体＋自定义饰物,1.5,0.26,0.39,models/creeps/nian/nian_creep.vmdl,,设计，未接入游戏
699,49,远古巨兽,2,炎狱巨兽,原生四套,1.5,0.48,0.72,models/heroes/primal_beast/primal_beast_base.vmdl,26799,设计，未接入游戏
700,50,肉山异兽,2,肩部骨甲,原生主体＋自定义饰物,1.5,0.33,0.495,models/creeps/roshan_monster/roshan_monster.vmdl,,设计，未接入游戏
701,1,灰鬃狼,3,肩背晶簇,原生主体＋自定义饰物,1.5,1.16,1.74,models/creeps/neutral_creeps/n_creep_worg_small/n_creep_worg_small.vmdl,,设计，未接入游戏
702,2,幼蛛,3,甲壳晶簇,原生主体＋自定义饰物,1.5,0.87,1.305,models/heroes/broodmother/spiderling.vmdl,,设计，未接入游戏
703,3,林间蛙兽,3,背部晶冠,原生主体＋自定义饰物,1.5,0.58,0.87,models/creeps/neutral_creeps/n_creep_froglet/n_creep_froglet.vmdl,,设计，未接入游戏
704,4,荒野豪猪,3,肩背晶簇,原生主体＋自定义饰物,1.5,0.66,0.99,models/heroes/beastmaster/beastmaster_beast.vmdl,,设计，未接入游戏
705,5,远古岩兽,3,脊背晶簇,原生主体＋自定义饰物,1.5,0.71,1.065,models/creeps/neutral_creeps/n_creep_beast/n_creep_beast.vmdl,,设计，未接入游戏
706,6,毒泡蝌蚪,3,头顶晶簇,原生主体＋自定义饰物,1.5,0.83,1.245,models/creeps/neutral_creeps/n_creep_tadpole/n_creep_tadpole_ranged_v2.vmdl,,设计，未接入游戏
707,7,冰川爬蛛,3,甲壳晶簇,原生主体＋自定义饰物,1.5,0.62,0.93,models/items/broodmother/spiderling/the_glacial_creeper_creepling/the_glacial_creeper_creepling.vmdl,,设计，未接入游戏
708,8,荒漠秃鹫,3,翼根晶簇,原生主体＋自定义饰物,1.5,0.64,0.96,models/creeps/neutral_creeps/n_creep_vulture_a/n_creep_vulture_a.vmdl,,设计，未接入游戏
709,9,幼雷蜥,3,背脊晶簇,原生主体＋自定义饰物,1.5,0.56,0.84,models/creeps/neutral_creeps/n_creep_thunder_lizard/n_creep_thunder_lizard_small.vmdl,,设计，未接入游戏
710,10,雷霆巨蜥,3,背脊晶簇,原生主体＋自定义饰物,1.5,0.48,0.72,models/creeps/neutral_creeps/n_creep_thunder_lizard/n_creep_thunder_lizard_big.vmdl,,设计，未接入游戏
711,11,血月猎狼,3,肩背晶簇,原生主体＋自定义饰物,1.5,0.93,1.395,models/items/lycan/wolves/blood_moon_hunter_wolves/blood_moon_hunter_wolves.vmdl,,设计，未接入游戏
712,12,琥珀幼蛛,3,甲壳晶簇,原生主体＋自定义饰物,1.5,0.82,1.23,models/items/broodmother/spiderling/amber_queen_spiderling_2/amber_queen_spiderling_2.vmdl,,设计，未接入游戏
713,13,兽王恐龙,3,肩背晶簇,原生主体＋自定义饰物,1.5,0.64,0.96,models/items/beastmaster/boar/ti9_cache_beast_master_dinosaurs_telepathy_beast/ti9_cache_beast_master_dinosaurs_telepathy_beast.vmdl,,设计，未接入游戏
714,14,盲穴鼹兽,3,肩部晶簇,原生主体＋自定义饰物,1.5,0.68,1.02,models/creeps/neutral_creeps/n_creep_eimermole/n_creep_eimermole.vmdl,,设计，未接入游戏
715,15,黑巢幼龙,3,翼根晶簇,原生主体＋自定义饰物,1.5,0.48,0.72,models/creeps/neutral_creeps/n_creep_black_drake/n_creep_black_drake.vmdl,,设计，未接入游戏
716,16,霜夜战狼,3,肩背晶簇,原生主体＋自定义饰物,1.5,0.91,1.365,models/items/lycan/wolves/frostivus2018_lycan_winter_snow_wolf_wolves/frostivus2018_lycan_winter_snow_wolf_wolves.vmdl,,设计，未接入游戏
717,17,冰川虫蛛,3,甲壳晶簇,原生主体＋自定义饰物,1.5,0.5,0.75,models/items/broodmother/spiderling/pale_cyclopean_spiderling/pale_cyclopean_spiderling.vmdl,,设计，未接入游戏
718,18,北境战猪,3,肩背晶簇,原生主体＋自定义饰物,1.5,0.61,0.915,models/items/beastmaster/boar/legacy_of_the_nords_battle_boar/legacy_of_the_nords_battle_boar.vmdl,,设计，未接入游戏
719,19,荷鲁斯灵鸟,3,胸肩晶簇,原生主体＋自定义饰物,1.5,0.71,1.065,models/items/visage/eye_of_holus_familiar/eye_of_holus_familiar.vmdl,,设计，未接入游戏
720,20,寒冬飞龙,3,无尽苦痛强流,原生四套,1.5,0.62,0.93,models/heroes/winterwyvern/winterwyvern.vmdl,22878,设计，未接入游戏
721,21,冰川狼群,3,肩背晶簇,原生主体＋自定义饰物,1.5,0.89,1.335,models/items/lycan/wolves/icewrack_pack/icewrack_pack.vmdl,,设计，未接入游戏
722,22,机械幼蛛,3,甲壳晶簇,原生主体＋自定义饰物,1.5,0.65,0.975,models/items/broodmother/spiderling/broodmother_silksong_machine_spiderling/broodmother_silksong_machine_spiderling.vmdl,,设计，未接入游戏
723,23,尖啸剃背兽,3,肩背晶簇,原生主体＋自定义饰物,1.5,0.69,1.035,models/items/beastmaster/boar/shrieking_razorback/shrieking_razorback.vmdl,,设计，未接入游戏
724,24,霜翼魔像,3,胸肩晶簇,原生主体＋自定义饰物,1.5,0.71,1.065,models/items/visage/frostivus2018_visage_frostbitten_wing_familiars/frostivus2018_visage_frostbitten_wing_familiars.vmdl,,设计，未接入游戏
725,25,司夜甲虫,3,陨星碎晶,原生四套,1.5,0.91,1.365,models/heroes/nerubian_assassin/nerubian_assassin.vmdl,21785,设计，未接入游戏
726,26,武士战狼,3,肩背晶簇,原生主体＋自定义饰物,1.5,0.88,1.32,models/items/lycan/wolves/_werewolf_samurai_wolves_v1/_werewolf_samurai_wolves_v1.vmdl,,设计，未接入游戏
727,27,野性猎犬,3,肩背晶簇,原生主体＋自定义饰物,1.5,0.67,1.005,models/items/beastmaster/boar/beast_heart_marauder_beast_heart_marauder_warhound/beast_heart_marauder_beast_heart_marauder_warhound.vmdl,,设计，未接入游戏
728,28,灵魂守卫魔像,3,胸肩晶簇,原生主体＋自定义饰物,1.5,0.75,1.125,models/items/visage/bound_of_the_soul_keeper_familiar/bound_of_the_soul_keeper_familiar.vmdl,,设计，未接入游戏
729,29,远古巨蛙,3,背部晶冠,原生主体＋自定义饰物,1.5,0.54,0.81,models/creeps/neutral_creeps/n_creep_ancient_frog/n_creep_ancient_frog.vmdl,,设计，未接入游戏
730,30,剧毒异虫,3,恶性环蛇的腐化,原生四套,1.5,0.55,0.825,models/heroes/venomancer/venomancer.vmdl,21119,设计，未接入游戏
731,31,猎王群狼,3,肩背晶簇,原生主体＋自定义饰物,1.5,0.95,1.425,models/items/lycan/wolves/hunter_kings_wolves/hunter_kings_wolves.vmdl,,设计，未接入游戏
732,32,荒原灵熊,3,肩背晶冠,原生主体＋自定义饰物,1.5,0.65,0.975,models/heroes/lone_druid/spirit_bear.vmdl,,设计，未接入游戏
733,33,戴明战兽,3,肩背晶簇,原生主体＋自定义饰物,1.5,0.72,1.08,models/items/beastmaster/boar/beast_deming/beast_deming.vmdl,,设计，未接入游戏
734,34,墓卫魔像,3,胸肩晶簇,原生主体＋自定义饰物,1.5,0.7,1.05,models/items/visage/ti9_cache_visage_pit_guard_familiar/ti9_cache_visage_pit_guard_familiar.vmdl,,设计，未接入游戏
735,35,冥界毒龙,3,冥祸寒鸣,原生四套,1.5,0.83,1.245,models/heroes/viper/viper.vmdl,21892,设计，未接入游戏
736,36,荒林战狼,3,肩背晶簇,原生主体＋自定义饰物,1.5,0.94,1.41,models/heroes/lycan/summon_wolves.vmdl,,设计，未接入游戏
737,37,松果异怪,3,顶部晶芽,原生主体＋自定义饰物,1.5,0.57,0.855,models/creeps/pine_cone/pine_cone.vmdl,,设计，未接入游戏
738,38,石像鬼,3,胸肩晶簇,原生主体＋自定义饰物,1.5,0.83,1.245,models/heroes/visage/visage_familiar.vmdl,,设计，未接入游戏
739,39,精灵幼龙,3,冬蛾撩乱,原生四套,1.5,1.0,1.5,models/heroes/puck/puck.vmdl,29160,设计，未接入游戏
740,40,双头巨龙,3,灼霜尖齿,原生四套,1.5,0.71,1.065,models/heroes/jakiro/jakiro.vmdl,29200,设计，未接入游戏
741,41,地狱熊,3,肩背晶冠,原生主体＋自定义饰物,1.5,0.71,1.065,models/creeps/neutral_creeps/n_creep_furbolg/n_creep_furbolg_disrupter.vmdl,,设计，未接入游戏
742,42,织梦异虫,3,群星联赛第8赛季,原生四套,1.5,1.07,1.605,models/heroes/weaver/weaver.vmdl,20541,设计，未接入游戏
743,43,沙海巨蝎,3,霜噬沙丘霸主,原生四套,1.5,0.72,1.08,models/heroes/sand_king/sand_king.vmdl,21303,设计，未接入游戏
744,44,不灭火鸟,3,熔火之诞的狂怒,原生四套,1.5,0.71,1.065,models/heroes/phoenix/phoenix_bird.vmdl,21224,设计，未接入游戏
745,45,育母巨蛛,3,火山庇荫,原生四套,1.5,0.91,1.365,models/heroes/broodmother/broodmother.vmdl,23654,设计，未接入游戏
746,46,不朽魔像,3,胸肩晶簇,原生主体＋自定义饰物,1.5,0.66,0.99,models/items/visage/immortal_familiar/immortal_familiar.vmdl,,设计，未接入游戏
747,47,黑巢巨龙,3,翼根晶簇,原生主体＋自定义饰物,1.5,0.47,0.705,models/creeps/neutral_creeps/n_creep_black_dragon/n_creep_black_dragon.vmdl,,设计，未接入游戏
748,48,年兽,3,肩背晶簇,原生主体＋自定义饰物,1.5,0.26,0.39,models/creeps/nian/nian_creep.vmdl,,设计，未接入游戏
749,49,远古巨兽,3,史前掠食者,原生四套,1.5,0.48,0.72,models/heroes/primal_beast/primal_beast_base.vmdl,33465,设计，未接入游戏
750,50,肉山异兽,3,双肩晶簇,原生主体＋自定义饰物,1.5,0.33,0.495,models/creeps/roshan_monster/roshan_monster.vmdl,,设计，未接入游戏
751,1,灰鬃狼,4,棘刺背冠＋额心宝石,原生主体＋自定义饰物,1.5,1.16,1.74,models/creeps/neutral_creeps/n_creep_worg_small/n_creep_worg_small.vmdl,,设计，未接入游戏
752,2,幼蛛,4,晶棘背冠＋腹部宝石,原生主体＋自定义饰物,1.5,0.87,1.305,models/heroes/broodmother/spiderling.vmdl,,设计，未接入游戏
753,3,林间蛙兽,4,短晶棘背冠＋额心宝石,原生主体＋自定义饰物,1.5,0.58,0.87,models/creeps/neutral_creeps/n_creep_froglet/n_creep_froglet.vmdl,,设计，未接入游戏
754,4,荒野豪猪,4,晶棘鬃冠＋额心宝石,原生主体＋自定义饰物,1.5,0.66,0.99,models/heroes/beastmaster/beastmaster_beast.vmdl,,设计，未接入游戏
755,5,远古岩兽,4,晶棘背脊＋胸前宝石,原生主体＋自定义饰物,1.5,0.71,1.065,models/creeps/neutral_creeps/n_creep_beast/n_creep_beast.vmdl,,设计，未接入游戏
756,6,毒泡蝌蚪,4,尾根短晶棘＋头部宝石,原生主体＋自定义饰物,1.5,0.83,1.245,models/creeps/neutral_creeps/n_creep_tadpole/n_creep_tadpole_ranged_v2.vmdl,,设计，未接入游戏
757,7,冰川爬蛛,4,晶棘背冠＋腹部宝石,原生主体＋自定义饰物,1.5,0.62,0.93,models/items/broodmother/spiderling/the_glacial_creeper_creepling/the_glacial_creeper_creepling.vmdl,,设计，未接入游戏
758,8,荒漠秃鹫,4,短晶棘羽冠＋胸前宝石,原生主体＋自定义饰物,1.5,0.64,0.96,models/creeps/neutral_creeps/n_creep_vulture_a/n_creep_vulture_a.vmdl,,设计，未接入游戏
759,9,幼雷蜥,4,晶棘高脊＋喉口宝石,原生主体＋自定义饰物,1.5,0.56,0.84,models/creeps/neutral_creeps/n_creep_thunder_lizard/n_creep_thunder_lizard_small.vmdl,,设计，未接入游戏
760,10,雷霆巨蜥,4,晶棘高脊＋喉口宝石,原生主体＋自定义饰物,1.5,0.48,0.72,models/creeps/neutral_creeps/n_creep_thunder_lizard/n_creep_thunder_lizard_big.vmdl,,设计，未接入游戏
761,11,血月猎狼,4,棘刺背冠＋额心宝石,原生主体＋自定义饰物,1.5,0.93,1.395,models/items/lycan/wolves/blood_moon_hunter_wolves/blood_moon_hunter_wolves.vmdl,,设计，未接入游戏
762,12,琥珀幼蛛,4,晶棘背冠＋腹部宝石,原生主体＋自定义饰物,1.5,0.82,1.23,models/items/broodmother/spiderling/amber_queen_spiderling_2/amber_queen_spiderling_2.vmdl,,设计，未接入游戏
763,13,兽王恐龙,4,晶棘鬃冠＋额心宝石,原生主体＋自定义饰物,1.5,0.64,0.96,models/items/beastmaster/boar/ti9_cache_beast_master_dinosaurs_telepathy_beast/ti9_cache_beast_master_dinosaurs_telepathy_beast.vmdl,,设计，未接入游戏
764,14,盲穴鼹兽,4,晶棘背冠＋额心宝石,原生主体＋自定义饰物,1.5,0.68,1.02,models/creeps/neutral_creeps/n_creep_eimermole/n_creep_eimermole.vmdl,,设计，未接入游戏
765,15,黑巢幼龙,4,晶棘龙冠＋喉部宝石,原生主体＋自定义饰物,1.5,0.48,0.72,models/creeps/neutral_creeps/n_creep_black_drake/n_creep_black_drake.vmdl,,设计，未接入游戏
766,16,霜夜战狼,4,棘刺背冠＋额心宝石,原生主体＋自定义饰物,1.5,0.91,1.365,models/items/lycan/wolves/frostivus2018_lycan_winter_snow_wolf_wolves/frostivus2018_lycan_winter_snow_wolf_wolves.vmdl,,设计，未接入游戏
767,17,冰川虫蛛,4,晶棘背冠＋腹部宝石,原生主体＋自定义饰物,1.5,0.5,0.75,models/items/broodmother/spiderling/pale_cyclopean_spiderling/pale_cyclopean_spiderling.vmdl,,设计，未接入游戏
768,18,北境战猪,4,晶棘鬃冠＋额心宝石,原生主体＋自定义饰物,1.5,0.61,0.915,models/items/beastmaster/boar/legacy_of_the_nords_battle_boar/legacy_of_the_nords_battle_boar.vmdl,,设计，未接入游戏
769,19,荷鲁斯灵鸟,4,短晶棘翼冠＋胸前宝石,原生主体＋自定义饰物,1.5,0.71,1.065,models/items/visage/eye_of_holus_familiar/eye_of_holus_familiar.vmdl,,设计，未接入游戏
770,20,寒冬飞龙,4,极光之棘,原生四套,1.5,0.62,0.93,models/heroes/winterwyvern/winterwyvern.vmdl,21818,设计，未接入游戏
771,21,冰川狼群,4,棘刺背冠＋额心宝石,原生主体＋自定义饰物,1.5,0.89,1.335,models/items/lycan/wolves/icewrack_pack/icewrack_pack.vmdl,,设计，未接入游戏
772,22,机械幼蛛,4,晶棘背冠＋腹部宝石,原生主体＋自定义饰物,1.5,0.65,0.975,models/items/broodmother/spiderling/broodmother_silksong_machine_spiderling/broodmother_silksong_machine_spiderling.vmdl,,设计，未接入游戏
773,23,尖啸剃背兽,4,晶棘鬃冠＋额心宝石,原生主体＋自定义饰物,1.5,0.69,1.035,models/items/beastmaster/boar/shrieking_razorback/shrieking_razorback.vmdl,,设计，未接入游戏
774,24,霜翼魔像,4,短晶棘翼冠＋胸前宝石,原生主体＋自定义饰物,1.5,0.71,1.065,models/items/visage/frostivus2018_visage_frostbitten_wing_familiars/frostivus2018_visage_frostbitten_wing_familiars.vmdl,,设计，未接入游戏
775,25,司夜甲虫,4,Mesmer-Eye,原生四套,1.5,0.91,1.365,models/items/nerubian_assassin/nyx_monster/nyx_monster_base.vmdl,34581,设计，未接入游戏
776,26,武士战狼,4,棘刺背冠＋额心宝石,原生主体＋自定义饰物,1.5,0.88,1.32,models/items/lycan/wolves/_werewolf_samurai_wolves_v1/_werewolf_samurai_wolves_v1.vmdl,,设计，未接入游戏
777,27,野性猎犬,4,晶棘鬃冠＋额心宝石,原生主体＋自定义饰物,1.5,0.67,1.005,models/items/beastmaster/boar/beast_heart_marauder_beast_heart_marauder_warhound/beast_heart_marauder_beast_heart_marauder_warhound.vmdl,,设计，未接入游戏
778,28,灵魂守卫魔像,4,短晶棘翼冠＋胸前宝石,原生主体＋自定义饰物,1.5,0.75,1.125,models/items/visage/bound_of_the_soul_keeper_familiar/bound_of_the_soul_keeper_familiar.vmdl,,设计，未接入游戏
779,29,远古巨蛙,4,短晶棘背冠＋额心宝石,原生主体＋自定义饰物,1.5,0.54,0.81,models/creeps/neutral_creeps/n_creep_ancient_frog/n_creep_ancient_frog.vmdl,,设计，未接入游戏
780,30,剧毒异虫,4,机械术士,原生四套,1.5,0.55,0.825,models/heroes/venomancer/venomancer.vmdl,31295,设计，未接入游戏
781,31,猎王群狼,4,棘刺背冠＋额心宝石,原生主体＋自定义饰物,1.5,0.95,1.425,models/items/lycan/wolves/hunter_kings_wolves/hunter_kings_wolves.vmdl,,设计，未接入游戏
782,32,荒原灵熊,4,晶棘背脊＋胸口宝石,原生主体＋自定义饰物,1.5,0.65,0.975,models/heroes/lone_druid/spirit_bear.vmdl,,设计，未接入游戏
783,33,戴明战兽,4,晶棘鬃冠＋额心宝石,原生主体＋自定义饰物,1.5,0.72,1.08,models/items/beastmaster/boar/beast_deming/beast_deming.vmdl,,设计，未接入游戏
784,34,墓卫魔像,4,短晶棘翼冠＋胸前宝石,原生主体＋自定义饰物,1.5,0.7,1.05,models/items/visage/ti9_cache_visage_pit_guard_familiar/ti9_cache_visage_pit_guard_familiar.vmdl,,设计，未接入游戏
785,35,冥界毒龙,4,遗魂飞蛇,原生四套,1.5,0.83,1.245,models/heroes/viper/viper.vmdl,27571,设计，未接入游戏
786,36,荒林战狼,4,棘刺背冠＋额心宝石,原生主体＋自定义饰物,1.5,0.94,1.41,models/heroes/lycan/summon_wolves.vmdl,,设计，未接入游戏
787,37,松果异怪,4,晶棘树冠＋种核宝石,原生主体＋自定义饰物,1.5,0.57,0.855,models/creeps/pine_cone/pine_cone.vmdl,,设计，未接入游戏
788,38,石像鬼,4,短晶棘翼冠＋胸前宝石,原生主体＋自定义饰物,1.5,0.83,1.245,models/heroes/visage/visage_familiar.vmdl,,设计，未接入游戏
789,39,精灵幼龙,4,幻梦往昔,原生四套,1.5,1.0,1.5,models/heroes/puck/puck.vmdl,20576,设计，未接入游戏
790,40,双头巨龙,4,先祖传承,原生四套,1.5,0.71,1.065,models/heroes/jakiro/jakiro.vmdl,29124,设计，未接入游戏
791,41,地狱熊,4,晶棘背脊＋胸口宝石,原生主体＋自定义饰物,1.5,0.71,1.065,models/creeps/neutral_creeps/n_creep_furbolg/n_creep_furbolg_disrupter.vmdl,,设计，未接入游戏
792,42,织梦异虫,4,维度穿梭者,原生四套,1.5,1.07,1.605,models/heroes/weaver/weaver.vmdl,21811,设计，未接入游戏
793,43,沙海巨蝎,4,黑沙之神,原生四套,1.5,0.72,1.08,models/heroes/sand_king/sand_king.vmdl,21846,设计，未接入游戏
794,44,不灭火鸟,4,星辰贤者,原生四套,1.5,0.71,1.065,models/heroes/phoenix/phoenix_bird.vmdl,32927,设计，未接入游戏
795,45,育母巨蛛,4,Arachnid Anathema,原生四套,1.5,0.91,1.365,models/heroes/broodmother/broodmother.vmdl,34523,设计，未接入游戏
796,46,不朽魔像,4,短晶棘翼冠＋胸前宝石,原生主体＋自定义饰物,1.5,0.66,0.99,models/items/visage/immortal_familiar/immortal_familiar.vmdl,,设计，未接入游戏
797,47,黑巢巨龙,4,晶棘龙冠＋喉部宝石,原生主体＋自定义饰物,1.5,0.47,0.705,models/creeps/neutral_creeps/n_creep_black_dragon/n_creep_black_dragon.vmdl,,设计，未接入游戏
798,48,年兽,4,晶棘兽冠＋额心宝石,原生主体＋自定义饰物,1.5,0.26,0.39,models/creeps/nian/nian_creep.vmdl,,设计，未接入游戏
799,49,远古巨兽,4,垂涎宝箱,原生四套,1.5,0.48,0.72,models/heroes/primal_beast/primal_beast_base.vmdl,33304,设计，未接入游戏
800,50,肉山异兽,4,晶棘肩冠＋胸口宝石,原生主体＋自定义饰物,1.5,0.33,0.495,models/creeps/roshan_monster/roshan_monster.vmdl,,设计，未接入游戏
801,1,灰鬃狼,1,原生鬃毛与牙齿,原生主体＋自定义饰物,1.5,1.16,1.74,models/creeps/neutral_creeps/n_creep_worg_small/n_creep_worg_small.vmdl,,设计，未接入游戏
802,2,幼蛛,1,原生甲壳与蛛腿,原生主体＋自定义饰物,1.5,0.87,1.305,models/heroes/broodmother/spiderling.vmdl,,设计，未接入游戏
803,3,林间蛙兽,1,原生皮肤与背部纹理,原生主体＋自定义饰物,1.5,0.58,0.87,models/creeps/neutral_creeps/n_creep_froglet/n_creep_froglet.vmdl,,设计，未接入游戏
804,4,荒野豪猪,1,原生獠牙与鬃毛,原生主体＋自定义饰物,1.5,0.66,0.99,models/heroes/beastmaster/beastmaster_beast.vmdl,,设计，未接入游戏
805,5,远古岩兽,1,原生岩质皮肤,原生主体＋自定义饰物,1.5,0.71,1.065,models/creeps/neutral_creeps/n_creep_beast/n_creep_beast.vmdl,,设计，未接入游戏
806,6,毒泡蝌蚪,1,原生头身与尾鳍,原生主体＋自定义饰物,1.5,0.83,1.245,models/creeps/neutral_creeps/n_creep_tadpole/n_creep_tadpole_ranged_v2.vmdl,,设计，未接入游戏
807,7,冰川爬蛛,1,原生甲壳与蛛腿,原生主体＋自定义饰物,1.5,0.62,0.93,models/items/broodmother/spiderling/the_glacial_creeper_creepling/the_glacial_creeper_creepling.vmdl,,设计，未接入游戏
808,8,荒漠秃鹫,1,原生喙爪与羽翼,原生主体＋自定义饰物,1.5,0.64,0.96,models/creeps/neutral_creeps/n_creep_vulture_a/n_creep_vulture_a.vmdl,,设计，未接入游戏
809,9,幼雷蜥,1,原生皮鳞与尖角,原生主体＋自定义饰物,1.5,0.56,0.84,models/creeps/neutral_creeps/n_creep_thunder_lizard/n_creep_thunder_lizard_small.vmdl,,设计，未接入游戏
810,10,雷霆巨蜥,1,原生皮鳞与尖角,原生主体＋自定义饰物,1.5,0.48,0.72,models/creeps/neutral_creeps/n_creep_thunder_lizard/n_creep_thunder_lizard_big.vmdl,,设计，未接入游戏
811,11,血月猎狼,1,原生鬃毛与牙齿,原生主体＋自定义饰物,1.5,0.93,1.395,models/items/lycan/wolves/blood_moon_hunter_wolves/blood_moon_hunter_wolves.vmdl,,设计，未接入游戏
812,12,琥珀幼蛛,1,原生甲壳与蛛腿,原生主体＋自定义饰物,1.5,0.82,1.23,models/items/broodmother/spiderling/amber_queen_spiderling_2/amber_queen_spiderling_2.vmdl,,设计，未接入游戏
813,13,兽王恐龙,1,原生獠牙与鬃毛,原生主体＋自定义饰物,1.5,0.64,0.96,models/items/beastmaster/boar/ti9_cache_beast_master_dinosaurs_telepathy_beast/ti9_cache_beast_master_dinosaurs_telepathy_beast.vmdl,,设计，未接入游戏
814,14,盲穴鼹兽,1,原生鼻爪与短毛,原生主体＋自定义饰物,1.5,0.68,1.02,models/creeps/neutral_creeps/n_creep_eimermole/n_creep_eimermole.vmdl,,设计，未接入游戏
815,15,黑巢幼龙,1,原生龙角与鳞翼,原生主体＋自定义饰物,1.5,0.48,0.72,models/creeps/neutral_creeps/n_creep_black_drake/n_creep_black_drake.vmdl,,设计，未接入游戏
816,16,霜夜战狼,1,原生鬃毛与牙齿,原生主体＋自定义饰物,1.5,0.91,1.365,models/items/lycan/wolves/frostivus2018_lycan_winter_snow_wolf_wolves/frostivus2018_lycan_winter_snow_wolf_wolves.vmdl,,设计，未接入游戏
817,17,冰川虫蛛,1,原生甲壳与蛛腿,原生主体＋自定义饰物,1.5,0.5,0.75,models/items/broodmother/spiderling/pale_cyclopean_spiderling/pale_cyclopean_spiderling.vmdl,,设计，未接入游戏
818,18,北境战猪,1,原生獠牙与鬃毛,原生主体＋自定义饰物,1.5,0.61,0.915,models/items/beastmaster/boar/legacy_of_the_nords_battle_boar/legacy_of_the_nords_battle_boar.vmdl,,设计，未接入游戏
819,19,荷鲁斯灵鸟,1,原生石甲与翼角,原生主体＋自定义饰物,1.5,0.71,1.065,models/items/visage/eye_of_holus_familiar/eye_of_holus_familiar.vmdl,,设计，未接入游戏
820,20,寒冬飞龙,1,原生默认,原生四套,1.5,0.62,0.93,models/heroes/winterwyvern/winterwyvern.vmdl,native_default,设计，未接入游戏
821,21,冰川狼群,1,原生鬃毛与牙齿,原生主体＋自定义饰物,1.5,0.89,1.335,models/items/lycan/wolves/icewrack_pack/icewrack_pack.vmdl,,设计，未接入游戏
822,22,机械幼蛛,1,原生甲壳与蛛腿,原生主体＋自定义饰物,1.5,0.65,0.975,models/items/broodmother/spiderling/broodmother_silksong_machine_spiderling/broodmother_silksong_machine_spiderling.vmdl,,设计，未接入游戏
823,23,尖啸剃背兽,1,原生獠牙与鬃毛,原生主体＋自定义饰物,1.5,0.69,1.035,models/items/beastmaster/boar/shrieking_razorback/shrieking_razorback.vmdl,,设计，未接入游戏
824,24,霜翼魔像,1,原生石甲与翼角,原生主体＋自定义饰物,1.5,0.71,1.065,models/items/visage/frostivus2018_visage_frostbitten_wing_familiars/frostivus2018_visage_frostbitten_wing_familiars.vmdl,,设计，未接入游戏
825,25,司夜甲虫,1,原生默认,原生四套,1.5,0.91,1.365,models/heroes/nerubian_assassin/nerubian_assassin.vmdl,native_default,设计，未接入游戏
826,26,武士战狼,1,原生鬃毛与牙齿,原生主体＋自定义饰物,1.5,0.88,1.32,models/items/lycan/wolves/_werewolf_samurai_wolves_v1/_werewolf_samurai_wolves_v1.vmdl,,设计，未接入游戏
827,27,野性猎犬,1,原生獠牙与鬃毛,原生主体＋自定义饰物,1.5,0.67,1.005,models/items/beastmaster/boar/beast_heart_marauder_beast_heart_marauder_warhound/beast_heart_marauder_beast_heart_marauder_warhound.vmdl,,设计，未接入游戏
828,28,灵魂守卫魔像,1,原生石甲与翼角,原生主体＋自定义饰物,1.5,0.75,1.125,models/items/visage/bound_of_the_soul_keeper_familiar/bound_of_the_soul_keeper_familiar.vmdl,,设计，未接入游戏
829,29,远古巨蛙,1,原生皮肤与背部纹理,原生主体＋自定义饰物,1.5,0.54,0.81,models/creeps/neutral_creeps/n_creep_ancient_frog/n_creep_ancient_frog.vmdl,,设计，未接入游戏
830,30,剧毒异虫,1,原生默认,原生四套,1.5,0.55,0.825,models/heroes/venomancer/venomancer.vmdl,native_default,设计，未接入游戏
831,31,猎王群狼,1,原生鬃毛与牙齿,原生主体＋自定义饰物,1.5,0.95,1.425,models/items/lycan/wolves/hunter_kings_wolves/hunter_kings_wolves.vmdl,,设计，未接入游戏
832,32,荒原灵熊,1,原生皮毛与利爪,原生主体＋自定义饰物,1.5,0.65,0.975,models/heroes/lone_druid/spirit_bear.vmdl,,设计，未接入游戏
833,33,戴明战兽,1,原生獠牙与鬃毛,原生主体＋自定义饰物,1.5,0.72,1.08,models/items/beastmaster/boar/beast_deming/beast_deming.vmdl,,设计，未接入游戏
834,34,墓卫魔像,1,原生石甲与翼角,原生主体＋自定义饰物,1.5,0.7,1.05,models/items/visage/ti9_cache_visage_pit_guard_familiar/ti9_cache_visage_pit_guard_familiar.vmdl,,设计，未接入游戏
835,35,冥界毒龙,1,原生默认,原生四套,1.5,0.83,1.245,models/heroes/viper/viper.vmdl,native_default,设计，未接入游戏
836,36,荒林战狼,1,原生鬃毛与牙齿,原生主体＋自定义饰物,1.5,0.94,1.41,models/heroes/lycan/summon_wolves.vmdl,,设计，未接入游戏
837,37,松果异怪,1,原生木鳞与枝叶,原生主体＋自定义饰物,1.5,0.57,0.855,models/creeps/pine_cone/pine_cone.vmdl,,设计，未接入游戏
838,38,石像鬼,1,原生石甲与翼角,原生主体＋自定义饰物,1.5,0.83,1.245,models/heroes/visage/visage_familiar.vmdl,,设计，未接入游戏
839,39,精灵幼龙,1,原生默认,原生四套,1.5,1.0,1.5,models/heroes/puck/puck.vmdl,native_default,设计，未接入游戏
840,40,双头巨龙,1,原生默认,原生四套,1.5,0.71,1.065,models/heroes/jakiro/jakiro.vmdl,native_default,设计，未接入游戏
841,41,地狱熊,1,原生皮毛与利爪,原生主体＋自定义饰物,1.5,0.71,1.065,models/creeps/neutral_creeps/n_creep_furbolg/n_creep_furbolg_disrupter.vmdl,,设计，未接入游戏
842,42,织梦异虫,1,原生默认,原生四套,1.5,1.07,1.605,models/heroes/weaver/weaver.vmdl,native_default,设计，未接入游戏
843,43,沙海巨蝎,1,原生默认,原生四套,1.5,0.72,1.08,models/heroes/sand_king/sand_king.vmdl,native_default,设计，未接入游戏
844,44,不灭火鸟,1,原生默认,原生四套,1.5,0.71,1.065,models/heroes/phoenix/phoenix_bird.vmdl,native_default,设计，未接入游戏
845,45,育母巨蛛,1,原生默认,原生四套,1.5,0.91,1.365,models/heroes/broodmother/broodmother.vmdl,native_default,设计，未接入游戏
846,46,不朽魔像,1,原生石甲与翼角,原生主体＋自定义饰物,1.5,0.66,0.99,models/items/visage/immortal_familiar/immortal_familiar.vmdl,,设计，未接入游戏
847,47,黑巢巨龙,1,原生龙角与鳞翼,原生主体＋自定义饰物,1.5,0.47,0.705,models/creeps/neutral_creeps/n_creep_black_dragon/n_creep_black_dragon.vmdl,,设计，未接入游戏
848,48,年兽,1,原生兽角与背鳞,原生主体＋自定义饰物,1.5,0.26,0.39,models/creeps/nian/nian_creep.vmdl,,设计，未接入游戏
849,49,远古巨兽,1,原生默认,原生四套,1.5,0.48,0.72,models/heroes/primal_beast/primal_beast_base.vmdl,native_default,设计，未接入游戏
850,50,肉山异兽,1,原生角刺与胸甲,原生主体＋自定义饰物,1.5,0.33,0.495,models/creeps/roshan_monster/roshan_monster.vmdl,,设计，未接入游戏
851,1,灰鬃狼,2,额前双骨角,原生主体＋自定义饰物,1.5,1.16,1.74,models/creeps/neutral_creeps/n_creep_worg_small/n_creep_worg_small.vmdl,,设计，未接入游戏
852,2,幼蛛,2,背部骨甲,原生主体＋自定义饰物,1.5,0.87,1.305,models/heroes/broodmother/spiderling.vmdl,,设计，未接入游戏
853,3,林间蛙兽,2,短骨背甲,原生主体＋自定义饰物,1.5,0.58,0.87,models/creeps/neutral_creeps/n_creep_froglet/n_creep_froglet.vmdl,,设计，未接入游戏
854,4,荒野豪猪,2,双侧短骨护角,原生主体＋自定义饰物,1.5,0.66,0.99,models/heroes/beastmaster/beastmaster_beast.vmdl,,设计，未接入游戏
855,5,远古岩兽,2,肩背骨甲,原生主体＋自定义饰物,1.5,0.71,1.065,models/creeps/neutral_creeps/n_creep_beast/n_creep_beast.vmdl,,设计，未接入游戏
856,6,毒泡蝌蚪,2,头部双短骨角,原生主体＋自定义饰物,1.5,0.83,1.245,models/creeps/neutral_creeps/n_creep_tadpole/n_creep_tadpole_ranged_v2.vmdl,,设计，未接入游戏
857,7,冰川爬蛛,2,背部骨甲,原生主体＋自定义饰物,1.5,0.62,0.93,models/items/broodmother/spiderling/the_glacial_creeper_creepling/the_glacial_creeper_creepling.vmdl,,设计，未接入游戏
858,8,荒漠秃鹫,2,胸前骨护片,原生主体＋自定义饰物,1.5,0.64,0.96,models/creeps/neutral_creeps/n_creep_vulture_a/n_creep_vulture_a.vmdl,,设计，未接入游戏
859,9,幼雷蜥,2,后颈骨角,原生主体＋自定义饰物,1.5,0.56,0.84,models/creeps/neutral_creeps/n_creep_thunder_lizard/n_creep_thunder_lizard_small.vmdl,,设计，未接入游戏
860,10,雷霆巨蜥,2,后颈骨角,原生主体＋自定义饰物,1.5,0.48,0.72,models/creeps/neutral_creeps/n_creep_thunder_lizard/n_creep_thunder_lizard_big.vmdl,,设计，未接入游戏
861,11,血月猎狼,2,额前双骨角,原生主体＋自定义饰物,1.5,0.93,1.395,models/items/lycan/wolves/blood_moon_hunter_wolves/blood_moon_hunter_wolves.vmdl,,设计，未接入游戏
862,12,琥珀幼蛛,2,背部骨甲,原生主体＋自定义饰物,1.5,0.82,1.23,models/items/broodmother/spiderling/amber_queen_spiderling_2/amber_queen_spiderling_2.vmdl,,设计，未接入游戏
863,13,兽王恐龙,2,双侧短骨护角,原生主体＋自定义饰物,1.5,0.64,0.96,models/items/beastmaster/boar/ti9_cache_beast_master_dinosaurs_telepathy_beast/ti9_cache_beast_master_dinosaurs_telepathy_beast.vmdl,,设计，未接入游戏
864,14,盲穴鼹兽,2,背脊短骨甲,原生主体＋自定义饰物,1.5,0.68,1.02,models/creeps/neutral_creeps/n_creep_eimermole/n_creep_eimermole.vmdl,,设计，未接入游戏
865,15,黑巢幼龙,2,后颈双骨角,原生主体＋自定义饰物,1.5,0.48,0.72,models/creeps/neutral_creeps/n_creep_black_drake/n_creep_black_drake.vmdl,,设计，未接入游戏
866,16,霜夜战狼,2,额前双骨角,原生主体＋自定义饰物,1.5,0.91,1.365,models/items/lycan/wolves/frostivus2018_lycan_winter_snow_wolf_wolves/frostivus2018_lycan_winter_snow_wolf_wolves.vmdl,,设计，未接入游戏
867,17,冰川虫蛛,2,背部骨甲,原生主体＋自定义饰物,1.5,0.5,0.75,models/items/broodmother/spiderling/pale_cyclopean_spiderling/pale_cyclopean_spiderling.vmdl,,设计，未接入游戏
868,18,北境战猪,2,双侧短骨护角,原生主体＋自定义饰物,1.5,0.61,0.915,models/items/beastmaster/boar/legacy_of_the_nords_battle_boar/legacy_of_the_nords_battle_boar.vmdl,,设计，未接入游戏
869,19,荷鲁斯灵鸟,2,胸前骨护甲,原生主体＋自定义饰物,1.5,0.71,1.065,models/items/visage/eye_of_holus_familiar/eye_of_holus_familiar.vmdl,,设计，未接入游戏
870,20,寒冬飞龙,2,严霜之心,原生四套,1.5,0.62,0.93,models/heroes/winterwyvern/winterwyvern.vmdl,20963,设计，未接入游戏
871,21,冰川狼群,2,额前双骨角,原生主体＋自定义饰物,1.5,0.89,1.335,models/items/lycan/wolves/icewrack_pack/icewrack_pack.vmdl,,设计，未接入游戏
872,22,机械幼蛛,2,背部骨甲,原生主体＋自定义饰物,1.5,0.65,0.975,models/items/broodmother/spiderling/broodmother_silksong_machine_spiderling/broodmother_silksong_machine_spiderling.vmdl,,设计，未接入游戏
873,23,尖啸剃背兽,2,双侧短骨护角,原生主体＋自定义饰物,1.5,0.69,1.035,models/items/beastmaster/boar/shrieking_razorback/shrieking_razorback.vmdl,,设计，未接入游戏
874,24,霜翼魔像,2,胸前骨护甲,原生主体＋自定义饰物,1.5,0.71,1.065,models/items/visage/frostivus2018_visage_frostbitten_wing_familiars/frostivus2018_visage_frostbitten_wing_familiars.vmdl,,设计，未接入游戏
875,25,司夜甲虫,2,隐匿虫巢壳甲套装,原生四套,1.5,0.91,1.365,models/heroes/nerubian_assassin/nerubian_assassin.vmdl,20133,设计，未接入游戏
876,26,武士战狼,2,额前双骨角,原生主体＋自定义饰物,1.5,0.88,1.32,models/items/lycan/wolves/_werewolf_samurai_wolves_v1/_werewolf_samurai_wolves_v1.vmdl,,设计，未接入游戏
877,27,野性猎犬,2,双侧短骨护角,原生主体＋自定义饰物,1.5,0.67,1.005,models/items/beastmaster/boar/beast_heart_marauder_beast_heart_marauder_warhound/beast_heart_marauder_beast_heart_marauder_warhound.vmdl,,设计，未接入游戏
878,28,灵魂守卫魔像,2,胸前骨护甲,原生主体＋自定义饰物,1.5,0.75,1.125,models/items/visage/bound_of_the_soul_keeper_familiar/bound_of_the_soul_keeper_familiar.vmdl,,设计，未接入游戏
879,29,远古巨蛙,2,短骨背甲,原生主体＋自定义饰物,1.5,0.54,0.81,models/creeps/neutral_creeps/n_creep_ancient_frog/n_creep_ancient_frog.vmdl,,设计，未接入游戏
880,30,剧毒异虫,2,Venomancer Slime,原生四套,1.5,0.55,0.825,models/heroes/venomancer/venomancer.vmdl,21943,设计，未接入游戏
881,31,猎王群狼,2,额前双骨角,原生主体＋自定义饰物,1.5,0.95,1.425,models/items/lycan/wolves/hunter_kings_wolves/hunter_kings_wolves.vmdl,,设计，未接入游戏
882,32,荒原灵熊,2,双肩短骨护片,原生主体＋自定义饰物,1.5,0.65,0.975,models/heroes/lone_druid/spirit_bear.vmdl,,设计，未接入游戏
883,33,戴明战兽,2,双侧短骨护角,原生主体＋自定义饰物,1.5,0.72,1.08,models/items/beastmaster/boar/beast_deming/beast_deming.vmdl,,设计，未接入游戏
884,34,墓卫魔像,2,胸前骨护甲,原生主体＋自定义饰物,1.5,0.7,1.05,models/items/visage/ti9_cache_visage_pit_guard_familiar/ti9_cache_visage_pit_guard_familiar.vmdl,,设计，未接入游戏
885,35,冥界毒龙,2,冥霜之印,原生四套,1.5,0.83,1.245,models/heroes/viper/viper.vmdl,21172,设计，未接入游戏
886,36,荒林战狼,2,额前双骨角,原生主体＋自定义饰物,1.5,0.94,1.41,models/heroes/lycan/summon_wolves.vmdl,,设计，未接入游戏
887,37,松果异怪,2,骨棘枝冠,原生主体＋自定义饰物,1.5,0.57,0.855,models/creeps/pine_cone/pine_cone.vmdl,,设计，未接入游戏
888,38,石像鬼,2,胸前骨护甲,原生主体＋自定义饰物,1.5,0.83,1.245,models/heroes/visage/visage_familiar.vmdl,,设计，未接入游戏
889,39,精灵幼龙,2,古灵精怪,原生四套,1.5,1.0,1.5,models/heroes/puck/puck.vmdl,20410,设计，未接入游戏
890,40,双头巨龙,2,上古之合,原生四套,1.5,0.71,1.065,models/heroes/jakiro/jakiro.vmdl,21153,设计，未接入游戏
891,41,地狱熊,2,双肩短骨护片,原生主体＋自定义饰物,1.5,0.71,1.065,models/creeps/neutral_creeps/n_creep_furbolg/n_creep_furbolg_disrupter.vmdl,,设计，未接入游戏
892,42,织梦异虫,2,焊烬壳甲套装,原生四套,1.5,1.07,1.605,models/heroes/weaver/weaver.vmdl,20136,设计，未接入游戏
893,43,沙海巨蝎,2,卡尔丁的祭典壳甲套装,原生四套,1.5,0.72,1.08,models/heroes/sand_king/sand_king.vmdl,20119,设计，未接入游戏
894,44,不灭火鸟,2,赤金涅槃,原生四套,1.5,0.71,1.065,models/heroes/phoenix/phoenix_bird.vmdl,21147,设计，未接入游戏
895,45,育母巨蛛,2,球腹蛛,原生四套,1.5,0.91,1.365,models/heroes/broodmother/broodmother.vmdl,20962,设计，未接入游戏
896,46,不朽魔像,2,胸前骨护甲,原生主体＋自定义饰物,1.5,0.66,0.99,models/items/visage/immortal_familiar/immortal_familiar.vmdl,,设计，未接入游戏
897,47,黑巢巨龙,2,后颈双骨角,原生主体＋自定义饰物,1.5,0.47,0.705,models/creeps/neutral_creeps/n_creep_black_dragon/n_creep_black_dragon.vmdl,,设计，未接入游戏
898,48,年兽,2,骨角兽冠,原生主体＋自定义饰物,1.5,0.26,0.39,models/creeps/nian/nian_creep.vmdl,,设计，未接入游戏
899,49,远古巨兽,2,炎狱巨兽,原生四套,1.5,0.48,0.72,models/heroes/primal_beast/primal_beast_base.vmdl,26799,设计，未接入游戏
900,50,肉山异兽,2,肩部骨甲,原生主体＋自定义饰物,1.5,0.33,0.495,models/creeps/roshan_monster/roshan_monster.vmdl,,设计，未接入游戏
901,1,灰鬃狼,3,肩背晶簇,原生主体＋自定义饰物,1.5,1.16,1.74,models/creeps/neutral_creeps/n_creep_worg_small/n_creep_worg_small.vmdl,,设计，未接入游戏
902,2,幼蛛,3,甲壳晶簇,原生主体＋自定义饰物,1.5,0.87,1.305,models/heroes/broodmother/spiderling.vmdl,,设计，未接入游戏
903,3,林间蛙兽,3,背部晶冠,原生主体＋自定义饰物,1.5,0.58,0.87,models/creeps/neutral_creeps/n_creep_froglet/n_creep_froglet.vmdl,,设计，未接入游戏
904,4,荒野豪猪,3,肩背晶簇,原生主体＋自定义饰物,1.5,0.66,0.99,models/heroes/beastmaster/beastmaster_beast.vmdl,,设计，未接入游戏
905,5,远古岩兽,3,脊背晶簇,原生主体＋自定义饰物,1.5,0.71,1.065,models/creeps/neutral_creeps/n_creep_beast/n_creep_beast.vmdl,,设计，未接入游戏
906,6,毒泡蝌蚪,3,头顶晶簇,原生主体＋自定义饰物,1.5,0.83,1.245,models/creeps/neutral_creeps/n_creep_tadpole/n_creep_tadpole_ranged_v2.vmdl,,设计，未接入游戏
907,7,冰川爬蛛,3,甲壳晶簇,原生主体＋自定义饰物,1.5,0.62,0.93,models/items/broodmother/spiderling/the_glacial_creeper_creepling/the_glacial_creeper_creepling.vmdl,,设计，未接入游戏
908,8,荒漠秃鹫,3,翼根晶簇,原生主体＋自定义饰物,1.5,0.64,0.96,models/creeps/neutral_creeps/n_creep_vulture_a/n_creep_vulture_a.vmdl,,设计，未接入游戏
909,9,幼雷蜥,3,背脊晶簇,原生主体＋自定义饰物,1.5,0.56,0.84,models/creeps/neutral_creeps/n_creep_thunder_lizard/n_creep_thunder_lizard_small.vmdl,,设计，未接入游戏
910,10,雷霆巨蜥,3,背脊晶簇,原生主体＋自定义饰物,1.5,0.48,0.72,models/creeps/neutral_creeps/n_creep_thunder_lizard/n_creep_thunder_lizard_big.vmdl,,设计，未接入游戏
911,11,血月猎狼,3,肩背晶簇,原生主体＋自定义饰物,1.5,0.93,1.395,models/items/lycan/wolves/blood_moon_hunter_wolves/blood_moon_hunter_wolves.vmdl,,设计，未接入游戏
912,12,琥珀幼蛛,3,甲壳晶簇,原生主体＋自定义饰物,1.5,0.82,1.23,models/items/broodmother/spiderling/amber_queen_spiderling_2/amber_queen_spiderling_2.vmdl,,设计，未接入游戏
913,13,兽王恐龙,3,肩背晶簇,原生主体＋自定义饰物,1.5,0.64,0.96,models/items/beastmaster/boar/ti9_cache_beast_master_dinosaurs_telepathy_beast/ti9_cache_beast_master_dinosaurs_telepathy_beast.vmdl,,设计，未接入游戏
914,14,盲穴鼹兽,3,肩部晶簇,原生主体＋自定义饰物,1.5,0.68,1.02,models/creeps/neutral_creeps/n_creep_eimermole/n_creep_eimermole.vmdl,,设计，未接入游戏
915,15,黑巢幼龙,3,翼根晶簇,原生主体＋自定义饰物,1.5,0.48,0.72,models/creeps/neutral_creeps/n_creep_black_drake/n_creep_black_drake.vmdl,,设计，未接入游戏
916,16,霜夜战狼,3,肩背晶簇,原生主体＋自定义饰物,1.5,0.91,1.365,models/items/lycan/wolves/frostivus2018_lycan_winter_snow_wolf_wolves/frostivus2018_lycan_winter_snow_wolf_wolves.vmdl,,设计，未接入游戏
917,17,冰川虫蛛,3,甲壳晶簇,原生主体＋自定义饰物,1.5,0.5,0.75,models/items/broodmother/spiderling/pale_cyclopean_spiderling/pale_cyclopean_spiderling.vmdl,,设计，未接入游戏
918,18,北境战猪,3,肩背晶簇,原生主体＋自定义饰物,1.5,0.61,0.915,models/items/beastmaster/boar/legacy_of_the_nords_battle_boar/legacy_of_the_nords_battle_boar.vmdl,,设计，未接入游戏
919,19,荷鲁斯灵鸟,3,胸肩晶簇,原生主体＋自定义饰物,1.5,0.71,1.065,models/items/visage/eye_of_holus_familiar/eye_of_holus_familiar.vmdl,,设计，未接入游戏
920,20,寒冬飞龙,3,无尽苦痛强流,原生四套,1.5,0.62,0.93,models/heroes/winterwyvern/winterwyvern.vmdl,22878,设计，未接入游戏
921,21,冰川狼群,3,肩背晶簇,原生主体＋自定义饰物,1.5,0.89,1.335,models/items/lycan/wolves/icewrack_pack/icewrack_pack.vmdl,,设计，未接入游戏
922,22,机械幼蛛,3,甲壳晶簇,原生主体＋自定义饰物,1.5,0.65,0.975,models/items/broodmother/spiderling/broodmother_silksong_machine_spiderling/broodmother_silksong_machine_spiderling.vmdl,,设计，未接入游戏
923,23,尖啸剃背兽,3,肩背晶簇,原生主体＋自定义饰物,1.5,0.69,1.035,models/items/beastmaster/boar/shrieking_razorback/shrieking_razorback.vmdl,,设计，未接入游戏
924,24,霜翼魔像,3,胸肩晶簇,原生主体＋自定义饰物,1.5,0.71,1.065,models/items/visage/frostivus2018_visage_frostbitten_wing_familiars/frostivus2018_visage_frostbitten_wing_familiars.vmdl,,设计，未接入游戏
925,25,司夜甲虫,3,陨星碎晶,原生四套,1.5,0.91,1.365,models/heroes/nerubian_assassin/nerubian_assassin.vmdl,21785,设计，未接入游戏
926,26,武士战狼,3,肩背晶簇,原生主体＋自定义饰物,1.5,0.88,1.32,models/items/lycan/wolves/_werewolf_samurai_wolves_v1/_werewolf_samurai_wolves_v1.vmdl,,设计，未接入游戏
927,27,野性猎犬,3,肩背晶簇,原生主体＋自定义饰物,1.5,0.67,1.005,models/items/beastmaster/boar/beast_heart_marauder_beast_heart_marauder_warhound/beast_heart_marauder_beast_heart_marauder_warhound.vmdl,,设计，未接入游戏
928,28,灵魂守卫魔像,3,胸肩晶簇,原生主体＋自定义饰物,1.5,0.75,1.125,models/items/visage/bound_of_the_soul_keeper_familiar/bound_of_the_soul_keeper_familiar.vmdl,,设计，未接入游戏
929,29,远古巨蛙,3,背部晶冠,原生主体＋自定义饰物,1.5,0.54,0.81,models/creeps/neutral_creeps/n_creep_ancient_frog/n_creep_ancient_frog.vmdl,,设计，未接入游戏
930,30,剧毒异虫,3,恶性环蛇的腐化,原生四套,1.5,0.55,0.825,models/heroes/venomancer/venomancer.vmdl,21119,设计，未接入游戏
931,31,猎王群狼,3,肩背晶簇,原生主体＋自定义饰物,1.5,0.95,1.425,models/items/lycan/wolves/hunter_kings_wolves/hunter_kings_wolves.vmdl,,设计，未接入游戏
932,32,荒原灵熊,3,肩背晶冠,原生主体＋自定义饰物,1.5,0.65,0.975,models/heroes/lone_druid/spirit_bear.vmdl,,设计，未接入游戏
933,33,戴明战兽,3,肩背晶簇,原生主体＋自定义饰物,1.5,0.72,1.08,models/items/beastmaster/boar/beast_deming/beast_deming.vmdl,,设计，未接入游戏
934,34,墓卫魔像,3,胸肩晶簇,原生主体＋自定义饰物,1.5,0.7,1.05,models/items/visage/ti9_cache_visage_pit_guard_familiar/ti9_cache_visage_pit_guard_familiar.vmdl,,设计，未接入游戏
935,35,冥界毒龙,3,冥祸寒鸣,原生四套,1.5,0.83,1.245,models/heroes/viper/viper.vmdl,21892,设计，未接入游戏
936,36,荒林战狼,3,肩背晶簇,原生主体＋自定义饰物,1.5,0.94,1.41,models/heroes/lycan/summon_wolves.vmdl,,设计，未接入游戏
937,37,松果异怪,3,顶部晶芽,原生主体＋自定义饰物,1.5,0.57,0.855,models/creeps/pine_cone/pine_cone.vmdl,,设计，未接入游戏
938,38,石像鬼,3,胸肩晶簇,原生主体＋自定义饰物,1.5,0.83,1.245,models/heroes/visage/visage_familiar.vmdl,,设计，未接入游戏
939,39,精灵幼龙,3,冬蛾撩乱,原生四套,1.5,1.0,1.5,models/heroes/puck/puck.vmdl,29160,设计，未接入游戏
940,40,双头巨龙,3,灼霜尖齿,原生四套,1.5,0.71,1.065,models/heroes/jakiro/jakiro.vmdl,29200,设计，未接入游戏
941,41,地狱熊,3,肩背晶冠,原生主体＋自定义饰物,1.5,0.71,1.065,models/creeps/neutral_creeps/n_creep_furbolg/n_creep_furbolg_disrupter.vmdl,,设计，未接入游戏
942,42,织梦异虫,3,群星联赛第8赛季,原生四套,1.5,1.07,1.605,models/heroes/weaver/weaver.vmdl,20541,设计，未接入游戏
943,43,沙海巨蝎,3,霜噬沙丘霸主,原生四套,1.5,0.72,1.08,models/heroes/sand_king/sand_king.vmdl,21303,设计，未接入游戏
944,44,不灭火鸟,3,熔火之诞的狂怒,原生四套,1.5,0.71,1.065,models/heroes/phoenix/phoenix_bird.vmdl,21224,设计，未接入游戏
945,45,育母巨蛛,3,火山庇荫,原生四套,1.5,0.91,1.365,models/heroes/broodmother/broodmother.vmdl,23654,设计，未接入游戏
946,46,不朽魔像,3,胸肩晶簇,原生主体＋自定义饰物,1.5,0.66,0.99,models/items/visage/immortal_familiar/immortal_familiar.vmdl,,设计，未接入游戏
947,47,黑巢巨龙,3,翼根晶簇,原生主体＋自定义饰物,1.5,0.47,0.705,models/creeps/neutral_creeps/n_creep_black_dragon/n_creep_black_dragon.vmdl,,设计，未接入游戏
948,48,年兽,3,肩背晶簇,原生主体＋自定义饰物,1.5,0.26,0.39,models/creeps/nian/nian_creep.vmdl,,设计，未接入游戏
949,49,远古巨兽,3,史前掠食者,原生四套,1.5,0.48,0.72,models/heroes/primal_beast/primal_beast_base.vmdl,33465,设计，未接入游戏
950,50,肉山异兽,3,双肩晶簇,原生主体＋自定义饰物,1.5,0.33,0.495,models/creeps/roshan_monster/roshan_monster.vmdl,,设计，未接入游戏
951,1,灰鬃狼,4,棘刺背冠＋额心宝石,原生主体＋自定义饰物,1.5,1.16,1.74,models/creeps/neutral_creeps/n_creep_worg_small/n_creep_worg_small.vmdl,,设计，未接入游戏
952,2,幼蛛,4,晶棘背冠＋腹部宝石,原生主体＋自定义饰物,1.5,0.87,1.305,models/heroes/broodmother/spiderling.vmdl,,设计，未接入游戏
953,3,林间蛙兽,4,短晶棘背冠＋额心宝石,原生主体＋自定义饰物,1.5,0.58,0.87,models/creeps/neutral_creeps/n_creep_froglet/n_creep_froglet.vmdl,,设计，未接入游戏
954,4,荒野豪猪,4,晶棘鬃冠＋额心宝石,原生主体＋自定义饰物,1.5,0.66,0.99,models/heroes/beastmaster/beastmaster_beast.vmdl,,设计，未接入游戏
955,5,远古岩兽,4,晶棘背脊＋胸前宝石,原生主体＋自定义饰物,1.5,0.71,1.065,models/creeps/neutral_creeps/n_creep_beast/n_creep_beast.vmdl,,设计，未接入游戏
956,6,毒泡蝌蚪,4,尾根短晶棘＋头部宝石,原生主体＋自定义饰物,1.5,0.83,1.245,models/creeps/neutral_creeps/n_creep_tadpole/n_creep_tadpole_ranged_v2.vmdl,,设计，未接入游戏
957,7,冰川爬蛛,4,晶棘背冠＋腹部宝石,原生主体＋自定义饰物,1.5,0.62,0.93,models/items/broodmother/spiderling/the_glacial_creeper_creepling/the_glacial_creeper_creepling.vmdl,,设计，未接入游戏
958,8,荒漠秃鹫,4,短晶棘羽冠＋胸前宝石,原生主体＋自定义饰物,1.5,0.64,0.96,models/creeps/neutral_creeps/n_creep_vulture_a/n_creep_vulture_a.vmdl,,设计，未接入游戏
959,9,幼雷蜥,4,晶棘高脊＋喉口宝石,原生主体＋自定义饰物,1.5,0.56,0.84,models/creeps/neutral_creeps/n_creep_thunder_lizard/n_creep_thunder_lizard_small.vmdl,,设计，未接入游戏
960,10,雷霆巨蜥,4,晶棘高脊＋喉口宝石,原生主体＋自定义饰物,1.5,0.48,0.72,models/creeps/neutral_creeps/n_creep_thunder_lizard/n_creep_thunder_lizard_big.vmdl,,设计，未接入游戏
961,11,血月猎狼,4,棘刺背冠＋额心宝石,原生主体＋自定义饰物,1.5,0.93,1.395,models/items/lycan/wolves/blood_moon_hunter_wolves/blood_moon_hunter_wolves.vmdl,,设计，未接入游戏
962,12,琥珀幼蛛,4,晶棘背冠＋腹部宝石,原生主体＋自定义饰物,1.5,0.82,1.23,models/items/broodmother/spiderling/amber_queen_spiderling_2/amber_queen_spiderling_2.vmdl,,设计，未接入游戏
963,13,兽王恐龙,4,晶棘鬃冠＋额心宝石,原生主体＋自定义饰物,1.5,0.64,0.96,models/items/beastmaster/boar/ti9_cache_beast_master_dinosaurs_telepathy_beast/ti9_cache_beast_master_dinosaurs_telepathy_beast.vmdl,,设计，未接入游戏
964,14,盲穴鼹兽,4,晶棘背冠＋额心宝石,原生主体＋自定义饰物,1.5,0.68,1.02,models/creeps/neutral_creeps/n_creep_eimermole/n_creep_eimermole.vmdl,,设计，未接入游戏
965,15,黑巢幼龙,4,晶棘龙冠＋喉部宝石,原生主体＋自定义饰物,1.5,0.48,0.72,models/creeps/neutral_creeps/n_creep_black_drake/n_creep_black_drake.vmdl,,设计，未接入游戏
966,16,霜夜战狼,4,棘刺背冠＋额心宝石,原生主体＋自定义饰物,1.5,0.91,1.365,models/items/lycan/wolves/frostivus2018_lycan_winter_snow_wolf_wolves/frostivus2018_lycan_winter_snow_wolf_wolves.vmdl,,设计，未接入游戏
967,17,冰川虫蛛,4,晶棘背冠＋腹部宝石,原生主体＋自定义饰物,1.5,0.5,0.75,models/items/broodmother/spiderling/pale_cyclopean_spiderling/pale_cyclopean_spiderling.vmdl,,设计，未接入游戏
968,18,北境战猪,4,晶棘鬃冠＋额心宝石,原生主体＋自定义饰物,1.5,0.61,0.915,models/items/beastmaster/boar/legacy_of_the_nords_battle_boar/legacy_of_the_nords_battle_boar.vmdl,,设计，未接入游戏
969,19,荷鲁斯灵鸟,4,短晶棘翼冠＋胸前宝石,原生主体＋自定义饰物,1.5,0.71,1.065,models/items/visage/eye_of_holus_familiar/eye_of_holus_familiar.vmdl,,设计，未接入游戏
970,20,寒冬飞龙,4,极光之棘,原生四套,1.5,0.62,0.93,models/heroes/winterwyvern/winterwyvern.vmdl,21818,设计，未接入游戏
971,21,冰川狼群,4,棘刺背冠＋额心宝石,原生主体＋自定义饰物,1.5,0.89,1.335,models/items/lycan/wolves/icewrack_pack/icewrack_pack.vmdl,,设计，未接入游戏
972,22,机械幼蛛,4,晶棘背冠＋腹部宝石,原生主体＋自定义饰物,1.5,0.65,0.975,models/items/broodmother/spiderling/broodmother_silksong_machine_spiderling/broodmother_silksong_machine_spiderling.vmdl,,设计，未接入游戏
973,23,尖啸剃背兽,4,晶棘鬃冠＋额心宝石,原生主体＋自定义饰物,1.5,0.69,1.035,models/items/beastmaster/boar/shrieking_razorback/shrieking_razorback.vmdl,,设计，未接入游戏
974,24,霜翼魔像,4,短晶棘翼冠＋胸前宝石,原生主体＋自定义饰物,1.5,0.71,1.065,models/items/visage/frostivus2018_visage_frostbitten_wing_familiars/frostivus2018_visage_frostbitten_wing_familiars.vmdl,,设计，未接入游戏
975,25,司夜甲虫,4,Mesmer-Eye,原生四套,1.5,0.91,1.365,models/items/nerubian_assassin/nyx_monster/nyx_monster_base.vmdl,34581,设计，未接入游戏
976,26,武士战狼,4,棘刺背冠＋额心宝石,原生主体＋自定义饰物,1.5,0.88,1.32,models/items/lycan/wolves/_werewolf_samurai_wolves_v1/_werewolf_samurai_wolves_v1.vmdl,,设计，未接入游戏
977,27,野性猎犬,4,晶棘鬃冠＋额心宝石,原生主体＋自定义饰物,1.5,0.67,1.005,models/items/beastmaster/boar/beast_heart_marauder_beast_heart_marauder_warhound/beast_heart_marauder_beast_heart_marauder_warhound.vmdl,,设计，未接入游戏
978,28,灵魂守卫魔像,4,短晶棘翼冠＋胸前宝石,原生主体＋自定义饰物,1.5,0.75,1.125,models/items/visage/bound_of_the_soul_keeper_familiar/bound_of_the_soul_keeper_familiar.vmdl,,设计，未接入游戏
979,29,远古巨蛙,4,短晶棘背冠＋额心宝石,原生主体＋自定义饰物,1.5,0.54,0.81,models/creeps/neutral_creeps/n_creep_ancient_frog/n_creep_ancient_frog.vmdl,,设计，未接入游戏
980,30,剧毒异虫,4,机械术士,原生四套,1.5,0.55,0.825,models/heroes/venomancer/venomancer.vmdl,31295,设计，未接入游戏
981,31,猎王群狼,4,棘刺背冠＋额心宝石,原生主体＋自定义饰物,1.5,0.95,1.425,models/items/lycan/wolves/hunter_kings_wolves/hunter_kings_wolves.vmdl,,设计，未接入游戏
982,32,荒原灵熊,4,晶棘背脊＋胸口宝石,原生主体＋自定义饰物,1.5,0.65,0.975,models/heroes/lone_druid/spirit_bear.vmdl,,设计，未接入游戏
983,33,戴明战兽,4,晶棘鬃冠＋额心宝石,原生主体＋自定义饰物,1.5,0.72,1.08,models/items/beastmaster/boar/beast_deming/beast_deming.vmdl,,设计，未接入游戏
984,34,墓卫魔像,4,短晶棘翼冠＋胸前宝石,原生主体＋自定义饰物,1.5,0.7,1.05,models/items/visage/ti9_cache_visage_pit_guard_familiar/ti9_cache_visage_pit_guard_familiar.vmdl,,设计，未接入游戏
985,35,冥界毒龙,4,遗魂飞蛇,原生四套,1.5,0.83,1.245,models/heroes/viper/viper.vmdl,27571,设计，未接入游戏
986,36,荒林战狼,4,棘刺背冠＋额心宝石,原生主体＋自定义饰物,1.5,0.94,1.41,models/heroes/lycan/summon_wolves.vmdl,,设计，未接入游戏
987,37,松果异怪,4,晶棘树冠＋种核宝石,原生主体＋自定义饰物,1.5,0.57,0.855,models/creeps/pine_cone/pine_cone.vmdl,,设计，未接入游戏
988,38,石像鬼,4,短晶棘翼冠＋胸前宝石,原生主体＋自定义饰物,1.5,0.83,1.245,models/heroes/visage/visage_familiar.vmdl,,设计，未接入游戏
989,39,精灵幼龙,4,幻梦往昔,原生四套,1.5,1.0,1.5,models/heroes/puck/puck.vmdl,20576,设计，未接入游戏
990,40,双头巨龙,4,先祖传承,原生四套,1.5,0.71,1.065,models/heroes/jakiro/jakiro.vmdl,29124,设计，未接入游戏
991,41,地狱熊,4,晶棘背脊＋胸口宝石,原生主体＋自定义饰物,1.5,0.71,1.065,models/creeps/neutral_creeps/n_creep_furbolg/n_creep_furbolg_disrupter.vmdl,,设计，未接入游戏
992,42,织梦异虫,4,维度穿梭者,原生四套,1.5,1.07,1.605,models/heroes/weaver/weaver.vmdl,21811,设计，未接入游戏
993,43,沙海巨蝎,4,黑沙之神,原生四套,1.5,0.72,1.08,models/heroes/sand_king/sand_king.vmdl,21846,设计，未接入游戏
994,44,不灭火鸟,4,星辰贤者,原生四套,1.5,0.71,1.065,models/heroes/phoenix/phoenix_bird.vmdl,32927,设计，未接入游戏
995,45,育母巨蛛,4,Arachnid Anathema,原生四套,1.5,0.91,1.365,models/heroes/broodmother/broodmother.vmdl,34523,设计，未接入游戏
996,46,不朽魔像,4,短晶棘翼冠＋胸前宝石,原生主体＋自定义饰物,1.5,0.66,0.99,models/items/visage/immortal_familiar/immortal_familiar.vmdl,,设计，未接入游戏
997,47,黑巢巨龙,4,晶棘龙冠＋喉部宝石,原生主体＋自定义饰物,1.5,0.47,0.705,models/creeps/neutral_creeps/n_creep_black_dragon/n_creep_black_dragon.vmdl,,设计，未接入游戏
998,48,年兽,4,晶棘兽冠＋额心宝石,原生主体＋自定义饰物,1.5,0.26,0.39,models/creeps/nian/nian_creep.vmdl,,设计，未接入游戏
999,49,远古巨兽,4,垂涎宝箱,原生四套,1.5,0.48,0.72,models/heroes/primal_beast/primal_beast_base.vmdl,33304,设计，未接入游戏
1000,50,肉山异兽,4,晶棘肩冠＋胸口宝石,原生主体＋自定义饰物,1.5,0.33,0.495,models/creeps/roshan_monster/roshan_monster.vmdl,,设计，未接入游戏
