原始路径,字节数,尺寸,含透明像素,分类,SHA256,新共用ID,迁移方式
lottery_ui_handoff/approved_reference.png,2632703,"[1672, 941]",False,legacy_review_only,251a2dd1a586e03554a1935beecabcb9e33faf71944f698decf48356a44542b2,,保留原包；只在需要时接入
lottery_ui_handoff/assets/button_gold.svg,454,,,legacy_review_only,ce9fcc5712b16a5913df72caba6bbdc0c0dfd6aa35315c05c9d134713b1906b6,button.gold.normal,replace_with_shared_component
lottery_ui_handoff/assets/button_gold_concept.png,1694153,"[1983, 793]",False,legacy_review_only,ce565765bd3be17ccf49fb367095e6a79ec0e3aeffe60096d5664f237d6067af,,保留原包；只在需要时接入
lottery_ui_handoff/assets/button_ivory.svg,454,,,legacy_review_only,42e944c1ea19220a1aac569e2c391ce972213cd9786588225dce0af5a222a142,button.ivory.normal,replace_with_shared_component
lottery_ui_handoff/assets/button_ivory_concept.png,1088592,"[2172, 724]",False,legacy_review_only,edde82204607a52b9999d21a90b0bb7ca11979f63f8452c2a6ace8a3b8a077d9,,保留原包；只在需要时接入
lottery_ui_handoff/assets/card_back.png,3098780,"[1024, 1536]",False,legacy_review_only,7ddbab8632b97b927c441aefcf19edebc7e39367c72b51642797b3acb41a2a58,,保留原包；只在需要时接入
lottery_ui_handoff/assets/card_front.png,1912875,"[1024, 1536]",False,legacy_review_only,71dcb000590225eb8f5bcbfc9bbfc587dc60cc88f23ffe5e686d2c2fa24c1950,,保留原包；只在需要时接入
lottery_ui_handoff/assets/pool_panel.png,1808147,"[1448, 1086]",False,legacy_review_only,212cf98db9094f01feabc0976f886821c05537a2565e255d9c8e5db10a832083,,保留原包；只在需要时接入
lottery_ui_handoff/assets/scene_clean.png,2702458,"[1672, 941]",False,legacy_review_only,ed3ffd239298351b94bb0f44a064fced050ac31e8c6a7ed1e2bee197cbc65ffb,scene.treasure,identical_bytes_alias
lottery_ui_handoff/icons/checkbox_off.svg,242,,,legacy_review_only,6dc28a059a6d49ec30fa614f3208e4a60f4054f4af83b25ac186cb16f991744b,checkbox.off,replace_semantic_reference_after_visual_check
lottery_ui_handoff/icons/checkbox_on.svg,272,,,legacy_review_only,5d4efdf8672828bf097e61ad31ec8bc0c1b9d060da57572462f9214f8ec04c9a,checkbox.on.normal,replace_semantic_reference_after_visual_check
lottery_ui_handoff/icons/chevron.svg,221,,,legacy_review_only,610ae85824a2fd3fd1396dc02aba6b127f62297f52b444b69e773dd4d1dd8261,,保留原包；只在需要时接入
lottery_ui_handoff/icons/close.svg,227,,,legacy_review_only,b96b9f054a7535bb9616a0977360382a725f08cca55648226d1aa382b6b16837,icon.close,replace_semantic_reference_after_visual_check
lottery_ui_handoff/icons/history.svg,298,,,legacy_review_only,c8db0e56d20dabb1081faad5d5d5d971e62701ed6eda517cf09c36a62fff2cdf,icon.history,replace_semantic_reference_after_visual_check
lottery_ui_handoff/icons/plus.svg,221,,,legacy_review_only,a975e95f156c1ce252d923850a3249b529ce8e1f59700cf5299fb42a0960caef,icon.add,replace_semantic_reference_after_visual_check
lottery_ui_handoff/icons/pool.svg,280,,,legacy_review_only,e84f59737b12c4b7461839dbf6330e8eebdb6501f43aa8c2ede4ad2568d94fba,icon.pool_details,replace_semantic_reference_after_visual_check
lottery_ui_handoff/icons/sound.svg,268,,,legacy_review_only,b1c21100fd84b1dffba808354b8a12b0818c51fd9385b92003f1bef45dc330fd,,保留原包；只在需要时接入
lottery_ui_handoff/icons/star.svg,250,,,legacy_review_only,16bbe1814ed06537a90c4d208542e7677278f22502d7d78b5ebd4a19bb69bcdb,,保留原包；只在需要时接入
lottery_ui_handoff/icons/ticket.svg,285,,,legacy_review_only,9264ece7a632c807bf4611eabfaf0893cdf41d041ee5a40523f47065d67a2b8d,icon.ticket,replace_semantic_reference_after_visual_check
lottery_ui_handoff/single_draw_motion.svg,7737890,,,legacy_review_only,77968f9bbc1945cf5d5bd497e3f90e210db0f0a5b05525acb2e881bfb3f9d0df,,保留原包；只在需要时接入
lottery_ui_handoff/ten_draw_motion.svg,44936535,,,legacy_review_only,7153425415aa09bafa517aa5644e3088f5294ed98f66de3b92a8bc41d527a52c,,保留原包；只在需要时接入
lottery_ui_handoff_v2/approved_reference.png,2632703,"[1672, 941]",False,legacy_review_only,251a2dd1a586e03554a1935beecabcb9e33faf71944f698decf48356a44542b2,,保留原包；只在需要时接入
lottery_ui_handoff_v2/assets/button_gold.svg,454,,,legacy_review_only,ce9fcc5712b16a5913df72caba6bbdc0c0dfd6aa35315c05c9d134713b1906b6,button.gold.normal,replace_with_shared_component
lottery_ui_handoff_v2/assets/button_gold_concept.png,1694153,"[1983, 793]",False,legacy_review_only,ce565765bd3be17ccf49fb367095e6a79ec0e3aeffe60096d5664f237d6067af,,保留原包；只在需要时接入
lottery_ui_handoff_v2/assets/button_ivory.svg,454,,,legacy_review_only,42e944c1ea19220a1aac569e2c391ce972213cd9786588225dce0af5a222a142,button.ivory.normal,replace_with_shared_component
lottery_ui_handoff_v2/assets/button_ivory_concept.png,1088592,"[2172, 724]",False,legacy_review_only,edde82204607a52b9999d21a90b0bb7ca11979f63f8452c2a6ace8a3b8a077d9,,保留原包；只在需要时接入
lottery_ui_handoff_v2/assets/card_back.png,3098780,"[1024, 1536]",False,legacy_review_only,7ddbab8632b97b927c441aefcf19edebc7e39367c72b51642797b3acb41a2a58,,保留原包；只在需要时接入
lottery_ui_handoff_v2/assets/card_front.png,1912875,"[1024, 1536]",False,legacy_review_only,71dcb000590225eb8f5bcbfc9bbfc587dc60cc88f23ffe5e686d2c2fa24c1950,,保留原包；只在需要时接入
lottery_ui_handoff_v2/assets/pool_panel.png,1808147,"[1448, 1086]",False,legacy_review_only,212cf98db9094f01feabc0976f886821c05537a2565e255d9c8e5db10a832083,,保留原包；只在需要时接入
lottery_ui_handoff_v2/assets/scene_clean.png,2702458,"[1672, 941]",False,legacy_review_only,ed3ffd239298351b94bb0f44a064fced050ac31e8c6a7ed1e2bee197cbc65ffb,scene.treasure,candidate_requires_visual_check
lottery_ui_handoff_v2/icons/announcement.svg,268,,,legacy_review_only,b1c21100fd84b1dffba808354b8a12b0818c51fd9385b92003f1bef45dc330fd,,保留原包；只在需要时接入
lottery_ui_handoff_v2/icons/check.svg,221,,,legacy_review_only,16fd2f02244a3b7528beb6d49d3a1a6adaccbbf11ab1b514f02945f5ae15a810,,保留原包；只在需要时接入
lottery_ui_handoff_v2/icons/checkbox_off.svg,242,,,legacy_review_only,6dc28a059a6d49ec30fa614f3208e4a60f4054f4af83b25ac186cb16f991744b,checkbox.off,replace_semantic_reference_after_visual_check
lottery_ui_handoff_v2/icons/checkbox_on.svg,272,,,legacy_review_only,5d4efdf8672828bf097e61ad31ec8bc0c1b9d060da57572462f9214f8ec04c9a,checkbox.on.normal,replace_semantic_reference_after_visual_check
lottery_ui_handoff_v2/icons/chevron.svg,221,,,legacy_review_only,610ae85824a2fd3fd1396dc02aba6b127f62297f52b444b69e773dd4d1dd8261,,保留原包；只在需要时接入
lottery_ui_handoff_v2/icons/close.svg,227,,,legacy_review_only,b96b9f054a7535bb9616a0977360382a725f08cca55648226d1aa382b6b16837,icon.close,replace_semantic_reference_after_visual_check
lottery_ui_handoff_v2/icons/gift.svg,339,,,legacy_review_only,ac0f08f691cf5ee7962ddb4962cd9cc261a956154c448b9928854dab99e3ac39,icon.nav.benefit,replace_semantic_reference_after_visual_check
lottery_ui_handoff_v2/icons/history.svg,298,,,legacy_review_only,c8db0e56d20dabb1081faad5d5d5d971e62701ed6eda517cf09c36a62fff2cdf,icon.history,replace_semantic_reference_after_visual_check
lottery_ui_handoff_v2/icons/info.svg,253,,,legacy_review_only,0a1e81647b0c78c12e3214c4e5f397cdbd07094d015b3d4a72c8c4d829487d15,,保留原包；只在需要时接入
lottery_ui_handoff_v2/icons/plus.svg,221,,,legacy_review_only,a975e95f156c1ce252d923850a3249b529ce8e1f59700cf5299fb42a0960caef,icon.add,replace_semantic_reference_after_visual_check
lottery_ui_handoff_v2/icons/pool.svg,280,,,legacy_review_only,e84f59737b12c4b7461839dbf6330e8eebdb6501f43aa8c2ede4ad2568d94fba,icon.pool_details,replace_semantic_reference_after_visual_check
lottery_ui_handoff_v2/icons/refresh.svg,239,,,legacy_review_only,e34beff219f8929f4d529cadd0e7eaef14a6903c140ab443ec375deda5625286,,保留原包；只在需要时接入
lottery_ui_handoff_v2/icons/sound.svg,268,,,legacy_review_only,b1c21100fd84b1dffba808354b8a12b0818c51fd9385b92003f1bef45dc330fd,,保留原包；只在需要时接入
lottery_ui_handoff_v2/icons/star.svg,250,,,legacy_review_only,16bbe1814ed06537a90c4d208542e7677278f22502d7d78b5ebd4a19bb69bcdb,,保留原包；只在需要时接入
lottery_ui_handoff_v2/icons/ticket.svg,285,,,legacy_review_only,9264ece7a632c807bf4611eabfaf0893cdf41d041ee5a40523f47065d67a2b8d,icon.ticket,replace_semantic_reference_after_visual_check
lottery_ui_handoff_v2/pool_details_reference.png,1944721,"[1672, 941]",False,legacy_review_only,4975b8655d79ead669d090b1d58b0df8513ee9d54a9fe5323224c62ccfc6f4df,,保留原包；只在需要时接入
lottery_ui_handoff_v2/single_draw_motion.svg,7737890,,,legacy_review_only,77968f9bbc1945cf5d5bd497e3f90e210db0f0a5b05525acb2e881bfb3f9d0df,,保留原包；只在需要时接入
lottery_ui_handoff_v2/ten_draw_motion.svg,44936535,,,legacy_review_only,7153425415aa09bafa517aa5644e3088f5294ed98f66de3b92a8bc41d527a52c,,保留原包；只在需要时接入
lottery_ui_v3/01_exact_crops/announcement.png,9227,"[145, 40]",False,reference_only,98010eb723fc8c36674e0d9cb941e5488a2709e4ac23a6fda01accc41b6cfbe4,,保留原包；只在需要时接入
lottery_ui_v3/01_exact_crops/card_cell.png,32920,"[167, 157]",False,reference_only,e39295f68b9b81a25c8560b78740263a5a695936fc75f3afb59e94b4c86c4fb3,,保留原包；只在需要时接入
lottery_ui_v3/01_exact_crops/card_label.png,5211,"[105, 28]",False,reference_only,13683cf0de090d1f0c30f0a36b6d97eed2ba23c15df9770f6e4a87c4d5bf5765,,保留原包；只在需要时接入
lottery_ui_v3/01_exact_crops/card_medallion.png,20224,"[137, 109]",False,reference_only,713a0b7cd90b44251c331972c69e8e995393ad19449c68042709f489ca8ecd4c,,保留原包；只在需要时接入
lottery_ui_v3/01_exact_crops/currency_bar.png,15999,"[198, 51]",False,reference_only,872750a41401611f0999b0583ecd3a7a7b4adaae82cda41b90b6291706699a0d,,保留原包；只在需要时接入
lottery_ui_v3/01_exact_crops/currency_plus.png,1579,"[22, 33]",False,reference_only,29dfda1819354160fa3acc76e41cdaec555661c9a27dafb924fe1a77eb5ee700,,保留原包；只在需要时接入
lottery_ui_v3/01_exact_crops/currency_ticket.png,4861,"[53, 47]",False,reference_only,f6d8efb990a0eebc6f709f370f1fade1ef7f4d5bf7df9c77ba4ba8a0ebb8cdb7,,保留原包；只在需要时接入
lottery_ui_v3/01_exact_crops/guarantee_pill.png,25763,"[354, 55]",False,reference_only,f260a5653a9ec80b34576d45ed7932da39e911c8de2376796798f40a3d952aa9,,保留原包；只在需要时接入
lottery_ui_v3/01_exact_crops/history_entry.png,11292,"[159, 47]",False,reference_only,ad62fdfed223dfa155b4d3a09b674705202f169f0ca17417ac32a1fd482c7dfe,,保留原包；只在需要时接入
lottery_ui_v3/01_exact_crops/history_icon.png,2886,"[37, 43]",False,reference_only,1a9842ef7a979f908828823ab4cbe9f68ae1d5e06b205a2607b89b0bf140897c,,保留原包；只在需要时接入
lottery_ui_v3/01_exact_crops/legacy_sidebar_archive.png,6298,"[48, 76]",False,reference_only,65a9eae4b4657b7c5da767a5e424b2824f824af76395624319931f496d802fae,,保留原包；只在需要时接入
lottery_ui_v3/01_exact_crops/legacy_sidebar_bag.png,6977,"[46, 77]",False,reference_only,f65e8df6ec88be70a0e1eeac1a7da4b8588c961b0e8701ee251f4156071693a4,,保留原包；只在需要时接入
lottery_ui_v3/01_exact_crops/legacy_sidebar_building.png,7179,"[47, 79]",False,reference_only,23d08aa5b9dea457f07e0aae884e5922f0ca32f8d1f2d00e00bd3d51e19fa6c6,,保留原包；只在需要时接入
lottery_ui_v3/01_exact_crops/legacy_sidebar_lottery.png,17988,"[94, 108]",False,reference_only,f148ac2485fee37d659c74b6883434c087b37e5437a2d4de7722e70a8da36e57,,保留原包；只在需要时接入
lottery_ui_v3/01_exact_crops/main_badge.png,5267,"[82, 34]",False,reference_only,7f607598eacdfc1938a488828f87013a6e88ad66fbced6e66e553063053c5da3,,保留原包；只在需要时接入
lottery_ui_v3/01_exact_crops/main_pool_tab.png,13280,"[151, 62]",False,reference_only,e0d238eafb76ad5cb45a007249efaecb92b6a2cffe5dacf2020b31f955f8fcc7,,保留原包；只在需要时接入
lottery_ui_v3/01_exact_crops/modal_close.png,3524,"[39, 43]",False,reference_only,e49fc2a4fa260d4503b6000f59adb2b0d00e2b021b57c4d1ce781db1694b24e9,,保留原包；只在需要时接入
lottery_ui_v3/01_exact_crops/modal_corner_bl.png,3654,"[44, 44]",False,reference_only,e1872d0cc09e130fc93f4dadd6f6a95c65de322885b7c4db7082be7564a1bdf2,,保留原包；只在需要时接入
lottery_ui_v3/01_exact_crops/modal_corner_br.png,3518,"[44, 44]",False,reference_only,341e04df3ce1ed4e5cf4d4a4159d165e1f27e93aad481cb8d6a27f02435d10f6,,保留原包；只在需要时接入
lottery_ui_v3/01_exact_crops/modal_corner_tl.png,3788,"[44, 44]",False,reference_only,a798be2c415d35adc312389eace485f5ddd7d916770f05d43b26232fbb1d0cfc,,保留原包；只在需要时接入
lottery_ui_v3/01_exact_crops/modal_corner_tr.png,4183,"[44, 44]",False,reference_only,ac3dab6b6cc09a32d7d8bd859ac66b54ddafb7256b236e126172e65abf08eb36,,保留原包；只在需要时接入
lottery_ui_v3/01_exact_crops/modal_title.png,12777,"[155, 47]",False,reference_only,002a2979bab2cb303ccec3d51c033dfb5837a9d781ab696f770bd92ac8024d9d,,保留原包；只在需要时接入
lottery_ui_v3/01_exact_crops/page_logo.png,19769,"[105, 108]",False,reference_only,3d3046d12b7c5265be901bc4435f6d8065ec403680552928b87ab38b20bd5484,,保留原包；只在需要时接入
lottery_ui_v3/01_exact_crops/page_title.png,11298,"[137, 42]",False,reference_only,43f82992b990e1c26d728de933f1e3995e26c6da0ae2f406931561df15b9e021,,保留原包；只在需要时接入
lottery_ui_v3/01_exact_crops/pool_details_entry.png,10520,"[153, 46]",False,reference_only,f15a26b8f74d8930cd05ed3bfbb3c8b8bfe153e84f7f4261eb8e3ccbb4d39fa1,,保留原包；只在需要时接入
lottery_ui_v3/01_exact_crops/pool_details_icon.png,2532,"[32, 39]",False,reference_only,f852595c330724b7a097bfe5155fedba7726f008eba53f3ed50823751f1d1182,,保留原包；只在需要时接入
lottery_ui_v3/01_exact_crops/pool_modal.png,581949,"[843, 617]",False,reference_only,5682b9395c34b7adf5ab242fa2b5380b15219580ef1b90f4d68274fe9731140d,,保留原包；只在需要时接入
lottery_ui_v3/01_exact_crops/pool_tab_diamond.png,1031,"[21, 22]",False,reference_only,a2b38dadaf9fe7cbf51785a5512961a34acb54293e3d07a95b48383f0b053f9b,,保留原包；只在需要时接入
lottery_ui_v3/01_exact_crops/pool_tab_fourth.png,13466,"[199, 57]",False,reference_only,bfe979673975714a3ff01a3145b3c3453f95fcc1826e69f1b359bc79e60f1716,,保留原包；只在需要时接入
lottery_ui_v3/01_exact_crops/pool_tab_gold_line.png,5730,"[201, 24]",False,reference_only,fa8c32606450fdcb2532a11868d89d227d9ca1d4122fd38845fee6fe9a440827,,保留原包；只在需要时接入
lottery_ui_v3/01_exact_crops/pool_tab_second.png,13362,"[203, 57]",False,reference_only,b5a8e1365b6fbf916ef58be7d4554587fa2b70c49f37e71f97481247d469a2b5,,保留原包；只在需要时接入
lottery_ui_v3/01_exact_crops/pool_tab_selected.png,15121,"[199, 57]",False,reference_only,27fc956d0ad874b5a5b80acaf9f272e3990b869050d11ac3f969b7b2dd3478a9,,保留原包；只在需要时接入
lottery_ui_v3/01_exact_crops/pool_tab_third.png,12861,"[194, 57]",False,reference_only,efc72e5f63c3c7f184189bec9764da1cfdc1580d0aef1db74040515582eceba5,,保留原包；只在需要时接入
lottery_ui_v3/01_exact_crops/promotion_link.png,14070,"[241, 35]",False,reference_only,641ebe9ab4b0fb0844dd392370788b8fa04097868bb4de253d5ae89697ef45a4,,保留原包；只在需要时接入
lottery_ui_v3/01_exact_crops/purchase_link.png,8629,"[143, 33]",False,reference_only,c871abcc89bab43657db60789eed807e3b152541478801382f256b9d08159a93,,保留原包；只在需要时接入
lottery_ui_v3/01_exact_crops/rules_note.png,21840,"[507, 33]",False,reference_only,1b8419f4bf1c55a8bbdac4419d9fce9e8afa04f9954b5017838e3a0bb6ae0653,,保留原包；只在需要时接入
lottery_ui_v3/01_exact_crops/screen_close.png,3444,"[43, 41]",False,reference_only,079bbbc5acc3b9f0d232136154f256e63d9662cc2dfda09348e27ddc1784cb6e,,保留原包；只在需要时接入
lottery_ui_v3/01_exact_crops/scroll_thumb.png,1881,"[13, 128]",False,reference_only,628fb26bdf936a0f1a86d9fd1eff28dd7dc4ca94c56bf6942f383340b5219b07,,保留原包；只在需要时接入
lottery_ui_v3/01_exact_crops/scroll_track.png,3833,"[13, 316]",False,reference_only,db26e30cee73daf052f9e87d3e5e811de766c851b1970388fd28d378f4da65a0,,保留原包；只在需要时接入
lottery_ui_v3/01_exact_crops/single_button.png,35636,"[310, 73]",False,reference_only,d798c55ea900735c431967b8e6515a9371b33706ff6157ff389322828ccb54a2,,保留原包；只在需要时接入
lottery_ui_v3/01_exact_crops/single_caption.png,3606,"[170, 25]",False,reference_only,65a4a6eaae50288fc91d1ff3fa03b9fd611869e25bef4230167a246afdaded0f,,保留原包；只在需要时接入
lottery_ui_v3/01_exact_crops/single_ticket.png,4632,"[45, 52]",False,reference_only,7c10ca1c0387abc2ccec262b823627bde18e5ffbd603d7005bd35f56b6b60594,,保留原包；只在需要时接入
lottery_ui_v3/01_exact_crops/skip_checkbox.png,1530,"[33, 33]",False,reference_only,d630ece5b49f6e842f186e362c140892f7a475ba301840caf36056b5b06de258,,保留原包；只在需要时接入
lottery_ui_v3/01_exact_crops/skip_entry.png,8645,"[150, 39]",False,reference_only,9ce99a969bfacc65299deea29f475d8929a4b040f9c26ea0127805bc87ca7f07,,保留原包；只在需要时接入
lottery_ui_v3/01_exact_crops/ten_button.png,35518,"[319, 73]",False,reference_only,3b60eca0d03982cb9229d1e77a3bfbb58f706dc4edb6e38b5ab53c5b7b85a298,,保留原包；只在需要时接入
lottery_ui_v3/01_exact_crops/ten_caption.png,3812,"[182, 25]",False,reference_only,93dacc39c4930c3e8b89a99f018812b7887dee0e1722fefedf41b768ae0ed22a,,保留原包；只在需要时接入
lottery_ui_v3/01_exact_crops/ten_ticket.png,4700,"[47, 52]",False,reference_only,63db92154ef58f72c9fd8fa42ed2e6739f66343d259021ac30dca1d634318136,,保留原包；只在需要时接入
lottery_ui_v3/01_exact_crops/title_ornament_left.png,3660,"[66, 34]",False,reference_only,f7710bdc7d4ac265d7aa62c2b1ed1ac27358a1d624fbb61fc6e7041328bbd885,,保留原包；只在需要时接入
lottery_ui_v3/01_exact_crops/title_ornament_right.png,3601,"[67, 34]",False,reference_only,ea52e1938261af93e32131b4b22ebefccd5a96c62f7ebcdd8d9e3f6b82226081,,保留原包；只在需要时接入
lottery_ui_v3/02_rgba_icons/currency_plus_disabled.png,727,"[38, 49]",True,page_specific_or_candidate,ff6ffc27dc957ada5262172da915302de1e1c884d9e829fb121471d52b98971a,,保留原包；只在需要时接入
lottery_ui_v3/02_rgba_icons/currency_plus_hover.png,728,"[38, 49]",True,page_specific_or_candidate,b7f4ea467faf9a9d8e7a4b9dc22a524bedb77adfe638845ef57c7efc86814c66,,保留原包；只在需要时接入
lottery_ui_v3/02_rgba_icons/currency_plus_normal.png,728,"[38, 49]",True,page_specific_or_candidate,0e6f50fd27ea6c43178300a58418480bee282cacb8c829281d2e202546d8f544,icon.add,candidate_requires_visual_check
lottery_ui_v3/02_rgba_icons/currency_plus_pressed.png,736,"[38, 49]",True,page_specific_or_candidate,82e213aa8f44796914d60c329fdedebbaf1698bb92a3f07e9136941b53798b85,,保留原包；只在需要时接入
lottery_ui_v3/02_rgba_icons/history_icon_disabled.png,916,"[53, 59]",True,page_specific_or_candidate,2365da5ea8bb3cc7a3576b58a1648488ca6d81b6c95c1cc97cffc4319a0e90a7,,保留原包；只在需要时接入
lottery_ui_v3/02_rgba_icons/history_icon_hover.png,912,"[53, 59]",True,page_specific_or_candidate,89cae15181ac6a885301d8c91b3508a42f98feee762384c28558f4e582ddb6c3,,保留原包；只在需要时接入
lottery_ui_v3/02_rgba_icons/history_icon_normal.png,913,"[53, 59]",True,page_specific_or_candidate,d7b6605a4f7e9e5b4200f62c5ac51f8ca8234086d9a68dab18032582e3e82e27,icon.history,candidate_requires_visual_check
lottery_ui_v3/02_rgba_icons/history_icon_pressed.png,916,"[53, 59]",True,page_specific_or_candidate,f40df61fb1c5ff6ef443e8cd8d659f130981beb9d3849c78959f00e8cc64c13f,,保留原包；只在需要时接入
lottery_ui_v3/02_rgba_icons/modal_close_disabled.png,810,"[55, 59]",True,page_specific_or_candidate,bf45fdd081bdc2edccfd19aba8161700d686262e88f19e1664534843fe2380b7,icon.close,replace_with_shared_icon_and_state
lottery_ui_v3/02_rgba_icons/modal_close_hover.png,811,"[55, 59]",True,page_specific_or_candidate,a2b65b229f8f50297ad4e52b6946bfb97726b3abd330d38d9a2a04092382abff,icon.close,replace_with_shared_icon_and_state
lottery_ui_v3/02_rgba_icons/modal_close_normal.png,815,"[55, 59]",True,page_specific_or_candidate,877a4ca8a717f6f944ff052c94939864f0baf4db2082e77a349aa1a6ec65d0aa,icon.close,replace_with_shared_icon_and_state
lottery_ui_v3/02_rgba_icons/modal_close_pressed.png,811,"[55, 59]",True,page_specific_or_candidate,a64367b36aa176b0213c8cb39281869f02a0b27f328a804b4b30d1c48a218c89,icon.close,replace_with_shared_icon_and_state
lottery_ui_v3/02_rgba_icons/pool_details_icon_disabled.png,769,"[48, 55]",True,page_specific_or_candidate,e983bd342ad1b6e612887e277e37142ec8ab9714d5efc98ab32b7a7b64f417a7,,保留原包；只在需要时接入
lottery_ui_v3/02_rgba_icons/pool_details_icon_hover.png,776,"[48, 55]",True,page_specific_or_candidate,0176ba887db6819a3e1601260c6df428c11b5454a3360a8d575e8ce82e8e1943,,保留原包；只在需要时接入
lottery_ui_v3/02_rgba_icons/pool_details_icon_normal.png,769,"[48, 55]",True,page_specific_or_candidate,8254c559ad31eb0cfbb39ab8aa66791fa6a69b05fb4e3a1f164751d083b28906,icon.pool_details,candidate_requires_visual_check
lottery_ui_v3/02_rgba_icons/pool_details_icon_pressed.png,770,"[48, 55]",True,page_specific_or_candidate,845ad9ae078961f23f554019c14c474aa04627a1273a4496fda4be2d9267ba02,,保留原包；只在需要时接入
lottery_ui_v3/02_rgba_icons/screen_close_disabled.png,893,"[59, 57]",True,page_specific_or_candidate,30f7c3fb2cf7d705965d77ad8bbe08e336714bcd5eec5ef803801a8344127327,icon.close,replace_with_shared_icon_and_state
lottery_ui_v3/02_rgba_icons/screen_close_hover.png,893,"[59, 57]",True,page_specific_or_candidate,c200e3696f0042bacf3336eb8a83673fa7ba6df3517a62d81b0238255d1b501e,icon.close,replace_with_shared_icon_and_state
lottery_ui_v3/02_rgba_icons/screen_close_normal.png,890,"[59, 57]",True,page_specific_or_candidate,362595a09083b695064c9a8d9e13cf1fa71d1e28b9ea0a965fe99ef4c1dbb83c,icon.close,replace_with_shared_icon_and_state
lottery_ui_v3/02_rgba_icons/screen_close_pressed.png,891,"[59, 57]",True,page_specific_or_candidate,a4dcee209951da37ff59f6e8dd67b1f32e054a7d87669aa6be5a39f3f94caaa5,icon.close,replace_with_shared_icon_and_state
lottery_ui_v3/02_rgba_icons/skip_checkbox_disabled.png,569,"[49, 49]",True,page_specific_or_candidate,9c62b8ffb940a4ff64fd1f304752813bb84611252edbf56f5173d1dc45393694,,保留原包；只在需要时接入
lottery_ui_v3/02_rgba_icons/skip_checkbox_hover.png,560,"[49, 49]",True,page_specific_or_candidate,321d5520d6e06ca0ee23cf5afbed6c52e005bc9eb8f9b714396dffc001af47fc,,保留原包；只在需要时接入
lottery_ui_v3/02_rgba_icons/skip_checkbox_normal.png,560,"[49, 49]",True,page_specific_or_candidate,e03e2975f5b5db48dff14d782a0b3935778808fb8941b7f73e3873c1ca49bcdc,checkbox.off,candidate_requires_visual_check
lottery_ui_v3/02_rgba_icons/skip_checkbox_pressed.png,568,"[49, 49]",True,page_specific_or_candidate,d00054e74011a55fa4f1c2b5508f842f482e3f37bb9bdb54cae12448647a691f,,保留原包；只在需要时接入
lottery_ui_v3/02_rgba_icons/title_ornament_left_disabled.png,1051,"[82, 50]",True,page_specific_or_candidate,fb43969ea6b43fac259cc889373c81756244ad2cf009462ebd687a5f7fc37cb9,,保留原包；只在需要时接入
lottery_ui_v3/02_rgba_icons/title_ornament_left_hover.png,1017,"[82, 50]",True,page_specific_or_candidate,0c8576c6b290bb6adc7f8d192aebade26a622dab725d02af56c890bba5d941d6,,保留原包；只在需要时接入
lottery_ui_v3/02_rgba_icons/title_ornament_left_normal.png,1017,"[82, 50]",True,page_specific_or_candidate,2580ba259a40042194fcc7b0b6a453921ce32f7be979057ac2b5e1473f786e61,,保留原包；只在需要时接入
lottery_ui_v3/02_rgba_icons/title_ornament_left_pressed.png,1035,"[82, 50]",True,page_specific_or_candidate,0eaaa98b32b7d1fabac8f56f7d10ed0fe682320a2db9e7bb13b3c7941a6f853e,,保留原包；只在需要时接入
lottery_ui_v3/02_rgba_icons/title_ornament_right_disabled.png,1051,"[83, 50]",True,page_specific_or_candidate,7379471660763e72383e7255c9875d4fcbb8955d807c0b3be069817114088aa5,,保留原包；只在需要时接入
lottery_ui_v3/02_rgba_icons/title_ornament_right_hover.png,1016,"[83, 50]",True,page_specific_or_candidate,60cb058f298cbe2c672b6e7bf7505322a11357024fa3a740b296c96cbef4ae48,,保留原包；只在需要时接入
lottery_ui_v3/02_rgba_icons/title_ornament_right_normal.png,1015,"[83, 50]",True,page_specific_or_candidate,bf4f287590fe44238790bd29c0f41061deb60c955a0b4f997c4ef8eab1a127f1,,保留原包；只在需要时接入
lottery_ui_v3/02_rgba_icons/title_ornament_right_pressed.png,1032,"[83, 50]",True,page_specific_or_candidate,96fd6c0d3e1e8f90fd662df2f22ce2b7ab488d6f3ec759bd3e471f87b72b1acc,,保留原包；只在需要时接入
lottery_ui_v3/03_states/button_gold_disabled.png,2676,"[312, 72]",True,page_specific_or_candidate,e8ceb401f30cd53978ec2901cbb772a721c81aeece12efab1fefd0eecb556e2f,button.gold.disabled,candidate_requires_visual_check
lottery_ui_v3/03_states/button_gold_disabled.svg,535,,,page_specific_or_candidate,41da28f1bd8d7e1123badf9d61ff4d7bf5501bcae2046ecbceabfef08972590c,,保留原包；只在需要时接入
lottery_ui_v3/03_states/button_gold_hover.png,2587,"[312, 72]",True,page_specific_or_candidate,a67521688089bf8dbc227fe44ebc73c1a42546d04e98e9e5e1fd6b68c8398d84,button.gold.hover,candidate_requires_visual_check
lottery_ui_v3/03_states/button_gold_hover.svg,532,,,page_specific_or_candidate,878b8cf7dfab0ca01006385e7341e2c5585b3dd34496407fafeb5b543f55f25c,,保留原包；只在需要时接入
lottery_ui_v3/03_states/button_gold_normal.png,2688,"[312, 72]",True,page_specific_or_candidate,aa981739abbac606def46fda90cb84b1121d3ccfb8f0b1231291c8c85ec79653,button.gold.normal,candidate_requires_visual_check
lottery_ui_v3/03_states/button_gold_normal.svg,532,,,page_specific_or_candidate,115bcb8bacd5ee1bb25f804d5f0df28020389fc237e6b2bb0b046901ab9bcff0,,保留原包；只在需要时接入
lottery_ui_v3/03_states/button_gold_pressed.png,2905,"[312, 72]",True,page_specific_or_candidate,af73f6a8ae66162266a500603dcc953d5c0f4fe0628f5dab55bb1b94c2975db6,button.gold.pressed,candidate_requires_visual_check
lottery_ui_v3/03_states/button_gold_pressed.svg,532,,,page_specific_or_candidate,d4f8b5a20e68e29adc7b98ee62fefa177129aff8e429c074e76ed81c2f271dcd,,保留原包；只在需要时接入
lottery_ui_v3/03_states/button_ivory_disabled.png,2777,"[312, 72]",True,page_specific_or_candidate,d9854ac76c3122defd68f91e942f48ff77503b7c6d342e2103d9980f1b9d8737,button.ivory.disabled,candidate_requires_visual_check
lottery_ui_v3/03_states/button_ivory_disabled.svg,535,,,page_specific_or_candidate,c0dc49c469a7da7f93055ca5b64d2f287f7ee58bbd1da8274e12df0df72a0521,,保留原包；只在需要时接入
lottery_ui_v3/03_states/button_ivory_hover.png,2607,"[312, 72]",True,page_specific_or_candidate,6c404f335af47cd71cbc855ef02393d5492ccc9f150cda86ec7f06f6ff9e95a0,button.ivory.hover,candidate_requires_visual_check
lottery_ui_v3/03_states/button_ivory_hover.svg,532,,,page_specific_or_candidate,e48b6d1361a1787fd0cff7edef60afeeee4ba41aa02f812e13bb4316c3bfc0ec,,保留原包；只在需要时接入
lottery_ui_v3/03_states/button_ivory_normal.png,2816,"[312, 72]",True,page_specific_or_candidate,b240aa70690d62af0027a4b746d7b1a0dc9cadea48b31c654d26d19d9b01cec9,button.ivory.normal,candidate_requires_visual_check
lottery_ui_v3/03_states/button_ivory_normal.svg,532,,,page_specific_or_candidate,1883377b2db45b8c47b8686f25c64bc13448c02d0e1065cd9a4b7759327d2df3,,保留原包；只在需要时接入
lottery_ui_v3/03_states/button_ivory_pressed.png,2972,"[312, 72]",True,page_specific_or_candidate,30d6552a3f3219ee16f9e78f5544f631053164808f19533e9c08bb9b381069c5,button.ivory.pressed,candidate_requires_visual_check
lottery_ui_v3/03_states/button_ivory_pressed.svg,532,,,page_specific_or_candidate,bd0ccad2df6256f1f2bdaa453bb33dc574e7d659c6ccebd461235f427f1ad314,,保留原包；只在需要时接入
lottery_ui_v3/03_states/card_outline_disabled.png,717,"[167, 157]",True,page_specific_or_candidate,06314585300d8c7c310a1cb34fc256a607cbca1fbc21902d59f3871992741e34,card.border.disabled,candidate_requires_visual_check
lottery_ui_v3/03_states/card_outline_disabled.svg,205,,,page_specific_or_candidate,0322fe0d9f8a4c47c1e701dad8064dc194481c0e765f9df31822d2de7d1df038,,保留原包；只在需要时接入
lottery_ui_v3/03_states/card_outline_hover.png,687,"[167, 157]",True,page_specific_or_candidate,daa146af8157f67a6ec4b3fa46819fe2fec9468398b835f43ce718d72135e532,card.border.hover,candidate_requires_visual_check
lottery_ui_v3/03_states/card_outline_hover.svg,202,,,page_specific_or_candidate,14ac97b32b8b4408658010b40a3ed0bed599aace2cf8bb2f8b9811549c5b302a,,保留原包；只在需要时接入
lottery_ui_v3/03_states/card_outline_normal.png,721,"[167, 157]",True,page_specific_or_candidate,fdd9b3c4e70bca0df1313391b90949292685f6975eb13adac0360f7f44c63b63,card.border.normal,candidate_requires_visual_check
lottery_ui_v3/03_states/card_outline_normal.svg,202,,,page_specific_or_candidate,0395f360f006bfd1db73286140b48e93b51f165e613c8d19a933782188d15fa2,,保留原包；只在需要时接入
lottery_ui_v3/03_states/card_outline_pressed.png,718,"[167, 157]",True,page_specific_or_candidate,9746ec32e3b7f5acbbc8b7150f8b16e17e5454c9dbcd98b9ca7fc0ba8fc2faaf,card.border.pressed,candidate_requires_visual_check
lottery_ui_v3/03_states/card_outline_pressed.svg,202,,,page_specific_or_candidate,fd68c74233b78312488088c857dd7ec122389232dbdd58a62125dc28ef7e6fe9,,保留原包；只在需要时接入
lottery_ui_v3/03_states/card_outline_selected.png,703,"[167, 157]",True,page_specific_or_candidate,ef7789a0df08fecbb867fe1068bc1a26de652c0a0b62599c9550af8048fbb12f,card.border.selected,candidate_requires_visual_check
lottery_ui_v3/03_states/card_outline_selected.svg,300,,,page_specific_or_candidate,826cd42e19e998866c058314681705d1c7ca78c0f0f7394ebacd90d2187ea81a,,保留原包；只在需要时接入
lottery_ui_v3/03_states/checkbox_checked_disabled.png,408,"[33, 33]",True,page_specific_or_candidate,5fb159309ecabe7437f818c78521ab31f7a9360f712e5514b14cc48419fe0cae,checkbox.on.disabled,candidate_requires_visual_check
lottery_ui_v3/03_states/checkbox_checked_disabled.svg,237,,,page_specific_or_candidate,f1c5b9d2f14f62cb7931d34b578bd8172d26c6cb48d95e13374f69e6719d78e3,,保留原包；只在需要时接入
lottery_ui_v3/03_states/checkbox_checked_hover.png,396,"[33, 33]",True,page_specific_or_candidate,a7aa46b115663c50bcd6d595878ec2a2baffc231e8de68feca69b52521ae7257,checkbox.on.hover,candidate_requires_visual_check
lottery_ui_v3/03_states/checkbox_checked_hover.svg,234,,,page_specific_or_candidate,8930c91fd3d085f3933688e51c976fea3aa19eb55b1029e3359d909edaf7ea02,,保留原包；只在需要时接入
lottery_ui_v3/03_states/checkbox_checked_normal.png,415,"[33, 33]",True,page_specific_or_candidate,5f592b24453edf1f55f2cbd0a0eb31b9af7e42c110b38318d7d7b519d5eca693,checkbox.on.normal,candidate_requires_visual_check
lottery_ui_v3/03_states/checkbox_checked_normal.svg,234,,,page_specific_or_candidate,5d553495f3b7a2938d6c2e50c12e49ffe76dc0afa05b26eb1439d1a8b08bfab9,,保留原包；只在需要时接入
lottery_ui_v3/03_states/checkbox_checked_pressed.png,421,"[33, 33]",True,page_specific_or_candidate,d2b1d7852b78b8d5533cc76733f393ffc2e2408b2a2bc576a8ba427630416f69,checkbox.on.pressed,candidate_requires_visual_check
lottery_ui_v3/03_states/checkbox_checked_pressed.svg,234,,,page_specific_or_candidate,7ea3fe2a317400814e246736592305732ddf9f93269b34d2c95975452a503e18,,保留原包；只在需要时接入
lottery_ui_v3/03_states/entry_hover_underline.png,131,"[155, 8]",True,page_specific_or_candidate,487bbe54b95fc1c6d320d00bf69d922d966cf8f9364cb84f93c38a27b06fc8a3,overlay.entry_hover_underline,candidate_requires_visual_check
lottery_ui_v3/03_states/entry_hover_underline.svg,143,,,page_specific_or_candidate,b706c1c24929f3e5e2cf9b360d80a01b6f766d9bd34825da2cbd92832071a990,,保留原包；只在需要时接入
lottery_ui_v3/03_states/tab_hover_overlay.png,149,"[201, 24]",True,page_specific_or_candidate,4aba7e594329381c382c32756206afa877cf7471bd411fcc1c143ccf66470830,overlay.tab_hover_overlay,candidate_requires_visual_check
lottery_ui_v3/03_states/tab_hover_overlay.svg,164,,,page_specific_or_candidate,908199ef5cd17fa8a65b3aaea8026a31447094bd3702829093acb9721e399f35,,保留原包；只在需要时接入
lottery_ui_v3/03_states/tab_selected_overlay.png,967,"[201, 24]",True,page_specific_or_candidate,59dd3c9f52ec19ce3cc787bd46d6376f609dfcf2e818cd55797c455c875c11dc,overlay.tab_selected_overlay,candidate_requires_visual_check
lottery_ui_v3/03_states/tab_selected_overlay.svg,451,,,page_specific_or_candidate,333dd3e39cb0a2416f6c542dc6ff57b8f4de97017171cfe64575b2e5396447dd,,保留原包；只在需要时接入
lottery_ui_v3/03_states/ticket_disabled.png,641,"[48, 48]",True,page_specific_or_candidate,8eb0d957da68cae4578683043703063cee64b12e1e18c6a242a6de19901f7219,,保留原包；只在需要时接入
lottery_ui_v3/03_states/ticket_disabled.svg,319,,,page_specific_or_candidate,b0f77928946df98358af3e620efb0e938b2cb50de89e03dfdcb96bc3f2542113,,保留原包；只在需要时接入
lottery_ui_v3/03_states/ticket_hover.png,611,"[48, 48]",True,page_specific_or_candidate,cee672baab46bdc7c542017927235f1d85edcfcbe04c3e0093994e6be384d0e6,,保留原包；只在需要时接入
lottery_ui_v3/03_states/ticket_hover.svg,316,,,page_specific_or_candidate,207dc0c7e7fb5c9d792e782c1ff9d8e205101d8ccdd0b95c0c2a0c5028df155d,,保留原包；只在需要时接入
lottery_ui_v3/03_states/ticket_normal.png,656,"[48, 48]",True,page_specific_or_candidate,eed8a440cdbf8aab3714b4a04fd9daad562f6735308a2b1bf78ae25b89fd599a,icon.ticket,candidate_requires_visual_check
lottery_ui_v3/03_states/ticket_normal.svg,316,,,page_specific_or_candidate,a4e265c1fa40843af2d04150d6375e3ea8657a2eb4bb813886646c832c3a1f95,,保留原包；只在需要时接入
lottery_ui_v3/03_states/ticket_pressed.png,660,"[48, 48]",True,page_specific_or_candidate,97ecf24873208575aa654599a0e0985a722bf8f8fb46f049706fc2a076a0941e,,保留原包；只在需要时接入
lottery_ui_v3/03_states/ticket_pressed.svg,316,,,page_specific_or_candidate,acf2c8fd9d44f1d77fe6cf43c2628e2a387393d4a50fe701a7afe566a5c61b8b,,保留原包；只在需要时接入
lottery_ui_v3/04_slices/body_texture_sample.png,3343,"[128, 32]",False,page_specific_or_candidate,3209a8b6bf30c11c085de1531a7de511165aa8405ff15ea2eda368eafb4bc0dc,,保留原包；只在需要时接入
lottery_ui_v3/04_slices/card_border_bl.png,720,"[12, 12]",False,page_specific_or_candidate,4c8b0a2407653912788d40d0a5a7dde048e0bc86d985312911d0918407e828cf,,保留原包；只在需要时接入
lottery_ui_v3/04_slices/card_border_bottom.png,1670,"[143, 12]",False,page_specific_or_candidate,1806cb7bf4fce8a14c747938e5e734da634583446bf983e70b017d5beacb230f,,保留原包；只在需要时接入
lottery_ui_v3/04_slices/card_border_br.png,714,"[12, 12]",False,page_specific_or_candidate,93f5f06ef028a918e2ca803d4899e509913c0b42b9d0b2fc6020cd685910c55f,,保留原包；只在需要时接入
lottery_ui_v3/04_slices/card_border_left.png,1479,"[12, 133]",False,page_specific_or_candidate,e3e0ddb2e1483f26eaab45cbcaa7cbcd6d6ed5b62367bd06cb35975086d5b355,,保留原包；只在需要时接入
lottery_ui_v3/04_slices/card_border_right.png,1363,"[12, 133]",False,page_specific_or_candidate,c32c80c9c9d9f79c5964a34461392c82999030a920923bc06e69821d274e9447,,保留原包；只在需要时接入
lottery_ui_v3/04_slices/card_border_tl.png,726,"[12, 12]",False,page_specific_or_candidate,5cd0255eb0bea3d27d7d51383a55eb9a030c6526c61130aaaa3f50e97701515f,,保留原包；只在需要时接入
lottery_ui_v3/04_slices/card_border_top.png,1635,"[143, 12]",False,page_specific_or_candidate,a3b4404df727ffd77cb2469d6be320a6f437367f9ea9ddb9c3bb896c0687c732,,保留原包；只在需要时接入
lottery_ui_v3/04_slices/card_border_tr.png,726,"[12, 12]",False,page_specific_or_candidate,cbcafd652dfbec1cd80974ad088fb96cdf47c5f4e7f026d71997478d55993630,,保留原包；只在需要时接入
lottery_ui_v3/05_reference/source.png,2035419,"[1672, 941]",False,reference_only,01f7d2feec9c064b2661ee11c4551e54256c7a757dda1984bef1580c7b69beda,,保留原包；只在需要时接入
lottery_ui_v3/06_supplement/currency_plus_mask.png,409,"[22, 33]",False,page_specific_or_candidate,008763ba1daf8c7ff72ccd027c315501bcd6a3fc2f9f90d1b7e59a8012bfebd3,,保留原包；只在需要时接入
lottery_ui_v3/06_supplement/history_icon_mask.png,508,"[37, 43]",False,page_specific_or_candidate,27f43d3fa0b1c6935371396e244a01666ea312772a1851cf91526771725c5f7a,,保留原包；只在需要时接入
lottery_ui_v3/06_supplement/modal_close_mask.png,403,"[39, 43]",False,page_specific_or_candidate,4b12f219fb0bdd01099883b847d1adbf212858bc4348e16614c42bf3b2e88139,,保留原包；只在需要时接入
lottery_ui_v3/06_supplement/panel_blank_reconstructed.png,1495275,"[1473, 1068]",False,page_specific_or_candidate,b52546f314dfdef444002d8f26808739575e75419e759c81112aedb443b9667b,,保留原包；只在需要时接入
lottery_ui_v3/06_supplement/pool_details_icon_mask.png,417,"[32, 39]",False,page_specific_or_candidate,709e5b0d4201d3496fa8333816b4676e6fe4086a09ef015d0e7c1f4b421a1702,,保留原包；只在需要时接入
lottery_ui_v3/06_supplement/screen_close_mask.png,453,"[43, 41]",False,page_specific_or_candidate,ebaeb81e6c6f2f521bb78d94972640d5f500e0b2ca5ac25db9e62b69485433d9,,保留原包；只在需要时接入
lottery_ui_v3/06_supplement/skip_checkbox_mask.png,332,"[33, 33]",False,page_specific_or_candidate,5d769359e5f7572ad6992db4cdf6fc7641775b43e98b31f713c417a34e6a7759,,保留原包；只在需要时接入
lottery_ui_v3/06_supplement/thumb_button_gold_hover.png,4969,"[264, 136]",False,page_specific_or_candidate,9d67e064fc2c8be523d4bc7ba2fb965aa4e172c7ca848d91d5b4382892e213c0,,保留原包；只在需要时接入
lottery_ui_v3/06_supplement/thumb_button_gold_normal.png,5031,"[264, 136]",False,page_specific_or_candidate,b1d51bbcd1cef3650c7c1af19a8c3b02ed0b294eb25ce248340301cf0caf2bdf,,保留原包；只在需要时接入
lottery_ui_v3/06_supplement/thumb_button_ivory_hover.png,5110,"[264, 136]",False,page_specific_or_candidate,b6fd84507f73c6626b79d2c8ab80f4e221f765c2f3bac3dac6a1b9cf137f7413,,保留原包；只在需要时接入
lottery_ui_v3/06_supplement/thumb_button_ivory_normal.png,5493,"[264, 136]",False,page_specific_or_candidate,15edcc336c07b642d5aa4c0cde4d5061983c493fcd844b71e881f338702fb44e,,保留原包；只在需要时接入
lottery_ui_v3/06_supplement/thumb_card_outline_hover.png,1332,"[264, 136]",False,page_specific_or_candidate,5cca1a22d8f8983f1877faa7dd1d3340271a97c38b7aad62cf50e95709ae4eba,,保留原包；只在需要时接入
lottery_ui_v3/06_supplement/thumb_card_outline_normal.png,1307,"[264, 136]",False,page_specific_or_candidate,2d9b910fb5a7baa62e237ce07dec1e37bbd1d27f9496b6e80267748e9d928683,,保留原包；只在需要时接入
lottery_ui_v3/06_supplement/thumb_currency_plus_normal.png,4669,"[264, 136]",False,page_specific_or_candidate,6b1a916b818553b589f3e7ca553091b5c57011308f896d1c18ff53e4de5929de,,保留原包；只在需要时接入
lottery_ui_v3/06_supplement/thumb_history_icon_normal.png,4970,"[264, 136]",False,page_specific_or_candidate,3453c1d6ef9317b84ce4fc64ab985fd5f6dd383758c0b6de2b7eb2a6ef68f768,,保留原包；只在需要时接入
lottery_ui_v3/06_supplement/thumb_modal_close_normal.png,4920,"[264, 136]",False,page_specific_or_candidate,28387fd9b4dcb558ac0fb6a8dcacdeb19d52ca86e903d54f57f0f9c810c3f4bb,,保留原包；只在需要时接入
lottery_ui_v3/06_supplement/thumb_pool_details_icon_normal.png,4755,"[264, 136]",False,page_specific_or_candidate,75ffe5f48b0ae7107b5978a60cb335e6722183c3724aa859a0e81c85ccb6e8d1,,保留原包；只在需要时接入
lottery_ui_v3/06_supplement/thumb_screen_close_normal.png,5250,"[264, 136]",False,page_specific_or_candidate,64cee752ac57f27f1712234c7aa25b89a0b0c735a116d8760c2c99f632986309,,保留原包；只在需要时接入
lottery_ui_v3/06_supplement/thumb_skip_checkbox_normal.png,4042,"[264, 136]",False,page_specific_or_candidate,36da0d1daf19c16190956783ed0548731881106b3fc684dbcdd4a8e0ddf3829c,,保留原包；只在需要时接入
lottery_ui_v3/06_supplement/thumb_title_ornament_left_normal.png,6129,"[264, 136]",False,page_specific_or_candidate,343e5429164376b26bbe83e22f830de8d571673f48ebf446be4738654b554804,,保留原包；只在需要时接入
lottery_ui_v3/06_supplement/thumb_title_ornament_right_normal.png,6332,"[264, 136]",False,page_specific_or_candidate,7f5697c438df81f55f4dd184b9fa3c275977e7b5f8af1e8c61dfc3bf7b9bd495,,保留原包；只在需要时接入
lottery_ui_v3/06_supplement/title_ornament_left_mask.png,489,"[66, 34]",False,page_specific_or_candidate,a3c79fe529429a20394899cbd58163042b6691dc7fa9b163c42791d7b6ecefba,,保留原包；只在需要时接入
lottery_ui_v3/06_supplement/title_ornament_right_mask.png,499,"[67, 34]",False,page_specific_or_candidate,611d4e4d07561654c180d70e63a46a393fa97e1a4081830be6e6a8a320b5a974,,保留原包；只在需要时接入
lottery_ui_v3/component_preview.png,70686,"[1120, 912]",False,reference_only,4ca2ecf48a2f00cf2624cf391716c6b6c5245e7dcb29f261033c97bd6bd593a1,,保留原包；只在需要时接入
archive_ui_kit_v1/art_tiles/art_01.png,26192,"[130, 95]",False,page_specific_or_candidate,fda650e99c86a6e3060ae3ab3ac4a37b348551cad26241385fccbac6061816fa,,保留原包；只在需要时接入
archive_ui_kit_v1/art_tiles/art_02.png,24145,"[130, 95]",False,page_specific_or_candidate,70708813856f8ae972bc6510129acf74913f5f623750204cba1a80ad38628fa5,,保留原包；只在需要时接入
archive_ui_kit_v1/art_tiles/art_03.png,23638,"[130, 95]",False,page_specific_or_candidate,ab7100289d0ebda85a82ba9a989eafe9c358240994b86d54888dbfce8d2f3382,,保留原包；只在需要时接入
archive_ui_kit_v1/art_tiles/art_04.png,22232,"[130, 95]",False,page_specific_or_candidate,e9688f062d4eb287bbaefb9d2aa44af60bb1d5ddd2446772eae6895d20b39f19,,保留原包；只在需要时接入
archive_ui_kit_v1/art_tiles/art_05.png,22949,"[130, 96]",False,page_specific_or_candidate,857a899a9be3c37689648bf9b247add0a307dd4a7f5223937fa9c1775bbb239f,,保留原包；只在需要时接入
archive_ui_kit_v1/art_tiles/art_06.png,22817,"[130, 96]",False,page_specific_or_candidate,c8defff0a2c8889cee6d1054280e6e72191ec6e5232d190c6367d2b9214c62a8,,保留原包；只在需要时接入
archive_ui_kit_v1/art_tiles/art_07.png,23069,"[130, 96]",False,page_specific_or_candidate,e5c771b25e39ad0537faa57cb57e0a96809ffe9b03dbd959848761a7d2af1ff2,,保留原包；只在需要时接入
archive_ui_kit_v1/art_tiles/art_08.png,24682,"[130, 96]",False,page_specific_or_candidate,4b9b2be91b77a047428f4b23c2752e7fa490661d2fdbb9d3532ab61abb965487,,保留原包；只在需要时接入
archive_ui_kit_v1/art_tiles/art_09.png,24034,"[130, 96]",False,page_specific_or_candidate,37bedcd2900597c1a16866883da2149244d187b7fe90809e709ada5186cf7dbe,,保留原包；只在需要时接入
archive_ui_kit_v1/art_tiles/art_10.png,21258,"[130, 96]",False,page_specific_or_candidate,b11edb88da689cf251929dfeca2ae79fb2dfba70744c5d42cf7973a845a46b54,,保留原包；只在需要时接入
archive_ui_kit_v1/art_tiles/art_11.png,23345,"[130, 96]",False,page_specific_or_candidate,04c971432d76401ae2a410bbca2a1517999f2f9cf5db3346b56b4b6f81547d97,,保留原包；只在需要时接入
archive_ui_kit_v1/art_tiles/art_12.png,24630,"[130, 96]",False,page_specific_or_candidate,3c0219c31ceb9eacbc3d78bb66d773a9c4fae7493ee1e643251121177171d66f,,保留原包；只在需要时接入
archive_ui_kit_v1/asset_preview.png,555511,"[1040, 1845]",False,reference_only,fa798be23e83b6cd88b73c631364c972b2e4f57a9c2d17c2f0b9e49e898f3da7,,保留原包；只在需要时接入
archive_ui_kit_v1/background_tiles/card_slice_00.png,421,"[12, 12]",False,page_specific_or_candidate,576f23eeea05bbeafca2c06a642fa9cf7eb653def1c35017230c73665576b2d6,,保留原包；只在需要时接入
archive_ui_kit_v1/background_tiles/card_slice_01.png,2184,"[138, 12]",False,page_specific_or_candidate,80d05d63800990cfe5456df13e136876811aa93b6c8ee824cdcdb3c9de233b58,,保留原包；只在需要时接入
archive_ui_kit_v1/background_tiles/card_slice_02.png,448,"[12, 12]",False,page_specific_or_candidate,1f6a441a2fed601b8da2ba578a1d8881f083d269b75572d49ed4f01464f5018d,,保留原包；只在需要时接入
archive_ui_kit_v1/background_tiles/card_slice_10.png,1877,"[12, 130]",False,page_specific_or_candidate,f411c49fb44e7b35499049ffb1234d6b5e7a8f1e8369565c67c1d65b626b1845,,保留原包；只在需要时接入
archive_ui_kit_v1/background_tiles/card_slice_11.png,35644,"[138, 130]",False,page_specific_or_candidate,47da6c6c6fb8de5998b9cc8db421668a6443063e7df4955867c72799403e2d94,,保留原包；只在需要时接入
archive_ui_kit_v1/background_tiles/card_slice_12.png,1911,"[12, 130]",False,page_specific_or_candidate,51a4662822a91faf05398dab6a92ee864222b34a4722c4f368daf2ee5918986e,,保留原包；只在需要时接入
archive_ui_kit_v1/background_tiles/card_slice_20.png,439,"[12, 12]",False,page_specific_or_candidate,fafc306d86c24aaf7146d704b679a33bb4a32accb5512244486ba183ab6f43a9,,保留原包；只在需要时接入
archive_ui_kit_v1/background_tiles/card_slice_21.png,2986,"[138, 12]",False,page_specific_or_candidate,93e6149c71f540559c487d58c642cf8de09f59775eb0e405ceb39a2ff18ff824,,保留原包；只在需要时接入
archive_ui_kit_v1/background_tiles/card_slice_22.png,463,"[12, 12]",False,page_specific_or_candidate,3ae7ff2d0b33d20ed41721d1bc5e2bdd4ee14fb2c79ce6000b2ffd94d9eed251,,保留原包；只在需要时接入
archive_ui_kit_v1/background_tiles/ivory_texture.png,7640,"[150, 50]",False,page_specific_or_candidate,2adf38b837d3fb55a3858509b727672d6b78f04a97c9815054a9d773ee9d833e,texture.ivory,candidate_requires_visual_check
archive_ui_kit_v1/background_tiles/shell_body.png,775305,"[1002, 758]",False,page_specific_or_candidate,0377c0dfa3d78faac9d458e18e1aa22d3dca68950b109ffcd3dc019180cddbbf,,保留原包；只在需要时接入
archive_ui_kit_v1/background_tiles/teal_texture.png,681,"[45, 18]",False,page_specific_or_candidate,48d456b5bbc7d79b904aa97bde4b9f71fa9e6b8e24a65fa559105273f608864b,texture.teal,candidate_requires_visual_check
archive_ui_kit_v1/exact_crops/card_01.png,45970,"[162, 154]",False,reference_only,e26f16a2379e2cf61eb45ce4acf26ddc102e908531790305284388167b0d154e,,保留原包；只在需要时接入
archive_ui_kit_v1/exact_crops/card_02.png,42889,"[162, 154]",False,reference_only,8bfad35f80d6723d90278750de5066a546443e140a92b1f694b9a6ed135ed903,,保留原包；只在需要时接入
archive_ui_kit_v1/exact_crops/card_03.png,42225,"[162, 154]",False,reference_only,8c9f2299b8ca651759eb0849508ed05c9f3070c2ca798ecc6900c961ae202a31,,保留原包；只在需要时接入
archive_ui_kit_v1/exact_crops/card_04.png,40435,"[162, 154]",False,reference_only,8f9b2f07e833bd6d75f0fcf392e0b33d05594fa508a589752c83244a33dc6997,,保留原包；只在需要时接入
archive_ui_kit_v1/exact_crops/card_05.png,41206,"[162, 154]",False,reference_only,aede0cd8b64ee64c8162cfaebc6fe01b333380a7a771866f7c3a363f2fc45c6a,,保留原包；只在需要时接入
archive_ui_kit_v1/exact_crops/card_06.png,41154,"[162, 154]",False,reference_only,13b2ed0ec43d8279a3f33ae981ac85815e3b822f00cbc42fffd479efdbe49928,,保留原包；只在需要时接入
archive_ui_kit_v1/exact_crops/card_07.png,41283,"[162, 154]",False,reference_only,1af0a4a362283a07ed7698be08e6e0be3fe41a98d26632c3168bc707a981b765,,保留原包；只在需要时接入
archive_ui_kit_v1/exact_crops/card_08.png,43011,"[162, 154]",False,reference_only,7df9fc57a05fa5ab4dff545547713af442bfc49f66e128c8bd98e639ee12dda9,,保留原包；只在需要时接入
archive_ui_kit_v1/exact_crops/card_09.png,42089,"[162, 154]",False,reference_only,ffa73475e5aa5bb6961332f55e03797dc41c2830e07781f69208fe854caeae66,,保留原包；只在需要时接入
archive_ui_kit_v1/exact_crops/card_10.png,39036,"[162, 154]",False,reference_only,f1b7ac65004a0f441f39d1d91d273b06692139ca57d37a6bd8136717d0b9b9e3,,保留原包；只在需要时接入
archive_ui_kit_v1/exact_crops/card_11.png,41210,"[162, 154]",False,reference_only,d4e76ab71957edae5f80b1ff48c4a9bc1f14d4b9a2546002311fe884661d78cf,,保留原包；只在需要时接入
archive_ui_kit_v1/exact_crops/card_12.png,42889,"[162, 154]",False,reference_only,d172d249761d088e6b8f9e729cf442042cc37c863bf0f92dc78ac8b30c0b835e,,保留原包；只在需要时接入
archive_ui_kit_v1/exact_crops/filter_normal.png,6839,"[127, 35]",False,reference_only,197fa86c134a994d51d9c7560bd1c260e597c75062e70bfaf8bcea89b193b1a7,,保留原包；只在需要时接入
archive_ui_kit_v1/exact_crops/filter_selected.png,9789,"[147, 38]",False,reference_only,0008328a2b040553461e050ab1c0c14b626655051a617ee0d866f95a147303c9,,保留原包；只在需要时接入
archive_ui_kit_v1/exact_crops/header.png,206872,"[1002, 129]",False,reference_only,0e445929b51e871628c95b922ac0c4521f535f6528faef8de52a67fe87609ad4,,保留原包；只在需要时接入
archive_ui_kit_v1/exact_crops/icon_blessing.png,4235,"[44, 48]",False,reference_only,15e1f96a4e5ecfc3e9545070ca20408f07dce160869636843f63423a5d86f550,,保留原包；只在需要时接入
archive_ui_kit_v1/exact_crops/icon_book.png,3292,"[43, 30]",False,reference_only,5bff8d3a7bf58025c82458be0082f6d9deb9459d49a1f548524c316718d8ef6f,,保留原包；只在需要时接入
archive_ui_kit_v1/exact_crops/icon_clear.png,3094,"[44, 48]",False,reference_only,9e51ba4a19a306bc587ab3fd740d5752a2db4a0c4378a522e69285e9e433436e,,保留原包；只在需要时接入
archive_ui_kit_v1/exact_crops/icon_close.png,3439,"[39, 40]",False,reference_only,a2501d554b9c1c86c5f8ab1dc63dbade2342848f615a14379ae46e1f6d1784a5,,保留原包；只在需要时接入
archive_ui_kit_v1/exact_crops/icon_endless.png,3574,"[44, 48]",False,reference_only,87111450bd9ebf9d7c707c986eff6aac6c4d15a30ca1572254dd591ccf089e12,,保留原包；只在需要时接入
archive_ui_kit_v1/exact_crops/icon_ex.png,4065,"[44, 48]",False,reference_only,d83300596a6f5fda4e1278bf0e15094f4ef2c5f622e8d111fd62352d9d859b3a,,保留原包；只在需要时接入
archive_ui_kit_v1/exact_crops/icon_friends.png,3296,"[44, 48]",False,reference_only,8bc2ba166d50e5b0152b344e00dd1cb432b9772779625d1ecd608f08b3439cfc,,保留原包；只在需要时接入
archive_ui_kit_v1/exact_crops/icon_hint.png,1169,"[22, 24]",False,reference_only,fdb233bb534e4cd2878fe8f114bc1e12cf5cd2efc598170cbdfe12aae8cad6ce,,保留原包；只在需要时接入
archive_ui_kit_v1/exact_crops/icon_points.png,4338,"[44, 48]",False,reference_only,67798184b6aeaa563426205530870b621d0f606be9812093feb71840e465ff79,,保留原包；只在需要时接入
archive_ui_kit_v1/exact_crops/icon_spell.png,4574,"[44, 48]",False,reference_only,38687f0e5cc24386758ac646be96731ccddd6aefc4a0b8e3ed5aabb39d057033,,保留原包；只在需要时接入
archive_ui_kit_v1/exact_crops/icon_void.png,3874,"[44, 48]",False,reference_only,eaf27f8e51b05fc0e1eb8c3ddf8ff79357398eabb616e958b75b6f83f340662b,,保留原包；只在需要时接入
archive_ui_kit_v1/exact_crops/icon_weapon.png,3775,"[44, 48]",False,reference_only,cd594658d62458995ea18e4bedc12316c5f1283477dba1f98065ce0c639e4fd6,,保留原包；只在需要时接入
archive_ui_kit_v1/exact_crops/nav_blessing.png,23064,"[242, 68]",False,reference_only,b051a135da8be13680f5ebe09a79c7f048fd66d9102443ded6e47a6fbef9f7ed,,保留原包；只在需要时接入
archive_ui_kit_v1/exact_crops/nav_clear.png,24455,"[242, 68]",False,reference_only,4aa3737a0b6274436bf0124cf33aad3de482fc7dfcde500a69071364be07c639,,保留原包；只在需要时接入
archive_ui_kit_v1/exact_crops/nav_endless.png,18917,"[242, 68]",False,reference_only,5c246b024775230032aeb199b34844db7260e6453eb30b9df4f7435990978975,,保留原包；只在需要时接入
archive_ui_kit_v1/exact_crops/nav_ex.png,20600,"[242, 68]",False,reference_only,45537b7d270267262dec4a02b659761521c4c3e32f6dedd91ccb9fc5116aa3e2,,保留原包；只在需要时接入
archive_ui_kit_v1/exact_crops/nav_friends.png,19743,"[242, 68]",False,reference_only,b0a8d7f89e75526640b0eee627e26946ef539451a031c2ce881e72b5edbf51ad,,保留原包；只在需要时接入
archive_ui_kit_v1/exact_crops/nav_points.png,20683,"[242, 68]",False,reference_only,c0a4f9e263bedaf0028a679ebc1b6464cd75a52f55e8845a62eff9f38413d876,,保留原包；只在需要时接入
archive_ui_kit_v1/exact_crops/nav_spell.png,21483,"[242, 68]",False,reference_only,6a408a2c05091827f01daac70ba12759dcd35f738baed54a7d6d38ff14e62ba9,,保留原包；只在需要时接入
archive_ui_kit_v1/exact_crops/nav_void.png,20244,"[242, 68]",False,reference_only,69a7b8114c7cafc5ede64ec2d1ad2a128baf7ca508396f605867e52f5d8eca11,,保留原包；只在需要时接入
archive_ui_kit_v1/exact_crops/nav_weapon.png,20002,"[242, 68]",False,reference_only,fe5d13f91f663b5d23905df3ca4b8f75b695e1000a3eb838ec246dbaccba139b,,保留原包；只在需要时接入
archive_ui_kit_v1/exact_crops/panel.png,765330,"[762, 681]",False,reference_only,7c90c59977760b66c6c3d884a4c03037793e405af1b3143ccf0552cb8e9df28e,,保留原包；只在需要时接入
archive_ui_kit_v1/exact_crops/scrollbar.png,10930,"[21, 487]",False,reference_only,169e43fe40796a7de61daf87f949a2600915842c67140629c2c2fef4207cfb37,,保留原包；只在需要时接入
archive_ui_kit_v1/exact_crops/sidebar.png,208437,"[242, 681]",False,reference_only,d64a30ac62301d6a094d207f47bfbdd72966edea2bf19f6d8c393f3d7f824d47,,保留原包；只在需要时接入
archive_ui_kit_v1/exact_crops/status_locked.png,5908,"[129, 27]",False,reference_only,e2a7c68e2c069a7d5e3f4107055db52363bf7a13ef76c78f3999d6646af7128d,,保留原包；只在需要时接入
archive_ui_kit_v1/exact_crops/status_unlocked.png,6172,"[128, 27]",False,reference_only,b71d6f6dbdf8277dc05b3f71aeb88e1a9c04269664e2f57a199e24d8a380a2f0,,保留原包；只在需要时接入
archive_ui_kit_v1/icons_rgba/blessing_disabled.png,1356,"[64, 64]",True,page_specific_or_candidate,3f131aaf162ae5ef4e98e023166d7270c8d6adb0b4f9c1e45d4bb4e21daa5461,,保留原包；只在需要时接入
archive_ui_kit_v1/icons_rgba/blessing_hover.png,1352,"[64, 64]",True,page_specific_or_candidate,d1ad5e8d8476da028d1c7332b53252f14d0b0f51fcb7454f22a40349186f4943,,保留原包；只在需要时接入
archive_ui_kit_v1/icons_rgba/blessing_normal.png,1370,"[64, 64]",True,page_specific_or_candidate,ef92d686301193976c58b244d2a0ff484c578e2b96753ec9146ffb9ce5dde842,icon.archive.blessing,candidate_requires_visual_check
archive_ui_kit_v1/icons_rgba/blessing_selected.png,1370,"[64, 64]",True,page_specific_or_candidate,9ea212af97999009ab25e7fa2a6578a808750c44b3b1a5b8a534f96993cee0f8,,保留原包；只在需要时接入
archive_ui_kit_v1/icons_rgba/book_disabled.png,1639,"[64, 64]",True,page_specific_or_candidate,8044abbe5966c7a41da53f8c6330f44e2c661f2bde0f5b951b76492bdb5fd140,,保留原包；只在需要时接入
archive_ui_kit_v1/icons_rgba/book_hover.png,1626,"[64, 64]",True,page_specific_or_candidate,f19288b06764bb67cd79af7bcd1d50f927c5e1e600642880eabfb0c370e71b40,,保留原包；只在需要时接入
archive_ui_kit_v1/icons_rgba/book_normal.png,1638,"[64, 64]",True,page_specific_or_candidate,95f772bc151b5818ebd59a903197e770dacbe93d3b4664c961c433f9ac7d5dae,,保留原包；只在需要时接入
archive_ui_kit_v1/icons_rgba/book_selected.png,1640,"[64, 64]",True,page_specific_or_candidate,787ac43f3a14222ad2208e72101f80f37da756c8bc4ba584839810ac5ac1328f,,保留原包；只在需要时接入
archive_ui_kit_v1/icons_rgba/clear_disabled.png,903,"[64, 64]",True,page_specific_or_candidate,4f76f9bd7ecaab10fc042f2527868bc4a14388dc59683ac9e42397138b9f2006,,保留原包；只在需要时接入
archive_ui_kit_v1/icons_rgba/clear_hover.png,997,"[64, 64]",True,page_specific_or_candidate,0d7d8c731abab75f02e75b0d16b6677067bc46b28db014be8c96890cff34929f,,保留原包；只在需要时接入
archive_ui_kit_v1/icons_rgba/clear_normal.png,1000,"[64, 64]",True,page_specific_or_candidate,45a6a6dddcf4579877350d7a32894951caaa2c29152c83941dc681b206b3bd94,,保留原包；只在需要时接入
archive_ui_kit_v1/icons_rgba/clear_selected.png,998,"[64, 64]",True,page_specific_or_candidate,e1fbfcd946f23f7b530d2a5fa75686a754f7fd3308d6402775d305e1157bc88f,,保留原包；只在需要时接入
archive_ui_kit_v1/icons_rgba/close_disabled.png,1055,"[64, 64]",True,page_specific_or_candidate,1b63360ad09dc4091e96d2255b78dec71a483d9c9ffcda94c52de08074032616,icon.close,shared_normal_plus_state
archive_ui_kit_v1/icons_rgba/close_hover.png,1043,"[64, 64]",True,page_specific_or_candidate,e73e7a68ef2dfebeaa1d1c07ea021da3aff874b30bdda24bd425896a7177f74b,icon.close,shared_normal_plus_state
archive_ui_kit_v1/icons_rgba/close_normal.png,1055,"[64, 64]",True,page_specific_or_candidate,abf09aa54a261eaf31af405fd824c2a1bb0f8c2d797d36d94b8563a2963f79de,icon.close,shared_normal_plus_state
archive_ui_kit_v1/icons_rgba/close_selected.png,1055,"[64, 64]",True,page_specific_or_candidate,1f8c2f795e1ba79d07c458fdb3e0d15664a2156e445c8a5325a624a6314e8fb3,icon.close,shared_normal_plus_state
archive_ui_kit_v1/icons_rgba/endless_disabled.png,1138,"[64, 64]",True,page_specific_or_candidate,004662d83370317509872933465c4f35c9833b83010389549af5db9bb189a753,,保留原包；只在需要时接入
archive_ui_kit_v1/icons_rgba/endless_hover.png,1141,"[64, 64]",True,page_specific_or_candidate,56f949974061811e3a0a0ad38698f8b5708db486e0b7b1f877e4c8c968dbf2b6,,保留原包；只在需要时接入
archive_ui_kit_v1/icons_rgba/endless_normal.png,1174,"[64, 64]",True,page_specific_or_candidate,3cc34c7f517e01072384675744bfd570fafba40416e0a5f48fa80c86f90a1ec7,icon.archive.endless,candidate_requires_visual_check
archive_ui_kit_v1/icons_rgba/endless_selected.png,1173,"[64, 64]",True,page_specific_or_candidate,ec16aa8b607e15bd24cce5e472da68236f67dfc63f28729a207d64bf89d44098,,保留原包；只在需要时接入
archive_ui_kit_v1/icons_rgba/ex_disabled.png,1484,"[64, 64]",True,page_specific_or_candidate,b77df7ce8d72d0a267bf02827dc1edfed74a39e3fe317b9081e43049b2fa1cd7,,保留原包；只在需要时接入
archive_ui_kit_v1/icons_rgba/ex_hover.png,1569,"[64, 64]",True,page_specific_or_candidate,03fa8d96c5dc5fe0f0a9ffbfa3576d47d3cb7cd00970d88df9492e5db68f62d3,,保留原包；只在需要时接入
archive_ui_kit_v1/icons_rgba/ex_normal.png,1569,"[64, 64]",True,page_specific_or_candidate,a96f92c2a545f49bd822d61ab0c50fa4841e6a76f31c1a8b572de6f2f60c80c3,icon.archive.ex,candidate_requires_visual_check
archive_ui_kit_v1/icons_rgba/ex_selected.png,1568,"[64, 64]",True,page_specific_or_candidate,bfb395e793260a912c0f7aec01f448cb5619b75b50f1f351fd8fe70740c023b6,,保留原包；只在需要时接入
archive_ui_kit_v1/icons_rgba/friends_disabled.png,1259,"[64, 64]",True,page_specific_or_candidate,8caf30f03c615976ec5eea007cc249f0c9eb7dedefa36b1d41534122f4bb7de0,,保留原包；只在需要时接入
archive_ui_kit_v1/icons_rgba/friends_hover.png,1403,"[64, 64]",True,page_specific_or_candidate,6276aaa9ead22a0186d6dbdfe4a7ccb1495e371a51b76160c5ea0d7e49db9a0e,,保留原包；只在需要时接入
archive_ui_kit_v1/icons_rgba/friends_normal.png,1398,"[64, 64]",True,page_specific_or_candidate,667221ca75e76c83557524a9a887d899b35f7998fc6adca976c4cc1e8649ad46,icon.archive.friends,candidate_requires_visual_check
archive_ui_kit_v1/icons_rgba/friends_selected.png,1397,"[64, 64]",True,page_specific_or_candidate,95157db9febfd7718d36c745827211e079ef78ffe9ccb97648c9dd0a2a2c1086,,保留原包；只在需要时接入
archive_ui_kit_v1/icons_rgba/hint_disabled.png,498,"[64, 64]",True,page_specific_or_candidate,7ccdc2bd6a56225afcca6d9dbaa5bd1f3384813aab0d17c8a677359080681780,,保留原包；只在需要时接入
archive_ui_kit_v1/icons_rgba/hint_hover.png,496,"[64, 64]",True,page_specific_or_candidate,d5b041550892133850c63606284984c60de52757d9e17d20790401d4d6e0a56b,,保留原包；只在需要时接入
archive_ui_kit_v1/icons_rgba/hint_normal.png,498,"[64, 64]",True,page_specific_or_candidate,8e40a544f0789a87468771f330d7bbaa99c129081458d0a06e34b5eebdf97e83,,保留原包；只在需要时接入
archive_ui_kit_v1/icons_rgba/hint_selected.png,498,"[64, 64]",True,page_specific_or_candidate,c01a1b89c83570f850a40fadd3fd578ccb8861e79241bd7d89266d6c590d0b27,,保留原包；只在需要时接入
archive_ui_kit_v1/icons_rgba/points_disabled.png,1412,"[64, 64]",True,page_specific_or_candidate,a82955a9d1c865a01c9d5a1b011fe77eeb3e5650441f7dd778137cca7d45fa56,,保留原包；只在需要时接入
archive_ui_kit_v1/icons_rgba/points_hover.png,1417,"[64, 64]",True,page_specific_or_candidate,13db95de07b5f213075482d7a2309ad736b9618abc5188dabe2a71cfb0e7222a,,保留原包；只在需要时接入
archive_ui_kit_v1/icons_rgba/points_normal.png,1425,"[64, 64]",True,page_specific_or_candidate,e4f28898782b210d3d71102d30dbf8c56f06b00c61310009a3ac8be9f03b6f51,icon.archive.points,candidate_requires_visual_check
archive_ui_kit_v1/icons_rgba/points_selected.png,1425,"[64, 64]",True,page_specific_or_candidate,234f0e16fe05a50ac3d2482ed5d3fec045d0d669a290f837abd36b555748926d,,保留原包；只在需要时接入
archive_ui_kit_v1/icons_rgba/spell_disabled.png,1529,"[64, 64]",True,page_specific_or_candidate,982906b0c37ffbb965406836b1b04f812f792eb1af6bff12467b9204cf203487,,保留原包；只在需要时接入
archive_ui_kit_v1/icons_rgba/spell_hover.png,1550,"[64, 64]",True,page_specific_or_candidate,07759f7d1b0711a7df29ddf1a0ef5b459e482bfbf8a852297c1b5a89201dbdd4,,保留原包；只在需要时接入
archive_ui_kit_v1/icons_rgba/spell_normal.png,1549,"[64, 64]",True,page_specific_or_candidate,6d05467438ab6abe2beeca20e33a359064d1d0981a18c4d0255281e328bd6507,icon.archive.spell,candidate_requires_visual_check
archive_ui_kit_v1/icons_rgba/spell_selected.png,1549,"[64, 64]",True,page_specific_or_candidate,43863ada4f227dc0469905fcdd7f01631dc735a4bd00faa67da8c2377ec4e95b,,保留原包；只在需要时接入
archive_ui_kit_v1/icons_rgba/void_disabled.png,1168,"[64, 64]",True,page_specific_or_candidate,e82db49ebe9a6485c1b5e7909c12b40dba7c1eca4908793d209e730f8f6551ef,,保留原包；只在需要时接入
archive_ui_kit_v1/icons_rgba/void_hover.png,1160,"[64, 64]",True,page_specific_or_candidate,231b8551c0714fc51fa9649745c9e7a30e6c0ea7c1f5720e88baceae97741af9,,保留原包；只在需要时接入
archive_ui_kit_v1/icons_rgba/void_normal.png,1169,"[64, 64]",True,page_specific_or_candidate,cc6b8836edbc900b3f0c9db841bfe019223411453b371f1ca6938552247ef7f4,icon.archive.void,candidate_requires_visual_check
archive_ui_kit_v1/icons_rgba/void_selected.png,1166,"[64, 64]",True,page_specific_or_candidate,f5ca4bbf57c1371a6299ee7f3843478b14ace33235a72661996fe0a7344116d6,,保留原包；只在需要时接入
archive_ui_kit_v1/icons_rgba/weapon_disabled.png,1072,"[64, 64]",True,page_specific_or_candidate,4854b1d3ceb362edfe791a7b7e3aa4e92a81e5a19516d2b83ecf709b7af3de4d,,保留原包；只在需要时接入
archive_ui_kit_v1/icons_rgba/weapon_hover.png,1089,"[64, 64]",True,page_specific_or_candidate,a99a7425e507f998309e8daab02b17ea8036fa3ffc511b6140b8e4dcd662584f,,保留原包；只在需要时接入
archive_ui_kit_v1/icons_rgba/weapon_normal.png,1093,"[64, 64]",True,page_specific_or_candidate,e3f03248e2e8e928c049660e180f53aa16eb40f76fb09837bb7fff82242bff9d,icon.archive.weapon,candidate_requires_visual_check
archive_ui_kit_v1/icons_rgba/weapon_selected.png,1094,"[64, 64]",True,page_specific_or_candidate,5b17e6bbf12775df7fe6ffc50bbc8362880e7848fd96eece2137dcd0807190cb,,保留原包；只在需要时接入
archive_ui_kit_v1/reference/blank_shell_generated.png,1840045,"[1672, 941]",False,page_specific_or_candidate,a951274b50bf28eadc40ff85ce20afcae1ace2b48c75e2133dbe3b8dee078a23,,保留原包；只在需要时接入
archive_ui_kit_v1/reference/components_generated.png,589961,"[1536, 1024]",False,invalid_image_do_not_use,4ce43aa1ad697ba5b6f18dac15ea9538282238c5aab2f156d70d69738a03a99c,,保留原包；只在需要时接入
archive_ui_kit_v1/reference/original.png,2169171,"[1672, 941]",False,page_specific_or_candidate,b6d75fdee775740a05241692b9a0bccd677d0ddf38ac03bef2670c474335fe32,,保留原包；只在需要时接入
archive_ui_kit_v1/reference/progress_mockup.png,2055715,"[1672, 941]",False,page_specific_or_candidate,bb783d629615bd806c209dc2f08f71e98dacaa036291200d8ebbc32d8c96bec6,,保留原包；只在需要时接入
archive_ui_kit_v1/reusable/badge_locked.png,8832,"[140, 44]",True,page_specific_or_candidate,db64c5fc43a915dd02f891929c6d454a834ac3e614ab56cde522c63cec5ec948,badge.locked,candidate_requires_visual_check
archive_ui_kit_v1/reusable/badge_progress.png,8543,"[140, 44]",True,page_specific_or_candidate,8290b54f9bf12b997efe7a49fd07b02d55170a8e6f7e49680990bdebdd779330,badge.progress,candidate_requires_visual_check
archive_ui_kit_v1/reusable/badge_unlocked.png,9032,"[140, 44]",True,page_specific_or_candidate,9c75d8042dabb594ba4699e1e02ae326c8a7bd85c702e4eb1e17d47b03eca36e,badge.unlocked,candidate_requires_visual_check
archive_ui_kit_v1/reusable/button_hover.png,22690,"[256, 76]",True,page_specific_or_candidate,cb8b123c66f635bcb468a1b89747aaaec109ecaf043cad3347df4c8a0d184c77,button.ivory.hover,visual_migration_candidate
archive_ui_kit_v1/reusable/button_normal.png,20006,"[256, 76]",True,page_specific_or_candidate,fe949bf801fbaedc27298253b1f0f9153c594433b5e594d1d8999167a5e563e7,button.ivory.normal,visual_migration_candidate
archive_ui_kit_v1/reusable/button_pressed.png,20143,"[256, 76]",True,page_specific_or_candidate,8262f26301a597812cd0d854b19e15ece8885bb1e80cca785b1f3152cd217903,button.ivory.pressed,visual_migration_candidate
archive_ui_kit_v1/reusable/card_hover.png,37189,"[176, 176]",True,page_specific_or_candidate,03af996a57bec9790df68e2b954c161792290064207b1485c11905d6ccaea40c,,保留原包；只在需要时接入
archive_ui_kit_v1/reusable/card_normal.png,36950,"[176, 176]",True,page_specific_or_candidate,9edb6b106aac46d88fe59880508066076fc438507a131626629263f04e5b0f50,card.body.ivory,candidate_requires_visual_check
archive_ui_kit_v1/reusable/card_selected.png,37415,"[176, 176]",True,page_specific_or_candidate,5a9512f2f07dfa093e821c91988057e9b77dfab9a398d9a33f28f29bf9c2ba75,,保留原包；只在需要时接入
archive_ui_kit_v1/reusable/toggle_hover.png,24984,"[256, 76]",True,page_specific_or_candidate,a4317bf0c1910585ebd9939e9e9f03c7d5a559f6a14a3954027c2bc02180c4be,nav.toggle.hover,candidate_requires_visual_check
archive_ui_kit_v1/reusable/toggle_normal.png,22212,"[256, 76]",True,page_specific_or_candidate,5d1c015da2cca5bcd97a877e28cc32db501b473c6dbcb93134e0cee84c5dd46c,nav.toggle.normal,candidate_requires_visual_check
archive_ui_kit_v1/reusable/toggle_selected.png,21028,"[256, 76]",True,page_specific_or_candidate,ee2bb95df1665b3d368eb9f7f8aa708066aa5fca9d29a5ac9736762428cd7ae6,nav.toggle.selected,candidate_requires_visual_check
main_hud_exact_v1/00_reference/approved_source.png,2647503,"[1672, 941]",False,reference_only,52ae30ee436a890d027ea5f1eafd83b4983dab30943103aea1974acdf850ff0e,,保留原包；只在需要时接入
main_hud_exact_v1/01_exact/commands/command_01_art.png,7782,"[61, 57]",False,reference_only,81066077586bf36b507c36a8cdfdee4e71b8e5db8e05c0d5251e15014bd44e47,,保留原包；只在需要时接入
main_hud_exact_v1/01_exact/commands/command_01_key.png,888,"[16, 20]",False,reference_only,d2db896bff7a9f2086de93976dfeb3608294f6ae8576497186c4b9f0a84bc9bd,,保留原包；只在需要时接入
main_hud_exact_v1/01_exact/commands/command_01_slot.png,9349,"[69, 65]",False,reference_only,1e1ac2c70c1822e4d1ac6f391263e7b1961aec9326693b8f527f8ac5b5ba2097,,保留原包；只在需要时接入
main_hud_exact_v1/01_exact/commands/command_02_art.png,7592,"[61, 57]",False,reference_only,8cf07778c907c54421e97e0693747e8655c345803f5e6695664fce984193d06e,,保留原包；只在需要时接入
main_hud_exact_v1/01_exact/commands/command_02_key.png,892,"[16, 20]",False,reference_only,3545b62d3db4920b9b2664739d6015b296061da94c34ad3931d5bc1fe357f098,,保留原包；只在需要时接入
main_hud_exact_v1/01_exact/commands/command_02_slot.png,9109,"[69, 65]",False,reference_only,75993ab4f74a067fda7ebba340568f19aeb84f4a7c2cca3d67816665574049fc,,保留原包；只在需要时接入
main_hud_exact_v1/01_exact/commands/command_03_art.png,7052,"[61, 57]",False,reference_only,36df45389ccfd947362c6f9a19de09bc1660647943f5656efc5a13c44e8e66ed,,保留原包；只在需要时接入
main_hud_exact_v1/01_exact/commands/command_03_key.png,782,"[16, 20]",False,reference_only,4085c6284e98351225f722f0f61f3d68a18bb056d8c5eafa4bbce075d72d99c7,,保留原包；只在需要时接入
main_hud_exact_v1/01_exact/commands/command_03_slot.png,8473,"[69, 65]",False,reference_only,ebfcf034a96639f9c8981e27c9e5c8bf7eb3c9f09a307baa971cf2815f8a17a0,,保留原包；只在需要时接入
main_hud_exact_v1/01_exact/commands/command_04_art.png,7204,"[61, 57]",False,reference_only,b100b207d3f3e60c1445e46ce227dd7ed922d5b483c6be3d278268a858bb31f8,,保留原包；只在需要时接入
main_hud_exact_v1/01_exact/commands/command_04_key.png,808,"[16, 20]",False,reference_only,617ebc8e9f235bf3ebb5126fd6d8c89344c3736794a40cc5ead3f82daa161819,,保留原包；只在需要时接入
main_hud_exact_v1/01_exact/commands/command_04_slot.png,8595,"[69, 65]",False,reference_only,dcf0892f0fd518ab316ca3001f6439cd5073cf4df5d1f283bb31cffac67e7411,,保留原包；只在需要时接入
main_hud_exact_v1/01_exact/commands/command_05_art.png,6530,"[61, 57]",False,reference_only,f03f2fc392eb8b276fdf80644c2b0281476c0a8829c23cce1d128c1254d73340,,保留原包；只在需要时接入
main_hud_exact_v1/01_exact/commands/command_05_key.png,833,"[16, 20]",False,reference_only,df30b6531db3a1d4b1c3d2aed901370cac94049ceb8e85c7a94dbae40d387d0b,,保留原包；只在需要时接入
main_hud_exact_v1/01_exact/commands/command_05_slot.png,7920,"[69, 65]",False,reference_only,3b44c753421bf314d90677eba54c35058e592522bf03d355e684286782706184,,保留原包；只在需要时接入
main_hud_exact_v1/01_exact/commands/command_06_art.png,5953,"[61, 57]",False,reference_only,a698a22e85db3442bc08f1190da3130ead45935422924e2bf45e06ebce8dc8f2,,保留原包；只在需要时接入
main_hud_exact_v1/01_exact/commands/command_06_key.png,838,"[16, 20]",False,reference_only,04033263968411bab82875823b3ab28c851e44979ef5978e541822eb0e10dd04,,保留原包；只在需要时接入
main_hud_exact_v1/01_exact/commands/command_06_slot.png,7247,"[69, 65]",False,reference_only,fa414ed27ea5f27170281104e75f0c48a5e50f69711a5cc87a97a1747a107bff,,保留原包；只在需要时接入
main_hud_exact_v1/01_exact/commands/command_07_art.png,8195,"[61, 57]",False,reference_only,17ce8cca0290ce14f71fd62331e419324e19051eaa00307815f4d13016fe9264,,保留原包；只在需要时接入
main_hud_exact_v1/01_exact/commands/command_07_key.png,800,"[16, 20]",False,reference_only,48d24297ee31ebb7d8d9def836c9567de671739d32fb6b818891ad69db118b43,,保留原包；只在需要时接入
main_hud_exact_v1/01_exact/commands/command_07_slot.png,9699,"[69, 65]",False,reference_only,7c42a8d8bffe6d1f5a93a35e14598fcaaf0ab87ca7c1f8ab7a679e7400954e09,,保留原包；只在需要时接入
main_hud_exact_v1/01_exact/commands/command_08_art.png,4243,"[61, 57]",False,reference_only,14f4e306dfd43de69ad48366aa328578a63c523433e797f76992e6da19a83060,,保留原包；只在需要时接入
main_hud_exact_v1/01_exact/commands/command_08_key.png,685,"[16, 20]",False,reference_only,95adfbcd48ad7fa86e07ad94af03f83dd3f8b85f6ae961d4fc54bc123070bc66,,保留原包；只在需要时接入
main_hud_exact_v1/01_exact/commands/command_08_slot.png,5504,"[69, 65]",False,reference_only,82ca5cab2953510d0dfe1eff05b472adb857e1ff1627ef3c1a53e69d8a632d8c,,保留原包；只在需要时接入
main_hud_exact_v1/01_exact/commands/command_09_art.png,7965,"[61, 57]",False,reference_only,83cf962605eb3bf4ef94bd446af601d7ca836f437ba1a35c1c74f311e81bde79,,保留原包；只在需要时接入
main_hud_exact_v1/01_exact/commands/command_09_key.png,841,"[16, 20]",False,reference_only,b5c280d6d0b35e87d2a0d613a41ff623aa346417fa1ca10ca3b725f751979176,,保留原包；只在需要时接入
main_hud_exact_v1/01_exact/commands/command_09_slot.png,9440,"[69, 65]",False,reference_only,38127747739d0ba8f8ed15d5ad09544f71ae7af670b345b8526026302bd33bcc,,保留原包；只在需要时接入
main_hud_exact_v1/01_exact/commands/command_10_art.png,7492,"[61, 57]",False,reference_only,4c038d197d2f76fbef7902782d5072b1c8d2bc0ba1ca7559ea4e436b3c593318,,保留原包；只在需要时接入
main_hud_exact_v1/01_exact/commands/command_10_key.png,890,"[16, 20]",False,reference_only,61ff495c6d6d9a95a05b1ce0beee98649181eae8f92d5aa6e7aea788b77876f0,,保留原包；只在需要时接入
main_hud_exact_v1/01_exact/commands/command_10_slot.png,8875,"[69, 65]",False,reference_only,70a81b06dcd7b05293853b2aff751c33aad8be4db97a5da22db15b377415eb5d,,保留原包；只在需要时接入
main_hud_exact_v1/01_exact/commands/command_11_art.png,7563,"[61, 57]",False,reference_only,0fd52cc3d941a779736ca4beb2c60ee644cae39e1ccdafc4e733c72f186f6ee2,,保留原包；只在需要时接入
main_hud_exact_v1/01_exact/commands/command_11_key.png,897,"[16, 20]",False,reference_only,50e2d76c68c34d1906fd7482e30492adfba18f1a3e49f7325161a787d7911a19,,保留原包；只在需要时接入
main_hud_exact_v1/01_exact/commands/command_11_slot.png,8989,"[69, 65]",False,reference_only,3c2d18b66097c5f90c724038a1263adae8e92005044c6ef7decdac9059d65680,,保留原包；只在需要时接入
main_hud_exact_v1/01_exact/commands/command_12_art.png,7714,"[61, 57]",False,reference_only,56d341bba34c746eed0db122a518164bbde4f3371804378b12d04652bfe6b7d1,,保留原包；只在需要时接入
main_hud_exact_v1/01_exact/commands/command_12_key.png,842,"[16, 20]",False,reference_only,8dff9b0ae727b5f9b3d00de3bfc1c060228fbf71c94571ba26d32b56bdb14a9c,,保留原包；只在需要时接入
main_hud_exact_v1/01_exact/commands/command_12_slot.png,9129,"[69, 65]",False,reference_only,4052143e13ae45ddf6dcd73a49c8248b59465712af30614ef1f4cfb631a94fee,,保留原包；只在需要时接入
main_hud_exact_v1/01_exact/commands/commands_module.png,141350,"[350, 247]",False,reference_only,ac01529a98ebe2830f4db2b29c190b0abee543cbb304fe3b7983ea0bfb2c066d,,保留原包；只在需要时接入
main_hud_exact_v1/01_exact/hero/hero_module.png,136423,"[538, 171]",False,reference_only,0ffee94ca9ef8633ed458f4346367a7134d124e01bf7447e233011f575fdfdd9,,保留原包；只在需要时接入
main_hud_exact_v1/01_exact/hero/hero_name.png,5386,"[91, 29]",False,reference_only,a095d374e17cc2123b2af6edc21789fa1903da0220cd0c9e7e9056d933f6aef7,,保留原包；只在需要时接入
main_hud_exact_v1/01_exact/hero/hp.png,11451,"[347, 25]",False,reference_only,e2b6b793e521254a0cb2b5a1076d36ae82b5b88a344ada6402d023462dbcd428,,保留原包；只在需要时接入
main_hud_exact_v1/01_exact/hero/hp_fill_clean.png,1524,"[117, 16]",False,reference_only,f3456f5816c280622601f9641765537d31382c91cc35a4615f786450d484f48d,,保留原包；只在需要时接入
main_hud_exact_v1/01_exact/hero/hp_number.png,4608,"[90, 21]",False,reference_only,82b52d6741ef482c29124dce9e0d39fd419bd42a6a0f144dd0dfb0763805b793,,保留原包；只在需要时接入
main_hud_exact_v1/01_exact/hero/hp_track_clean.png,723,"[54, 16]",False,reference_only,86b378a22c8e5ca98352246533d44924559dba3e4a10b77d5976ce526ddc4fbd,,保留原包；只在需要时接入
main_hud_exact_v1/01_exact/hero/level.png,2695,"[52, 27]",False,reference_only,d232fdffba240cdf1cde4d4056e0ae354f8c1b98fa8b190e7c3fee723a081080,,保留原包；只在需要时接入
main_hud_exact_v1/01_exact/hero/mp.png,11317,"[347, 26]",False,reference_only,dab39d4a2f427c5e0e4b56c40e0f81ba236bd59fbd4a30c4a1a3e21d634a5147,,保留原包；只在需要时接入
main_hud_exact_v1/01_exact/hero/mp_fill_clean.png,1535,"[123, 14]",False,reference_only,c998a7ecb22d12861057dfe07d65fec7dc328639df78ab03f544758fcebe7e3f,,保留原包；只在需要时接入
main_hud_exact_v1/01_exact/hero/mp_number.png,4456,"[94, 21]",False,reference_only,5b02554f6074a1725d0ac38d96e3e8eb7ba81b5b1f81de0147d55d182a0933b3,,保留原包；只在需要时接入
main_hud_exact_v1/01_exact/hero/mp_track_clean.png,1374,"[123, 14]",False,reference_only,7f5fc2b75b0f6e9b8a152b8da5f6bade087ce6176f0592b7f2e95ebe085f28dd,,保留原包；只在需要时接入
main_hud_exact_v1/01_exact/hero/portrait.png,28416,"[120, 118]",False,reference_only,e0ad8c122e55b844b3a4ec8651256bef775be337335a4d02044e4fda966a14b5,,保留原包；只在需要时接入
main_hud_exact_v1/01_exact/hero/portrait_footer.png,2237,"[118, 17]",False,reference_only,111333be84c75a34023a90ee9be2c75a4b69f09fe4d14df77f2cd9cd8718a539,,保留原包；只在需要时接入
main_hud_exact_v1/01_exact/hero/stat_agility_icon.png,1633,"[27, 28]",False,reference_only,a4b3bf41b1d910df604e3617d2017f6fc4cd25e476c8a4b7d50fe8a0b7c45f77,,保留原包；只在需要时接入
main_hud_exact_v1/01_exact/hero/stat_agility_label.png,2056,"[40, 25]",False,reference_only,06d6d2cb9734fa825095d2c8f2e6673b14e616c904b4393a0b0e993dfce36a39,,保留原包；只在需要时接入
main_hud_exact_v1/01_exact/hero/stat_agility_value.png,1964,"[45, 19]",False,reference_only,af2d3b350c04242d48403d32baec7ddf36b563c2f659248e86ec93d1d85a057b,,保留原包；只在需要时接入
main_hud_exact_v1/01_exact/hero/stat_armor_icon.png,1588,"[26, 28]",False,reference_only,349100000630ac7957fbc0c67850388c280fdcd1ac0cd2d71f3ec973195c1834,,保留原包；只在需要时接入
main_hud_exact_v1/01_exact/hero/stat_armor_label.png,1933,"[40, 25]",False,reference_only,fb8f71f2a58119435e849b2dbdae70fbd6b0eb3d3c5cf7897bc1526c22eb2cd9,,保留原包；只在需要时接入
main_hud_exact_v1/01_exact/hero/stat_armor_value.png,1797,"[45, 19]",False,reference_only,736017c32f12c655799c2c957a038330276b7a4ce72ec6759c64d365c66eb6d4,,保留原包；只在需要时接入
main_hud_exact_v1/01_exact/hero/stat_attack_icon.png,1664,"[27, 28]",False,reference_only,fe9bcd0c2e9c64f10f6f388c84c1894b7f6f75ffb824457b21cf358b0ddd941f,,保留原包；只在需要时接入
main_hud_exact_v1/01_exact/hero/stat_attack_label.png,2046,"[40, 25]",False,reference_only,b11f4347cca6619e9f45808b4649f97a52b2cf205a9410d0b94e27d03b28ef4a,,保留原包；只在需要时接入
main_hud_exact_v1/01_exact/hero/stat_attack_value.png,1911,"[45, 19]",False,reference_only,70051863b8b13e084bf4cf49af6b31b06194acd22ef0f35bc0472175504567e8,,保留原包；只在需要时接入
main_hud_exact_v1/01_exact/hero/stat_intelligence_icon.png,1725,"[27, 28]",False,reference_only,65e7749db0b094987f2b44cb220524fb9d4b092cf12cc5120c7e0ed14b36040e,,保留原包；只在需要时接入
main_hud_exact_v1/01_exact/hero/stat_intelligence_label.png,2114,"[40, 25]",False,reference_only,63c808e9cd1a65f925f970564446d43d8df2ea36e8918ee8712c2551cf3ddf8a,,保留原包；只在需要时接入
main_hud_exact_v1/01_exact/hero/stat_intelligence_value.png,2163,"[45, 19]",False,reference_only,04eee308a23fafa72e6e29e3fc3ec3c243362b9cb333ff5af77f2b2bd2062734,,保留原包；只在需要时接入
main_hud_exact_v1/01_exact/hero/stat_strength_icon.png,1626,"[27, 28]",False,reference_only,8974da2ba2bd5c1224ca8ab9ebb3eaea003339ba338d106cff18cdda1d78e5c2,,保留原包；只在需要时接入
main_hud_exact_v1/01_exact/hero/stat_strength_label.png,1818,"[40, 25]",False,reference_only,0e85ffc6b99a283069818c381938d585c6d508db2130270b37cdaf444c86f232,,保留原包；只在需要时接入
main_hud_exact_v1/01_exact/hero/stat_strength_value.png,1906,"[45, 19]",False,reference_only,f382187b036d8d7dc19e083af7144013290ec6f35ca59322f42bf259e78e8f8c,,保留原包；只在需要时接入
main_hud_exact_v1/01_exact/inventory/currency_icon.png,1224,"[22, 22]",False,reference_only,c14dbaae4cca42d3945f63f394138e2f2e133618027df0b1daf7ada97bb28dd8,,保留原包；只在需要时接入
main_hud_exact_v1/01_exact/inventory/currency_row.png,4191,"[84, 28]",False,reference_only,5b2cdb61d7aff74ff22d1c32fd5b67e376758f4e8d0fb29642e01422224bdaf1,,保留原包；只在需要时接入
main_hud_exact_v1/01_exact/inventory/currency_value.png,1964,"[38, 23]",False,reference_only,50a83a2fb3c8d505d3d68a12b7c8ecf225c5da7e36baf9bddcc9ae3224841652,,保留原包；只在需要时接入
main_hud_exact_v1/01_exact/inventory/inventory_module.png,72392,"[229, 189]",False,reference_only,ac78615144b5a78202ed3d16c76f2c24adbbb56d65f1cabdec58887144b5d8db,,保留原包；只在需要时接入
main_hud_exact_v1/01_exact/inventory/item_01_art.png,5912,"[53, 53]",False,reference_only,fb7b05eef32b47ae8df9f88396dbb142b0f4c5140b5079b23fc83ef9824d8188,,保留原包；只在需要时接入
main_hud_exact_v1/01_exact/inventory/item_01_slot.png,7297,"[61, 61]",False,reference_only,e7b30f799bb4714f9a873a3c1ce6288b7974017716c9b4fb7e7d327993a9333c,,保留原包；只在需要时接入
main_hud_exact_v1/01_exact/inventory/item_02_art.png,5172,"[53, 53]",False,reference_only,881306609c9327b8ac1e5c728c31f3d2d16e1c8239d6a2375f3f6fa0184f83da,,保留原包；只在需要时接入
main_hud_exact_v1/01_exact/inventory/item_02_slot.png,6532,"[61, 61]",False,reference_only,c9060c41753b45fb3d25cf194ee4b10050f6addef98fcc0920f8f6265bc8811f,,保留原包；只在需要时接入
main_hud_exact_v1/01_exact/inventory/item_03_art.png,6317,"[53, 53]",False,reference_only,45c355b86e4c472ba2e4a4dd8f00d8d04d280ec0d790eeeb1fd5159c78734895,,保留原包；只在需要时接入
main_hud_exact_v1/01_exact/inventory/item_03_slot.png,7734,"[61, 61]",False,reference_only,4b5c305a0ce036a596a56a1eebc8ac6b1d90c1da77a021dd8efdc7799ad3c5a1,,保留原包；只在需要时接入
main_hud_exact_v1/01_exact/inventory/item_04_art.png,6010,"[53, 53]",False,reference_only,7d38aa62743e144ded9ff9c972f6ed94ee4a5df291686c33fe086b12ecf5d130,,保留原包；只在需要时接入
main_hud_exact_v1/01_exact/inventory/item_04_slot.png,7381,"[61, 61]",False,reference_only,b97f66193e5f5be026416ece3a9df12059874f11f6c80e078f2ad4361784aed5,,保留原包；只在需要时接入
main_hud_exact_v1/01_exact/inventory/item_05_art.png,6057,"[53, 53]",False,reference_only,b7e9d0c008b2e3c22dc3a9db68686059c2a792dc16f564a8fd7edc60adaea682,,保留原包；只在需要时接入
main_hud_exact_v1/01_exact/inventory/item_05_slot.png,7482,"[61, 61]",False,reference_only,eb06a18ea277aafd86c0b870d36e139df5d8ec70aed6af2d19ea7599a4934fb2,,保留原包；只在需要时接入
main_hud_exact_v1/01_exact/inventory/item_06_art.png,6470,"[53, 53]",False,reference_only,601ebcf6f81512fb8b53af098789723514c67005828a0efa5d553c68328f3500,,保留原包；只在需要时接入
main_hud_exact_v1/01_exact/inventory/item_06_slot.png,7883,"[61, 61]",False,reference_only,f562910701be1f9db15e0c6eee0de2d823b39be8d1a32d273d46971e63c43474,,保留原包；只在需要时接入
main_hud_exact_v1/01_exact/messages/cursor.png,3461,"[37, 43]",False,reference_only,57509bec5fc9741d4403f99bd0372ec1c70d7e708f0e7eab389cafe3ae1f879d,,保留原包；只在需要时接入
main_hud_exact_v1/01_exact/messages/messages_module.png,35407,"[284, 56]",False,reference_only,e27d649c9f39f2dd9da47d3757b3499349227ae03bba03125df9e81ccad9b0b1,,保留原包；只在需要时接入
main_hud_exact_v1/01_exact/messages/monster_icon.png,2533,"[32, 34]",False,reference_only,8fc9ddbc36f6fbb09bca6a956236be58c308c6cada5c1206be9b015c9fa3d944,,保留原包；只在需要时接入
main_hud_exact_v1/01_exact/messages/monster_label.png,8956,"[166, 28]",False,reference_only,80faeb8f599c66bf059ffbaeeee399cca59a8027bbbed746caddf83de33c3f35,,保留原包；只在需要时接入
main_hud_exact_v1/01_exact/messages/monster_module.png,14222,"[201, 38]",False,reference_only,8f3e138b660d147f79da3b61b7aa1306641e201bb468d033821ce15582e44df2,,保留原包；只在需要时接入
main_hud_exact_v1/01_exact/messages/system_line_1.png,14875,"[259, 26]",False,reference_only,ebeeec40f905e147b419b370cc27eb11d7e0eb0d1a0992fe0d933483fdd8f51f,,保留原包；只在需要时接入
main_hud_exact_v1/01_exact/messages/system_line_2.png,16793,"[276, 25]",False,reference_only,0d5ab81ef3c4b149f6b5cd1e4d0deec08ddb1745c8914c45d9c520e1e1ca8ec3,,保留原包；只在需要时接入
main_hud_exact_v1/01_exact/messages/world_health.png,3666,"[106, 18]",False,reference_only,cdef48f7959bc21838bced14b889727dc2051d570d51aac114f795a719d81b59,,保留原包；只在需要时接入
main_hud_exact_v1/01_exact/minimap/map_north.png,2312,"[32, 31]",False,reference_only,e10e42625366ae9042d099e560fd8fc6184ea618bd6933302218d809bf9addbe,,保留原包；只在需要时接入
main_hud_exact_v1/01_exact/minimap/map_player_marker.png,4287,"[48, 48]",False,reference_only,3880c939c60a31bf4a5deaf8cd4fde32a9d0fe3c66e3edbc143154516d9a663e,,保留原包；只在需要时接入
main_hud_exact_v1/01_exact/minimap/map_selected_marker.png,1549,"[28, 28]",False,reference_only,b18e38c39f517c5227424b1a75fc52c5d3727a590077f0b97cdc3370666885b1,,保留原包；只在需要时接入
main_hud_exact_v1/01_exact/minimap/map_terrain.png,73324,"[229, 200]",False,reference_only,b0bb756118ab713e88517ff0ee2c53204ba96862607673af29dac08f13c2f072,,保留原包；只在需要时接入
main_hud_exact_v1/01_exact/minimap/minimap_module.png,102836,"[261, 252]",False,reference_only,44ee38c17638c8bf64d26e9f22545337880bd7f1ab053af894321bb34dd94d5b,,保留原包；只在需要时接入
main_hud_exact_v1/01_exact/minimap/minimap_utilities_module.png,21455,"[58, 220]",False,reference_only,400073e6c450da06f8829c11f6ec8c8c4f4483003371170bd9316288be307680,,保留原包；只在需要时接入
main_hud_exact_v1/01_exact/minimap/utility_bag_button.png,4272,"[51, 49]",False,reference_only,c203ff2d649f32cb6889929ab86070719c5353eb073fc3016f2c225724c555a3,,保留原包；只在需要时接入
main_hud_exact_v1/01_exact/minimap/utility_bag_icon.png,1996,"[30, 29]",False,reference_only,7185bfe7a4a2902e2d21979cced0eb295e89cf16e81920631c186b304826b7de,,保留原包；只在需要时接入
main_hud_exact_v1/01_exact/minimap/utility_flag_button.png,3780,"[51, 49]",False,reference_only,87e9c8000ba4afa5ec534f59f73cb4d59414cfe53218d8c076de6b7d3a91d5ca,,保留原包；只在需要时接入
main_hud_exact_v1/01_exact/minimap/utility_flag_icon.png,1667,"[30, 29]",False,reference_only,1f1028d81d6b9fc110da7297ef08e3e8f33e8a9829319dc32092f390862b4329,,保留原包；只在需要时接入
main_hud_exact_v1/01_exact/minimap/utility_target_button.png,4193,"[51, 49]",False,reference_only,10103f6fc17c80e11e4bcd6d746a5ba57b74f17cc126c74a28a40d46c675c70b,,保留原包；只在需要时接入
main_hud_exact_v1/01_exact/minimap/utility_target_icon.png,1984,"[30, 29]",False,reference_only,9d4d8852aaba85ab8eeea39ef3d965475288e297f68ba68f71254cea56b976c4,,保留原包；只在需要时接入
main_hud_exact_v1/01_exact/minimap/utility_zoom_button.png,4448,"[51, 49]",False,reference_only,8bac3fe23becfafc682b0ec8deaa5f9facfc728aa9e7520dfe85d063014fa96d,,保留原包；只在需要时接入
main_hud_exact_v1/01_exact/minimap/utility_zoom_icon.png,2065,"[30, 29]",False,reference_only,478d666d5e23c03e80bcb2fe9ca099bb0573fffb318ea0ed1026d1282b8f8551,,保留原包；只在需要时接入
main_hud_exact_v1/01_exact/scoreboard/score_difficulty.png,2748,"[49, 24]",False,reference_only,6f29a8a8088087d4088aa11cdbc53bedabdec97c6babeca362080cb9fddd004e,,保留原包；只在需要时接入
main_hud_exact_v1/01_exact/scoreboard/score_divider.png,2433,"[443, 6]",False,reference_only,b07377d0225dbf25e8ed9791845736d62c921ddaef448bcb2fd89f754a70c5e5,,保留原包；只在需要时接入
main_hud_exact_v1/01_exact/scoreboard/score_gold_icon.png,1138,"[23, 21]",False,reference_only,b28e00283714a671c25e7891e98bee39abb3dad9e33966fd981bd3d40d499dae,,保留原包；只在需要时接入
main_hud_exact_v1/01_exact/scoreboard/score_gold_value.png,2258,"[44, 23]",False,reference_only,d5b2432b98f35b4a8f89159851b504d1c0f1b5407b4701dbbb2800480a543093,,保留原包；只在需要时接入
main_hud_exact_v1/01_exact/scoreboard/score_headers.png,15435,"[424, 24]",False,reference_only,64b4e0ea4b25c97a78cf1bf8bb9575a37574d0cdfb97013ee8d0c6feeab41738,,保留原包；只在需要时接入
main_hud_exact_v1/01_exact/scoreboard/score_kill_icon.png,1161,"[24, 22]",False,reference_only,8b1d060b6b07223f9d0de70c346ff37d46e4ddb5826a42d2c0b53690be888a53,,保留原包；只在需要时接入
main_hud_exact_v1/01_exact/scoreboard/score_kill_value.png,1709,"[35, 22]",False,reference_only,7ccd2d5cff418082bab24711c20c858c008287a69e6d805e1a9429b018d3d9ac,,保留原包；只在需要时接入
main_hud_exact_v1/01_exact/scoreboard/score_player_avatar.png,1681,"[25, 27]",False,reference_only,e92d58ff594a0a8aeb2c7d3192869995e5727ea6b394364b7cd13d325325ec33,,保留原包；只在需要时接入
main_hud_exact_v1/01_exact/scoreboard/score_player_name.png,6099,"[128, 24]",False,reference_only,2a994b06222ae471b7ddcaed1cc1c2eeb5784e336a896f25498829aed83803e0,,保留原包；只在需要时接入
main_hud_exact_v1/01_exact/scoreboard/score_wood_icon.png,1013,"[25, 22]",False,reference_only,d7dacdf28fd325fb2e09cd99f59372c2e7b578ec940ce936e196b9948411316b,,保留原包；只在需要时接入
main_hud_exact_v1/01_exact/scoreboard/score_wood_value.png,1789,"[39, 22]",False,reference_only,fc45b25e3160e72c86c44e90c9ee3efb64288c4e8d1838fb43dd64010c6a0920,,保留原包；只在需要时接入
main_hud_exact_v1/01_exact/scoreboard/scoreboard_module.png,57049,"[460, 86]",False,reference_only,b6506b50f866998e3301a6915c9e3f7af6dba2c327674b0869076e0b3e754624,,保留原包；只在需要时接入
main_hud_exact_v1/01_exact/top/appearance_entry.png,5302,"[57, 57]",False,reference_only,f876294237c8d662d103a85314d0af2068d746a32c87feb6b9831d9b93f7cbf4,,保留原包；只在需要时接入
main_hud_exact_v1/01_exact/top/appearance_icon.png,2150,"[32, 30]",False,reference_only,d32bd35268233ba3b0b6b687345654e0b4125db327f5d8d40697016250c79b80,,保留原包；只在需要时接入
main_hud_exact_v1/01_exact/top/appearance_label.png,1930,"[43, 20]",False,reference_only,6468a24fb3c3c11c0842fb36c95e43a2c286b3ebe25a8992fb381ebead560c04,,保留原包；只在需要时接入
main_hud_exact_v1/01_exact/top/archive_entry.png,5795,"[57, 57]",False,reference_only,0cc8d56a2f08c472e2c6b6ff0349a3a604ee698d84c687acb798beb93f83dd71,,保留原包；只在需要时接入
main_hud_exact_v1/01_exact/top/archive_icon.png,1816,"[29, 31]",False,reference_only,d78348c26de4a2ec9a82a171ed34f772d7b04f25061fe36c2ae3eb50c1473120,,保留原包；只在需要时接入
main_hud_exact_v1/01_exact/top/archive_label.png,2051,"[43, 20]",False,reference_only,f720ac98bae32fddbcc01c20262769847f303e09e0c4e67ac0e14ab48bf99590,,保留原包；只在需要时接入
main_hud_exact_v1/01_exact/top/benefit_entry.png,4869,"[57, 57]",False,reference_only,bfc91c9e3f6fb486e55dbc87ff80518d5f94fa56533eb5973485b70faa093b3e,,保留原包；只在需要时接入
main_hud_exact_v1/01_exact/top/benefit_icon.png,1810,"[31, 30]",False,reference_only,5b9c7dbd3cb8265279a88648fd3d671c1fdf76cbe8b36fa5d066e5a33fca9e63,,保留原包；只在需要时接入
main_hud_exact_v1/01_exact/top/benefit_label.png,1888,"[43, 20]",False,reference_only,8633b6cd815e6d8f0e0a8b4a2e68785f9bad5593ba7cd9eddc434239868fd231,,保留原包；只在需要时接入
main_hud_exact_v1/01_exact/top/equipment_entry.png,5926,"[57, 57]",False,reference_only,9792e15c628e1d8345440b74340b78b8de73dece5ab7252f3db8352b8d73dfdb,,保留原包；只在需要时接入
main_hud_exact_v1/01_exact/top/equipment_icon.png,2186,"[31, 29]",False,reference_only,8cd769a17f551f0a8375047f90476d781343fb7a6984ab692cb06b15655d191a,,保留原包；只在需要时接入
main_hud_exact_v1/01_exact/top/equipment_label.png,2068,"[43, 20]",False,reference_only,c1ba736937abfb6ed67331607e48150b428512f8e413efda52b177c55f0f1d36,,保留原包；只在需要时接入
main_hud_exact_v1/01_exact/top/hide_fx_checkbox.png,1582,"[30, 30]",False,reference_only,5400806bac6fdb322d43864d1457f11e263187f2eba098b832cefcf635e7fe3e,,保留原包；只在需要时接入
main_hud_exact_v1/01_exact/top/hide_fx_label.png,4612,"[80, 24]",False,reference_only,09083dd01f336c139b873fabbc7832cf6bb9c623e883f4ce8a0caf39cda9f520,,保留原包；只在需要时接入
main_hud_exact_v1/01_exact/top/lottery_entry.png,5457,"[57, 57]",False,reference_only,5050bc3f56ea92b4c7e411b36e2a30ea7ec0e0811109939176e95010ba421e27,,保留原包；只在需要时接入
main_hud_exact_v1/01_exact/top/lottery_icon.png,2015,"[30, 30]",False,reference_only,c7937fb8d33c930138f8e46c220657793ee70a63e2c18ea7633fa6f571097321,,保留原包；只在需要时接入
main_hud_exact_v1/01_exact/top/lottery_label.png,2003,"[43, 20]",False,reference_only,889dd3d3c143ced1ccf6a75a06227ac8d29bb19f65267dbfb123b9d3afd498c0,,保留原包；只在需要时接入
main_hud_exact_v1/01_exact/top/return_entry.png,5627,"[57, 57]",False,reference_only,70cd9ab7c175e889c5ca49ce35c0ab32a0c2d5d14174231bca46d58f70d8a992,,保留原包；只在需要时接入
main_hud_exact_v1/01_exact/top/return_icon.png,1758,"[28, 29]",False,reference_only,ada4d316b3663753370ad6dd05334de8d806007858df6f7cc559c59eacc3ecc1,,保留原包；只在需要时接入
main_hud_exact_v1/01_exact/top/return_label.png,1953,"[43, 20]",False,reference_only,c3b074533799096bca91a183a66514a4383d0a4e1cbb8f42fc70c3898800b1a9,,保留原包；只在需要时接入
main_hud_exact_v1/01_exact/top/settings_entry.png,5993,"[57, 57]",False,reference_only,c50faf6f2616a31885f01b8688282e22593bfdb3f124353024215338c842df41,,保留原包；只在需要时接入
main_hud_exact_v1/01_exact/top/settings_icon.png,2383,"[31, 30]",False,reference_only,5fe2d06d94ccedfdbcfcd662af0c91e288e90ba978debfca714911abd4377924,,保留原包；只在需要时接入
main_hud_exact_v1/01_exact/top/settings_label.png,1979,"[43, 20]",False,reference_only,9e545a8bb58c19d830101182353d351ce64e51a18f588c3909d6778f4630f546,,保留原包；只在需要时接入
main_hud_exact_v1/01_exact/top/social_entry.png,4908,"[57, 57]",False,reference_only,c2e6f927efd108a726dcf60503889c79fb9edc857b5774d62bbbc5db9da570f5,,保留原包；只在需要时接入
main_hud_exact_v1/01_exact/top/social_icon.png,1860,"[34, 29]",False,reference_only,1df8aaff8f9b3c820e80fdb8c4baea60996389ad961003e21a12eaf4c70d15ac,,保留原包；只在需要时接入
main_hud_exact_v1/01_exact/top/social_label.png,1891,"[43, 20]",False,reference_only,2dbca5344575dc9ae9adca38aa602875f8722b2730cbb98b29039a784e949de1,,保留原包；只在需要时接入
main_hud_exact_v1/01_exact/top/top_module.png,111860,"[646, 111]",False,reference_only,e10f16e906fefbfaea0e60c896703fae74a0e989252eec3c4d11b7c1cce2dba9,,保留原包；只在需要时接入
main_hud_exact_v1/01_exact/top/treasure_entry.png,6224,"[57, 57]",False,reference_only,7eda9bf64f72bd8e0173aecae1690887053832ad6efc9a5b33e3deb582dc6f3d,,保留原包；只在需要时接入
main_hud_exact_v1/01_exact/top/treasure_icon.png,2383,"[33, 28]",False,reference_only,a3f3a1a449832e63d976d55069d6e9bb8c4ba5c0f524e2e357025b3b92b1d0a9,,保留原包；只在需要时接入
main_hud_exact_v1/01_exact/top/treasure_label.png,1964,"[43, 20]",False,reference_only,32c09b684f83b518bfddc16a2f263fdedfb5343f249359c0f91c90d4b982d150,,保留原包；只在需要时接入
main_hud_exact_v1/01_exact/wave/timer_fill.png,853,"[89, 7]",False,reference_only,329a73e00349bb77701fc6c61f3b6eaef3f62122e5b79da0417d27927ded1ba3,,保留原包；只在需要时接入
main_hud_exact_v1/01_exact/wave/timer_track.png,2551,"[163, 14]",False,reference_only,5772630ab379c025e23188231d9ced0bf960f8cdb05ba35f6369fc461e868090,,保留原包；只在需要时接入
main_hud_exact_v1/01_exact/wave/wave_module.png,20676,"[223, 67]",False,reference_only,7d513c0abfa59163b3896903fbdb2a0693ef7d27c706449997680a48ed97a49a,,保留原包；只在需要时接入
main_hud_exact_v1/01_exact/wave/wave_text.png,7852,"[159, 27]",False,reference_only,11f3667ef37c3e83964bfccabcb5143e2d52492afdb3d2f29b1490db84cd981c,,保留原包；只在需要时接入
main_hud_exact_v1/02_frames/command_slot_bl.png,120,"[4, 4]",False,reference_only,227c639378715b38bcc7c3f3eccfba7b034421479873081b32f8d06ad9156efe,,保留原包；只在需要时接入
main_hud_exact_v1/02_frames/command_slot_bottom.png,384,"[61, 4]",False,reference_only,88bc5e7f1987443d3d9fb91607aa90b5e8c5ed63e3c4df2d4397379fad0dc520,,保留原包；只在需要时接入
main_hud_exact_v1/02_frames/command_slot_br.png,120,"[4, 4]",False,reference_only,8f9407b43365b43db4e07b5637d5842440dec66c01524ba49538a5713b2973e6,,保留原包；只在需要时接入
main_hud_exact_v1/02_frames/command_slot_left.png,418,"[4, 57]",False,reference_only,04cb79d89523ed1a8cfcb870c07c87414285fcf809d7ce14930b0f4af75600f6,,保留原包；只在需要时接入
main_hud_exact_v1/02_frames/command_slot_right.png,384,"[4, 57]",False,reference_only,a9fc5877649bd6e91247a027f500a78557d7cd9a7a3bdcea45e8301c479b949e,,保留原包；只在需要时接入
main_hud_exact_v1/02_frames/command_slot_ring.png,10622,"[69, 65]",True,reference_only,ba07c28f529e187e65fb7f826df3fe524e87c292c52ed2a2f70b8eae82903e46,,保留原包；只在需要时接入
main_hud_exact_v1/02_frames/command_slot_tl.png,120,"[4, 4]",False,reference_only,6db1cde6d3dcac1f290844b920b54a6d8e39be5e4de8073be3237eb160a89043,,保留原包；只在需要时接入
main_hud_exact_v1/02_frames/command_slot_top.png,401,"[61, 4]",False,reference_only,25a8147f0bbd7fabc37580cac013725a294f0e972aef72b26b66ea962420ecb1,,保留原包；只在需要时接入
main_hud_exact_v1/02_frames/command_slot_tr.png,120,"[4, 4]",False,reference_only,ef1eca017e2b06150bd8475a27cf3dd6c7fb3f4118d1b2110b85564a149b8e26,,保留原包；只在需要时接入
main_hud_exact_v1/02_frames/commands_bl.png,500,"[12, 12]",False,reference_only,bbbf2dba5ed8b5dbcf8b167c1a222a9649c570cfe5b9d25d9ffc9da4c10483ef,,保留原包；只在需要时接入
main_hud_exact_v1/02_frames/commands_bottom.png,4506,"[319, 12]",False,reference_only,ce50fb2b4394908fc8f1b0c8458eac3561b6cc77bec733f54295f012caa141fd,,保留原包；只在需要时接入
main_hud_exact_v1/02_frames/commands_br.png,493,"[12, 12]",False,reference_only,3e6f1c5ffef2aaa50bd4c121e442fc007db554cac51bf94ae62b4ada30134fb3,,保留原包；只在需要时接入
main_hud_exact_v1/02_frames/commands_left.png,3434,"[12, 217]",False,reference_only,a77e92e817fbb788558894fdf371a37b22137ba77dc166f597c8023de9cb0516,,保留原包；只在需要时接入
main_hud_exact_v1/02_frames/commands_right.png,3179,"[12, 217]",False,reference_only,6ff9e2797479c09f09e8fa118f8a59cf6f319cd0cf487f8e47e85bfe73168397,,保留原包；只在需要时接入
main_hud_exact_v1/02_frames/commands_ring.png,154586,"[343, 241]",True,reference_only,3c8f02d5f6002c2ef0226984b5b295d8be844179f932d4059feec0f329c4464e,,保留原包；只在需要时接入
main_hud_exact_v1/02_frames/commands_tl.png,512,"[12, 12]",False,reference_only,5fe1bbb8daf7c0e58b3fb06ce1ac390220de339faca32e04d52d5bbe0a264397,,保留原包；只在需要时接入
main_hud_exact_v1/02_frames/commands_top.png,4700,"[319, 12]",False,reference_only,cf37ef6ad5c9ff5b484b3be8107c715c0a329d3ca5bc1c349a008dfbe72529e3,,保留原包；只在需要时接入
main_hud_exact_v1/02_frames/commands_tr.png,512,"[12, 12]",False,reference_only,78032ff6d08eb7bdafb90024c47a9f1a28f3c68bfe41c1f6555a7fa2131ffffb,,保留原包；只在需要时接入
main_hud_exact_v1/02_frames/hero_bl.png,451,"[12, 12]",False,reference_only,dd6af4151224daf123dbe676adebb38dab6d575d635baa5e57f8192bd3800518,frame.hud.bl,candidate_requires_visual_check
main_hud_exact_v1/02_frames/hero_bottom.png,8028,"[508, 12]",False,reference_only,e4033ab40b05f78f393c9b17a182116911ead815d2553b3e1fc52e7a350a5e9c,frame.hud.bottom,candidate_requires_visual_check
main_hud_exact_v1/02_frames/hero_br.png,448,"[12, 12]",False,reference_only,a11a2f23a2b29676d1424909d217acae5309593ea1fd5bfb86f4f31b334c1286,frame.hud.br,candidate_requires_visual_check
main_hud_exact_v1/02_frames/hero_left.png,2994,"[12, 141]",False,reference_only,63452e378a2e37954aaca568e9e9bb0024e8e53c3308295fb6203b90938563b0,frame.hud.left,candidate_requires_visual_check
main_hud_exact_v1/02_frames/hero_right.png,2771,"[12, 141]",False,reference_only,0f57255b667ae12658f288d7786769f862db46315ebde9bec7d882cc6e47e1fa,frame.hud.right,candidate_requires_visual_check
main_hud_exact_v1/02_frames/hero_ring.png,147710,"[532, 165]",True,reference_only,400ceed71e323a50332dbe9144e1cff7d9dbcd7d19a340d23f142ab93b7bc5a9,,保留原包；只在需要时接入
main_hud_exact_v1/02_frames/hero_tl.png,512,"[12, 12]",False,reference_only,98dd2ad0b213e19cad1e4a84787f187db35fe21bda242334dd319af7afcea066,frame.hud.tl,candidate_requires_visual_check
main_hud_exact_v1/02_frames/hero_top.png,7093,"[508, 12]",False,reference_only,499b2b33815eef21071bfcb71dd6aaa7f9c6d99187a0bfd182d66bea5c2af6ef,frame.hud.top,candidate_requires_visual_check
main_hud_exact_v1/02_frames/hero_tr.png,470,"[12, 12]",False,reference_only,b7a76aec5ff35edcd57e7b2d146538bc0b1c10e921434e38e89e2229d8a3a15d,frame.hud.tr,candidate_requires_visual_check
main_hud_exact_v1/02_frames/inventory_bl.png,486,"[12, 12]",False,reference_only,f663632de07422b4dc3c6b78953ca153d4666bd78d9dff532280593d12c15468,,保留原包；只在需要时接入
main_hud_exact_v1/02_frames/inventory_bottom.png,2968,"[201, 12]",False,reference_only,5c32b246c6e94ae341d90ea28226962492976c105e70a9ae145070a3193de353,,保留原包；只在需要时接入
main_hud_exact_v1/02_frames/inventory_br.png,484,"[12, 12]",False,reference_only,5432ac3c0a37bc2fcf7b1ad6d1d349377aaf3b7151f2554cc103cde0d5144ad4,,保留原包；只在需要时接入
main_hud_exact_v1/02_frames/inventory_left.png,2698,"[12, 160]",False,reference_only,4ea8b18e0d02bb560488a31ed329f6b640e0aa507a0030e4b1347f61ff538ae1,,保留原包；只在需要时接入
main_hud_exact_v1/02_frames/inventory_right.png,2729,"[12, 160]",False,reference_only,3a010114eac4725f602308178ea0d677a4de96436902d78153961b88c8713c3e,,保留原包；只在需要时接入
main_hud_exact_v1/02_frames/inventory_ring.png,78796,"[225, 184]",True,reference_only,663eb092eab7db267c29f766d7df47c974f7cc284d051866f5874b41400b381b,,保留原包；只在需要时接入
main_hud_exact_v1/02_frames/inventory_tl.png,512,"[12, 12]",False,reference_only,06a1bb5f72cf5914e45e43dc552118fc8f6d75fe1e5d235240c934572430abe8,,保留原包；只在需要时接入
main_hud_exact_v1/02_frames/inventory_top.png,3357,"[201, 12]",False,reference_only,67d364e798f6a156cf16d5b6882c1a950824d7a71d70c30e2cee0a03d6736ec0,,保留原包；只在需要时接入
main_hud_exact_v1/02_frames/inventory_tr.png,503,"[12, 12]",False,reference_only,2859a618d1faa5b525704637115cc4043749da387e77a3226825b91ff39aed8f,,保留原包；只在需要时接入
main_hud_exact_v1/02_frames/item_slot_bl.png,120,"[4, 4]",False,reference_only,3eee5d4cbb9e5f2de780add2bab2138081c9f8016a32087599f1e62fb90bb3ce,,保留原包；只在需要时接入
main_hud_exact_v1/02_frames/item_slot_bottom.png,327,"[53, 4]",False,reference_only,41f784492614a057a5246d58e687c65a41220c4ff178da44a7a5c9ac20961d31,,保留原包；只在需要时接入
main_hud_exact_v1/02_frames/item_slot_br.png,120,"[4, 4]",False,reference_only,0092ea4b9d815cfa324fd3b746bcd85bf44b5ecfc7db2b0e87e9e42b4dbb8d14,,保留原包；只在需要时接入
main_hud_exact_v1/02_frames/item_slot_left.png,406,"[4, 53]",False,reference_only,b21d6545090c36f54c1632e5e95f7c36bfc3df72d81373c7cc256dd78711ef6a,,保留原包；只在需要时接入
main_hud_exact_v1/02_frames/item_slot_right.png,375,"[4, 53]",False,reference_only,8cee454ab51a28e857e0489c594cf6384797cb04a06fd39683e94ba930d36275,,保留原包；只在需要时接入
main_hud_exact_v1/02_frames/item_slot_ring.png,8196,"[61, 61]",True,reference_only,9927c9618c23b1e98218ec6adbda5949a7a2418cdc390bfc2677ff234f54e59f,,保留原包；只在需要时接入
main_hud_exact_v1/02_frames/item_slot_tl.png,120,"[4, 4]",False,reference_only,849d7bdd419b39429fb3cabb556e409b1b40dd70d1e7d1ce6daf359047f39ea3,,保留原包；只在需要时接入
main_hud_exact_v1/02_frames/item_slot_top.png,389,"[53, 4]",False,reference_only,10a9d9605bcd7782f33952cf3791722e590efb27a0047ddfb936bc574d8add92,,保留原包；只在需要时接入
main_hud_exact_v1/02_frames/item_slot_tr.png,120,"[4, 4]",False,reference_only,2db5e92f747db9e33a23b48e05226a6b8661b55659a7b5309ca756fb247fd685,,保留原包；只在需要时接入
main_hud_exact_v1/02_frames/minimap_bl.png,491,"[12, 12]",False,reference_only,26a224897af84eb65207b479fd9123b55e7ed751107759ecd13910c8941f0d2f,,保留原包；只在需要时接入
main_hud_exact_v1/02_frames/minimap_bottom.png,3216,"[232, 12]",False,reference_only,ea6833da0a1d2b8da7138ca4153be25f77ad957bd58db1c25d3cf388a5ae34b0,,保留原包；只在需要时接入
main_hud_exact_v1/02_frames/minimap_br.png,485,"[12, 12]",False,reference_only,c0ebfbf48e3b67e692c5c5b8becc25ed1a9077f84b8b011099c648ea46e58ead,,保留原包；只在需要时接入
main_hud_exact_v1/02_frames/minimap_left.png,3430,"[12, 213]",False,reference_only,b812c5fe4384553ce132e1cbc43fdfdc6ff46a714e1a36434fe8f1c205199830,,保留原包；只在需要时接入
main_hud_exact_v1/02_frames/minimap_right.png,3475,"[12, 213]",False,reference_only,4470dbc6b6a5505fee49b67366fc82570d7ba36de47d078b677e5935d8ae65f7,,保留原包；只在需要时接入
main_hud_exact_v1/02_frames/minimap_ring.png,107529,"[256, 237]",True,reference_only,d47adea1291a1c48966d929eede4699ceedb00991ab9b518668b1907f7ecd80f,,保留原包；只在需要时接入
main_hud_exact_v1/02_frames/minimap_tl.png,512,"[12, 12]",False,reference_only,78d16efe152fe4ee7688b11bf5e27d735c75e34cdfdc8c14f4ef5f1da7b7844c,,保留原包；只在需要时接入
main_hud_exact_v1/02_frames/minimap_top.png,4094,"[232, 12]",False,reference_only,6d8a8e5bc0712d63a3276423fc18070d0358a50af83871c924de27a08bb4ef0e,,保留原包；只在需要时接入
main_hud_exact_v1/02_frames/minimap_tr.png,512,"[12, 12]",False,reference_only,ff52e43c14413976665e931f6dfd45982bfe593cc9617dd3fdbfb6f29ef33df2,,保留原包；只在需要时接入
main_hud_exact_v1/02_frames/scoreboard_bl.png,444,"[12, 12]",False,reference_only,81029c3132e7d439d37dbda376177f736e27b1f5c5d3e768dff3210aa41f0b85,,保留原包；只在需要时接入
main_hud_exact_v1/02_frames/scoreboard_bottom.png,5282,"[430, 12]",False,reference_only,00c6176f98e7f00939355b828691644b71aff95295edcd40114a291f458effb6,,保留原包；只在需要时接入
main_hud_exact_v1/02_frames/scoreboard_br.png,442,"[12, 12]",False,reference_only,7288078be0833b228c553a25c24233e169467172ff09031b29b37380e6410961,,保留原包；只在需要时接入
main_hud_exact_v1/02_frames/scoreboard_left.png,1023,"[12, 56]",False,reference_only,0df9491324974f21d7b6ef7cadb90e3782caf50b20e63fdcbab3c4ba209897dc,,保留原包；只在需要时接入
main_hud_exact_v1/02_frames/scoreboard_right.png,1033,"[12, 56]",False,reference_only,c64b7b2f5633d6732ee638732668e1184ed2066378dc2fcca30ab6be94a72218,,保留原包；只在需要时接入
main_hud_exact_v1/02_frames/scoreboard_ring.png,58402,"[454, 80]",True,reference_only,b208414a1320bdf121401b3f10c9e2fb13fd903c45a6004bc9177b683b27d8cc,,保留原包；只在需要时接入
main_hud_exact_v1/02_frames/scoreboard_tl.png,477,"[12, 12]",False,reference_only,106c7d1f9b7056c1e7843c15cab59fb1165a26d4dfd72c7d1f7de100bf4ffa19,,保留原包；只在需要时接入
main_hud_exact_v1/02_frames/scoreboard_top.png,5564,"[430, 12]",False,reference_only,0203b768c55595617fbe418b9f5d456531d71188165d0d14721fd897e597832c,,保留原包；只在需要时接入
main_hud_exact_v1/02_frames/scoreboard_tr.png,489,"[12, 12]",False,reference_only,9fee129a2506f818ed0a0539b9de1dfe52243ba8bdef46894f036fc4586805fc,,保留原包；只在需要时接入
main_hud_exact_v1/02_frames/utility_button_bl.png,120,"[4, 4]",False,reference_only,4897e49c71e6508a57cd80cd90c51ada6f3ad9250f16167a1d19ec7ab3524f3e,,保留原包；只在需要时接入
main_hud_exact_v1/02_frames/utility_button_bottom.png,344,"[43, 4]",False,reference_only,8d341d08cff25ef4e09e2436c34dd1e91dc996f72d069b718c2a6b61c1646909,,保留原包；只在需要时接入
main_hud_exact_v1/02_frames/utility_button_br.png,120,"[4, 4]",False,reference_only,442c62cdd268ce9afb5a077dd7ad4adf1c8a813d29dae1bd759d83e95fb04f28,,保留原包；只在需要时接入
main_hud_exact_v1/02_frames/utility_button_left.png,342,"[4, 41]",False,reference_only,5c0361e25b65b3ff1b400fc9f7f8a9b1a09bb39ff74108004f34506a9972fc74,,保留原包；只在需要时接入
main_hud_exact_v1/02_frames/utility_button_right.png,338,"[4, 41]",False,reference_only,1626d342bbd9e38893b7cc02f2ae14a349548a794fe5e593bbbae4f99b6de53a,,保留原包；只在需要时接入
main_hud_exact_v1/02_frames/utility_button_ring.png,4751,"[51, 49]",True,reference_only,7aa4b66d95b9bc02c2ee08bfab990cf6c5b97683ca50db84e25f9868c302d6b6,,保留原包；只在需要时接入
main_hud_exact_v1/02_frames/utility_button_tl.png,120,"[4, 4]",False,reference_only,e16fe1c719d2266f4266964021870b4f0abb52df12d2b78d368591390e773310,,保留原包；只在需要时接入
main_hud_exact_v1/02_frames/utility_button_top.png,317,"[43, 4]",False,reference_only,e53f52add53d3c4c6add0bfaf6df5c9f473857f9e49e9a630e5e9b1129a8a12d,,保留原包；只在需要时接入
main_hud_exact_v1/02_frames/utility_button_tr.png,120,"[4, 4]",False,reference_only,8890986808822bc0772f5025d48519849a131b14af1b3ee6f668eb4c35804189,,保留原包；只在需要时接入
main_hud_exact_v1/03_alpha_helpers/appearance_64.png,2859,"[64, 64]",True,reference_only,f6f0b8c1625cb4038ed05f57306aef158184e73e2cd1f557a3c9d7488636c738,icon.nav.appearance,candidate_requires_visual_check
main_hud_exact_v1/03_alpha_helpers/archive_64.png,2490,"[64, 64]",True,reference_only,f72d49a8f777cc555db6f3fe7a840e49e1d2aa9c8e72d5f8f4d9aa2f81213444,icon.nav.archive,candidate_requires_visual_check
main_hud_exact_v1/03_alpha_helpers/benefit_64.png,2373,"[64, 64]",True,reference_only,6e2bf9fb5ddeb9da1ade471a698a77f0e9771b50d627f65005ae68364ede0987,icon.nav.benefit,candidate_requires_visual_check
main_hud_exact_v1/03_alpha_helpers/currency_icon_64.png,1598,"[64, 64]",True,reference_only,0499ad7800873c90efcfd3f2010dfe664332f2b2ca62486fcfb10362b779c687,,保留原包；只在需要时接入
main_hud_exact_v1/03_alpha_helpers/equipment_64.png,2869,"[64, 64]",True,reference_only,06faaea6af8a1c5c70c57a796ce61447e995af35e5c382000015179036a8e5cb,icon.nav.equipment,candidate_requires_visual_check
main_hud_exact_v1/03_alpha_helpers/lottery_64.png,2616,"[64, 64]",True,reference_only,26736dbdd6ab70d6ea3170654eb080ef25b9cf270230710dae5b860ed0628c8a,icon.nav.lottery,candidate_requires_visual_check
main_hud_exact_v1/03_alpha_helpers/return_64.png,2247,"[64, 64]",True,reference_only,e7632ad0639904ab3fca9d0ffafb5803da687063fcdc9c603279dde4db13e67a,icon.nav.return,candidate_requires_visual_check
main_hud_exact_v1/03_alpha_helpers/settings_64.png,3118,"[64, 64]",True,reference_only,e4f2c93ca0304e47527b64829d3fb059bd02096dcaf626e8116f6738a64d71da,icon.nav.settings,candidate_requires_visual_check
main_hud_exact_v1/03_alpha_helpers/social_64.png,2435,"[64, 64]",True,reference_only,478cf9df4bb3bf4777a88842deb151f45933b4d0aadfac58740d4379407fb91e,icon.nav.social,candidate_requires_visual_check
main_hud_exact_v1/03_alpha_helpers/stat_agility_icon_64.png,2202,"[64, 64]",True,reference_only,397febeb2c42b3f10dddc1a4815e3b9a86c74b36b47bfbe80a1555b100e9700c,,保留原包；只在需要时接入
main_hud_exact_v1/03_alpha_helpers/stat_armor_icon_64.png,2084,"[64, 64]",True,reference_only,10f30416e4aca986264d2c20824c4d443dda170b00d6d5d26709dd29d17c60a7,,保留原包；只在需要时接入
main_hud_exact_v1/03_alpha_helpers/stat_attack_icon_64.png,2174,"[64, 64]",True,reference_only,6e9a48f43b37c3524d27ade9154178ec2a941595a37013fc4a5bd8cfe33aeb29,,保留原包；只在需要时接入
main_hud_exact_v1/03_alpha_helpers/stat_intelligence_icon_64.png,2236,"[64, 64]",True,reference_only,eaa1b99a8b4072d362813890fefeb3b9ad0c05d785d17819a37cb87a286d9632,,保留原包；只在需要时接入
main_hud_exact_v1/03_alpha_helpers/stat_strength_icon_64.png,2169,"[64, 64]",True,reference_only,f2a28123f8a21b8c0d5b175af9531c7121512caca8fe17a1979787d4fd603dee,,保留原包；只在需要时接入
main_hud_exact_v1/03_alpha_helpers/treasure_64.png,3106,"[64, 64]",True,reference_only,a23d82f5ab97b3576dc1b6a518ec8bda0c8cc0b753091e4c738a1c61bcf24f4d,icon.nav.treasure,candidate_requires_visual_check
main_hud_exact_v1/03_alpha_helpers/utility_bag_icon_64.png,2611,"[64, 64]",True,reference_only,7b061ba6425debdb77430485b4dea5fc5edddc06eb5cb275b6caaaa41c25e713,,保留原包；只在需要时接入
main_hud_exact_v1/03_alpha_helpers/utility_flag_icon_64.png,2176,"[64, 64]",True,reference_only,63a5eb3d8843c5751450043ae876c266668dfd8f2004e230b1ba5dc79f6de9ee,,保留原包；只在需要时接入
main_hud_exact_v1/03_alpha_helpers/utility_target_icon_64.png,2587,"[64, 64]",True,reference_only,6dc76feca3c998317df4995d2de5e71192f200e309658415ba459659f7f3bb11,,保留原包；只在需要时接入
main_hud_exact_v1/03_alpha_helpers/utility_zoom_icon_64.png,2708,"[64, 64]",True,reference_only,f6fec2466909d7c4b92e321194f077cb107611a5ac81941fbda8924fc93b9f41,,保留原包；只在需要时接入
main_hud_exact_v1/04_reconstruction/alpha_icons_check.png,26114,"[828, 176]",False,reference_only,14986585b55590634c3058e351266056ab93100a97c0b323920c00610fe5ea06,,保留原包；只在需要时接入
main_hud_exact_v1/04_reconstruction/coverage_mask.png,2666,"[1672, 941]",False,reference_only,63df1fedaf698abba9a9c0558ad21f5e798dfeeafb1280ef2c5a7869b042ee4e,,保留原包；只在需要时接入
main_hud_exact_v1/04_reconstruction/hero_and_scoreboard.png,151256,"[1100, 1200]",False,reference_only,f1bec40ca28a83fe9fd688c254646794c6229f14eff80d3c9b79f6719602e828,,保留原包；只在需要时接入
main_hud_exact_v1/04_reconstruction/hud_reassembled.png,841092,"[1672, 941]",True,reference_only,917909e67223c7277a3b5dc44dbe39c4a731e9608ec0ea5ccf8418d9e11ce282,,保留原包；只在需要时接入
main_hud_exact_v1/04_reconstruction/items_and_commands.png,169101,"[1100, 600]",False,reference_only,62a0540d05142fd815c0d05f5ef4d7722ddd3442f85600b4d26e66520891d4b2,,保留原包；只在需要时接入
main_hud_exact_v1/04_reconstruction/top_and_utilities.png,106967,"[1100, 900]",False,reference_only,0bdf39c1743a137d572c716fa6ebe557c0504dbebbc84d99fd9b6c781709b539,,保留原包；只在需要时接入
main_hud_exact_v1/05_generated_optional/blank_reference.png,2335958,"[1672, 941]",False,reference_only,312927c9f83a340c7c8a60feaf200ec667b0e82375fc314a41b2ebf9a96f06d8,,保留原包；只在需要时接入
main_hud_exact_v1/05_generated_optional/commands_blank.png,79060,"[350, 247]",False,reference_only,db864d6afc6d8b7ebbe72ec75edcc359c5ff516f18b2420b8575c7991e3e321a,,保留原包；只在需要时接入
main_hud_exact_v1/05_generated_optional/hero_blank.png,82511,"[538, 171]",False,reference_only,e2471cb8d7fa57ce76fcf5da0be1b09fe34d943db771520e356139bf92d14161,,保留原包；只在需要时接入
main_hud_exact_v1/05_generated_optional/inventory_blank.png,42827,"[229, 189]",False,reference_only,2e761b867fe8adabfb0dcc74c993b618b86eb074d71a74387143972f90321c4f,,保留原包；只在需要时接入
main_hud_exact_v1/05_generated_optional/minimap_blank.png,60745,"[261, 252]",False,reference_only,299261a884b9fb01ef670f5deec9da208253570692098c629c14bb20a8f3f88e,,保留原包；只在需要时接入
main_hud_exact_v1/05_generated_optional/scoreboard_blank.png,36389,"[460, 86]",False,reference_only,1b6db7f2e0c7ad9068c2998074afe6f9125151be8fb1af8913b4982a27df9913,,保留原包；只在需要时接入
roguelike_ui_v1/animation_preview.gif,8100690,"[960, 600]",False,reference_only,0a01d28a745933364ad4ce3455dc92387d48f7b8cb6f895c69aef337ca979439,,保留原包；只在需要时接入
roguelike_ui_v1/assets/back.png,506565,"[352, 816]",False,page_specific_or_candidate,7fb54970b9e1a3b80c666ac9719c12b67dd2007be70aea9648b01d17e0fe3383,roguelike.back,candidate_requires_visual_check
roguelike_ui_v1/assets/combat.png,490330,"[352, 816]",False,page_specific_or_candidate,1afb4872d577c85b56dddce4eeda4c29f7738e64a79461bf78bda24428721cad,roguelike.combat,candidate_requires_visual_check
roguelike_ui_v1/assets/defense.png,501964,"[352, 816]",False,page_specific_or_candidate,54604448689021c3fa86bf7eff802b7f67439b48ea975f726f5ffdf3503b8e19,roguelike.defense,candidate_requires_visual_check
roguelike_ui_v1/assets/growth.png,496804,"[352, 816]",False,page_specific_or_candidate,4b4b6bbc3673f897de4012143372263cb88e363548dd7effe5fbfb3a42daa348,roguelike.growth,candidate_requires_visual_check
roguelike_ui_v1/card_art_sheet.png,2523377,"[1536, 1024]",False,page_specific_or_candidate,bb3c40bb4313912b20a7718eb02f276dcbffa1abddc60a0154e174c50e08d618,,保留原包；只在需要时接入
roguelike_ui_v1/three_choice_preview.png,541978,"[960, 600]",False,reference_only,df024147d9d80eb3eab91b2c92590ff59d4aa7e23a5da6938145b0aa2e5eee51,,保留原包；只在需要时接入
