wave_id,group_id,wave_number,health,attack,war3_armor,enabled
#types:string,string,number,number,number,number,boolean
"tier1_1","tier1","1","1999997","75000","185","1"
"tier1_2","tier1","2","2185997","82125","192","1"
"tier1_3","tier1","3","2389294","89927","200","1"
"tier1_4","tier1","4","2611499","98470","208","1"
"tier1_5","tier1","5","2854368","107825","216","1"
"tier1_6","tier1","6","3119824","118068","225","1"
"tier1_7","tier1","7","3409968","129284","234","1"
"tier1_8","tier1","8","3727095","141566","243","1"
"tier1_9","tier1","9","4073715","155015","253","1"
"tier1_10","tier1","10","4452570","169742","263","1"
"tier1_11","tier1","11","4866660","185867","273","1"
"tier1_12","tier1","12","5319259","203524","284","1"
"tier1_13","tier1","13","5813950","222859","296","1"
"tier1_14","tier1","14","6354647","244031","308","1"
"tier1_15","tier1","15","6945629","267214","320","1"
"tier1_16","tier1","16","7591573","292599","333","1"
"tier1_17","tier1","17","8297589","320396","346","1"
"tier1_18","tier1","18","9069265","350834","360","1"
"tier1_19","tier1","19","9912707","384163","374","1"
"tier1_20","tier1","20","10834588","420658","389","1"
"tier1_21","tier1","21","11842205","460621","405","1"
"tier1_22","tier1","22","12943530","504380","421","1"
"tier1_23","tier1","23","14147279","552296","438","1"
"tier1_24","tier1","24","15462976","604764","455","1"
"tier1_25","tier1","25","16901032","662217","474","1"
"tier1_26","tier1","26","18472828","725127","493","1"
"tier1_27","tier1","27","20190801","794014","512","1"
"tier1_28","tier1","28","22068546","869446","533","1"
"tier1_29","tier1","29","24120921","952043","554","1"
"tier1_30","tier1","30","26364166","1042487","576","1"
"tier1_31","tier1","31","28816034","1141523","600","1"
"tier1_32","tier1","32","31495925","1249968","624","1"
"tier1_33","tier1","33","34425046","1368715","648","1"
"tier1_34","tier1","34","37626575","1498743","674","1"
"tier1_35","tier1","35","41125847","1641124","701","1"
"tier1_36","tier1","36","44950550","1797030","730","1"
"tier1_37","tier1","37","49130951","1967748","759","1"
"tier1_38","tier1","38","53700130","2154684","789","1"
"tier1_39","tier1","39","58694242","2359379","821","1"
"tier1_40","tier1","40","64152807","2583520","854","1"
"tier1_41","tier1","41","70119018","2828955","888","1"
"tier1_42","tier1","42","76640086","3097706","923","1"
"tier1_43","tier1","43","83767614","3391988","960","1"
"tier1_44","tier1","44","91558002","3714227","999","1"
"tier1_45","tier1","45","100072896","4067078","1039","1"
"tier1_46","tier1","46","109379676","4453450","1080","1"
"tier1_47","tier1","47","119551986","4876528","1123","1"
"tier1_48","tier1","48","130670320","5339798","1168","1"
"tier1_49","tier1","49","142822660","5847079","1215","1"
"tier1_50","tier1","50","156105168","6402552","1264","1"
"tier1_51","tier1","51","170622948","7010794","1314","1"
"tier1_52","tier1","52","186490882","7676820","1367","1"
"tier1_53","tier1","53","203834534","8406118","1422","1"
"tier1_54","tier1","54","222791146","9204699","1478","1"
"tier1_55","tier1","55","243510723","10079145","1538","1"
"tier1_56","tier1","56","266157220","11036664","1599","1"
"tier1_57","tier1","57","290909841","12085147","1663","1"
"tier1_58","tier1","58","317964457","13233236","1730","1"
"tier1_59","tier1","59","347535151","14490393","1799","1"
"tier1_60","tier1","60","379855920","15866981","1871","1"
"tier1_61","tier1","61","415182521","17374344","1946","1"
"tier1_62","tier1","62","453794495","19024907","2023","1"
"tier1_63","tier1","63","495997383","20832273","2104","1"
"tier1_64","tier1","64","542125140","22811339","2189","1"
"tier1_65","tier1","65","592542778","24978416","2276","1"
"tier1_66","tier1","66","647649256","27351365","2367","1"
"tier1_67","tier1","67","707880637","29949745","2462","1"
"tier1_68","tier1","68","773713536","32794971","2560","1"
"tier1_69","tier1","69","845668895","35910493","2663","1"
"tier1_70","tier1","70","924316102","39321990","2769","1"
"tier1_71","tier1","71","1010277500","43057579","2880","1"
"tier1_72","tier1","72","1104233307","47148049","2995","1"
"tier1_73","tier1","73","1206927005","51627113","3115","1"
"tier1_74","tier1","74","1319171216","56531689","3240","1"
"tier1_75","tier1","75","1441854139","61902200","3370","1"
"tier1_76","tier1","76","1575946574","67782909","3504","1"
"tier1_77","tier1","77","1722509605","74222285","3645","1"
"tier1_78","tier1","78","1882702999","81273402","3790","1"
"tier1_79","tier1","79","2057794378","88994375","3942","1"
"tier1_80","tier1","80","2249169255","97448841","4100","1"
"tier1_81","tier1","81","2458341995","106706481","4264","1"
"tier1_82","tier1","82","2686967801","116843597","4434","1"
"tier1_83","tier1","83","2936855807","127943738","4612","1"
"tier1_84","tier1","84","3209983397","140098393","4796","1"
"tier1_85","tier1","85","3508511852","153407741","4988","1"
"tier1_86","tier1","86","3834803455","167981476","5188","1"
"tier1_87","tier1","87","4191440176","183939716","5395","1"
"tier1_88","tier1","88","4581244112","201413989","5611","1"
"tier1_89","tier1","89","5007299815","220548318","5835","1"
"tier1_90","tier1","90","5472978698","241500409","6069","1"
"tier1_91","tier1","91","5981965716","264442948","6312","1"
"tier1_92","tier1","92","6538288528","289565028","6564","1"
"tier1_93","tier1","93","7146349361","317073705","6827","1"
"tier1_94","tier1","94","7810959852","347195707","7100","1"
"tier1_95","tier1","95","8537379118","380179299","7384","1"
"tier1_96","tier1","96","9331355376","416296333","7679","1"
"tier1_97","tier1","97","10199171426","455844484","7986","1"
"tier1_98","tier1","98","11147694369","499149710","8306","1"
"tier1_99","tier1","99","12184429945","546568933","8638","1"
"tier1_100","tier1","100","13317581930","598492982","8984","1"
"tier1_101","tier1","101","14556117049","655349815","9343","1"
"tier1_102","tier1","102","15909835935","717608047","9717","1"
"tier1_103","tier1","103","17389450677","785780812","10105","1"
"tier1_104","tier1","104","19006669590","860429989","10510","1"
"tier1_105","tier1","105","20774289861","942170838","10930","1"
"tier1_106","tier1","106","22706298819","1031677067","11367","1"
"tier1_107","tier1","107","24817984609","1129686389","11822","1"
"tier1_108","tier1","108","27126057177","1237006596","12295","1"
"tier1_109","tier1","109","29648780495","1354522222","12787","1"
"tier1_110","tier1","110","32406117081","1483201833","13298","1"
"tier1_111","tier1","111","35419885969","1624106007","13830","1"
"tier1_112","tier1","112","38713935364","1778396078","14383","1"
"tier1_113","tier1","113","42314331353","1947343706","14959","1"
"tier1_114","tier1","114","46249564169","2132341358","15557","1"
"tier1_115","tier1","115","50550773637","2334913787","16179","1"
"tier1_116","tier1","116","55251995585","2556730596","16826","1"
"tier1_117","tier1","117","60390431175","2799620003","17500","1"
"tier1_118","tier1","118","66006741274","3065583903","18200","1"
"tier1_119","tier1","119","72145368212","3356814374","18928","1"
"tier1_120","tier1","120","78854887456","3675711739","19685","1"
"tier1_121","tier1","121","86188391989","4024904355","20472","1"
"tier1_122","tier1","122","94203912444","4407270268","21291","1"
"tier1_123","tier1","123","102964876302","4825960944","22143","1"
"tier1_124","tier1","124","112540609798","5284427234","23028","1"
"tier1_125","tier1","125","123006886509","5786447821","23950","1"
"tier1_126","tier1","126","134446526954","6336160364","24908","1"
"tier1_127","tier1","127","146950053961","6938095598","25904","1"
"tier1_128","tier1","128","160616408979","7597214680","26940","1"
"tier1_129","tier1","129","175553735014","8318950075","28018","1"
"tier1_130","tier1","130","191880232371","9109250332","29138","1"
"tier1_131","tier1","131","209725093981","9974629113","30304","1"
"tier1_132","tier1","132","229229527722","10922218879","31516","1"
"tier1_133","tier1","133","250547873800","11959829673","32777","1"
"tier1_134","tier1","134","273848826063","13096013492","34088","1"
"tier1_135","tier1","135","299316766887","14340134773","35451","1"
"tier1_136","tier1","136","327153226207","15702447577","36869","1"
"tier1_137","tier1","137","357578476245","17194180097","38344","1"
"tier1_138","tier1","138","390833274535","18827627206","39878","1"
"tier1_139","tier1","139","427180769067","20616251790","41473","1"
"tier1_140","tier1","140","466908580590","22574795710","43132","1"
"tier1_141","tier1","141","510331078585","24719401303","44857","1"
"tier1_142","tier1","142","557791868894","27067744427","46652","1"
"tier1_143","tier1","143","609666512701","29639180147","48518","1"
"tier1_144","tier1","144","666365498382","32454902261","50459","1"
"tier1_145","tier1","145","728337489732","35538117976","52477","1"
"tier1_146","tier1","146","796072876277","38914239184","54576","1"
"tier1_147","tier1","147","870107653770","42611091906","56759","1"
"tier1_148","tier1","148","951027665571","46659145637","59029","1"
"tier1_149","tier1","149","1039473238469","51091764473","61391","1"
"tier1_150","tier1","150","1136144249647","55945482098","63846","1"
"tier1_151","tier1","151","1241805664864","61260302897","66400","1"
"tier1_152","tier1","152","1357293591696","67080031672","69056","1"
"tier1_153","tier1","153","1483521895724","73452634681","71818","1"
"tier1_154","tier1","154","1621489432026","80430634976","74691","1"
"tier1_155","tier1","155","1772287949205","88071545298","77679","1"
"tier1_156","tier1","156","1937110728481","96438342102","80786","1"
"tier1_157","tier1","157","2117262026229","105599984601","84018","1"
"tier1_158","tier1","158","2314167394669","115631983139","87378","1"
"tier1_159","tier1","159","2529384962373","126617021537","90873","1"
"tier1_160","tier1","160","2764617763873","138645638583","94508","1"
"tier1_161","tier1","161","3021727215914","151816974248","98289","1"
"tier1_162","tier1","162","3302747846994","166239586802","102220","1"
"tier1_163","tier1","163","3609903396764","182032347548","106309","1"
"tier1_164","tier1","164","3945624412663","199325420565","110562","1"
"tier1_165","tier1","165","4312567483041","218261335519","114984","1"
"tier1_166","tier1","166","4713636258964","238996162393","119583","1"
"tier1_167","tier1","167","5152004431047","261700797820","124367","1"
"tier1_168","tier1","168","5631140843135","286562373613","129341","1"
"tier1_169","tier1","169","6154836941546","313785799106","134515","1"
"tier1_170","tier1","170","6727236777110","343595450021","139896","1"
"tier1_171","tier1","171","7352869797381","376237017773","145492","1"
"tier1_172","tier1","172","8036686688538","411979534462","151311","1"
"tier1_173","tier1","173","8784098550572","451117590236","157364","1"
"tier1_174","tier1","174","9601019715775","493973761308","163658","1"
"tier1_175","tier1","175","10493914549342","540901268632","170205","1"
"tier1_176","tier1","176","11469848602431","592286889152","177013","1"
"tier1_177","tier1","177","12536544522457","648554143622","184093","1"
"tier1_178","tier1","178","13702443163045","710166787266","191457","1"
"tier1_179","tier1","179","14976770377208","777632632056","199115","1"
"tier1_180","tier1","180","16369610022289","851507732102","207080","1"
"tier1_181","tier1","181","17891983754361","932400966651","215363","1"
"tier1_182","tier1","182","19555938243517","1020979058483","223978","1"
"tier1_183","tier1","183","21374640500164","1117972069039","232937","1"
"tier1_184","tier1","184","23362482066679","1224179415598","242255","1"
"tier1_185","tier1","185","25535192898881","1340476460080","251945","1"
"tier1_186","tier1","186","27909965838476","1467821723787","262023","1"
"tier1_187","tier1","187","30505592661455","1607264787547","272503","1"
"tier1_188","tier1","188","33342612778970","1759954942364","283404","1"
"tier1_189","tier1","189","36443475767414","1927150661888","294740","1"
"tier1_190","tier1","190","39832719013784","2110229974768","306529","1"
"tier1_191","tier1","191","43537161882066","2310701822371","318791","1"
"tier1_192","tier1","192","47586117937098","2530218495496","331542","1"
"tier1_193","tier1","193","52011626905248","2770589252568","344804","1"
"tier1_194","tier1","194","56848708207436","3033795231562","358596","1"
"tier1_195","tier1","195","62135638070728","3322005778560","372940","1"
"tier1_196","tier1","196","67914252411305","3637596327524","387858","1"
"tier1_197","tier1","197","74230277885557","3983167978638","403372","1"
"tier1_198","tier1","198","81133693728913","4361568936609","419507","1"
"tier1_199","tier1","199","88679127245702","4775917985587","436287","1"
"tier1_200","tier1","200","96926286079553","5229630194218","453739","1"
"tier1_201","tier1","201","105940430684951","5726445062668","471888","1"
"tier1_202","tier1","202","115792890738651","6270457343622","490764","1"
"tier1_203","tier1","203","126561629577346","6866150791266","510394","1"
"tier1_204","tier1","204","138331861128039","7518435116436","530810","1"
"tier1_205","tier1","205","151196724212947","8232686452497","552043","1"
"tier1_206","tier1","206","165258019564751","9014791665485","574124","1"
"tier1_207","tier1","207","180627015384273","9871196873706","597089","1"
"tier1_208","tier1","208","197425327815010","10808960576708","620973","1"
"tier1_209","tier1","209","215785883301806","11835811831495","645812","1"
"tier1_210","tier1","210","235853970448874","12960213955487","671644","1"
"tier1_211","tier1","211","257788389700619","14191434281258","698510","1"
"tier1_212","tier1","212","281762709942777","15539620537978","726450","1"
"tier1_213","tier1","213","307966641967455","17015884489086","755509","1"
"tier1_214","tier1","214","336607539670428","18632393515549","785729","1"
"tier1_215","tier1","215","367912040859778","20402470899526","817158","1"
"tier1_216","tier1","216","402127860659737","22340705634981","849844","1"
"tier1_217","tier1","217","439525751701093","24463072670304","883838","1"
"tier1_218","tier1","218","480401646609294","26787064573983","919192","1"
"tier1_219","tier1","219","525078999743959","29331835708512","955959","1"
"tier1_220","tier1","220","573911346720147","32118360100820","994198","1"
"tier1_221","tier1","221","627285101965121","35169604310398","1033966","1"
"tier1_222","tier1","222","685622616447877","38510716719886","1075324","1"
"tier1_223","tier1","223","749385519777529","42169234808275","1118337","1"
"tier1_224","tier1","224","819078373116840","46175312115061","1163071","1"
"tier1_225","tier1","225","895252661816706","50561966765992","1209594","1"
"tier1_226","tier1","226","978511159365659","55365353608761","1257978","1"
"tier1_227","tier1","227","1069512697186665","60625062201594","1308297","1"
"tier1_228","tier1","228","1168977378025025","66384443110745","1360629","1"
"tier1_229","tier1","229","1277692274181352","72690965206266","1415054","1"
"tier1_230","tier1","230","1396517655680218","79596606900861","1471656","1"
"tier1_231","tier1","231","1526393797658478","87158284556443","1530522","1"
"tier1_232","tier1","232","1668348420840717","95438321589305","1591743","1"
"tier1_233","tier1","233","1823504823978904","104504962140289","1655413","1"
"tier1_234","tier1","234","1993090772608942","114432933543616","1721629","1"
"tier1_235","tier1","235","2178448214461573","125304062230260","1790495","1"
"tier1_236","tier1","236","2381043898406500","137207948142135","1862114","1"
"tier1_237","tier1","237","2602480980958304","150242703215637","1936599","1"
"tier1_238","tier1","238","2844511712187426","164515760021123","2014063","1"
"tier1_239","tier1","239","3109051301420856","180144757223130","2094625","1"
"tier1_240","tier1","240","3398193072452996","197258509159327","2178410","1"
"tier1_241","tier1","241","3714225028191124","215998067529463","2265547","1"
"tier1_242","tier1","242","4059647955812900","236517883944762","2356169","1"
"tier1_243","tier1","243","4437195215703498","258987082919514","2450416","1"
"tier1_244","tier1","244","4849854370763924","283590855796868","2548432","1"
"tier1_245","tier1","245","5300890827244969","310531987097571","2650370","1"
"tier1_246","tier1","246","5793873674178751","340032525871840","2756384","1"
"tier1_247","tier1","247","6332703925877374","372335615829665","2866640","1"
"tier1_248","tier1","248","6921645390983970","407707499333483","2981305","1"
"tier1_249","tier1","249","7565358412345479","446439711770164","3100558","1"
"tier1_250","tier1","250","8268936744693608","488851484388329","3224580","1"
"tier1_251","tier1","251","9037947861950114","535292375405221","3353563","1"
"tier1_252","tier1","252","9878477013111474","586145151068717","3487706","1"
"tier1_253","tier1","253","10797175375330840","641828940420245","3627214","1"
"tier1_254","tier1","254","11801312685236608","702802689760168","3772303","1"
"tier1_255","tier1","255","12898834764963614","769568945287384","3923195","1"
"tier1_256","tier1","256","14098426398105228","842677995089685","4080122","1"
"tier1_257","tier1","257","15409580053129014","922732404623206","4243327","1"
"tier1_258","tier1","258","16842670998070012","1010391983062410","4413060","1"
"tier1_259","tier1","259","18409039400890520","1106379221453339","4589583","1"
"tier1_260","tier1","260","20121080065173340","1211485247491406","4773166","1"
"tier1_261","tier1","261","21992340511234464","1326576346003090","4964093","1"
"tier1_262","tier1","262","24037628178779268","1452601098873383","5162657","1"
"tier1_263","tier1","263","26273127599405736","1590598203266354","5369163","1"
"tier1_264","tier1","264","28716528466150472","1741705032576658","5583929","1"
"tier1_265","tier1","265","31387165613502460","1907167010671441","5807287","1"
"tier1_266","tier1","266","34306172015558188","2088347876685228","6039578","1"
"tier1_267","tier1","267","37496646013005096","2286740924970324","6281161","1"
"tier1_268","tier1","268","40983834092214568","2503981312842505","6532408","1"
"tier1_269","tier1","269","44795330662790528","2741859537562542","6793704","1"
"tier1_270","tier1","270","48961296414430048","3002336193630984","7065452","1"
"tier1_271","tier1","271","53514696980972040","3287558132025928","7348070","1"
"tier1_272","tier1","272","58491563800202432","3599876154568390","7641993","1"
"tier1_273","tier1","273","63931279233621264","3941864389252388","7947673","1"
"tier1_274","tier1","274","69876888202348040","4316341506231364","8265580","1"
"tier1_275","tier1","275","76375438805166400","4726393949323343","8596203","1"
"tier1_276","tier1","276","83478354614046864","5175401374509061","8940051","1"
"tier1_277","tier1","277","91241841593153232","5667064505087422","9297653","1"
"tier1_278","tier1","278","99727332861316480","6205435633070726","9669560","1"
"tier1_279","tier1","279","109001974817418912","6794952018212446","10056342","1"
"tier1_280","tier1","280","119139158475438864","7440472459942628","10458596","1"
"tier1_281","tier1","281","130219100213654672","8147317343637178","10876939","1"
"tier1_282","tier1","282","142329476533524560","8921312491282709","11312017","1"
"tier1_283","tier1","283","155566117851142336","9768837177954566","11764498","1"
"tier1_284","tier1","284","170033766811298560","10696876709860250","12235078","1"
"tier1_285","tier1","285","185846907124749312","11713079997296972","12724481","1"
"tier1_286","tier1","286","203130669487351008","12825822597040184","13233460","1"
"tier1_287","tier1","287","222021821749674656","14044275743759002","13762799","1"
"tier1_288","tier1","288","242669851172394400","15378481939416108","14313310","1"
"tier1_289","tier1","289","265238147331427072","16839437723660636","14885843","1"
"tier1_290","tier1","290","289905295033249792","18439184307408396","15481277","1"
"tier1_291","tier1","291","316866487471341952","20190906816612196","16100528","1"
"tier1_292","tier1","292","346335070806176768","22109042964190352","16744549","1"
"tier1_293","tier1","293","378544232391151232","24209402045788436","17414331","1"
"tier1_294","tier1","294","413748846003528256","26509295240138332","18110904","1"
"tier1_295","tier1","295","452227488681856384","29027678287951472","18835340","1"
"tier1_296","tier1","296","494284645129269056","31785307725306868","19588754","1"
"tier1_297","tier1","297","540253117126291072","34804911959211016","20372304","1"
"tier1_298","tier1","298","590496657019036032","38111378595336064","21187196","1"
"tier1_299","tier1","299","645412846121806464","41731959561892984","22034684","1"
"tier1_300","tier1","300","705436240811134464","45696495720272816","22916072","1"
"tier1_301","tier1","301","771041811206569856","50037662813698736","23832714","1"
"tier1_302","tier1","302","842748699648780928","54791240781000120","24786023","1"
"tier1_303","tier1","303","921124328716117504","59996408655195128","25777464","1"
"tier1_304","tier1","304","1006788891286716416","65696067477438656","26808563","1"
"tier1_305","tier1","305","1100420258176380928","71937193887795328","27880905","1"
"tier1_306","tier1","306","1202759342186784512","78771227307135888","28996141","1"
"tier1_307","tier1","307","1314615961010155264","86254493901313792","30155987","1"
"tier1_308","tier1","308","1436875245384099584","94448670821938608","31362226","1"
"tier1_309","tier1","309","1570504643204820992","103421294550022768","32616716","1"
"tier1_310","tier1","310","1716561575022869248","113246317532274928","33921384","1"
"tier1_311","tier1","311","1876201801499995904","124004717697841040","35278240","1"
"tier1_312","tier1","312","2050688569039495424","135785165879135936","36689369","1"
"tier1_313","tier1","313","2241402605960168448","148684756637653824","38156944","1"
"tier1_314","tier1","314","2449853048314464256","162809808518230944","39683222","1"
"tier1_315","tier1","315","2677689381807709184","178276740327462880","41270551","1"
"tier1_316","tier1","316","2926714494315826176","195213030658571840","42921373","1"
"tier1_317","tier1","317","3198898942287198208","213758268571136160","44638228","1"
"tier1_318","tier1","318","3496396543919906816","234065304085394144","46423757","1"
"tier1_319","tier1","319","3821561422504458752","256301507973506528","48280707","1"
"tier1_320","tier1","320","4176966634797373440","280650151230989696","50211935","1"
"tier1_321","tier1","321","4565424531833528832","307311915597933696","52220413","1"
"tier1_322","tier1","322","4990009013294046208","336506547579737408","54309229","1"
"tier1_323","tier1","323","5454079851530392576","368474669599812480","56481598","1"
"tier1_324","tier1","324","5961309277722719232","403479763211794560","58740862","1"
"tier1_325","tier1","325","6515711040550932480","441810340716915072","61090497","1"
"tier1_326","tier1","326","7121672167322168320","483782323085022016","63534117","1"
"tier1_327","tier1","327","7783987678883129344","529741643778099008","66075481","1"
"tier1_328","tier1","328","8507898533019260928","580067099937018496","68718501","1"
"tier1_329","tier1","329","9299133096590051328","635173474431035136","71467241","1"
"tier1_330","tier1","330","10163952474572926976","695514954501983488","74325930","1"
"tier1_331","tier1","331","11109200054708207616","761588875179671936","77298968","1"
"tier1_332","tier1","332","12142355659796070400","833939818321740672","80390926","1"
"tier1_333","tier1","333","13271594736157104128","913164101062306048","83606564","1"
"tier1_334","tier1","334","14505853046619715584","999914690663225088","86950826","1"
"tier1_335","tier1","335","15854897379955347456","1094906586276231424","90428859","1"
"tier1_336","tier1","336","17329402836291194880","1198922711972473600","94046014","1"
"tier1_337","tier1","337","18941037300066275328","1312820369609858304","97807854","1"
"tier1_338","tier1","338","20702553768972439552","1437538304722795008","101720168","1"
"tier1_339","tier1","339","22627891269486874624","1574104443671460352","105788975","1"
"tier1_340","tier1","340","24732285157549154304","1723644365820249088","110020534","1"
"tier1_341","tier1","341","27032387677201227776","1887390580573172736","114421355","1"
"tier1_342","tier1","342","29546399731180941312","2066692685727623936","118998210","1"
"tier1_343","tier1","343","32294214906180763648","2263028490871748352","123758138","1"
"tier1_344","tier1","344","35297576892455575552","2478016197504564224","128708464","1"
"tier1_345","tier1","345","38580251543453941760","2713427736267497984","133856802","1"
"tier1_346","tier1","346","42168214936995160064","2971203371212910080","139211074","1"
"tier1_347","tier1","347","46089858926135705600","3253467691478136320","144779517","1"
"tier1_348","tier1","348","50376215806266327040","3562547122168559104","150570698","1"
"tier1_349","tier1","349","55061203876249092096","3900989098774572544","156593526","1"
"tier1_350","tier1","350","60181895836740255744","4271583063158156800","162857267","1"
"tier1_351","tier1","351","65778812149557100544","4677383454158181376","169371558","1"
"tier1_352","tier1","352","71896241679465897984","5121734882303208448","176146420","1"
"tier1_353","tier1","353","78582592155656241152","5608299696122013696","183192277","1"
"tier1_354","tier1","354","85890773226132258816","6141088167253604352","190519968","1"
"tier1_355","tier1","355","93878615136162562048","6724491543142696960","198140767","1"
"tier1_356","tier1","356","102609326343825670144","7363318239741253632","206066397","1"
"tier1_357","tier1","357","112151993693801463808","8062833472516671488","214309053","1"
"tier1_358","tier1","358","122582129107324993536","8828802652405755904","222881415","1"
"tier1_359","tier1","359","133982267114306207744","9667538904384301056","231796672","1"
"tier1_360","tier1","360","146442617955936698368","10585955100300810240","241068539","1"
"tier1_361","tier1","361","160061781425838784512","11591620834829385728","250711281","1"
"tier1_362","tier1","362","174947527098441826304","12692824814138177536","260739732","1"
"tier1_363","tier1","363","191217647118596898816","13898643171481305088","271169321","1"
"tier1_364","tier1","364","209000888300626378752","15219014272772026368","282016094","1"
"tier1_365","tier1","365","228437970912584630272","16664820628685369344","293296738","1"
"tier1_366","tier1","366","249682702207455002624","18247978588410480640","305028607","1"
"tier1_367","tier1","367","272903193512748318720","19981536554309476352","317229752","1"
"tier1_368","tier1","368","298283190509433913344","21879782526968872960","329918942","1"
"tier1_369","tier1","369","326023527226811219968","23958361867030917120","343115699","1"
"tier1_370","tier1","370","356343715258904674304","26234406244398854144","356840327","1"
"tier1_371","tier1","371","389483680777982836736","28726674837616742400","371113940","1"
"tier1_372","tier1","372","425705663090335219712","31455708947190333440","385958498","1"
"tier1_373","tier1","373","465296289757736402944","34444001297173413888","401396838","1"
"tier1_374","tier1","374","508568844705205846016","37716181420404891648","417452712","1"
"tier1_375","tier1","375","555865747262789976064","41299218655343353856","434150820","1"
"tier1_376","tier1","376","607561261758229381120","45222644427600961536","451516853","1"
"tier1_377","tier1","377","664064459101744660480","49518795648223059968","469577527","1"
"tier1_378","tier1","378","725822453798206963712","54223081234804244480","488360628","1"
"tier1_379","tier1","379","793323942001440194560","59374273952110649344","507895053","1"
"tier1_380","tier1","380","867103068607574048768","65014829977561161728","528210855","1"
"tier1_381","tier1","381","947743653988078452736","71191238825429475328","549339290","1"
"tier1_382","tier1","382","1035883813808969613312","77954406513845272576","571312861","1"
"tier1_383","tier1","383","1132221008493203947520","85360075132660580352","594165376","1"
"tier1_384","tier1","384","1237517562283071897600","93469282270263312384","617931991","1"
"tier1_385","tier1","385","1352606695575397597184","102348864085938339840","642649270","1"
"tier1_386","tier1","386","1478399118263909351424","112072006174102470656","668355241","1"
"tier1_387","tier1","387","1615890236262452822016","122718846760642199552","695089451","1"
"tier1_388","tier1","388","1766168028234860986368","134377137202903203840","722893029","1"
"tier1_389","tier1","389","1930421654860702941184","147142965237179006976","751808750","1"
"tier1_390","tier1","390","2109950868762748518400","161121546934711025664","781881100","1"
"tier1_391","tier1","391","2306176299557683724288","176428093893508530176","813156344","1"
"tier1_392","tier1","392","2520650695416548425728","193188762813391863808","845682598","1"
"tier1_393","tier1","393","2755071210090287595520","211541695280664084480","879509902","1"
"tier1_394","tier1","394","3011292832628684095488","231638156332327174144","914690298","1"
"tier1_395","tier1","395","3291343066063151562752","253643781183898222592","951277910","1"
"tier1_396","tier1","396","3597437971207024541696","277739940396368560128","989329026","1"
"tier1_397","tier1","397","3931999702529277952000","304125234734023573504","1028902187","1"
"tier1_398","tier1","398","4297675674864500342784","333017132033755774976","1070058275","1"
"tier1_399","tier1","399","4697359512626898927616","364653759576962629632","1112860606","1"
"tier1_400","tier1","400","5134213947301199609856","399295866736774021120","1157375030","1"
"tier1_401","tier1","401","5611695844400211951616","437228974076767567872","1203670031","1"
"tier1_402","tier1","402","6133583557929431203840","478765726614060466176","1251816833","1"
"tier1_403","tier1","403","6704006828816867524608","524248470642396233728","1301889506","1"
"tier1_404","tier1","404","7327479463896836734976","574052075353423806464","1353965086","1"
"tier1_405","tier1","405","8008935054039243030528","628587022511999156224","1408123690","1"
"tier1_406","tier1","406","8753766014064892313600","688302789650638962688","1464448637","1"
"tier1_407","tier1","407","9567866253372926459904","753691554667449548800","1523026583","1"
"tier1_408","tier1","408","10457677814936608178176","825292252360857354240","1583947646","1"
"tier1_409","tier1","409","11430241851725712457728","903695016335138750464","1647305552","1"
"tier1_410","tier1","410","12493254343936203292672","989546042886976962560","1713197774","1"
"tier1_411","tier1","411","13655126997922268315648","1083552916961239629824","1781725685","1"
"tier1_412","tier1","412","14925053808729040879616","1186490444072557477888","1852994713","1"
"tier1_413","tier1","413","16313083812940842270720","1299207036259450224640","1927114501","1"
"tier1_414","tier1","414","17830200607544338022400","1422631704704098238464","2004199081","1"
"tier1_415","tier1","415","19488409264045963608064","1557781716650987356160","2084367044","1"
"tier1_416","tier1","416","21300831325602235547648","1705770979732831076352","2167741726","1"
"tier1_417","tier1","417","23281808638883240345600","1867819222807450222592","2254451395","1"
"tier1_418","tier1","418","25447016842299384528896","2045262048974157905920","2344629451","1"
"tier1_419","tier1","419","27813589408633227051008","2239561943626702913536","2438414629","1"
"tier1_420","tier1","420","30400253223636117225472","2452320328271239577600","2535951214","1"
"tier1_421","tier1","421","33227476773434273300480","2685290759457006944256","2637389263","1"
"tier1_422","tier1","422","36317632113363658997760","2940393381605422923776","2742884834","1"
"tier1_423","tier1","423","39695171899906479620096","3219730752857937805312","2852600227","1"
"tier1_424","tier1","424","43386822886597775589376","3525605174379441815552","2966704236","1"
"tier1_425","tier1","425","47421797415051373576192","3860537665945488850944","3085372405","1"
"tier1_426","tier1","426","51832024574651147485184","4227288744210310103040","3208787302","1"
"tier1_427","tier1","427","56652402860093702406144","4628881174910289838080","3337138794","1"
"tier1_428","tier1","428","61921076326082417786880","5068624886526767005696","3470624346","1"
"tier1_429","tier1","429","67679736424408085954560","5550144250746808303616","3609449319","1"
"tier1_430","tier1","430","73973951911878027378688","6077407954567755202560","3753827292","1"
"tier1_431","tier1","431","80853529439682691072000","6654761710251692523520","3903980384","1"
"tier1_432","tier1","432","88372907677573158273024","7286964072725604204544","4060139599","1"
"tier1_433","tier1","433","96591588091587479994368","7979225659634535628800","4222545183","1"
"tier1_434","tier1","434","105574605784105101557760","8737252097299816906752","4391446991","1"
"tier1_435","tier1","435","115393044122026891018240","9567291046543298134016","4567104870","1"
"tier1_436","tier1","436","126124597225375370575872","10476183695964913008640","4749789065","1"
"tier1_437","tier1","437","137854184767335285391360","11471421147081577857024","4939780628","1"
"tier1_438","tier1","438","150674623950697468526592","12561206156054327459840","5137371853","1"
"tier1_439","tier1","439","164687363978112308084736","13754520740879489040384","5342866727","1"
"tier1_440","tier1","440","180003288828076741361664","15061200211263038160896","5556581396","1"
"tier1_441","tier1","441","196743594689087869550592","16492014231333027971072","5778844652","1"
"tier1_442","tier1","442","215040748995173047861248","18058755583309665796096","6009998438","1"
"tier1_443","tier1","443","235039538651724137889792","19774337363724082348032","6250398376","1"
"tier1_444","tier1","444","256898215746334495866880","21652899413277869604864","6500414311","1"
"tier1_445","tier1","445","280789749810743612538880","23709924857539268182016","6760430883","1"
"tier1_446","tier1","446","306903196543142756089856","25962367719005497589760","7030848118","1"
"tier1_447","tier1","447","335445193821654995697664","28428792652311021223936","7312082043","1"
"tier1_448","tier1","448","366641596847068947677184","31129527954280565178368","7604565325","1"
"tier1_449","tier1","449","400739265353846297198592","34086833109937221009408","7908747938","1"
"tier1_450","tier1","450","438008017031754000891904","37325082255381248344064","8225097855","1"
"tier1_451","tier1","451","478742762615707092910080","40870965069642473668608","8554101770","1"
"tier1_452","tier1","452","523265839538967830069248","44753706751258498433024","8896265840","1"
"tier1_453","tier1","453","571929562616091843231744","49005308892628062830592","9252116474","1"
"tier1_454","tier1","454","625119011939388391161856","53660813237427724353536","9622201133","1"
"tier1_455","tier1","455","683255080049751432888320","58758590494983357202432","10007089178","1"
"tier1_456","tier1","456","746797802494378276552704","64340656592006775046144","10407372746","1"
"tier1_457","tier1","457","816249998126355453050880","70453018968247408525312","10823667655","1"
"tier1_458","tier1","458","892161247952106489380864","77146055770230916907008","11256614362","1"
"tier1_459","tier1","459","975132244011652378263552","84474931068402847973376","11706878936","1"
"tier1_460","tier1","460","1065819542704736071319552","92500049519901113581568","12175154094","1"
"tier1_461","tier1","461","1164940760176276598161408","101287554224291735142400","12662160257","1"
"tier1_462","tier1","462","1273280250872670097244160","110909871875599426912256","13168646668","1"
"tier1_463","tier1","463","1391695314203828354547712","121446309703781370036224","13695392534","1"
"tier1_464","tier1","464","1521122978424784469098496","132983709125640607236096","14243208236","1"
"tier1_465","tier1","465","1662587415418289501765632","145617161492576470040576","14812936565","1"
"tier1_466","tier1","466","1817208045052190198333440","159450791834371208773632","15405454028","1"
"tier1_467","tier1","467","1986208393242043767324672","174598617058636491390976","16021672189","1"
"tier1_468","tier1","468","2170925773813553913921536","191185485679206955220992","16662539077","1"
"tier1_469","tier1","469","2372821870778214506299392","209348106818731584258048","17329040640","1"
"tier1_470","tier1","470","2593494304760588220235776","229236176966511090466816","18022202265","1"
"tier1_471","tier1","471","2834689275103322742718464","251013613778329640370176","18743090356","1"
"tier1_472","tier1","472","3098315377687931947843584","274859907087270965936128","19492813970","1"
"tier1_473","tier1","473","3386458707812909108428800","300971598260561715920896","20272526529","1"
"tier1_474","tier1","474","3701399367639509950791680","329563900095315014844416","21083427590","1"
"tier1_475","tier1","475","4045629508829984029933568","360872470604369979506688","21926764694","1"
"tier1_476","tier1","476","4421873053151172879187968","395155355311785069510656","22803835282","1"
"tier1_477","tier1","477","4833107247094231633756160","432695114066404709498880","23715988693","1"
"tier1_478","tier1","478","5282586221073994577084416","473801149902713054560256","24664628241","1"
"tier1_479","tier1","479","5773866739633875845120000","518812259143470869905408","25651213370","1"
"tier1_480","tier1","480","6310836346419826835587072","568099423762100562952192","26677261905","1"
"tier1_481","tier1","481","6897744126636869948538880","622068869019500139249664","27744352381","1"
"tier1_482","tier1","482","7539234330414099084607488","681165411576352570605568","28854126477","1"
"tier1_483","tier1","483","8240383123142609691738112","745876125676105988308992","30008291536","1"
"tier1_484","tier1","484","9006738753594872920276992","816734357615336080015360","31208623197","1"
"tier1_485","tier1","485","9844365457679195651964928","894324121588793054593024","32456968125","1"
"tier1_486","tier1","486","10759891445243359885524992","979284913139728292773888","33755246850","1"
"tier1_487","tier1","487","11760561349650993381376000","1072316979888002464481280","35105456724","1"
"tier1_488","tier1","488","12854293555168534423666688","1174187092977362638209024","36509674993","1"
"tier1_489","tier1","489","14049742855799207893139456","1285734866810212272046080","37970061993","1"
"tier1_490","tier1","490","15356368941388534235791360","1407879679157182176165888","39488864473","1"
"tier1_491","tier1","491","16784511252937665750761472","1541628248677114567458816","41068419051","1"
"tier1_492","tier1","492","18345470799460869573967872","1688082932301440405733376","42711155813","1"
"tier1_493","tier1","493","20051599583810727272513536","1848450810870076943630336","44419602046","1"
"tier1_494","tier1","494","21916398345105127537377280","2024053637902734301593600","46196386128","1"
"tier1_495","tier1","495","23954623391199904441303040","2216338733503494060244992","48044241573","1"
"tier1_496","tier1","496","26182403366581492569341952","2426890913186326119448576","49966011236","1"
"tier1_497","tier1","497","28617366879673574316048384","2657445549939026665930752","51964651685","1"
"tier1_498","tier1","498","31278781999483214163345408","2909902877183234470313984","54043237753","1"
"tier1_499","tier1","499","34187708725435154953142272","3186343650515641790627840","56204967263","1"
"tier1_500","tier1","500","37367165636900617380167680","3489046297314627277553664","58453165954","1"
"tier1_501","tier1","501","40842312041132380422930432","3820505695559516552167424","60791292592","1"
"tier1_502","tier1","502","44640647060957687911022592","4183453736637670723944448","63222944295","1"
"tier1_503","tier1","503","48792227237626752087883776","4580881841618249708470272","65751862067","1"
"tier1_504","tier1","504","53329904370726035487981568","5016065616571983124758528","68381936550","1"
"tier1_505","tier1","505","58289585477203549942185984","5492591850146321827627008","71117214012","1"
"tier1_506","tier1","506","63710516926583482139803648","6014388075910222009335808","73961902572","1"
"tier1_507","tier1","507","69635595000755743900041216","6585754943121692574089216","76920378675","1"
"tier1_508","tier1","508","76111705335826021305286656","7211401662718254061191168","79997193822","1"
"tier1_509","tier1","509","83190093932057835497062400","7896484820676488019836928","83197081575","1"
"tier1_510","tier1","510","90926772667739241256583168","8646650878640753479778304","86524964838","1"
"tier1_511","tier1","511","99382962525838968600133632","9468082712111624931508224","89985963432","1"
"tier1_512","tier1","512","108625578040742006612819968","10367550569762228661125120","93585401969","1"
"tier1_513","tier1","513","118727756798530998006448128","11352467873889638934380544","97328818048","1"
"tier1_514","tier1","514","129769438180794362249609216","12430952321909156168597504","101221970770","1"
"tier1_515","tier1","515","141837995931608238677557248","13611892792490525875765248","105270849601","1"
"tier1_516","tier1","516","155028929553247797212348416","14905022607777125361516544","109481683585","1"
"tier1_517","tier1","517","169446620001699868432138240","16320999755515952195698688","113860950928","1"
"tier1_518","tier1","518","185205155661857917885218816","17871494732289966967095296","118415388965","1"
"tier1_519","tier1","519","202429235138410707993755648","19569286731857514763124736","123152004524","1"
"tier1_520","tier1","520","221255154006282921085763584","21428368971383974284754944","128078084705","1"
"tier1_521","tier1","521","241831883328867206667698176","23464064023665450961338368","133201208093","1"
"tier1_522","tier1","522","264322248478451856853434368","25693150105913672517812224","138529256417","1"
"tier1_523","tier1","523","288904217586947859165478912","28133999365975471170781184","144070426674","1"
"tier1_524","tier1","524","315772309822534059477172224","30806729305743137689305088","149833243741","1"
"tier1_525","tier1","525","345139134636029648874504192","33733368589788732398239744","155826573490","1"
"tier1_526","tier1","526","377237074157180411648671744","36938038605818665390571520","162059636430","1"
"tier1_527","tier1","527","412320122053798197010104320","40447152273371437421559808","168542021887","1"
"tier1_528","tier1","528","450665893404801409746993152","44289631739341719423942656","175283702763","1"
"tier1_529","tier1","529","492577821491447939066757120","48497146754579184186556416","182295050873","1"
"tier1_530","tier1","530","538387558890152541737189376","53104375696264196505206784","189586852908","1"
"tier1_531","tier1","531","588457601866936759867146240","58149291387409295688597504","197170327025","1"
"tier1_532","tier1","532","643184158840561844518649856","63673474069213179723907072","205057140106","1"
"tier1_533","tier1","533","703000285612734128494477312","69722454105788441289555968","213259425710","1"
"tier1_534","tier1","534","768379312174718274901114880","76346087245838333505437696","221789802738","1"
"tier1_535","tier1","535","839838588206967095769956352","83598965534192986054721536","230661394848","1"
"tier1_536","tier1","536","917943576910214992658169856","91540867259941291726733312","239887850642","1"
"tier1_537","tier1","537","1003312329562864950691495936","100237249649635725865385984","249483364667","1"
"tier1_538","tier1","538","1096620376212211455152357376","109759788366351124632961024","259462699254","1"
"tier1_539","tier1","539","1198606071199947014790971392","120186968261154472110063616","269841207224","1"
"tier1_540","tier1","540","1310076435821542163032834048","131604730245964144297639936","280634855513","1"
"tier1_541","tier1","541","1431913544352945424490823680","144107179619330725035114496","291860249734","1"
"tier1_542","tier1","542","1565081503977769256884371456","157797361683167149411008512","303534659723","1"
"tier1_543","tier1","543","1710634083847701947033321472","172788111043068012112379904","315676046112","1"
"tier1_544","tier1","544","1869723053645538232505466880","189202981592159467765497856","328303087957","1"
"tier1_545","tier1","545","2043607297634572983013998592","207177264843414613251850240","341435211475","1"
"tier1_546","tier1","546","2233662776314588133270224896","226859105003539045319442432","355092619934","1"
"tier1_547","tier1","547","2441393414511845066883989504","248410719978875214939291648","369296324731","1"
"tier1_548","tier1","548","2668443002061446372780933120","272009738376868328747565056","384068177721","1"
"tier1_549","tier1","549","2916608201253161190564036608","297850663522670807437279232","399430904829","1"
"tier1_550","tier1","550","3187852763969704624383852544","326146476557324580357668864","415408141023","1"
"tier1_551","tier1","551","3484323071018887451869446144","357130391830270430609932288","432024466663","1"
"tier1_552","tier1","552","3808365116623643265262944256","391057779054146077881008128","449305445330","1"
"tier1_553","tier1","553","4162543072469642588660432896","428208268064289951156535296","467277663143","1"
"tier1_554","tier1","554","4549659578209318933790457856","468888053530397502013964288","485968769669","1"
"tier1_555","tier1","555","4972777918982786382982807552","513432418615785272608030720","505407520456","1"
"tier1_556","tier1","556","5435246265448183937701511168","562208498384284760118657024","525623821274","1"
"tier1_557","tier1","557","5940724168134864742641565696","615618305730791762164711424","546648774125","1"
"tier1_558","tier1","558","6493211515771407957554626560","674102044775217023894421504","568514725090","1"
"tier1_559","tier1","559","7097080186738148259890462720","738141739028862584127225856","591255314094","1"
"tier1_560","tier1","560","7757108644104795817162833920","808265204236604452653498368","614905526657","1"
"tier1_561","tier1","561","8478519748006541349871419392","885050398639081988355522560","639501747724","1"
"tier1_562","tier1","562","9267022084571150183592624128","969130186509794643246317568","665081817633","1"
"tier1_563","tier1","563","10128855138436266541537296384","1061197554228225178335182848","691685090338","1"
"tier1_564","tier1","564","11070838666310839976413102080","1162011321879906573025804288","719352493952","1"
"tier1_565","tier1","565","12100426662277745961166962688","1272402397458497679596191744","748126593710","1"
"tier1_566","tier1","566","13225766341869575913343025152","1393280625217054795605475328","778051657458","1"
"tier1_567","tier1","567","14455762611663448137944530944","1525642284612674997064826880","809173723756","1"
"tier1_568","tier1","568","15800148534548146899424116736","1670578301650879389791944704","841540672707","1"
"tier1_569","tier1","569","17269562348261127037170745344","1829283240307712445288284160","875202299615","1"
"tier1_570","tier1","570","18875631646649408341986508800","2003065148136945148206514176","910210391600","1"
"tier1_571","tier1","571","20631065389787803702620323840","2193356337209955004631220224","946618807264","1"
"tier1_572","tier1","572","22549754471038069315022618624","2401725189244900868884529152","984483559554","1"
"tier1_573","tier1","573","24646881636844607856965582848","2629889082223166208161611776","1023862901936","1"
"tier1_574","tier1","574","26939041629071153898369056768","2879728545034367374519697408","1064817418014","1"
"tier1_575","tier1","575","29444372500574774702966308864","3153302756812631783067615232","1107410114734","1"
"tier1_576","tier1","576","32182699143128227043900129280","3452866518709831895917527040","1151706519324","1"
"tier1_577","tier1","577","35175690163439151015490748416","3780888837987265802334633984","1197774780097","1"
"tier1_578","tier1","578","38447029348638988224834830336","4140073277596056006827180032","1245685771301","1"
"tier1_579","tier1","579","42022603078062414626723725312","4533380238967680802458959872","1295513202153","1"
"tier1_580","tier1","580","45930705164322215211174985728","4964051361669610792053374976","1347333730239","1"
"tier1_581","tier1","581","50202260744604178912441794560","5435636241028223712844840960","1401227079448","1"
"tier1_582","tier1","582","54871070993852371861384462336","5952021683925904883101728768","1457276162626","1"
"tier1_583","tier1","583","59974080596280641292205031424","6517463743898865478659997696","1515567209132","1"
"tier1_584","tier1","584","65551670091734736938953867264","7136622799569257429752348672","1576189897497","1"
"tier1_585","tier1","585","71647975410266066647443832832","7814601965528336236866961408","1639237493397","1"
"tier1_586","tier1","586","78311237123420814170579271680","8556989152253528580691066880","1704806993133","1"
"tier1_587","tier1","587","85594182175898957321141747712","9369903121717613273588695040","1772999272858","1"
"tier1_588","tier1","588","93554441118257548459690164224","10260043918280786479604039680","1843919243772","1"
"tier1_589","tier1","589","102255004142255500431256977408","11234748090517461909848981504","1917676013523","1"
"tier1_590","tier1","590","111764719527485251697527226368","12302049159116618999080681472","1994383054064","1"
"tier1_591","tier1","591","122158838443541375021255491584","13470743829232697979915206656","2074158376227","1"
"tier1_592","tier1","592","133519610418790724534305554432","14750464493009803111529709568","2157124711276","1"
"tier1_593","tier1","593","145936934187738259963263320064","16151758619845733076715962368","2243409699727","1"
"tier1_594","tier1","594","159509069067197910276139646976","17686175688731078587618164736","2333146087716","1"
"tier1_595","tier1","595","174343412490447305411693379584","19366362379160530866524913664","2426471931225","1"
"tier1_596","tier1","596","190557349852058895455937888256","21206166805180780111372222464","2523530808474","1"
"tier1_597","tier1","597","208279183388300358870697508864","23220752651672956333014908928","2624472040813","1"
"tier1_598","tier1","598","227649147443412310330439630848","25426724153581885359462023168","2729450922445","1"
"tier1_599","tier1","599","248820518155649642806271541248","27842262948172163962835566592","2838628959343","1"
"tier1_600","tier1","600","271960826344125065674151165952","30487277928248518725666340864","2952174117717","1"
"tier1_601","tier1","601","297253183194128675741592715264","33383569331432122968841388032","3070261082425","1"
"tier1_602","tier1","602","324897729231182591181193216000","36555008417918175156656668672","3193071525722","1"
"tier1_603","tier1","603","355113218049682580957137207296","40027734217620403621728354304","3320794386751","1"
"tier1_604","tier1","604","388138747328303083715255336960","43830368968294334401152548864","3453626162221","1"
"tier1_605","tier1","605","424235650829835242705120133120","47994254020282303777882505216","3591771208710","1"
"tier1_606","tier1","606","463689566357009933294913978368","52553708152209123164546924544","3735442057059","1"
"tier1_607","tier1","607","506812696028211766245292244992","57546310426668981420929581056","3884859739341","1"
"tier1_608","tier1","608","553946276758835528834155020288","63013209917202531005539287040","4040254128915","1"
"tier1_609","tier1","609","605463280497407236111956180992","68999464859336777168525983744","4201864294071","1"
"tier1_610","tier1","610","661771365583666071845302435840","75554414020973762555286650880","4369938865834","1"
"tier1_611","tier1","611","723316102582946958120857894912","82732083352966275935401672704","4544736420467","1"
"tier1_612","tier1","612","790584500123161029166747353088","90591631271498060186578321408","4726525877286","1"
"tier1_613","tier1","613","864108858634614983346419138560","99197836242290382765255819264","4915586912378","1"
"tier1_614","tier1","614","944470982487634090947768221696","108621630685307975637063958528","5112210388873","1"
"tier1_615","tier1","615","1032306783858984107004856893440","118940685600412215554477129728","5316698804428","1"
"tier1_616","tier1","616","1128311314757869644437432303616","130240050732451371458184085504","5529366756605","1"
"tier1_617","tier1","617","1233244267030351528969937879040","142612855552034237585001807872","5750541426869","1"
"tier1_618","tier1","618","1347935983864173923504354230272","156161076829477503525638373376","5980563083944","1"
"tier1_619","tier1","619","1473294030363542220550399066112","170996379128277865568925646848","6219785607302","1"
"tier1_620","tier1","620","1610310375187351658039110270976","187241035145464233594944749568","6468577031594","1"
"tier1_621","tier1","621","1760069240079775136212341227520","205028933484283347925072871424","6727320112857","1"
"tier1_622","tier1","622","1923755679407194206991590359040","224506682165290282162765955072","6996412917372","1"
"tier1_623","tier1","623","2102664957592063445571043590144","245834816970992828357825003520","7276269434067","1"
"tier1_624","tier1","624","2298212798648124978121356083200","269189124583237131218850938880","7567320211429","1"
"tier1_625","tier1","625","2511946588922400467386028261376","294762091418644656925423173632","7870013019887","1"
"tier1_626","tier1","626","2745557621692183710008503959552","322764490103415878398636982272","8184813540682","1"
"tier1_627","tier1","627","3000894480509556891866686816256","353427116663240365032196800512","8512206082309","1"
"tier1_628","tier1","628","3279977667196945114793785688064","387002692746248234190940143616","8852694325602","1"
"tier1_629","tier1","629","3585015590246261237901388939264","423767948557141750996147372032","9206802098626","1"
"tier1_630","tier1","630","3918422040139163591573013266432","464025903670070209600219512832","9575074182571","1"
"tier1_631","tier1","631","4282835289872105581535222038528","508108364518726924548236640256","9958077149874","1"
"tier1_632","tier1","632","4681138971830211728817820532736","556378659148005964436289355776","10356400235869","1"
"tier1_633","tier1","633","5116484896210421009207361798144","609234631767066470892460572672","10770656245303","1"
"tier1_634","tier1","634","5592317991557990182203944861696","667111921784937825385584787456","11201482495116","1"
"tier1_635","tier1","635","6112403564772882681429160361984","730487554354506874464906510336","11649541794920","1"
"tier1_636","tier1","636","6680857096296760362100406091776","799883872018185113388940525568","12115523466717","1"
"tier1_637","tier1","637","7302176806252359264926928207872","875872839859912566163963379712","12600144405386","1"
"tier1_638","tier1","638","7981279249233828784651523588096","959080759646604276838038503424","13104150181601","1"
"tier1_639","tier1","639","8723538219412573654659415146496","1050193431813031593769347055616","13628316188865","1"
"tier1_640","tier1","640","9534827273817943148657928830976","1149961807835269494550130851840","14173448836420","1"
"tier1_641","tier1","641","10421566210283011318799361114112","1259208179579620258380504891392","14740386789877","1"
"tier1_642","tier1","642","11390771867839332402772016365568","1378832956639683907784863121408","15330002261472","1"
"tier1_643","tier1","643","12450113651548389273646500151296","1509822087520453995836540452864","15943202351931","1"
"tier1_644","tier1","644","13607974221142389507620822056960","1653255185834897074775515987968","16580930446008","1"
"tier1_645","tier1","645","14873515823708632891506462556160","1810314428489212357396309999616","17244167663848","1"
"tier1_646","tier1","646","16256752795313533926458714488832","1982294299195687272391980875776","17933934370402","1"
"tier1_647","tier1","647","17768630805277691879057833066496","2170612257619277494307849764864","18651291745218","1"
"tier1_648","tier1","648","19421113470168516242025492774912","2376820422093109087076576395264","19397343415027","1"
"tier1_649","tier1","649","21227277022894189171268187586560","2602618362191954716342704144384","20173237151628","1"
"tier1_650","tier1","650","23201413786023347165418261315584","2849867106600189899296053657600","20980166637693","1"
"tier1_651","tier1","651","25359145268123519366032883974144","3120604481727208080466667110400","21819373303201","1"
"tier1_652","tier1","652","27717545778059003730726985138176","3417061907491292285161047064576","22692148235329","1"
"tier1_653","tier1","653","30295277535418486425466179682304","3741682788702964948105605152768","23599834164742","1"
"tier1_654","tier1","654","33112738346212409346979029581824","4097142653629746713877129723904","24543827531332","1"
"tier1_655","tier1","655","36192223012410162438966960193536","4486371205724572798062444937216","25525580632585","1"
"tier1_656","tier1","656","39558099752564305685804241387520","4912576470268406462340189388800","26546603857889","1"
"tier1_657","tier1","657","43237003029552785394008095457280","5379271234943905428106228269056","27608468012205","1"
"tier1_658","tier1","658","47258044311301189977087217238016","5890302002263576663326801788928","28712806732693","1"
"tier1_659","tier1","659","51653042432252200068495576137728","6449880692478615359849437855744","29861319002000","1"
"tier1_660","tier1","660","56456775378451661096998733348864","7062619358264084303172094394368","31055771762080","1"
"tier1_661","tier1","661","61707255488647653590437407490048","7733568197299172126199958732800","32298002632564","1"
"tier1_662","tier1","662","67446030249091882519065922633728","8468257176042593618926443167744","33589922737866","1"
"tier1_663","tier1","663","73718511062257434015472122068992","9272741607766639089486531657728","34933519647381","1"
"tier1_664","tier1","664","80574332591047381296640939786240","10153652060504469420181783838720","36330860433276","1"
"tier1_665","tier1","665","88067745522014784739816796848128","11118249006252395028408969461760","37784094850607","1"
"tier1_666","tier1","666","96258045855562146101734485786624","12174482661846371092437942665216","39295458644632","1"
"tier1_667","tier1","667","105210044120129427977024403668992","13331058514721776368737545355264","40867276990417","1"
"tier1_668","tier1","668","114994578223301453808118980935680","14597509073620343806464721158144","42501968070034","1"
"tier1_669","tier1","669","125689073998068493786089651175424","15984272435614276670740852899840","44202046792835","1"
"tier1_670","tier1","670","137378157879888848431986052694016","17502778316997631603381345714176","45970128664548","1"
"tier1_671","tier1","671","150154326562718519766899258032128","19165542257112408260775436615680","47808933811130","1"
"tier1_672","tier1","672","164118678933051323982735988490240","20986268771538084061914349961216","49721291163576","1"
"tier1_673","tier1","673","179381716073825097473418405609472","22979964304834201507364257923072","51710142810119","1"
"tier1_674","tier1","674","196064215668690846058051515973632","25163060913793450470419877330944","53778548522523","1"
"tier1_675","tier1","675","214298187725879053956852081491968","27553551700603830156621609172992","55929690463424","1"
"tier1_676","tier1","676","234227919184385825142159339159552","30171139112161193165816732844032","58166878081961","1"
"tier1_677","tier1","677","256011115668533691496083830603776","33037397327816500932105784524800","60493553205240","1"
"tier1_678","tier1","678","279820149425707319364871276986368","36175950073959070772455647739904","62913295333449","1"
"tier1_679","tier1","679","305843423322298082303607375396864","39612665330985185175480712560640","65429827146787","1"
"tier1_680","tier1","680","334286861691271844886556274851840","43375868537428775290171585200128","68047020232659","1"
"tier1_681","tier1","681","365375539828560114211215021965312","47496576048484502367482429833216","70768901041965","1"
"tier1_682","tier1","682","399355465032616148555877075386368","52008750773090532929661025910784","73599657083644","1"
"tier1_683","tier1","683","436495523280649500163371123605504","56949582096534125091211523915776","76543643366990","1"
"tier1_684","tier1","684","477089606945749876512851685801984","62359792395704872289124178984960","79605389101669","1"
"tier1_685","tier1","685","521458940391704552554612861698048","68283972673296836507670864199680","82789604665736","1"
"tier1_686","tier1","686","569954621848133047191211836702720","74770950077260027644240285663232","86101188852366","1"
"tier1_687","tier1","687","622960401680009394639260683862016","81874190334599739322678363815936","89545236406460","1"
"tier1_688","tier1","688","680895719036250276771450429898752","89652238416386703209261747404800","93127045862719","1"
"tier1_689","tier1","689","744219020906621633503931018510336","98169201065943451273140681834496","96852127697227","1"
"tier1_690","tier1","690","813431389850937307213331238486016","107495275167208048879899550679040","100726212805117","1"
"tier1_691","tier1","691","889080509107074458193311781879808","117707326308092827935008815579136","104755261317321","1"
"tier1_692","tier1","692","971764996454032425751615824199680","128889522307361653254162101567488","108945471770014","1"
"tier1_693","tier1","693","1062139141124257398832535613472768","141134026926561000585532306096128","113303290640815","1"
"tier1_694","tier1","694","1160918081248813291239446805479424","154541759484584286814102605529088","117835422266447","1"
"tier1_695","tier1","695","1268883462804952749918918837010432","169223226635619793340866412675072","122548839157105","1"
"tier1_696","tier1","696","1386889624845813466197727543033856","185299433166003669024505109413888","127450792723389","1"
"tier1_697","tier1","697","1515870359956474087713465956302848","202902879316774012357657527058432","132548824432325","1"
"tier1_698","tier1","698","1656846303432426183347195437121536","222178652851867501918374435225600","137850777409618","1"
"tier1_699","tier1","699","1810933009651641907173440467501056","243285624872794928111418888683520","143364808506003","1"
"tier1_700","tier1","700","1979349779549244062091002513457152","266397759235710444480563832160256","149099400846243","1"
"tier1_701","tier1","701","2163429309047324042619464752037888","291705546363102959584503503257600","155063376880093","1"
"tier1_702","tier1","702","2364628234788725254675894278029312","319417573267597713723433571844096","161265911955296","1"
"tier1_703","tier1","703","2584538660624076295803000567365632","349762242728019524809765421056000","167716548433508","1"
"tier1_704","tier1","704","2824900756062115260456088847253504","382989655787181361652294626574336","174425210370849","1"
"tier1_705","tier1","705","3087616526375892429894352659021824","419373673086963512106197144567808","181402218785683","1"
"tier1_706","tier1","706","3374764863328849999870031504080896","459214172030225070255867846197248","188658307537110","1"
"tier1_707","tier1","707","3688617995618432945518548267040768","502839518373096418783682034139136","196204639838594","1"
"tier1_708","tier1","708","4031659469210946965608875031527424","550609272618540589737058903261184","204052825432138","1"
"tier1_709","tier1","709","4406603799847564837990305378598912","602917153517301941798911826984960","212214938449424","1"
"tier1_710","tier1","710","4816417953233388263007546859585536","660194283101445629872688152444928","220703535987401","1"
"tier1_711","tier1","711","5264344822884093748472580723965952","722912739996082924358340865687552","229531677426897","1"
"tier1_712","tier1","712","5753928891412313099715626267574272","791589450295710709218086939000832","238712944523973","1"
"tier1_713","tier1","713","6289044278313658568477316910940160","866790448073803342606531599269888","248261462304932","1"
"tier1_714","tier1","714","6873925396196830106617792543326208","949135540640814623404779141857280","258191920797129","1"
"tier1_715","tier1","715","7513200458043134794636099204415488","1039303417001691897336082699649024","268519597629014","1"
"tier1_716","tier1","716","8211928100641144763716931669721088","1138037241616852592995365417910272","279260381534175","1"
"tier1_717","tier1","717","8975637414000772484579967841075200","1246150779570453629682177793851392","290430796795542","1"
"tier1_718","tier1","718","9810371693502842192741121327628288","1364535103629646754045598239817728","302048028667363","1"
"tier1_719","tier1","719","10722736260998607370980880524771328","1494165938474463263414068468252672","314129949814058","1"
"tier1_720","tier1","720","11719950733271476007196009024192512","1636111702629536953502687444336640","326695147806620","1"
"tier1_721","tier1","721","12809906151465723833879246093156352","1791542314379342942468164540170240","339762953718885","1"
"tier1_722","tier1","722","14001227423552036570093443656712192","1961738834245380572442955998035968","353353471867641","1"
"tier1_723","tier1","723","15303341573942375675964228737433600","2148104023498691772941897002123264","367487610742346","1"
"tier1_724","tier1","724","16726552340319015403261322172825600","2352173905731067507224047905669120","382187115172040","1"
"tier1_725","tier1","725","18282121707968683489888173752844288","2575630426775518747472106765680640","397474599778922","1"
"tier1_726","tier1","726","19982359026809769747034787687694336","2820315317319192898778287640150016","413373583770079","1"
"tier1_727","tier1","727","21840718416303079834612821940764672","3088245272464516056988606797971456","429908527120882","1"
"tier1_728","tier1","728","23871905229019264649753393950097408","3381628573348644641410048931659776","447104868205717","1"
"tier1_729","tier1","729","26091992415318055634991161081331712","3702883287816766493392401021796352","464989062933946","1"
"tier1_730","tier1","730","28518547709942632945924187617230848","4054657200159358586806434978070528","483588625451304","1"
"tier1_731","tier1","731","31170772646967296122018054321209344","4439849634174498260719139981099008","502932170469356","1"
"tier1_732","tier1","732","34069654503135257207016415544999936","4861635349421074791324708816027648","523049457288130","1"
"tier1_733","tier1","733","37238132371926835264883656744763392","5323490707616077259670830104707072","543971435579656","1"
"tier1_734","tier1","734","40701278682516030534077781181988864","5829222324839603775000683170758656","565730293002842","1"
"tier1_735","tier1","735","44486497599990021198502946131673088","6382998445699366485266806977069056","588359504722956","1"
"tier1_736","tier1","736","48623741876789089960230251296456704","6989383298040806653008212544978944","611893884911874","1"
"tier1_737","tier1","737","53145749871330476165858520020811776","7653374711354681636366241148960768","636369640308349","1"
"tier1_738","tier1","738","58088304609364203107479221046345728","8380445308933377734974586925088768","661824425920683","1"
"tier1_739","tier1","739","63490516938035070187222137382633472","9176587613282047801222904412110848","688297402957510","1"
"tier1_740","tier1","740","69395135013272334832133544616132608","10048363436543842993739730434129920","715829299075811","1"
"tier1_741","tier1","741","75848882569506659499658258388353024","11002957963015506319939710299930624","744462471038843","1"
"tier1_742","tier1","742","82902828648470775337468474450509824","12048238969501980538667842247065600","774240969880397","1"
"tier1_743","tier1","743","90612791712778553487026438763708416","13192821671604667825150158805401600","805210608675613","1"
"tier1_744","tier1","744","99039781342066954478761087657312256","14446139730407109539157166981644288","837419033022637","1"
"tier1_745","tier1","745","108250481006879196224042056661598208","15818523004795785395016484641570816","870915794343543","1"
"tier1_746","tier1","746","118317775740518951161148030727487488","17321282690251385560945372893806592","905752426117285","1"
"tier1_747","tier1","747","129321328884387202108366495590383616","18966804545825264030230260695957504","941982523161976","1"
"tier1_748","tier1","748","141348212470635205577211362397913088","20768650977678663386761587559759872","979661824088455","1"
"tier1_749","tier1","749","154493596230404281097844568702844928","22741672820558135728280250659897344","1018848297051994","1"
"tier1_750","tier1","750","168861500679831872433095550393384960","24902131738511158991401755946778624","1059602228934073","1"
"tier1_751","tier1","751","184565620243056230481947892255817728","27267834253669721078609910685499392","1101986318091436","1"
"tier1_752","tier1","752","201730222925660475707181973330984960","29858278507768344880837443398402048","1146065770815094","1"
"tier1_753","tier1","753","220491133657746866190408241962287104","32694814966006332963655691817451520","1191908401647698","1"
"tier1_754","tier1","754","240996809087917323049015753683501056","35800822387776937592798894517911552","1239584737713606","1"
"tier1_755","tier1","755","263409512333093641692632777144401920","39201900514615745003907822863253504","1289168127222150","1"
"tier1_756","tier1","756","287906596980071305913394407778811904","42926081063504240341168894284660736","1340734852311036","1"
"tier1_757","tier1","757","314681910499217942122600058719305728","47004058764537137501206136576016384","1394364246403477","1"
"tier1_758","tier1","758","343947328175645203471984699138637824","51469444347168165010418397339451392","1450138816259617","1"
"tier1_759","tier1","759","375934429695980213814346213809455104","56359041560149139256785479374209024","1508144368910001","1"
"tier1_760","tier1","760","410896331657706372001979956912455680","61713150508363307163362078624841728","1568470143666401","1"
"tier1_761","tier1","761","449109690501873052792247885731201024","67575899806657822312335539963953152","1631208949413058","1"
"tier1_762","tier1","762","490876891718547242053347432529395712","73995610288290312618878945019822080","1696457307389580","1"
"tier1_763","tier1","763","536528442648372062220054306685452288","81025193265677888167155028212056064","1764315599685163","1"
"tier1_764","tier1","764","586425587814670728127401757421600768","88722586625917283992036521703112704","1834888223672570","1"
"tier1_765","tier1","765","640963167481435095439286463289622528","97151232355379422650866057997189120","1908283752619473","1"
"tier1_766","tier1","766","700572742057208595396971512551440384","106380599429140460424000704023101440","1984615102724252","1"
"tier1_767","tier1","767","765726007068528901944873684312260608","116486756374908814771158613288288256","2063999706833222","1"
"tier1_768","tier1","768","836938525725902045848709065229729792","127552998230525158723012827717566464","2146559695106551","1"
"tier1_769","tier1","769","914773808618410902613351770439548928","139670533062425018733506206204166144","2232422082910813","1"
"tier1_770","tier1","770","999847772819922992151551451993210880","152939233703355395882124177267752960","2321718966227245","1"
"tier1_771","tier1","771","1092833615692175862887915306757390336","167468460905174168636635214648442880","2414587724876336","1"
"tier1_772","tier1","772","1194467141951548226843354633076736000","183377964691165722035813189523865600","2511171233871389","1"
"tier1_773","tier1","773","1305552586153042119706066245405114368","200798871336826447182471368819081216","2611618083226245","1"
"tier1_774","tier1","774","1426968976665274928667023157994979328","219874764113824950994836434213404672","2716082806555295","1"
"tier1_775","tier1","775","1559677091495145627193282495783108608","240762866704638293853697225636446208","2824726118817506","1"
"tier1_776","tier1","776","1704727061004194126545219896167366656","263635339041578929740656613963857920","2937715163570207","1"
"tier1_777","tier1","777","1863266677677584071699496240509091840","288680696250528929910693399661379584","3055223770113015","1"
"tier1_778","tier1","778","2036550478701599458251567582127587328","316105362394329168475434913563148288","3177432720917536","1"
"tier1_779","tier1","779","2225949673220848153561748814264532992","346135371821790430995098956445253632","3304530029754238","1"
"tier1_780","tier1","780","2432962992830386839701705182232444928","379018232144860532269810038584901632","3436711230944407","1"
"tier1_781","tier1","781","2659228551163612267114008035763159040","415024964198622265495502562963488768","3574179680182184","1"
"tier1_782","tier1","782","2906536806421828836620648815110651904","454452335797491333493910477748568064","3717146867389471","1"
"tier1_783","tier1","783","3176844729419058604979293854443241472","497625307698253003166069225125052416","3865832742085050","1"
"tier1_784","tier1","784","3472291289255030770129491779651633152","544899711929587071302050252714934272","4020466051768452","1"
"tier1_785","tier1","785","3795214379155749294063433737626976256","596665184562897857095270522742112256","4181284693839190","1"
"tier1_786","tier1","786","4148169316417233338530674646389358592","653348377096373116256898193509318656","4348536081592758","1"
"tier1_787","tier1","787","4533949062844036237943715479387373568","715416472920528525038880492999409664","4522477524856469","1"
"tier1_788","tier1","788","4955606325688530898536916967806205952","783381037847978700237695281260396544","4703376625850728","1"
"tier1_789","tier1","789","5416477713977564890140563691377000448","857802236443536741692815472437755904","4891511690884757","1"
"tier1_790","tier1","790","5920210141377477674067365338401472512","939293448905672682716358824777744384","5087172158520148","1"
"tier1_791","tier1","791","6470789684525583146159886764286672896","1028526326551711637749556793621610496","5290659044860954","1"
"tier1_792","tier1","792","7072573125186462500353693167258697728","1126236327574124126752342143171297280","5502285406655392","1"
"tier1_793","tier1","793","7730322425828803547123743632618684416","1233228778693665889279024128837287936","5722376822921608","1"
"tier1_794","tier1","794","8449242411430881200306693696173113344","1350385512669564146546922132231684096","5951271895838473","1"
"tier1_795","tier1","795","9235021955693952227531977188184162304","1478672136373172771459409778625740800","6189322771672011","1"
"tier1_796","tier1","796","10093878997573491256890202101297184768","1619145989328624221641541855014289408","6436895682538892","1"
"tier1_797","tier1","797","11032609744347825942600399276000411648","1772964858314843313142475653900140544","6694371509840448","1"
"tier1_798","tier1","798","12058642450572172532169317345430339584","1941396519854753308356109243382759424","6962146370234066","1"
"tier1_799","tier1","799","13180096198475383588325285697364688896","2125829189240954834280711948188254208","7240632225043429","1"
"tier1_800","tier1","800","14405845144933592170031185355966775296","2327782962218845370875855053344735232","7530257514045167","1"
"tier1_801","tier1","801","15745588743412418222876825157887852544","2548922343629635617652261669851627520","7831467814606974","1"
"tier1_802","tier1","802","17209928496549772753982150716608741376","2791069966274451141524481488680124416","8144726527191252","1"
"tier1_803","tier1","803","18810451846728899103081155363732455424","3056221613070524171155092234129375232","8470515588278903","1"
"tier1_804","tier1","804","20559823868474688528334065751633690624","3346562666312223129194775287009640448","8809336211810059","1"
"tier1_805","tier1","805","22471887488242833831863512263175438336","3664486119611884397303776182320234496","9161709660282462","1"
"tier1_806","tier1","806","24561773024649414011179516617593716736","4012612300975013704292581995406426112","9528178046693760","1"
"tier1_807","tier1","807","26846017915941808744473474955277762560","4393810469567639507400417531863760896","9909305168561512","1"
"tier1_808","tier1","808","29342697582124396461861027424805847040","4811222464176565844996309452509413376","10305677375303974","1"
"tier1_809","tier1","809","32071568457261964411952638815731974144","5268288598273338384261589511564165120","10717904470316132","1"
"tier1_810","tier1","810","35054224323787328273411121977267060736","5768776015109306371937970276318314496","11146620649128778","1"
"tier1_811","tier1","811","38314267185899550213684240330812030976","6316809736544689733499356400599433216","11592485475093930","1"
"tier1_812","tier1","812","41877494034188210943079508396925255680","6916906661516434839071769903975366656","12056184894097688","1"
"tier1_813","tier1","813","45772100979367711892648839856489758720","7574012794360496083851048905395404800","12538432289861594","1"
"tier1_814","tier1","814","50028906370448903148483413547390337024","8293544009824742916668993372055142400","13039969581456058","1"
"tier1_815","tier1","815","54681594662900653304136220161595146240","9081430690758094084048358101106032640","13561568364714300","1"
"tier1_816","tier1","816","59766982966550409716843724396549898240","9944166606380112933488580566905257984","14104031099302876","1"
"tier1_817","tier1","817","65325312382439601740074371547234566144","10888862433986222015244684819972489216","14668192343274990","1"
"tier1_818","tier1","818","71400566434006477608906830830920269824","11923304365214912540008951933512450048","15254920037005990","1"
"tier1_819","tier1","819","78040819112369079119840801387223973888","13056018279910330482736920327652114432","15865116838486230","1"
"tier1_820","tier1","820","85298615289819394958836860819395837952","14296340016501811335524782228769865728","16499721512025678","1"
"tier1_821","tier1","821","93231386511772599086687473436649848832","15654492318069482715850580317230333952","17159710372506706","1"
"tier1_822","tier1","822","101901905457367451009533533712522674176","17141669088286082617577172666264059904","17846098787406976","1"
"tier1_823","tier1","823","111378782664902617776564792754291343360","18770127651673259143984388866058485760","18559942738903256","1"
"tier1_824","tier1","824","121737009452738557074102813555152650240","20553289778582217818189609234404999168","19302340448459388","1"
"tier1_825","tier1","825","133058551331843233815050728106063036416","22505852307547529349137672821035499520","20074434066397764","1"
"tier1_826","tier1","826","145432996605704655844334129160470396928","24643908276764546880429831102115348480","20877411429053676","1"
"tier1_827","tier1","827","158958265290035188252283759296558137344","26985079563057172458875913182795268096","21712507886215824","1"
"tier1_828","tier1","828","173741383962008461458656388375845535744","29548662121547606345323360856072781824","22581008201664456","1"
"tier1_829","tier1","829","189899332670475259934664582559690653696","32355785023094631639877975373097467904","23484248529731036","1"
"tier1_830","tier1","830","207559970608829454537337633319925317632","35429584600288617371924716036512808960","24423618470920276","1"
"tier1_831","tier1","831","226863047875450589766964323882262069248","38795395137316038619559129638286393344","25400563209757088","1"
"tier1_832","tier1","832","247961311327867460689811193067781226496","42480957675361062500923738683057635328","26416585738147372","1"
"tier1_833","tier1","833","271021713281359099739567388239538946048","46516648654520363627406153172733919232","27473249167673272","1"
"tier1_834","tier1","834","296226732616525531036416992307104972800","50935730276699787593908816096138362880","28572179134380204","1"
"tier1_835","tier1","835","323775818749862408256223662313452863488","55774624652986271665459988207952199680","29715066299755412","1"
"tier1_836","tier1","836","353886969893599578676360968602644381696","61073213995019956376117452344041406464","30903668951745632","1"
"tier1_837","tier1","837","386798458093704311310179368916647673856","66875169324546859409845664278586064896","32139815709815456","1"
"tier1_838","tier1","838","422770714696418796923779713865288253440","73228310410378801750719031131850670080","33425408338208076","1"
"tier1_839","tier1","839","462088391163185766193893070510770618368","80184999899364792167167173672057176064","34762424671736400","1"
"tier1_840","tier1","840","505062611541362003990972489577881665536","87802574889804449878678626263118118912","36152921658605856","1"
"tier1_841","tier1","841","552033434414708629334212927937147043840","96143819504335859205632284408321933312","37599038524950096","1"
"tier1_842","tier1","842","603372543815276566241122725526318874624","105277482357247778391662195860368785408","39103000065948096","1"
"tier1_843","tier1","843","659486190390097217992775420966403571712","115278843181186309971978391190457286656","40667120068586016","1"
"tier1_844","tier1","844","720818406096376323036940519787968069632","126230333283398988546456484069718884352","42293804871329464","1"
"tier1_845","tier1","845","787854517863339255646266001486445019136","138222214945321917770254198237640523776","43985557066182648","1"
"tier1_846","tier1","846","861124988024629771060288515896781045760","151353325365127491363721348247462084608","45744979348829952","1"
"tier1_847","tier1","847","941209611910920443283168652377804767232","165731891274814579148100473010566201344","47574778522783152","1"
"tier1_848","tier1","848","1028742105818635918629102369675677794304","181476420945921977956480147925934014464","49477769663694480","1"
"tier1_849","tier1","849","1124415121659769021131561299646525472768","198716680935784539983777435853241974784","51456880450242256","1"
"tier1_850","tier1","850","1228985727974127439302606290143944900608","217594765624684067126553787334012174336","53515155668251952","1"
"tier1_851","tier1","851","1343281400675721423081778740573740466176","238266268359029079382144723256399101952","55655761894982032","1"
"tier1_852","tier1","852","1468206570938563214103623624500776534016","260901563853136801122202059972022370304","57881992370781312","1"
"tier1_853","tier1","853","1604749782035849939976970850977921892352","285687212419184800628915123335509049344","60197272065612568","1"
"tier1_854","tier1","854","1753991511765183759534626691797842132992","312827497599007379922705155771036860416","62605162948237072","1"
"tier1_855","tier1","855","1917112722359345940143014900135886848000","342546109870913033225013338928475799552","65109369466166560","1"
"tier1_856","tier1","856","2095404205538764772565928519234068938752","375087990308649815582739885786560200704","67713744244813224","1"
"tier1_857","tier1","857","2290276796653870072011035170547724976128","410721349387971513684272179645266264064","70422294014605760","1"
"tier1_858","tier1","858","2503272538742679704308262377067150049280","449739877579828767438610261976975147008","73239185775189984","1"
"tier1_859","tier1","859","2736076884845748490662579363977610919936","492465165949912516590218937936367321088","76168753206197584","1"
"tier1_860","tier1","860","2990532035136403828067542652834291908608","539249356715154195465978134041888555008","79215503334445488","1"
"tier1_861","tier1","861","3268651514404089119323069623944091795456","590478045603093813056521929150995365888","82384123467823328","1"
"tier1_862","tier1","862","3572636105243668793285798734739271581696","646573459935387630093983217768292417536","85679488406536256","1"
"tier1_863","tier1","863","3904891263031330652343801346272182403072","707997938629249504443312363930162036736","89106667942797696","1"
"tier1_864","tier1","864","4268046150493243622045695400425048506368","775257742799028228521628881759537987584","92670934660509616","1"
"tier1_865","tier1","865","4664974442489115098765997950084830986240","848907228364935745515040703033469042688","96377772046930000","1"
"tier1_866","tier1","866","5098817065640602869442155838247324876800","929553415059604735030720589955409641472","100232882928807216","1"
"tier1_867","tier1","867","5573007052745179510540040648153184075776","1017860989490267246060508663991775526912","104242198245959504","1"
"tier1_868","tier1","868","6091296708650480729912417319882164535296","1114557783491842559633971898415814017024","108411886175797872","1"
"tier1_869","tier1","869","6657787302554974980820312316301377798144","1220440772923567509863026845890698543104","112748361622829808","1"
"tier1_870","tier1","870","7276961521692587603261716937902980595712","1336382646351306360586987503741426466816","117258296087742992","1"
"tier1_871","tier1","871","7953718943209997898567643105270867951616","1463338997754680251769575609518469939200","121948627931252736","1"
"tier1_872","tier1","872","8693414804928527536302670807242232561664","1602356202541375177919140196080018259968","126826573048502832","1"
"tier1_873","tier1","873","9501902381786879960074912255406185119744","1754580041782805868178491299292786982912","131899635970442960","1"
"tier1_874","tier1","874","10385579303293060289603613497927663616000","1921265145752172143069037637806032158720","137175621409260672","1"
"tier1_875","tier1","875","11351438178499312478685110323976586919936","2103785334598628428658518860074714136576","142662646265631104","1"
"tier1_876","tier1","876","12407121929099750475901988606742347382784","2303644941385497976754193425434878672896","148369152116256352","1"
"tier1_877","tier1","877","13560984268506027799670382538376964210688","2522491210817120555042993939624469987328","154303918200906624","1"
"tier1_878","tier1","878","14822155805477086832778975729262161559552","2762127875844746398775696733019347877888","160476074928942880","1"
"tier1_879","tier1","879","16200616295386455260243181158642304942080","3024530024049997551466866394618593804288","166895117926100608","1"
"tier1_880","tier1","880","17707273610857394765286981472301908754432","3311860376334747261432242270412474417152","173570922643144640","1"
"tier1_881","tier1","881","19354050056667131721671107670468122902528","3626487112086547870456672107493469454336","180513759548870432","1"
"tier1_882","tier1","882","21153976711937176599000673885112527486976","3971003387734770468211303882361623543808","187734309930825248","1"
"tier1_883","tier1","883","23121296546147330555508485901671519485952","4348248709569572970581346021810775261184","195243682328058272","1"
"tier1_884","tier1","884","25271577124939028989549732624901548802048","4761332336978682653638681463918352662528","203053429621180608","1"
"tier1_885","tier1","885","27621833797558361388735990417328227483648","5213658908991657236748361338735604793344","211175566806027840","1"
"tier1_886","tier1","886","30190664340731287711591365456174310752256","5708956505345865212211445394425469992960","219622589478268992","1"
"tier1_887","tier1","887","32998396124419296371064718233515231019008","6251307373353721712239186428484114186240","228407493057399712","1"
"tier1_888","tier1","888","36067246963990295111621369617390575288320","6845181573822325214455618158458646298624","237543792779695712","1"
"tier1_889","tier1","889","39421500931641384989126526204229265129472","7495473823335446526908309650559282970624","247045544490883552","1"
"tier1_890","tier1","890","43087700518284034885984234072847360720896","8207543836552312852886732316123011743744","256927366270518944","1"
"tier1_891","tier1","891","47094856666484442359405599358785830256640","8987260501024781298494232192720918544384","267204460921339680","1"
"tier1_892","tier1","892","51474678336467506959447090045837488685056","9841050248622136301608337902465223491584","277892639358193248","1"
"tier1_893","tier1","893","56261823421758979294160328712963303145472","10775950022241239878902556202806590570496","289008344932521024","1"
"tier1_894","tier1","894","61494172999982563043534540985635314860032","11799665274354155860054198718202600488960","300568678729821824","1"
"tier1_895","tier1","895","67213131088980937567034850201237140275200","12920633475417801633900003288135187300352","312591425879014784","1"
"tier1_896","tier1","896","73463952280256164035413599501174689497088","14148093655582491652730233162756605870080","325095082914175360","1"
"tier1_897","tier1","897","80296099842319982474346598910101303590912","15492162552862829145541388062727446986752","338098886230742400","1"
"tier1_898","tier1","898","87763637127655743242969658724165007441920","16963917995384797382440459298249717579776","351622841679972096","1"
"tier1_899","tier1","899","95925655380527717016160821084286617649152","18575490204946353170040077520022315991040","365687755347171008","1"
"tier1_900","tier1","900","104846741330916787038909784366834822152192","20340161774416254847358864481749215215616","380315265561057856","1"
"tier1_901","tier1","901","114597488274692049374754368029160401534976","22272477142985797824753620600593632460800","395527876183500160","1"
"tier1_902","tier1","902","125255054684238416775276740325463830822912","24388362471569448013642304750335440191488","411348991230840192","1"
"tier1_903","tier1","903","136903774769872589516034664061897900294144","26705256906368542721873389411092454703104","427802950880073792","1"
"tier1_904","tier1","904","149635825823470726085372622923947176886272","29242256312473555634448279373530913570816","444915068915276736","1"
"tier1_905","tier1","905","163551957625053495758130152639243145445376","32020270662158547022319808365611290984448","462711671671887872","1"
"tier1_906","tier1","906","178762289684183442371672540157112368496640","35062196375063605894590091946893676380160","481220138538763328","1"
"tier1_907","tier1","907","195387182624812536942445429016362714398720","38393105030694643981550618107720629223424","500468944080313920","1"
"tier1_908","tier1","908","213558190608920077539007674792256944996352","42040450008610636634687426757801682141184","520487701843526592","1"
"tier1_909","tier1","909","233419102335549625484693527169206312763392","46034292759428643512383789848197901320192","541307209917267648","1"
"tier1_910","tier1","910","255127078852755761622379440592070905954304","50407550571574370400547151249411573547008","562959498313958336","1"
"tier1_911","tier1","911","278853897186062032133752742410552598331392","55196267875873928625186409637841626726400","585477878246516608","1"
"tier1_912","tier1","912","304787309624365817254097884392345697255424","60439913324081942173172561636403183616000","608896993376377344","1"
"tier1_913","tier1","913","333132529419431851760012541097012470218752","66181705089869738768882151138153233121280","633252873111432448","1"
"tier1_914","tier1","914","364113854655438913468436767937223561576448","72468967073407363226570463727500285444096","658582988035889792","1"
"tier1_915","tier1","915","397976443138394734277911446283455765151744","79353518945381060170171920198598962184192","684926307557325440","1"
"tier1_916","tier1","916","434988252350265446267924764805215029297152","86892103245192248506937859763663114600448","712323359859618432","1"
"tier1_917","tier1","917","475442159818840163796714002521943166681088","95146853053485510229172677842389597945856","740816294254003200","1"
"tier1_918","tier1","918","519658280681992267617079907889959405617152","104185804093566640567642737648510322081792","770448946024163328","1"
"tier1_919","tier1","919","567986500785417540845714346245435179401216","114083455482455456624316765642057704275968","801266903865129984","1"
"tier1_920","tier1","920","620809245358461388237586291156204224774144","124921383753288735932316267694300925526016","833317580019735168","1"
"tier1_921","tier1","921","678544505176798217806034292148048555409408","136788915209851161590467428081764818485248","866650283220524544","1"
"tier1_922","tier1","922","741649144158240587771172287977629706878976","149783862154787026100266653223856837230592","901316294549345536","1"
"tier1_923","tier1","923","810622514564956930556935299161007190966272","164013329059491769111133396280028740714496","937368946331319552","1"
"tier1_924","tier1","924","886010408419497854381405537805632656113664","179594595320143488240545790187505144823808","974863704184572288","1"
"tier1_925","tier1","925","968409376402511018046501911787036116779008","196656081875557112659984919275054087274496","1013858252351955200","1"
"tier1_926","tier1","926","1058471448407944411503182425332921336332288","215338409653735041844389847096316248719360","1054412582446033408","1"
"tier1_927","tier1","927","1156909293109883469553945619398853602050048","235795558570839852443934424428102836813824","1096589085743874944","1"
"tier1_928","tier1","928","1264501857369102483205430333025296396058624","258196136635069612700166753349463768563712","1140452649173629824","1"
"tier1_929","tier1","929","1382100530104428972517801533025737217409024","282724769615401229968673348822816853590016","1186070755140575232","1"
"tier1_930","tier1","930","1510635879404140937524539314863806447878144","309583622728864337724575153458973060890624","1233513585346198016","1"
"tier1_931","tier1","931","1651125016188725849119795264056057013469184","338994066888106477275204414681950350999552","1282854128760046080","1"
"tier1_932","tier1","932","1804679642694277313783339976302446587674624","371198503242476552189869426163536032169984","1334168293910447872","1"
"tier1_933","tier1","933","1972514849464845159053522342297996353339392","406462361050511809560512792858499854893056","1387535025666865920","1"
"tier1_934","tier1","934","2155958730465075673427637209440471046160384","445076285350310450424718359737442800500736","1443036426693540608","1"
"tier1_935","tier1","935","2356462892398327795545815151145638615318528","487358532458589989250961814837578839359488","1500757883761282304","1"
"tier1_936","tier1","936","2575613941391371937312700068330501790760960","533657593042155922946637028796110729117696","1560788199111733760","1"
"tier1_937","tier1","937","2815146037940769525935356125578513113677824","584355064381160797136713248524073657434112","1623219727076203008","1"
"tier1_938","tier1","938","3076954619469260961244670100649695831392256","639868795497371062419581925663464585428992","1688148516159251456","1"
"tier1_939","tier1","939","3363111399079902519080453573503721595207680","700656331069621184913163132743290200260608","1755674456805621248","1"
"tier1_940","tier1","940","3675880759194333440975535362985764954570752","767218682521235248544940250875839108874240","1825901435077846528","1"
"tier1_941","tier1","941","4017737669799406031324586833999527904542720","840104457360752717082150880480257955069952","1898937492480960000","1"
"tier1_942","tier1","942","4391387273090750355863909561464937097723904","919914380810023957500421718662398013865984","1974894992180198656","1"
"tier1_943","tier1","943","4799786289488190243565186470295809476788224","1007306246986976363446665906900254689591296","2053890791867406592","1"
"tier1_944","tier1","944","5246166414410591279489557971139083924144128","1103000340450739034413146516292610329411584","2136046423542103040","1"
"tier1_945","tier1","945","5734059890950776490073353894538087936032768","1207785372793559295294847104969069993918464","2221488280483787520","1"
"tier1_946","tier1","946","6267327460809197866802709249813064282275840","1322524983208947353297742698264952477581312","2310347811703138816","1"
"tier1_947","tier1","947","6850188914664454035938185566981449697984512","1448164856613797351087315730046760291139584","2402761724171264512","1"
"tier1_948","tier1","948","7487256483728248373932980399680329535717376","1585740517992107881253678800352929067827200","2498872193138115072","1"
"tier1_949","tier1","949","8183571336714974257051628998607170231599104","1736385867201358246029656969390858101063680","2598827080863640064","1"
"tier1_950","tier1","950","8944643471029467168728620198966564963221504","1901342524585487016340216033339681204600832","2702780164098185216","1"
"tier1_951","tier1","951","9776495313835207240324549974000232210366464","2081970064421108525838269266262829867991040","2810891370662112768","1"
"tier1_952","tier1","952","10685709378021881020974597486000904396079104","2279757220541113549519270761813610135027712","2923327025488598016","1"
"tier1_953","tier1","953","11679480350177916416438929666360450767388672","2496334156492519432663954528802874402537472","3040260106508141568","1"
"tier1_954","tier1","954","12765672022744460905099934968658066730385408","2733485901359308503325371468042036305723392","3161870510768467456","1"
"tier1_955","tier1","955","13952879520859696504610612256259150226391040","2993167061988442914818760047656627777568768","3288345331199206400","1"
"tier1_956","tier1","956","15250497316299646076006129268114361877004288","3277517932877345483807707868122666688839680","3419879144447174656","1"
"tier1_957","tier1","957","16668793566715514626795705803939243012128768","3588882136500692422737162124760874158653440","3556674310225061888","1"
"tier1_958","tier1","958","18218991368420056650240239886788526780448768","3929825939468257645824174848192033499119616","3698941282634064384","1"
"tier1_959","tier1","959","19913357565683120772380105817997725214441472","4303159403717742688535039431831752447885312","3846898933939427328","1"
"tier1_960","tier1","960","21765299819291651308744705323275061284569088","4711959547070928107772463856463938691530752","4000774891297004032","1"
"tier1_961","tier1","961","23789472702485777460325004789072134873808896","5159595704042665739506930833687593286107136","4160805886948884480","1"
"tier1_962","tier1","962","26001893663816948113921339193393006658977792","5649757295926719195209895941402561381138432","4327238122426840064","1"
"tier1_963","tier1","963","28420069774551928938218811294266868799373312","6186484239039757877757447448596084433092608","4500327647323914240","1"
"tier1_964","tier1","964","31063136263585251664403989232146287540830208","6774200241748533960068775885031309028884480","4680340753216870400","1"
"tier1_965","tier1","965","33952007936098679752280910173678541907951616","7417749264714644345841798790629707789369344","4867554383345546240","1"
"tier1_966","tier1","966","37109544674155858316121797562324385395638272","8122435444862536400495996389798116960763904","5062256558679367680","1"
"tier1_967","tier1","967","40560732328852357343565498148771966794858496","8894066812124477209990311332583305084141568","5264746821026542592","1"
"tier1_968","tier1","968","44332880435435622154595269149229417767108608","9739003159276301566966759873728301896826880","5475336693867603968","1"
"tier1_969","tier1","969","48455838315931133088737928052056045876412416","10664208459407549875395091258252914979766272","5694350161622308864","1"
"tier1_970","tier1","970","52962231279312720404525019534500907999821824","11677308263051267379714733374143701006155776","5922124168087201792","1"
"tier1_971","tier1","971","57887718788288809383872116178166980756373504","12786652548041135267769353295365394556518400","6159009134810689536","1"
"tier1_972","tier1","972","63271276635599661318063670099002240364707840","14001384540105045284602510607840588112855040","6405369500203117568","1"
"tier1_973","tier1","973","69155505362710433683016513988595906403893248","15331516071415024958021760901199526453313536","6661584280211241984","1"
"tier1_974","tier1","974","75586967361442505827881267303332048151773184","16788010098199452539483634865328128199229440","6928047651419691008","1"
"tier1_975","tier1","975","82616555326056648114651163851158100306296832","18382871057528399973661562499113176673550336","7205169557476480000","1"
"tier1_976","tier1","976","90299894971379928739003554000269426028445696","20129243807993596634184168508318231566483456","7493376339775539200","1"
"tier1_977","tier1","977","98697785203718260289483146694214717997580288","22041521969752986544177408338514670459551744","7793111393366561792","1"
"tier1_978","tier1","978","107876679227664047582725692996864183260676096","24135466556879522964583547772802563433299968","8104835849101223936","1"
"tier1_979","tier1","979","117909210395836811098839727472230766926102528","26428335879783073882881265383662771266125824","8429029283065273344","1"
"tier1_980","tier1","980","128874766962649611634092855504754663716028416","28939027788362464391468137666946799159476224","8766190454387884032","1"
"tier1_981","tier1","981","140860120290176029833998348094103246289764352","31688235428256893284550644961001985005322240","9116838072563399680","1"
"tier1_982","tier1","982","153960111477162398548627969095982070762569728","34698617793941304707665164444812630546186240","9481511595465936896","1"
"tier1_983","tier1","983","168278401844538485649175623597644378244382720","37994986484365720979665111497712126073503744","9860772059284574208","1"
"tier1_984","tier1","984","183928293216080566002971394306190369324269568","41604510200380470266292680945574464578387968","10255202941655957504","1"
"tier1_985","tier1","985","201033624485176083677347088484196753231314944","45556938669416606845462628709017040873062400","10665411059322195968","1"
"tier1_986","tier1","986","219729751562297411169775315269113288016789504","49884847843011185733721617721753934655127552","11092027501695084544","1"
"tier1_987","tier1","987","240164618457591079163276377415350127888957440","54623908388097248923118788690887879402979328","11535708601762889728","1"
"tier1_988","tier1","988","262499927974147037047025484518344518799458304","59813179684966485293005401331422522131873792","11997136945833404416","1"
"tier1_989","tier1","989","286912421275742718266406749548151423295815680","65495431755038300455006484601018652811067392","12477022423666741248","1"
"tier1_990","tier1","990","313595276454386774031127636689296923050377216","71717497771766944247097867208127790400405504","12976103320613410816","1"
"tier1_991","tier1","991","342759637164644711690932201081551798728130560","78530660060084802564079320593274022601424896","13495147453437947904","1"
"tier1_992","tier1","992","374636283420956697211904963203332585782509568","85991072765792839149179032197796289350467584","14034953351575465984","1"
"tier1_993","tier1","993","409477457779105586149988022175309004697239552","94160224678543171841962651967372217781583872","14596351485638486016","1"
"tier1_994","tier1","994","447558861352562474907350945704643798891495424","103105446023004755637718147623287885899235328","15180205545064026112","1"
"tier1_995","tier1","995","489181835458350752431731627778268583648296960","112900463395190205145491699362400529245274112","15787413766866587648","1"
"tier1_996","tier1","996","534675746155977393799486548013018712184455168","123626007417733297709515743081316903643250688","16418910317541251072","1"
"tier1_997","tier1","997","584400590548483173848245625809952463598387200","135370478122417928013197092111511486176690176","17075666730242902016","1"
"tier1_998","tier1","998","638749845469492091189795903300802084165648384","148230673544047634541647722718339425089093632","17758693399452618752","1"
"tier1_999","tier1","999","698153581098154913744690045263536134060769280","162312587530732171014082211516419355560640512","18469041135430721536","1"
"tier1_1000","tier1","1000","763081864140283418569726924589501922555199488","177732283346151703293900861045517072291856384","19207802780847955968","1"
